ISO-10303-21;
HEADER;
/* Generated by software containing ST-Developer
 * from STEP Tools, Inc. (www.steptools.com) 
 */

FILE_DESCRIPTION(
/* description */ (''),
/* implementation_level */ '2;1');

FILE_NAME(
/* name */ 'Bottom.step',
/* time_stamp */ '2026-07-02T12:56:42+07:00',
/* author */ (''),
/* organization */ (''),
/* preprocessor_version */ 'ST-DEVELOPER v20.1',
/* originating_system */ 'Autodesk Translation Framework v15.8.0.0',
/* authorisation */ '');

FILE_SCHEMA (('AUTOMOTIVE_DESIGN { 1 0 10303 214 3 1 1 }'));
ENDSEC;

DATA;
#10=MECHANICAL_DESIGN_GEOMETRIC_PRESENTATION_REPRESENTATION('',(#13),#3935);
#11=SHAPE_REPRESENTATION_RELATIONSHIP('SRR','None',#3942,#12);
#12=ADVANCED_BREP_SHAPE_REPRESENTATION('',(#14),#3934);
#13=STYLED_ITEM('',(#3951),#14);
#14=MANIFOLD_SOLID_BREP('Body1',#2389);
#15=B_SPLINE_CURVE_WITH_KNOTS('',3,(#3650,#3651,#3652,#3653,#3654,#3655,
#3656,#3657,#3658,#3659,#3660,#3661,#3662,#3663,#3664,#3665,#3666,#3667,
#3668,#3669,#3670,#3671,#3672,#3673,#3674,#3675),.UNSPECIFIED.,.F.,.F.,
(4,2,2,2,2,2,2,2,2,2,2,2,4),(0.,0.0832439806098148,0.16648796121963,0.251007845946705,
0.33552773067378,0.420411652515222,0.505295574356664,0.588783072375805,
0.672270570394947,0.755062634764873,0.8378546991348,0.92343303556385,1.0090113719929),
 .UNSPECIFIED.);
#16=B_SPLINE_CURVE_WITH_KNOTS('',3,(#3676,#3677,#3678,#3679,#3680,#3681,
#3682,#3683,#3684,#3685),.UNSPECIFIED.,.F.,.F.,(4,2,2,2,4),(1.0090113719929,
1.0940410823201,1.17907079264729,1.26180456848897,1.34453834433066),
 .UNSPECIFIED.);
#17=B_SPLINE_CURVE_WITH_KNOTS('',3,(#3689,#3690,#3691,#3692,#3693,#3694,
#3695,#3696,#3697,#3698,#3699,#3700,#3701,#3702,#3703,#3704,#3705,#3706,
#3707,#3708,#3709,#3710,#3711,#3712,#3713,#3714),.UNSPECIFIED.,.F.,.F.,
(4,2,2,2,2,2,2,2,2,2,2,2,4),(0.,0.083487498019141,0.166974996038282,0.251858917879724,
0.336742839721167,0.421262724448242,0.505782609175318,0.589026589785132,
0.672270570394947,0.75500434623663,0.837738122078312,0.922767832405508,
1.0077975427327),.UNSPECIFIED.);
#18=B_SPLINE_CURVE_WITH_KNOTS('',3,(#3715,#3716,#3717,#3718,#3719,#3720,
#3721,#3722,#3723,#3724),.UNSPECIFIED.,.F.,.F.,(4,2,2,2,4),(1.0077975427327,
1.09337587916175,1.1789542155908,1.26174627996073,1.34453834433066),
 .UNSPECIFIED.);
#19=ELLIPSE('',#2482,66.0027297725734,65.);
#20=SPHERICAL_SURFACE('',#2464,3.25);
#21=SPHERICAL_SURFACE('',#2467,3.25);
#22=SPHERICAL_SURFACE('',#2470,3.25);
#23=SPHERICAL_SURFACE('',#2473,3.25);
#24=SPHERICAL_SURFACE('',#2567,3.25);
#25=SPHERICAL_SURFACE('',#2569,3.25);
#26=CYLINDRICAL_SURFACE('',#2423,2.12499999999999);
#27=CYLINDRICAL_SURFACE('',#2425,2.12499999999999);
#28=CYLINDRICAL_SURFACE('',#2427,2.125);
#29=CYLINDRICAL_SURFACE('',#2430,2.125);
#30=CYLINDRICAL_SURFACE('',#2433,2.125);
#31=CYLINDRICAL_SURFACE('',#2436,2.125);
#32=CYLINDRICAL_SURFACE('',#2480,65.);
#33=CYLINDRICAL_SURFACE('',#2489,286.25);
#34=CYLINDRICAL_SURFACE('',#2495,286.25);
#35=CYLINDRICAL_SURFACE('',#2503,65.);
#36=CYLINDRICAL_SURFACE('',#2504,65.);
#37=CYLINDRICAL_SURFACE('',#2505,65.);
#38=CYLINDRICAL_SURFACE('',#2507,65.);
#39=CYLINDRICAL_SURFACE('',#2518,2.12499999999999);
#40=CYLINDRICAL_SURFACE('',#2520,2.12499999999999);
#41=CYLINDRICAL_SURFACE('',#2535,2.2);
#42=CYLINDRICAL_SURFACE('',#2539,2.2);
#43=CYLINDRICAL_SURFACE('',#2541,2.2);
#44=CYLINDRICAL_SURFACE('',#2543,2.2);
#45=FACE_BOUND('',#251,.T.);
#46=FACE_BOUND('',#253,.T.);
#47=FACE_BOUND('',#261,.T.);
#48=FACE_BOUND('',#263,.T.);
#49=FACE_BOUND('',#273,.T.);
#50=FACE_BOUND('',#280,.T.);
#51=FACE_BOUND('',#287,.T.);
#52=FACE_BOUND('',#295,.T.);
#53=FACE_BOUND('',#310,.T.);
#54=FACE_BOUND('',#311,.T.);
#55=FACE_BOUND('',#331,.T.);
#56=FACE_BOUND('',#332,.T.);
#57=FACE_BOUND('',#333,.T.);
#58=FACE_BOUND('',#334,.T.);
#59=FACE_BOUND('',#335,.T.);
#60=FACE_BOUND('',#338,.T.);
#61=FACE_BOUND('',#339,.T.);
#62=FACE_BOUND('',#340,.T.);
#63=FACE_BOUND('',#341,.T.);
#64=FACE_BOUND('',#342,.T.);
#65=FACE_BOUND('',#358,.T.);
#66=FACE_BOUND('',#359,.T.);
#67=FACE_BOUND('',#368,.T.);
#68=FACE_BOUND('',#369,.T.);
#69=FACE_BOUND('',#370,.T.);
#70=FACE_BOUND('',#371,.T.);
#71=FACE_BOUND('',#390,.T.);
#72=FACE_BOUND('',#391,.T.);
#73=FACE_BOUND('',#392,.T.);
#74=FACE_BOUND('',#393,.T.);
#75=FACE_BOUND('',#394,.T.);
#76=FACE_BOUND('',#395,.T.);
#77=CIRCLE('',#2410,2.12499999999999);
#78=CIRCLE('',#2412,2.12499999999999);
#79=CIRCLE('',#2420,2.12499999999999);
#80=CIRCLE('',#2422,2.12499999999999);
#81=CIRCLE('',#2424,2.12499999999999);
#82=CIRCLE('',#2426,2.12499999999999);
#83=CIRCLE('',#2428,2.125);
#84=CIRCLE('',#2429,2.125);
#85=CIRCLE('',#2431,2.125);
#86=CIRCLE('',#2432,2.125);
#87=CIRCLE('',#2434,2.125);
#88=CIRCLE('',#2435,2.125);
#89=CIRCLE('',#2437,2.125);
#90=CIRCLE('',#2438,2.125);
#91=CIRCLE('',#2465,3.25);
#92=CIRCLE('',#2466,3.24999999999999);
#93=CIRCLE('',#2468,3.25);
#94=CIRCLE('',#2469,3.24999999999999);
#95=CIRCLE('',#2471,3.25);
#96=CIRCLE('',#2472,3.25);
#97=CIRCLE('',#2474,3.25);
#98=CIRCLE('',#2475,3.25);
#99=CIRCLE('',#2477,65.);
#100=CIRCLE('',#2479,65.);
#101=CIRCLE('',#2481,65.);
#102=CIRCLE('',#2488,286.25);
#103=CIRCLE('',#2490,286.25);
#104=CIRCLE('',#2494,286.25);
#105=CIRCLE('',#2496,286.25);
#106=CIRCLE('',#2500,65.);
#107=CIRCLE('',#2502,65.);
#108=CIRCLE('',#2506,65.);
#109=CIRCLE('',#2508,65.);
#110=CIRCLE('',#2516,3.25);
#111=CIRCLE('',#2517,3.25);
#112=CIRCLE('',#2519,2.12499999999999);
#113=CIRCLE('',#2521,2.12499999999999);
#114=CIRCLE('',#2536,2.2);
#115=CIRCLE('',#2537,2.2);
#116=CIRCLE('',#2540,2.2);
#117=CIRCLE('',#2542,2.2);
#118=CIRCLE('',#2544,2.2);
#119=CIRCLE('',#2545,2.2);
#120=CIRCLE('',#2568,3.24999999999999);
#121=CIRCLE('',#2570,3.24999999999999);
#122=FACE_OUTER_BOUND('',#244,.T.);
#123=FACE_OUTER_BOUND('',#245,.T.);
#124=FACE_OUTER_BOUND('',#246,.T.);
#125=FACE_OUTER_BOUND('',#247,.T.);
#126=FACE_OUTER_BOUND('',#248,.T.);
#127=FACE_OUTER_BOUND('',#249,.T.);
#128=FACE_OUTER_BOUND('',#250,.T.);
#129=FACE_OUTER_BOUND('',#252,.T.);
#130=FACE_OUTER_BOUND('',#254,.T.);
#131=FACE_OUTER_BOUND('',#255,.T.);
#132=FACE_OUTER_BOUND('',#256,.T.);
#133=FACE_OUTER_BOUND('',#257,.T.);
#134=FACE_OUTER_BOUND('',#258,.T.);
#135=FACE_OUTER_BOUND('',#259,.T.);
#136=FACE_OUTER_BOUND('',#260,.T.);
#137=FACE_OUTER_BOUND('',#262,.T.);
#138=FACE_OUTER_BOUND('',#264,.T.);
#139=FACE_OUTER_BOUND('',#265,.T.);
#140=FACE_OUTER_BOUND('',#266,.T.);
#141=FACE_OUTER_BOUND('',#267,.T.);
#142=FACE_OUTER_BOUND('',#268,.T.);
#143=FACE_OUTER_BOUND('',#269,.T.);
#144=FACE_OUTER_BOUND('',#270,.T.);
#145=FACE_OUTER_BOUND('',#271,.T.);
#146=FACE_OUTER_BOUND('',#272,.T.);
#147=FACE_OUTER_BOUND('',#274,.T.);
#148=FACE_OUTER_BOUND('',#275,.T.);
#149=FACE_OUTER_BOUND('',#276,.T.);
#150=FACE_OUTER_BOUND('',#277,.T.);
#151=FACE_OUTER_BOUND('',#278,.T.);
#152=FACE_OUTER_BOUND('',#279,.T.);
#153=FACE_OUTER_BOUND('',#281,.T.);
#154=FACE_OUTER_BOUND('',#282,.T.);
#155=FACE_OUTER_BOUND('',#283,.T.);
#156=FACE_OUTER_BOUND('',#284,.T.);
#157=FACE_OUTER_BOUND('',#285,.T.);
#158=FACE_OUTER_BOUND('',#286,.T.);
#159=FACE_OUTER_BOUND('',#288,.T.);
#160=FACE_OUTER_BOUND('',#289,.T.);
#161=FACE_OUTER_BOUND('',#290,.T.);
#162=FACE_OUTER_BOUND('',#291,.T.);
#163=FACE_OUTER_BOUND('',#292,.T.);
#164=FACE_OUTER_BOUND('',#293,.T.);
#165=FACE_OUTER_BOUND('',#294,.T.);
#166=FACE_OUTER_BOUND('',#296,.T.);
#167=FACE_OUTER_BOUND('',#297,.T.);
#168=FACE_OUTER_BOUND('',#298,.T.);
#169=FACE_OUTER_BOUND('',#299,.T.);
#170=FACE_OUTER_BOUND('',#300,.T.);
#171=FACE_OUTER_BOUND('',#301,.T.);
#172=FACE_OUTER_BOUND('',#302,.T.);
#173=FACE_OUTER_BOUND('',#303,.T.);
#174=FACE_OUTER_BOUND('',#304,.T.);
#175=FACE_OUTER_BOUND('',#305,.T.);
#176=FACE_OUTER_BOUND('',#306,.T.);
#177=FACE_OUTER_BOUND('',#307,.T.);
#178=FACE_OUTER_BOUND('',#308,.T.);
#179=FACE_OUTER_BOUND('',#309,.T.);
#180=FACE_OUTER_BOUND('',#312,.T.);
#181=FACE_OUTER_BOUND('',#313,.T.);
#182=FACE_OUTER_BOUND('',#314,.T.);
#183=FACE_OUTER_BOUND('',#315,.T.);
#184=FACE_OUTER_BOUND('',#316,.T.);
#185=FACE_OUTER_BOUND('',#317,.T.);
#186=FACE_OUTER_BOUND('',#318,.T.);
#187=FACE_OUTER_BOUND('',#319,.T.);
#188=FACE_OUTER_BOUND('',#320,.T.);
#189=FACE_OUTER_BOUND('',#321,.T.);
#190=FACE_OUTER_BOUND('',#322,.T.);
#191=FACE_OUTER_BOUND('',#323,.T.);
#192=FACE_OUTER_BOUND('',#324,.T.);
#193=FACE_OUTER_BOUND('',#325,.T.);
#194=FACE_OUTER_BOUND('',#326,.T.);
#195=FACE_OUTER_BOUND('',#327,.T.);
#196=FACE_OUTER_BOUND('',#328,.T.);
#197=FACE_OUTER_BOUND('',#329,.T.);
#198=FACE_OUTER_BOUND('',#330,.T.);
#199=FACE_OUTER_BOUND('',#336,.T.);
#200=FACE_OUTER_BOUND('',#337,.T.);
#201=FACE_OUTER_BOUND('',#343,.T.);
#202=FACE_OUTER_BOUND('',#344,.T.);
#203=FACE_OUTER_BOUND('',#345,.T.);
#204=FACE_OUTER_BOUND('',#346,.T.);
#205=FACE_OUTER_BOUND('',#347,.T.);
#206=FACE_OUTER_BOUND('',#348,.T.);
#207=FACE_OUTER_BOUND('',#349,.T.);
#208=FACE_OUTER_BOUND('',#350,.T.);
#209=FACE_OUTER_BOUND('',#351,.T.);
#210=FACE_OUTER_BOUND('',#352,.T.);
#211=FACE_OUTER_BOUND('',#353,.T.);
#212=FACE_OUTER_BOUND('',#354,.T.);
#213=FACE_OUTER_BOUND('',#355,.T.);
#214=FACE_OUTER_BOUND('',#356,.T.);
#215=FACE_OUTER_BOUND('',#357,.T.);
#216=FACE_OUTER_BOUND('',#360,.T.);
#217=FACE_OUTER_BOUND('',#361,.T.);
#218=FACE_OUTER_BOUND('',#362,.T.);
#219=FACE_OUTER_BOUND('',#363,.T.);
#220=FACE_OUTER_BOUND('',#364,.T.);
#221=FACE_OUTER_BOUND('',#365,.T.);
#222=FACE_OUTER_BOUND('',#366,.T.);
#223=FACE_OUTER_BOUND('',#367,.T.);
#224=FACE_OUTER_BOUND('',#372,.T.);
#225=FACE_OUTER_BOUND('',#373,.T.);
#226=FACE_OUTER_BOUND('',#374,.T.);
#227=FACE_OUTER_BOUND('',#375,.T.);
#228=FACE_OUTER_BOUND('',#376,.T.);
#229=FACE_OUTER_BOUND('',#377,.T.);
#230=FACE_OUTER_BOUND('',#378,.T.);
#231=FACE_OUTER_BOUND('',#379,.T.);
#232=FACE_OUTER_BOUND('',#380,.T.);
#233=FACE_OUTER_BOUND('',#381,.T.);
#234=FACE_OUTER_BOUND('',#382,.T.);
#235=FACE_OUTER_BOUND('',#383,.T.);
#236=FACE_OUTER_BOUND('',#384,.T.);
#237=FACE_OUTER_BOUND('',#385,.T.);
#238=FACE_OUTER_BOUND('',#386,.T.);
#239=FACE_OUTER_BOUND('',#387,.T.);
#240=FACE_OUTER_BOUND('',#388,.T.);
#241=FACE_OUTER_BOUND('',#389,.T.);
#242=FACE_OUTER_BOUND('',#396,.T.);
#243=FACE_OUTER_BOUND('',#397,.T.);
#244=EDGE_LOOP('',(#1510,#1511,#1512,#1513));
#245=EDGE_LOOP('',(#1514,#1515,#1516,#1517));
#246=EDGE_LOOP('',(#1518,#1519,#1520,#1521));
#247=EDGE_LOOP('',(#1522,#1523,#1524,#1525));
#248=EDGE_LOOP('',(#1526,#1527,#1528,#1529));
#249=EDGE_LOOP('',(#1530,#1531,#1532,#1533));
#250=EDGE_LOOP('',(#1534,#1535,#1536,#1537,#1538,#1539));
#251=EDGE_LOOP('',(#1540));
#252=EDGE_LOOP('',(#1541,#1542,#1543,#1544,#1545,#1546));
#253=EDGE_LOOP('',(#1547));
#254=EDGE_LOOP('',(#1548,#1549,#1550,#1551));
#255=EDGE_LOOP('',(#1552,#1553,#1554,#1555));
#256=EDGE_LOOP('',(#1556,#1557,#1558,#1559));
#257=EDGE_LOOP('',(#1560,#1561,#1562,#1563));
#258=EDGE_LOOP('',(#1564,#1565,#1566,#1567));
#259=EDGE_LOOP('',(#1568,#1569,#1570,#1571));
#260=EDGE_LOOP('',(#1572,#1573,#1574,#1575,#1576,#1577));
#261=EDGE_LOOP('',(#1578));
#262=EDGE_LOOP('',(#1579,#1580,#1581,#1582,#1583,#1584));
#263=EDGE_LOOP('',(#1585));
#264=EDGE_LOOP('',(#1586,#1587,#1588,#1589));
#265=EDGE_LOOP('',(#1590,#1591,#1592,#1593));
#266=EDGE_LOOP('',(#1594,#1595,#1596,#1597));
#267=EDGE_LOOP('',(#1598,#1599,#1600,#1601));
#268=EDGE_LOOP('',(#1602,#1603,#1604,#1605));
#269=EDGE_LOOP('',(#1606,#1607,#1608,#1609));
#270=EDGE_LOOP('',(#1610,#1611,#1612));
#271=EDGE_LOOP('',(#1613,#1614,#1615));
#272=EDGE_LOOP('',(#1616,#1617,#1618,#1619));
#273=EDGE_LOOP('',(#1620));
#274=EDGE_LOOP('',(#1621,#1622,#1623,#1624,#1625,#1626,#1627,#1628));
#275=EDGE_LOOP('',(#1629,#1630,#1631));
#276=EDGE_LOOP('',(#1632,#1633,#1634));
#277=EDGE_LOOP('',(#1635,#1636,#1637));
#278=EDGE_LOOP('',(#1638,#1639,#1640));
#279=EDGE_LOOP('',(#1641,#1642,#1643,#1644));
#280=EDGE_LOOP('',(#1645));
#281=EDGE_LOOP('',(#1646,#1647,#1648,#1649,#1650,#1651,#1652,#1653));
#282=EDGE_LOOP('',(#1654,#1655,#1656));
#283=EDGE_LOOP('',(#1657,#1658,#1659));
#284=EDGE_LOOP('',(#1660,#1661,#1662));
#285=EDGE_LOOP('',(#1663,#1664,#1665));
#286=EDGE_LOOP('',(#1666,#1667,#1668,#1669));
#287=EDGE_LOOP('',(#1670));
#288=EDGE_LOOP('',(#1671,#1672,#1673,#1674,#1675,#1676,#1677,#1678));
#289=EDGE_LOOP('',(#1679,#1680,#1681));
#290=EDGE_LOOP('',(#1682,#1683,#1684));
#291=EDGE_LOOP('',(#1685,#1686,#1687,#1688,#1689,#1690,#1691,#1692,#1693,
#1694,#1695,#1696,#1697,#1698,#1699,#1700,#1701,#1702,#1703,#1704));
#292=EDGE_LOOP('',(#1705,#1706,#1707));
#293=EDGE_LOOP('',(#1708,#1709,#1710));
#294=EDGE_LOOP('',(#1711,#1712,#1713,#1714));
#295=EDGE_LOOP('',(#1715));
#296=EDGE_LOOP('',(#1716,#1717,#1718,#1719,#1720,#1721,#1722,#1723));
#297=EDGE_LOOP('',(#1724,#1725,#1726));
#298=EDGE_LOOP('',(#1727,#1728,#1729));
#299=EDGE_LOOP('',(#1730,#1731,#1732));
#300=EDGE_LOOP('',(#1733,#1734,#1735));
#301=EDGE_LOOP('',(#1736,#1737,#1738));
#302=EDGE_LOOP('',(#1739,#1740,#1741));
#303=EDGE_LOOP('',(#1742,#1743,#1744,#1745,#1746));
#304=EDGE_LOOP('',(#1747,#1748,#1749,#1750,#1751));
#305=EDGE_LOOP('',(#1752,#1753,#1754,#1755,#1756,#1757,#1758,#1759));
#306=EDGE_LOOP('',(#1760,#1761,#1762,#1763,#1764,#1765));
#307=EDGE_LOOP('',(#1766,#1767,#1768,#1769));
#308=EDGE_LOOP('',(#1770,#1771,#1772,#1773,#1774,#1775,#1776,#1777));
#309=EDGE_LOOP('',(#1778,#1779,#1780,#1781,#1782,#1783,#1784,#1785,#1786,
#1787,#1788,#1789,#1790,#1791,#1792,#1793,#1794,#1795,#1796,#1797,#1798,
#1799,#1800,#1801,#1802,#1803,#1804,#1805));
#310=EDGE_LOOP('',(#1806,#1807,#1808,#1809));
#311=EDGE_LOOP('',(#1810,#1811,#1812,#1813));
#312=EDGE_LOOP('',(#1814,#1815,#1816,#1817));
#313=EDGE_LOOP('',(#1818,#1819,#1820,#1821));
#314=EDGE_LOOP('',(#1822,#1823,#1824,#1825));
#315=EDGE_LOOP('',(#1826,#1827,#1828,#1829));
#316=EDGE_LOOP('',(#1830,#1831,#1832,#1833));
#317=EDGE_LOOP('',(#1834,#1835,#1836,#1837));
#318=EDGE_LOOP('',(#1838,#1839,#1840,#1841));
#319=EDGE_LOOP('',(#1842,#1843,#1844,#1845));
#320=EDGE_LOOP('',(#1846,#1847,#1848,#1849,#1850));
#321=EDGE_LOOP('',(#1851,#1852,#1853,#1854,#1855));
#322=EDGE_LOOP('',(#1856,#1857));
#323=EDGE_LOOP('',(#1858,#1859));
#324=EDGE_LOOP('',(#1860,#1861,#1862,#1863));
#325=EDGE_LOOP('',(#1864,#1865,#1866,#1867));
#326=EDGE_LOOP('',(#1868,#1869,#1870,#1871));
#327=EDGE_LOOP('',(#1872,#1873,#1874,#1875,#1876,#1877));
#328=EDGE_LOOP('',(#1878,#1879,#1880,#1881,#1882,#1883,#1884,#1885,#1886,
#1887));
#329=EDGE_LOOP('',(#1888,#1889,#1890,#1891,#1892,#1893));
#330=EDGE_LOOP('',(#1894,#1895,#1896,#1897,#1898,#1899,#1900,#1901,#1902,
#1903,#1904,#1905,#1906,#1907,#1908,#1909,#1910,#1911,#1912,#1913));
#331=EDGE_LOOP('',(#1914));
#332=EDGE_LOOP('',(#1915));
#333=EDGE_LOOP('',(#1916));
#334=EDGE_LOOP('',(#1917));
#335=EDGE_LOOP('',(#1918));
#336=EDGE_LOOP('',(#1919,#1920,#1921,#1922,#1923,#1924,#1925,#1926,#1927,
#1928,#1929,#1930,#1931,#1932,#1933,#1934,#1935,#1936,#1937,#1938));
#337=EDGE_LOOP('',(#1939,#1940,#1941,#1942,#1943,#1944,#1945,#1946,#1947,
#1948,#1949,#1950,#1951,#1952,#1953,#1954,#1955,#1956,#1957,#1958));
#338=EDGE_LOOP('',(#1959));
#339=EDGE_LOOP('',(#1960));
#340=EDGE_LOOP('',(#1961));
#341=EDGE_LOOP('',(#1962));
#342=EDGE_LOOP('',(#1963));
#343=EDGE_LOOP('',(#1964,#1965,#1966,#1967));
#344=EDGE_LOOP('',(#1968,#1969,#1970,#1971));
#345=EDGE_LOOP('',(#1972,#1973,#1974,#1975));
#346=EDGE_LOOP('',(#1976,#1977,#1978,#1979));
#347=EDGE_LOOP('',(#1980,#1981,#1982,#1983));
#348=EDGE_LOOP('',(#1984,#1985,#1986,#1987));
#349=EDGE_LOOP('',(#1988,#1989,#1990,#1991,#1992,#1993));
#350=EDGE_LOOP('',(#1994,#1995,#1996,#1997));
#351=EDGE_LOOP('',(#1998,#1999,#2000,#2001,#2002));
#352=EDGE_LOOP('',(#2003,#2004,#2005,#2006,#2007,#2008,#2009,#2010));
#353=EDGE_LOOP('',(#2011,#2012,#2013,#2014,#2015));
#354=EDGE_LOOP('',(#2016,#2017,#2018,#2019,#2020));
#355=EDGE_LOOP('',(#2021,#2022,#2023,#2024,#2025));
#356=EDGE_LOOP('',(#2026,#2027,#2028,#2029));
#357=EDGE_LOOP('',(#2030,#2031,#2032,#2033));
#358=EDGE_LOOP('',(#2034));
#359=EDGE_LOOP('',(#2035));
#360=EDGE_LOOP('',(#2036,#2037,#2038,#2039));
#361=EDGE_LOOP('',(#2040));
#362=EDGE_LOOP('',(#2041,#2042,#2043,#2044,#2045));
#363=EDGE_LOOP('',(#2046,#2047,#2048,#2049,#2050));
#364=EDGE_LOOP('',(#2051,#2052,#2053,#2054));
#365=EDGE_LOOP('',(#2055));
#366=EDGE_LOOP('',(#2056,#2057,#2058,#2059));
#367=EDGE_LOOP('',(#2060,#2061,#2062,#2063));
#368=EDGE_LOOP('',(#2064));
#369=EDGE_LOOP('',(#2065));
#370=EDGE_LOOP('',(#2066));
#371=EDGE_LOOP('',(#2067));
#372=EDGE_LOOP('',(#2068,#2069,#2070,#2071));
#373=EDGE_LOOP('',(#2072,#2073,#2074,#2075));
#374=EDGE_LOOP('',(#2076,#2077,#2078,#2079));
#375=EDGE_LOOP('',(#2080,#2081,#2082,#2083));
#376=EDGE_LOOP('',(#2084,#2085,#2086,#2087));
#377=EDGE_LOOP('',(#2088,#2089,#2090,#2091));
#378=EDGE_LOOP('',(#2092,#2093,#2094,#2095));
#379=EDGE_LOOP('',(#2096,#2097,#2098,#2099));
#380=EDGE_LOOP('',(#2100,#2101,#2102,#2103));
#381=EDGE_LOOP('',(#2104,#2105,#2106,#2107));
#382=EDGE_LOOP('',(#2108,#2109,#2110,#2111));
#383=EDGE_LOOP('',(#2112,#2113,#2114,#2115,#2116,#2117));
#384=EDGE_LOOP('',(#2118,#2119,#2120,#2121,#2122,#2123));
#385=EDGE_LOOP('',(#2124,#2125,#2126,#2127));
#386=EDGE_LOOP('',(#2128,#2129,#2130,#2131));
#387=EDGE_LOOP('',(#2132,#2133,#2134,#2135));
#388=EDGE_LOOP('',(#2136,#2137,#2138,#2139,#2140,#2141));
#389=EDGE_LOOP('',(#2142,#2143,#2144,#2145));
#390=EDGE_LOOP('',(#2146));
#391=EDGE_LOOP('',(#2147));
#392=EDGE_LOOP('',(#2148,#2149,#2150,#2151));
#393=EDGE_LOOP('',(#2152,#2153,#2154,#2155));
#394=EDGE_LOOP('',(#2156,#2157,#2158,#2159));
#395=EDGE_LOOP('',(#2160,#2161,#2162,#2163));
#396=EDGE_LOOP('',(#2164,#2165,#2166));
#397=EDGE_LOOP('',(#2167,#2168,#2169));
#398=LINE('',#3193,#678);
#399=LINE('',#3195,#679);
#400=LINE('',#3197,#680);
#401=LINE('',#3198,#681);
#402=LINE('',#3201,#682);
#403=LINE('',#3203,#683);
#404=LINE('',#3204,#684);
#405=LINE('',#3207,#685);
#406=LINE('',#3209,#686);
#407=LINE('',#3210,#687);
#408=LINE('',#3213,#688);
#409=LINE('',#3215,#689);
#410=LINE('',#3216,#690);
#411=LINE('',#3219,#691);
#412=LINE('',#3221,#692);
#413=LINE('',#3222,#693);
#414=LINE('',#3224,#694);
#415=LINE('',#3225,#695);
#416=LINE('',#3235,#696);
#417=LINE('',#3237,#697);
#418=LINE('',#3239,#698);
#419=LINE('',#3240,#699);
#420=LINE('',#3243,#700);
#421=LINE('',#3245,#701);
#422=LINE('',#3246,#702);
#423=LINE('',#3249,#703);
#424=LINE('',#3251,#704);
#425=LINE('',#3252,#705);
#426=LINE('',#3255,#706);
#427=LINE('',#3257,#707);
#428=LINE('',#3258,#708);
#429=LINE('',#3261,#709);
#430=LINE('',#3263,#710);
#431=LINE('',#3264,#711);
#432=LINE('',#3266,#712);
#433=LINE('',#3267,#713);
#434=LINE('',#3277,#714);
#435=LINE('',#3281,#715);
#436=LINE('',#3286,#716);
#437=LINE('',#3292,#717);
#438=LINE('',#3298,#718);
#439=LINE('',#3304,#719);
#440=LINE('',#3309,#720);
#441=LINE('',#3311,#721);
#442=LINE('',#3312,#722);
#443=LINE('',#3316,#723);
#444=LINE('',#3318,#724);
#445=LINE('',#3319,#725);
#446=LINE('',#3322,#726);
#447=LINE('',#3324,#727);
#448=LINE('',#3325,#728);
#449=LINE('',#3328,#729);
#450=LINE('',#3329,#730);
#451=LINE('',#3331,#731);
#452=LINE('',#3333,#732);
#453=LINE('',#3334,#733);
#454=LINE('',#3336,#734);
#455=LINE('',#3339,#735);
#456=LINE('',#3340,#736);
#457=LINE('',#3344,#737);
#458=LINE('',#3346,#738);
#459=LINE('',#3347,#739);
#460=LINE('',#3351,#740);
#461=LINE('',#3353,#741);
#462=LINE('',#3354,#742);
#463=LINE('',#3357,#743);
#464=LINE('',#3359,#744);
#465=LINE('',#3360,#745);
#466=LINE('',#3363,#746);
#467=LINE('',#3364,#747);
#468=LINE('',#3366,#748);
#469=LINE('',#3368,#749);
#470=LINE('',#3369,#750);
#471=LINE('',#3371,#751);
#472=LINE('',#3374,#752);
#473=LINE('',#3375,#753);
#474=LINE('',#3379,#754);
#475=LINE('',#3381,#755);
#476=LINE('',#3382,#756);
#477=LINE('',#3386,#757);
#478=LINE('',#3388,#758);
#479=LINE('',#3389,#759);
#480=LINE('',#3392,#760);
#481=LINE('',#3394,#761);
#482=LINE('',#3395,#762);
#483=LINE('',#3398,#763);
#484=LINE('',#3400,#764);
#485=LINE('',#3402,#765);
#486=LINE('',#3403,#766);
#487=LINE('',#3404,#767);
#488=LINE('',#3406,#768);
#489=LINE('',#3409,#769);
#490=LINE('',#3410,#770);
#491=LINE('',#3413,#771);
#492=LINE('',#3415,#772);
#493=LINE('',#3417,#773);
#494=LINE('',#3419,#774);
#495=LINE('',#3421,#775);
#496=LINE('',#3423,#776);
#497=LINE('',#3425,#777);
#498=LINE('',#3427,#778);
#499=LINE('',#3429,#779);
#500=LINE('',#3431,#780);
#501=LINE('',#3433,#781);
#502=LINE('',#3435,#782);
#503=LINE('',#3436,#783);
#504=LINE('',#3439,#784);
#505=LINE('',#3440,#785);
#506=LINE('',#3443,#786);
#507=LINE('',#3444,#787);
#508=LINE('',#3447,#788);
#509=LINE('',#3448,#789);
#510=LINE('',#3451,#790);
#511=LINE('',#3452,#791);
#512=LINE('',#3453,#792);
#513=LINE('',#3456,#793);
#514=LINE('',#3480,#794);
#515=LINE('',#3484,#795);
#516=LINE('',#3486,#796);
#517=LINE('',#3487,#797);
#518=LINE('',#3491,#798);
#519=LINE('',#3493,#799);
#520=LINE('',#3495,#800);
#521=LINE('',#3497,#801);
#522=LINE('',#3501,#802);
#523=LINE('',#3503,#803);
#524=LINE('',#3506,#804);
#525=LINE('',#3508,#805);
#526=LINE('',#3512,#806);
#527=LINE('',#3514,#807);
#528=LINE('',#3516,#808);
#529=LINE('',#3518,#809);
#530=LINE('',#3519,#810);
#531=LINE('',#3522,#811);
#532=LINE('',#3524,#812);
#533=LINE('',#3525,#813);
#534=LINE('',#3528,#814);
#535=LINE('',#3530,#815);
#536=LINE('',#3532,#816);
#537=LINE('',#3534,#817);
#538=LINE('',#3535,#818);
#539=LINE('',#3538,#819);
#540=LINE('',#3539,#820);
#541=LINE('',#3541,#821);
#542=LINE('',#3543,#822);
#543=LINE('',#3545,#823);
#544=LINE('',#3547,#824);
#545=LINE('',#3549,#825);
#546=LINE('',#3551,#826);
#547=LINE('',#3553,#827);
#548=LINE('',#3555,#828);
#549=LINE('',#3557,#829);
#550=LINE('',#3559,#830);
#551=LINE('',#3561,#831);
#552=LINE('',#3563,#832);
#553=LINE('',#3565,#833);
#554=LINE('',#3567,#834);
#555=LINE('',#3569,#835);
#556=LINE('',#3571,#836);
#557=LINE('',#3573,#837);
#558=LINE('',#3575,#838);
#559=LINE('',#3577,#839);
#560=LINE('',#3579,#840);
#561=LINE('',#3581,#841);
#562=LINE('',#3582,#842);
#563=LINE('',#3585,#843);
#564=LINE('',#3587,#844);
#565=LINE('',#3589,#845);
#566=LINE('',#3590,#846);
#567=LINE('',#3593,#847);
#568=LINE('',#3595,#848);
#569=LINE('',#3597,#849);
#570=LINE('',#3598,#850);
#571=LINE('',#3601,#851);
#572=LINE('',#3604,#852);
#573=LINE('',#3606,#853);
#574=LINE('',#3609,#854);
#575=LINE('',#3612,#855);
#576=LINE('',#3613,#856);
#577=LINE('',#3616,#857);
#578=LINE('',#3617,#858);
#579=LINE('',#3620,#859);
#580=LINE('',#3622,#860);
#581=LINE('',#3626,#861);
#582=LINE('',#3628,#862);
#583=LINE('',#3630,#863);
#584=LINE('',#3633,#864);
#585=LINE('',#3634,#865);
#586=LINE('',#3637,#866);
#587=LINE('',#3640,#867);
#588=LINE('',#3643,#868);
#589=LINE('',#3645,#869);
#590=LINE('',#3727,#870);
#591=LINE('',#3730,#871);
#592=LINE('',#3733,#872);
#593=LINE('',#3735,#873);
#594=LINE('',#3738,#874);
#595=LINE('',#3741,#875);
#596=LINE('',#3743,#876);
#597=LINE('',#3744,#877);
#598=LINE('',#3747,#878);
#599=LINE('',#3748,#879);
#600=LINE('',#3750,#880);
#601=LINE('',#3752,#881);
#602=LINE('',#3753,#882);
#603=LINE('',#3754,#883);
#604=LINE('',#3757,#884);
#605=LINE('',#3758,#885);
#606=LINE('',#3761,#886);
#607=LINE('',#3762,#887);
#608=LINE('',#3763,#888);
#609=LINE('',#3764,#889);
#610=LINE('',#3767,#890);
#611=LINE('',#3768,#891);
#612=LINE('',#3770,#892);
#613=LINE('',#3777,#893);
#614=LINE('',#3781,#894);
#615=LINE('',#3786,#895);
#616=LINE('',#3788,#896);
#617=LINE('',#3790,#897);
#618=LINE('',#3791,#898);
#619=LINE('',#3794,#899);
#620=LINE('',#3795,#900);
#621=LINE('',#3796,#901);
#622=LINE('',#3800,#902);
#623=LINE('',#3802,#903);
#624=LINE('',#3803,#904);
#625=LINE('',#3804,#905);
#626=LINE('',#3807,#906);
#627=LINE('',#3809,#907);
#628=LINE('',#3810,#908);
#629=LINE('',#3813,#909);
#630=LINE('',#3815,#910);
#631=LINE('',#3817,#911);
#632=LINE('',#3818,#912);
#633=LINE('',#3820,#913);
#634=LINE('',#3821,#914);
#635=LINE('',#3824,#915);
#636=LINE('',#3825,#916);
#637=LINE('',#3826,#917);
#638=LINE('',#3828,#918);
#639=LINE('',#3831,#919);
#640=LINE('',#3838,#920);
#641=LINE('',#3843,#921);
#642=LINE('',#3847,#922);
#643=LINE('',#3853,#923);
#644=LINE('',#3857,#924);
#645=LINE('',#3862,#925);
#646=LINE('',#3863,#926);
#647=LINE('',#3864,#927);
#648=LINE('',#3867,#928);
#649=LINE('',#3868,#929);
#650=LINE('',#3871,#930);
#651=LINE('',#3872,#931);
#652=LINE('',#3874,#932);
#653=LINE('',#3878,#933);
#654=LINE('',#3879,#934);
#655=LINE('',#3880,#935);
#656=LINE('',#3883,#936);
#657=LINE('',#3884,#937);
#658=LINE('',#3887,#938);
#659=LINE('',#3888,#939);
#660=LINE('',#3890,#940);
#661=LINE('',#3894,#941);
#662=LINE('',#3895,#942);
#663=LINE('',#3896,#943);
#664=LINE('',#3899,#944);
#665=LINE('',#3900,#945);
#666=LINE('',#3903,#946);
#667=LINE('',#3904,#947);
#668=LINE('',#3906,#948);
#669=LINE('',#3910,#949);
#670=LINE('',#3911,#950);
#671=LINE('',#3912,#951);
#672=LINE('',#3915,#952);
#673=LINE('',#3916,#953);
#674=LINE('',#3919,#954);
#675=LINE('',#3920,#955);
#676=LINE('',#3922,#956);
#677=LINE('',#3924,#957);
#678=VECTOR('',#2575,10.);
#679=VECTOR('',#2576,10.);
#680=VECTOR('',#2577,10.);
#681=VECTOR('',#2578,10.);
#682=VECTOR('',#2581,10.);
#683=VECTOR('',#2582,10.);
#684=VECTOR('',#2583,10.);
#685=VECTOR('',#2586,10.);
#686=VECTOR('',#2587,10.);
#687=VECTOR('',#2588,10.);
#688=VECTOR('',#2591,10.);
#689=VECTOR('',#2592,10.);
#690=VECTOR('',#2593,10.);
#691=VECTOR('',#2596,10.);
#692=VECTOR('',#2597,10.);
#693=VECTOR('',#2598,10.);
#694=VECTOR('',#2601,10.);
#695=VECTOR('',#2602,10.);
#696=VECTOR('',#2613,10.);
#697=VECTOR('',#2614,10.);
#698=VECTOR('',#2615,10.);
#699=VECTOR('',#2616,10.);
#700=VECTOR('',#2619,10.);
#701=VECTOR('',#2620,10.);
#702=VECTOR('',#2621,10.);
#703=VECTOR('',#2624,10.);
#704=VECTOR('',#2625,10.);
#705=VECTOR('',#2626,10.);
#706=VECTOR('',#2629,10.);
#707=VECTOR('',#2630,10.);
#708=VECTOR('',#2631,10.);
#709=VECTOR('',#2634,10.);
#710=VECTOR('',#2635,10.);
#711=VECTOR('',#2636,10.);
#712=VECTOR('',#2639,10.);
#713=VECTOR('',#2640,10.);
#714=VECTOR('',#2653,2.12499999999999);
#715=VECTOR('',#2658,2.12499999999999);
#716=VECTOR('',#2663,2.125);
#717=VECTOR('',#2670,2.125);
#718=VECTOR('',#2677,2.125);
#719=VECTOR('',#2684,2.125);
#720=VECTOR('',#2689,10.);
#721=VECTOR('',#2690,10.);
#722=VECTOR('',#2691,10.);
#723=VECTOR('',#2694,10.);
#724=VECTOR('',#2695,10.);
#725=VECTOR('',#2696,10.);
#726=VECTOR('',#2699,10.);
#727=VECTOR('',#2700,10.);
#728=VECTOR('',#2701,10.);
#729=VECTOR('',#2704,10.);
#730=VECTOR('',#2705,10.);
#731=VECTOR('',#2706,10.);
#732=VECTOR('',#2707,10.);
#733=VECTOR('',#2708,10.);
#734=VECTOR('',#2711,10.);
#735=VECTOR('',#2714,10.);
#736=VECTOR('',#2715,10.);
#737=VECTOR('',#2718,10.);
#738=VECTOR('',#2719,10.);
#739=VECTOR('',#2720,10.);
#740=VECTOR('',#2723,10.);
#741=VECTOR('',#2724,10.);
#742=VECTOR('',#2725,10.);
#743=VECTOR('',#2728,10.);
#744=VECTOR('',#2729,10.);
#745=VECTOR('',#2730,10.);
#746=VECTOR('',#2733,10.);
#747=VECTOR('',#2734,10.);
#748=VECTOR('',#2735,10.);
#749=VECTOR('',#2736,10.);
#750=VECTOR('',#2737,10.);
#751=VECTOR('',#2740,10.);
#752=VECTOR('',#2743,10.);
#753=VECTOR('',#2744,10.);
#754=VECTOR('',#2747,10.);
#755=VECTOR('',#2748,10.);
#756=VECTOR('',#2749,10.);
#757=VECTOR('',#2752,10.);
#758=VECTOR('',#2753,10.);
#759=VECTOR('',#2754,10.);
#760=VECTOR('',#2757,10.);
#761=VECTOR('',#2758,10.);
#762=VECTOR('',#2759,10.);
#763=VECTOR('',#2762,10.);
#764=VECTOR('',#2763,10.);
#765=VECTOR('',#2764,10.);
#766=VECTOR('',#2765,10.);
#767=VECTOR('',#2766,10.);
#768=VECTOR('',#2769,10.);
#769=VECTOR('',#2772,10.);
#770=VECTOR('',#2773,10.);
#771=VECTOR('',#2776,10.);
#772=VECTOR('',#2777,10.);
#773=VECTOR('',#2778,10.);
#774=VECTOR('',#2779,10.);
#775=VECTOR('',#2780,10.);
#776=VECTOR('',#2781,10.);
#777=VECTOR('',#2782,10.);
#778=VECTOR('',#2783,10.);
#779=VECTOR('',#2784,10.);
#780=VECTOR('',#2785,10.);
#781=VECTOR('',#2786,10.);
#782=VECTOR('',#2787,10.);
#783=VECTOR('',#2788,10.);
#784=VECTOR('',#2791,10.);
#785=VECTOR('',#2792,10.);
#786=VECTOR('',#2795,10.);
#787=VECTOR('',#2796,10.);
#788=VECTOR('',#2799,10.);
#789=VECTOR('',#2800,10.);
#790=VECTOR('',#2803,10.);
#791=VECTOR('',#2804,10.);
#792=VECTOR('',#2805,10.);
#793=VECTOR('',#2810,10.);
#794=VECTOR('',#2837,10.);
#795=VECTOR('',#2840,10.);
#796=VECTOR('',#2841,10.);
#797=VECTOR('',#2842,10.);
#798=VECTOR('',#2845,10.);
#799=VECTOR('',#2846,10.);
#800=VECTOR('',#2847,10.);
#801=VECTOR('',#2848,10.);
#802=VECTOR('',#2853,10.);
#803=VECTOR('',#2854,10.);
#804=VECTOR('',#2857,10.);
#805=VECTOR('',#2858,10.);
#806=VECTOR('',#2863,10.);
#807=VECTOR('',#2864,10.);
#808=VECTOR('',#2865,10.);
#809=VECTOR('',#2866,10.);
#810=VECTOR('',#2867,10.);
#811=VECTOR('',#2870,10.);
#812=VECTOR('',#2871,10.);
#813=VECTOR('',#2872,10.);
#814=VECTOR('',#2875,10.);
#815=VECTOR('',#2876,10.);
#816=VECTOR('',#2877,10.);
#817=VECTOR('',#2878,10.);
#818=VECTOR('',#2879,10.);
#819=VECTOR('',#2882,10.);
#820=VECTOR('',#2883,10.);
#821=VECTOR('',#2884,10.);
#822=VECTOR('',#2885,10.);
#823=VECTOR('',#2886,10.);
#824=VECTOR('',#2887,10.);
#825=VECTOR('',#2888,10.);
#826=VECTOR('',#2889,10.);
#827=VECTOR('',#2890,10.);
#828=VECTOR('',#2891,10.);
#829=VECTOR('',#2892,10.);
#830=VECTOR('',#2893,10.);
#831=VECTOR('',#2894,10.);
#832=VECTOR('',#2895,10.);
#833=VECTOR('',#2896,10.);
#834=VECTOR('',#2897,10.);
#835=VECTOR('',#2898,10.);
#836=VECTOR('',#2899,10.);
#837=VECTOR('',#2900,10.);
#838=VECTOR('',#2901,10.);
#839=VECTOR('',#2902,10.);
#840=VECTOR('',#2903,10.);
#841=VECTOR('',#2904,10.);
#842=VECTOR('',#2905,10.);
#843=VECTOR('',#2906,10.);
#844=VECTOR('',#2907,10.);
#845=VECTOR('',#2908,10.);
#846=VECTOR('',#2909,10.);
#847=VECTOR('',#2910,10.);
#848=VECTOR('',#2911,10.);
#849=VECTOR('',#2912,10.);
#850=VECTOR('',#2913,10.);
#851=VECTOR('',#2916,10.);
#852=VECTOR('',#2919,10.);
#853=VECTOR('',#2922,10.);
#854=VECTOR('',#2925,10.);
#855=VECTOR('',#2928,10.);
#856=VECTOR('',#2929,10.);
#857=VECTOR('',#2932,10.);
#858=VECTOR('',#2933,10.);
#859=VECTOR('',#2936,10.);
#860=VECTOR('',#2937,10.);
#861=VECTOR('',#2942,10.);
#862=VECTOR('',#2945,10.);
#863=VECTOR('',#2948,10.);
#864=VECTOR('',#2951,10.);
#865=VECTOR('',#2952,10.);
#866=VECTOR('',#2955,10.);
#867=VECTOR('',#2958,10.);
#868=VECTOR('',#2961,10.);
#869=VECTOR('',#2962,10.);
#870=VECTOR('',#2971,10.);
#871=VECTOR('',#2974,10.);
#872=VECTOR('',#2977,10.);
#873=VECTOR('',#2978,10.);
#874=VECTOR('',#2983,10.);
#875=VECTOR('',#2986,10.);
#876=VECTOR('',#2987,10.);
#877=VECTOR('',#2988,10.);
#878=VECTOR('',#2991,10.);
#879=VECTOR('',#2992,10.);
#880=VECTOR('',#2993,10.);
#881=VECTOR('',#2994,10.);
#882=VECTOR('',#2995,10.);
#883=VECTOR('',#2996,10.);
#884=VECTOR('',#2999,10.);
#885=VECTOR('',#3000,10.);
#886=VECTOR('',#3003,10.);
#887=VECTOR('',#3004,10.);
#888=VECTOR('',#3005,10.);
#889=VECTOR('',#3006,10.);
#890=VECTOR('',#3009,10.);
#891=VECTOR('',#3010,10.);
#892=VECTOR('',#3013,10.);
#893=VECTOR('',#3020,2.12499999999999);
#894=VECTOR('',#3025,2.12499999999999);
#895=VECTOR('',#3030,10.);
#896=VECTOR('',#3031,10.);
#897=VECTOR('',#3032,10.);
#898=VECTOR('',#3033,10.);
#899=VECTOR('',#3036,10.);
#900=VECTOR('',#3037,10.);
#901=VECTOR('',#3038,10.);
#902=VECTOR('',#3041,10.);
#903=VECTOR('',#3042,10.);
#904=VECTOR('',#3043,10.);
#905=VECTOR('',#3044,10.);
#906=VECTOR('',#3047,10.);
#907=VECTOR('',#3048,10.);
#908=VECTOR('',#3049,10.);
#909=VECTOR('',#3052,10.);
#910=VECTOR('',#3053,10.);
#911=VECTOR('',#3054,10.);
#912=VECTOR('',#3055,10.);
#913=VECTOR('',#3058,10.);
#914=VECTOR('',#3059,10.);
#915=VECTOR('',#3064,10.);
#916=VECTOR('',#3065,10.);
#917=VECTOR('',#3066,10.);
#918=VECTOR('',#3069,10.);
#919=VECTOR('',#3074,10.);
#920=VECTOR('',#3083,2.2);
#921=VECTOR('',#3090,2.2);
#922=VECTOR('',#3095,2.2);
#923=VECTOR('',#3102,2.2);
#924=VECTOR('',#3109,10.);
#925=VECTOR('',#3114,10.);
#926=VECTOR('',#3115,10.);
#927=VECTOR('',#3116,10.);
#928=VECTOR('',#3119,10.);
#929=VECTOR('',#3120,10.);
#930=VECTOR('',#3123,10.);
#931=VECTOR('',#3124,10.);
#932=VECTOR('',#3127,10.);
#933=VECTOR('',#3130,10.);
#934=VECTOR('',#3131,10.);
#935=VECTOR('',#3132,10.);
#936=VECTOR('',#3135,10.);
#937=VECTOR('',#3136,10.);
#938=VECTOR('',#3139,10.);
#939=VECTOR('',#3140,10.);
#940=VECTOR('',#3143,10.);
#941=VECTOR('',#3146,10.);
#942=VECTOR('',#3147,10.);
#943=VECTOR('',#3148,10.);
#944=VECTOR('',#3151,10.);
#945=VECTOR('',#3152,10.);
#946=VECTOR('',#3155,10.);
#947=VECTOR('',#3156,10.);
#948=VECTOR('',#3159,10.);
#949=VECTOR('',#3162,10.);
#950=VECTOR('',#3163,10.);
#951=VECTOR('',#3164,10.);
#952=VECTOR('',#3167,10.);
#953=VECTOR('',#3168,10.);
#954=VECTOR('',#3171,10.);
#955=VECTOR('',#3172,10.);
#956=VECTOR('',#3175,10.);
#957=VECTOR('',#3178,10.);
#958=VERTEX_POINT('',#3191);
#959=VERTEX_POINT('',#3192);
#960=VERTEX_POINT('',#3194);
#961=VERTEX_POINT('',#3196);
#962=VERTEX_POINT('',#3200);
#963=VERTEX_POINT('',#3202);
#964=VERTEX_POINT('',#3206);
#965=VERTEX_POINT('',#3208);
#966=VERTEX_POINT('',#3212);
#967=VERTEX_POINT('',#3214);
#968=VERTEX_POINT('',#3218);
#969=VERTEX_POINT('',#3220);
#970=VERTEX_POINT('',#3227);
#971=VERTEX_POINT('',#3230);
#972=VERTEX_POINT('',#3233);
#973=VERTEX_POINT('',#3234);
#974=VERTEX_POINT('',#3236);
#975=VERTEX_POINT('',#3238);
#976=VERTEX_POINT('',#3242);
#977=VERTEX_POINT('',#3244);
#978=VERTEX_POINT('',#3248);
#979=VERTEX_POINT('',#3250);
#980=VERTEX_POINT('',#3254);
#981=VERTEX_POINT('',#3256);
#982=VERTEX_POINT('',#3260);
#983=VERTEX_POINT('',#3262);
#984=VERTEX_POINT('',#3269);
#985=VERTEX_POINT('',#3272);
#986=VERTEX_POINT('',#3275);
#987=VERTEX_POINT('',#3279);
#988=VERTEX_POINT('',#3283);
#989=VERTEX_POINT('',#3285);
#990=VERTEX_POINT('',#3289);
#991=VERTEX_POINT('',#3291);
#992=VERTEX_POINT('',#3295);
#993=VERTEX_POINT('',#3297);
#994=VERTEX_POINT('',#3301);
#995=VERTEX_POINT('',#3303);
#996=VERTEX_POINT('',#3307);
#997=VERTEX_POINT('',#3308);
#998=VERTEX_POINT('',#3310);
#999=VERTEX_POINT('',#3314);
#1000=VERTEX_POINT('',#3315);
#1001=VERTEX_POINT('',#3317);
#1002=VERTEX_POINT('',#3321);
#1003=VERTEX_POINT('',#3323);
#1004=VERTEX_POINT('',#3327);
#1005=VERTEX_POINT('',#3330);
#1006=VERTEX_POINT('',#3332);
#1007=VERTEX_POINT('',#3338);
#1008=VERTEX_POINT('',#3342);
#1009=VERTEX_POINT('',#3343);
#1010=VERTEX_POINT('',#3345);
#1011=VERTEX_POINT('',#3349);
#1012=VERTEX_POINT('',#3350);
#1013=VERTEX_POINT('',#3352);
#1014=VERTEX_POINT('',#3356);
#1015=VERTEX_POINT('',#3358);
#1016=VERTEX_POINT('',#3362);
#1017=VERTEX_POINT('',#3365);
#1018=VERTEX_POINT('',#3367);
#1019=VERTEX_POINT('',#3373);
#1020=VERTEX_POINT('',#3377);
#1021=VERTEX_POINT('',#3378);
#1022=VERTEX_POINT('',#3380);
#1023=VERTEX_POINT('',#3384);
#1024=VERTEX_POINT('',#3385);
#1025=VERTEX_POINT('',#3387);
#1026=VERTEX_POINT('',#3391);
#1027=VERTEX_POINT('',#3393);
#1028=VERTEX_POINT('',#3397);
#1029=VERTEX_POINT('',#3399);
#1030=VERTEX_POINT('',#3401);
#1031=VERTEX_POINT('',#3408);
#1032=VERTEX_POINT('',#3412);
#1033=VERTEX_POINT('',#3414);
#1034=VERTEX_POINT('',#3416);
#1035=VERTEX_POINT('',#3418);
#1036=VERTEX_POINT('',#3420);
#1037=VERTEX_POINT('',#3422);
#1038=VERTEX_POINT('',#3424);
#1039=VERTEX_POINT('',#3426);
#1040=VERTEX_POINT('',#3428);
#1041=VERTEX_POINT('',#3430);
#1042=VERTEX_POINT('',#3432);
#1043=VERTEX_POINT('',#3434);
#1044=VERTEX_POINT('',#3438);
#1045=VERTEX_POINT('',#3442);
#1046=VERTEX_POINT('',#3446);
#1047=VERTEX_POINT('',#3450);
#1048=VERTEX_POINT('',#3458);
#1049=VERTEX_POINT('',#3460);
#1050=VERTEX_POINT('',#3463);
#1051=VERTEX_POINT('',#3465);
#1052=VERTEX_POINT('',#3468);
#1053=VERTEX_POINT('',#3470);
#1054=VERTEX_POINT('',#3473);
#1055=VERTEX_POINT('',#3475);
#1056=VERTEX_POINT('',#3478);
#1057=VERTEX_POINT('',#3479);
#1058=VERTEX_POINT('',#3481);
#1059=VERTEX_POINT('',#3483);
#1060=VERTEX_POINT('',#3485);
#1061=VERTEX_POINT('',#3489);
#1062=VERTEX_POINT('',#3490);
#1063=VERTEX_POINT('',#3492);
#1064=VERTEX_POINT('',#3494);
#1065=VERTEX_POINT('',#3496);
#1066=VERTEX_POINT('',#3500);
#1067=VERTEX_POINT('',#3502);
#1068=VERTEX_POINT('',#3504);
#1069=VERTEX_POINT('',#3507);
#1070=VERTEX_POINT('',#3511);
#1071=VERTEX_POINT('',#3513);
#1072=VERTEX_POINT('',#3515);
#1073=VERTEX_POINT('',#3517);
#1074=VERTEX_POINT('',#3521);
#1075=VERTEX_POINT('',#3523);
#1076=VERTEX_POINT('',#3527);
#1077=VERTEX_POINT('',#3529);
#1078=VERTEX_POINT('',#3531);
#1079=VERTEX_POINT('',#3533);
#1080=VERTEX_POINT('',#3537);
#1081=VERTEX_POINT('',#3540);
#1082=VERTEX_POINT('',#3542);
#1083=VERTEX_POINT('',#3544);
#1084=VERTEX_POINT('',#3546);
#1085=VERTEX_POINT('',#3548);
#1086=VERTEX_POINT('',#3550);
#1087=VERTEX_POINT('',#3552);
#1088=VERTEX_POINT('',#3554);
#1089=VERTEX_POINT('',#3556);
#1090=VERTEX_POINT('',#3558);
#1091=VERTEX_POINT('',#3560);
#1092=VERTEX_POINT('',#3562);
#1093=VERTEX_POINT('',#3564);
#1094=VERTEX_POINT('',#3566);
#1095=VERTEX_POINT('',#3568);
#1096=VERTEX_POINT('',#3570);
#1097=VERTEX_POINT('',#3572);
#1098=VERTEX_POINT('',#3574);
#1099=VERTEX_POINT('',#3576);
#1100=VERTEX_POINT('',#3578);
#1101=VERTEX_POINT('',#3580);
#1102=VERTEX_POINT('',#3583);
#1103=VERTEX_POINT('',#3584);
#1104=VERTEX_POINT('',#3586);
#1105=VERTEX_POINT('',#3588);
#1106=VERTEX_POINT('',#3591);
#1107=VERTEX_POINT('',#3592);
#1108=VERTEX_POINT('',#3594);
#1109=VERTEX_POINT('',#3596);
#1110=VERTEX_POINT('',#3600);
#1111=VERTEX_POINT('',#3602);
#1112=VERTEX_POINT('',#3607);
#1113=VERTEX_POINT('',#3611);
#1114=VERTEX_POINT('',#3615);
#1115=VERTEX_POINT('',#3619);
#1116=VERTEX_POINT('',#3621);
#1117=VERTEX_POINT('',#3625);
#1118=VERTEX_POINT('',#3632);
#1119=VERTEX_POINT('',#3636);
#1120=VERTEX_POINT('',#3638);
#1121=VERTEX_POINT('',#3642);
#1122=VERTEX_POINT('',#3644);
#1123=VERTEX_POINT('',#3648);
#1124=VERTEX_POINT('',#3649);
#1125=VERTEX_POINT('',#3687);
#1126=VERTEX_POINT('',#3688);
#1127=VERTEX_POINT('',#3726);
#1128=VERTEX_POINT('',#3728);
#1129=VERTEX_POINT('',#3732);
#1130=VERTEX_POINT('',#3734);
#1131=VERTEX_POINT('',#3740);
#1132=VERTEX_POINT('',#3742);
#1133=VERTEX_POINT('',#3746);
#1134=VERTEX_POINT('',#3749);
#1135=VERTEX_POINT('',#3751);
#1136=VERTEX_POINT('',#3756);
#1137=VERTEX_POINT('',#3760);
#1138=VERTEX_POINT('',#3766);
#1139=VERTEX_POINT('',#3771);
#1140=VERTEX_POINT('',#3773);
#1141=VERTEX_POINT('',#3776);
#1142=VERTEX_POINT('',#3780);
#1143=VERTEX_POINT('',#3784);
#1144=VERTEX_POINT('',#3785);
#1145=VERTEX_POINT('',#3787);
#1146=VERTEX_POINT('',#3789);
#1147=VERTEX_POINT('',#3793);
#1148=VERTEX_POINT('',#3798);
#1149=VERTEX_POINT('',#3799);
#1150=VERTEX_POINT('',#3801);
#1151=VERTEX_POINT('',#3806);
#1152=VERTEX_POINT('',#3808);
#1153=VERTEX_POINT('',#3812);
#1154=VERTEX_POINT('',#3814);
#1155=VERTEX_POINT('',#3816);
#1156=VERTEX_POINT('',#3835);
#1157=VERTEX_POINT('',#3837);
#1158=VERTEX_POINT('',#3842);
#1159=VERTEX_POINT('',#3846);
#1160=VERTEX_POINT('',#3850);
#1161=VERTEX_POINT('',#3852);
#1162=VERTEX_POINT('',#3860);
#1163=VERTEX_POINT('',#3861);
#1164=VERTEX_POINT('',#3866);
#1165=VERTEX_POINT('',#3870);
#1166=VERTEX_POINT('',#3876);
#1167=VERTEX_POINT('',#3877);
#1168=VERTEX_POINT('',#3882);
#1169=VERTEX_POINT('',#3886);
#1170=VERTEX_POINT('',#3892);
#1171=VERTEX_POINT('',#3893);
#1172=VERTEX_POINT('',#3898);
#1173=VERTEX_POINT('',#3902);
#1174=VERTEX_POINT('',#3908);
#1175=VERTEX_POINT('',#3909);
#1176=VERTEX_POINT('',#3914);
#1177=VERTEX_POINT('',#3918);
#1178=VERTEX_POINT('',#3927);
#1179=VERTEX_POINT('',#3930);
#1180=EDGE_CURVE('',#958,#959,#398,.T.);
#1181=EDGE_CURVE('',#958,#960,#399,.T.);
#1182=EDGE_CURVE('',#960,#961,#400,.T.);
#1183=EDGE_CURVE('',#959,#961,#401,.T.);
#1184=EDGE_CURVE('',#962,#958,#402,.T.);
#1185=EDGE_CURVE('',#962,#963,#403,.T.);
#1186=EDGE_CURVE('',#963,#960,#404,.T.);
#1187=EDGE_CURVE('',#964,#962,#405,.T.);
#1188=EDGE_CURVE('',#964,#965,#406,.T.);
#1189=EDGE_CURVE('',#965,#963,#407,.T.);
#1190=EDGE_CURVE('',#966,#964,#408,.T.);
#1191=EDGE_CURVE('',#966,#967,#409,.T.);
#1192=EDGE_CURVE('',#967,#965,#410,.T.);
#1193=EDGE_CURVE('',#968,#966,#411,.T.);
#1194=EDGE_CURVE('',#968,#969,#412,.T.);
#1195=EDGE_CURVE('',#969,#967,#413,.T.);
#1196=EDGE_CURVE('',#959,#968,#414,.T.);
#1197=EDGE_CURVE('',#961,#969,#415,.T.);
#1198=EDGE_CURVE('',#970,#970,#77,.T.);
#1199=EDGE_CURVE('',#971,#971,#78,.T.);
#1200=EDGE_CURVE('',#972,#973,#416,.T.);
#1201=EDGE_CURVE('',#973,#974,#417,.T.);
#1202=EDGE_CURVE('',#974,#975,#418,.T.);
#1203=EDGE_CURVE('',#972,#975,#419,.T.);
#1204=EDGE_CURVE('',#973,#976,#420,.T.);
#1205=EDGE_CURVE('',#976,#977,#421,.T.);
#1206=EDGE_CURVE('',#977,#974,#422,.T.);
#1207=EDGE_CURVE('',#976,#978,#423,.T.);
#1208=EDGE_CURVE('',#978,#979,#424,.T.);
#1209=EDGE_CURVE('',#979,#977,#425,.T.);
#1210=EDGE_CURVE('',#978,#980,#426,.T.);
#1211=EDGE_CURVE('',#980,#981,#427,.T.);
#1212=EDGE_CURVE('',#981,#979,#428,.T.);
#1213=EDGE_CURVE('',#980,#982,#429,.T.);
#1214=EDGE_CURVE('',#982,#983,#430,.T.);
#1215=EDGE_CURVE('',#983,#981,#431,.T.);
#1216=EDGE_CURVE('',#982,#972,#432,.T.);
#1217=EDGE_CURVE('',#975,#983,#433,.T.);
#1218=EDGE_CURVE('',#984,#984,#79,.T.);
#1219=EDGE_CURVE('',#985,#985,#80,.T.);
#1220=EDGE_CURVE('',#986,#986,#81,.T.);
#1221=EDGE_CURVE('',#986,#971,#434,.T.);
#1222=EDGE_CURVE('',#987,#987,#82,.T.);
#1223=EDGE_CURVE('',#987,#985,#435,.T.);
#1224=EDGE_CURVE('',#988,#988,#83,.T.);
#1225=EDGE_CURVE('',#988,#989,#436,.T.);
#1226=EDGE_CURVE('',#989,#989,#84,.T.);
#1227=EDGE_CURVE('',#990,#990,#85,.T.);
#1228=EDGE_CURVE('',#990,#991,#437,.T.);
#1229=EDGE_CURVE('',#991,#991,#86,.T.);
#1230=EDGE_CURVE('',#992,#992,#87,.T.);
#1231=EDGE_CURVE('',#992,#993,#438,.T.);
#1232=EDGE_CURVE('',#993,#993,#88,.T.);
#1233=EDGE_CURVE('',#994,#994,#89,.T.);
#1234=EDGE_CURVE('',#994,#995,#439,.T.);
#1235=EDGE_CURVE('',#995,#995,#90,.T.);
#1236=EDGE_CURVE('',#996,#997,#440,.T.);
#1237=EDGE_CURVE('',#998,#996,#441,.T.);
#1238=EDGE_CURVE('',#997,#998,#442,.T.);
#1239=EDGE_CURVE('',#999,#1000,#443,.T.);
#1240=EDGE_CURVE('',#999,#1001,#444,.T.);
#1241=EDGE_CURVE('',#1000,#1001,#445,.T.);
#1242=EDGE_CURVE('',#1002,#1000,#446,.T.);
#1243=EDGE_CURVE('',#1002,#1003,#447,.T.);
#1244=EDGE_CURVE('',#1003,#999,#448,.T.);
#1245=EDGE_CURVE('',#1004,#998,#449,.T.);
#1246=EDGE_CURVE('',#1001,#996,#450,.T.);
#1247=EDGE_CURVE('',#1003,#1005,#451,.T.);
#1248=EDGE_CURVE('',#1006,#1005,#452,.T.);
#1249=EDGE_CURVE('',#1006,#1004,#453,.T.);
#1250=EDGE_CURVE('',#1005,#1002,#454,.T.);
#1251=EDGE_CURVE('',#1007,#1006,#455,.T.);
#1252=EDGE_CURVE('',#1004,#1007,#456,.T.);
#1253=EDGE_CURVE('',#1008,#1009,#457,.T.);
#1254=EDGE_CURVE('',#1010,#1008,#458,.T.);
#1255=EDGE_CURVE('',#1009,#1010,#459,.T.);
#1256=EDGE_CURVE('',#1011,#1012,#460,.T.);
#1257=EDGE_CURVE('',#1011,#1013,#461,.T.);
#1258=EDGE_CURVE('',#1012,#1013,#462,.T.);
#1259=EDGE_CURVE('',#1014,#1012,#463,.T.);
#1260=EDGE_CURVE('',#1014,#1015,#464,.T.);
#1261=EDGE_CURVE('',#1015,#1011,#465,.T.);
#1262=EDGE_CURVE('',#1016,#1010,#466,.T.);
#1263=EDGE_CURVE('',#1013,#1008,#467,.T.);
#1264=EDGE_CURVE('',#1015,#1017,#468,.T.);
#1265=EDGE_CURVE('',#1018,#1017,#469,.T.);
#1266=EDGE_CURVE('',#1018,#1016,#470,.T.);
#1267=EDGE_CURVE('',#1017,#1014,#471,.T.);
#1268=EDGE_CURVE('',#1019,#1018,#472,.T.);
#1269=EDGE_CURVE('',#1016,#1019,#473,.T.);
#1270=EDGE_CURVE('',#1020,#1021,#474,.T.);
#1271=EDGE_CURVE('',#1020,#1022,#475,.T.);
#1272=EDGE_CURVE('',#1022,#1021,#476,.T.);
#1273=EDGE_CURVE('',#1023,#1024,#477,.T.);
#1274=EDGE_CURVE('',#1025,#1024,#478,.T.);
#1275=EDGE_CURVE('',#1023,#1025,#479,.T.);
#1276=EDGE_CURVE('',#1024,#1026,#480,.T.);
#1277=EDGE_CURVE('',#1027,#1023,#481,.T.);
#1278=EDGE_CURVE('',#1026,#1027,#482,.T.);
#1279=EDGE_CURVE('',#1028,#1022,#483,.T.);
#1280=EDGE_CURVE('',#1029,#1028,#484,.T.);
#1281=EDGE_CURVE('',#1030,#1029,#485,.T.);
#1282=EDGE_CURVE('',#1027,#1030,#486,.T.);
#1283=EDGE_CURVE('',#1021,#1025,#487,.T.);
#1284=EDGE_CURVE('',#1026,#1030,#488,.T.);
#1285=EDGE_CURVE('',#1029,#1031,#489,.T.);
#1286=EDGE_CURVE('',#1028,#1031,#490,.T.);
#1287=EDGE_CURVE('',#1032,#1031,#491,.T.);
#1288=EDGE_CURVE('',#1032,#1033,#492,.T.);
#1289=EDGE_CURVE('',#1033,#1034,#493,.T.);
#1290=EDGE_CURVE('',#1034,#1035,#494,.T.);
#1291=EDGE_CURVE('',#1035,#1036,#495,.T.);
#1292=EDGE_CURVE('',#1036,#1037,#496,.T.);
#1293=EDGE_CURVE('',#1037,#1038,#497,.T.);
#1294=EDGE_CURVE('',#1038,#1039,#498,.T.);
#1295=EDGE_CURVE('',#1040,#1039,#499,.T.);
#1296=EDGE_CURVE('',#1040,#1041,#500,.T.);
#1297=EDGE_CURVE('',#1041,#1042,#501,.T.);
#1298=EDGE_CURVE('',#1043,#1042,#502,.T.);
#1299=EDGE_CURVE('',#1020,#1043,#503,.T.);
#1300=EDGE_CURVE('',#1032,#1044,#504,.T.);
#1301=EDGE_CURVE('',#1044,#1033,#505,.T.);
#1302=EDGE_CURVE('',#1045,#1035,#506,.T.);
#1303=EDGE_CURVE('',#1045,#1034,#507,.T.);
#1304=EDGE_CURVE('',#1046,#1045,#508,.T.);
#1305=EDGE_CURVE('',#1036,#1046,#509,.T.);
#1306=EDGE_CURVE('',#1047,#1044,#510,.T.);
#1307=EDGE_CURVE('',#1038,#1047,#511,.T.);
#1308=EDGE_CURVE('',#1046,#1037,#512,.T.);
#1309=EDGE_CURVE('',#1047,#1039,#513,.T.);
#1310=EDGE_CURVE('',#1048,#1048,#91,.T.);
#1311=EDGE_CURVE('',#1049,#1048,#92,.T.);
#1312=EDGE_CURVE('',#1050,#1050,#93,.T.);
#1313=EDGE_CURVE('',#1051,#1050,#94,.T.);
#1314=EDGE_CURVE('',#1052,#1052,#95,.T.);
#1315=EDGE_CURVE('',#1053,#1052,#96,.T.);
#1316=EDGE_CURVE('',#1054,#1054,#97,.T.);
#1317=EDGE_CURVE('',#1055,#1054,#98,.T.);
#1318=EDGE_CURVE('',#1056,#1057,#514,.T.);
#1319=EDGE_CURVE('',#1056,#1058,#99,.T.);
#1320=EDGE_CURVE('',#1058,#1059,#515,.T.);
#1321=EDGE_CURVE('',#1060,#1059,#516,.T.);
#1322=EDGE_CURVE('',#1057,#1060,#517,.T.);
#1323=EDGE_CURVE('',#1061,#1062,#518,.T.);
#1324=EDGE_CURVE('',#1063,#1061,#519,.T.);
#1325=EDGE_CURVE('',#1064,#1063,#520,.T.);
#1326=EDGE_CURVE('',#1064,#1065,#521,.T.);
#1327=EDGE_CURVE('',#1065,#1062,#100,.T.);
#1328=EDGE_CURVE('',#1062,#1066,#522,.T.);
#1329=EDGE_CURVE('',#1067,#1065,#523,.T.);
#1330=EDGE_CURVE('',#1067,#1068,#101,.T.);
#1331=EDGE_CURVE('',#1068,#1058,#524,.T.);
#1332=EDGE_CURVE('',#1069,#1056,#525,.T.);
#1333=EDGE_CURVE('',#1066,#1069,#19,.T.);
#1334=EDGE_CURVE('',#1070,#1069,#526,.T.);
#1335=EDGE_CURVE('',#1071,#1070,#527,.T.);
#1336=EDGE_CURVE('',#1072,#1071,#528,.T.);
#1337=EDGE_CURVE('',#1073,#1072,#529,.T.);
#1338=EDGE_CURVE('',#1066,#1073,#530,.T.);
#1339=EDGE_CURVE('',#1074,#1063,#531,.T.);
#1340=EDGE_CURVE('',#1074,#1075,#532,.T.);
#1341=EDGE_CURVE('',#1075,#1064,#533,.T.);
#1342=EDGE_CURVE('',#1076,#1057,#534,.T.);
#1343=EDGE_CURVE('',#1076,#1077,#535,.T.);
#1344=EDGE_CURVE('',#1078,#1077,#536,.T.);
#1345=EDGE_CURVE('',#1079,#1078,#537,.T.);
#1346=EDGE_CURVE('',#1070,#1079,#538,.T.);
#1347=EDGE_CURVE('',#1061,#1080,#539,.T.);
#1348=EDGE_CURVE('',#1080,#1076,#540,.T.);
#1349=EDGE_CURVE('',#1060,#1081,#541,.T.);
#1350=EDGE_CURVE('',#1081,#1082,#542,.T.);
#1351=EDGE_CURVE('',#1082,#1083,#543,.T.);
#1352=EDGE_CURVE('',#1083,#1084,#544,.T.);
#1353=EDGE_CURVE('',#1084,#1085,#545,.T.);
#1354=EDGE_CURVE('',#1085,#1086,#546,.T.);
#1355=EDGE_CURVE('',#1086,#1087,#547,.T.);
#1356=EDGE_CURVE('',#1087,#1088,#548,.T.);
#1357=EDGE_CURVE('',#1088,#1089,#549,.T.);
#1358=EDGE_CURVE('',#1089,#1090,#550,.T.);
#1359=EDGE_CURVE('',#1090,#1091,#551,.T.);
#1360=EDGE_CURVE('',#1091,#1092,#552,.T.);
#1361=EDGE_CURVE('',#1092,#1093,#553,.T.);
#1362=EDGE_CURVE('',#1093,#1094,#554,.T.);
#1363=EDGE_CURVE('',#1094,#1095,#555,.T.);
#1364=EDGE_CURVE('',#1095,#1096,#556,.T.);
#1365=EDGE_CURVE('',#1096,#1097,#557,.T.);
#1366=EDGE_CURVE('',#1097,#1098,#558,.T.);
#1367=EDGE_CURVE('',#1098,#1099,#559,.T.);
#1368=EDGE_CURVE('',#1099,#1100,#560,.T.);
#1369=EDGE_CURVE('',#1100,#1101,#561,.T.);
#1370=EDGE_CURVE('',#1101,#1074,#562,.T.);
#1371=EDGE_CURVE('',#1102,#1103,#563,.T.);
#1372=EDGE_CURVE('',#1103,#1104,#564,.T.);
#1373=EDGE_CURVE('',#1104,#1105,#565,.T.);
#1374=EDGE_CURVE('',#1105,#1102,#566,.T.);
#1375=EDGE_CURVE('',#1106,#1107,#567,.T.);
#1376=EDGE_CURVE('',#1107,#1108,#568,.T.);
#1377=EDGE_CURVE('',#1108,#1109,#569,.T.);
#1378=EDGE_CURVE('',#1109,#1106,#570,.T.);
#1379=EDGE_CURVE('',#1088,#1110,#571,.T.);
#1380=EDGE_CURVE('',#1087,#1111,#102,.T.);
#1381=EDGE_CURVE('',#1111,#1110,#572,.T.);
#1382=EDGE_CURVE('',#1087,#1082,#573,.T.);
#1383=EDGE_CURVE('',#1112,#1082,#103,.T.);
#1384=EDGE_CURVE('',#1111,#1112,#574,.T.);
#1385=EDGE_CURVE('',#1113,#1081,#575,.T.);
#1386=EDGE_CURVE('',#1113,#1112,#576,.T.);
#1387=EDGE_CURVE('',#1114,#1110,#577,.T.);
#1388=EDGE_CURVE('',#1114,#1089,#578,.T.);
#1389=EDGE_CURVE('',#1115,#1095,#579,.T.);
#1390=EDGE_CURVE('',#1115,#1116,#580,.T.);
#1391=EDGE_CURVE('',#1116,#1096,#104,.T.);
#1392=EDGE_CURVE('',#1116,#1117,#581,.T.);
#1393=EDGE_CURVE('',#1101,#1117,#105,.T.);
#1394=EDGE_CURVE('',#1101,#1096,#582,.T.);
#1395=EDGE_CURVE('',#1117,#1075,#583,.T.);
#1396=EDGE_CURVE('',#1094,#1118,#584,.T.);
#1397=EDGE_CURVE('',#1118,#1115,#585,.T.);
#1398=EDGE_CURVE('',#1119,#1093,#586,.T.);
#1399=EDGE_CURVE('',#1119,#1120,#106,.T.);
#1400=EDGE_CURVE('',#1120,#1118,#587,.T.);
#1401=EDGE_CURVE('',#1090,#1121,#588,.T.);
#1402=EDGE_CURVE('',#1114,#1122,#589,.T.);
#1403=EDGE_CURVE('',#1122,#1121,#107,.T.);
#1404=EDGE_CURVE('',#1123,#1124,#15,.T.);
#1405=EDGE_CURVE('',#1124,#1123,#16,.T.);
#1406=EDGE_CURVE('',#1125,#1126,#17,.T.);
#1407=EDGE_CURVE('',#1126,#1125,#18,.T.);
#1408=EDGE_CURVE('',#1127,#1119,#590,.T.);
#1409=EDGE_CURVE('',#1128,#1127,#108,.T.);
#1410=EDGE_CURVE('',#1128,#1120,#591,.T.);
#1411=EDGE_CURVE('',#1121,#1129,#592,.T.);
#1412=EDGE_CURVE('',#1130,#1122,#593,.T.);
#1413=EDGE_CURVE('',#1129,#1130,#109,.T.);
#1414=EDGE_CURVE('',#1113,#1059,#594,.T.);
#1415=EDGE_CURVE('',#1129,#1131,#595,.T.);
#1416=EDGE_CURVE('',#1132,#1131,#596,.T.);
#1417=EDGE_CURVE('',#1091,#1132,#597,.T.);
#1418=EDGE_CURVE('',#1127,#1133,#598,.T.);
#1419=EDGE_CURVE('',#1131,#1133,#599,.T.);
#1420=EDGE_CURVE('',#1130,#1134,#600,.T.);
#1421=EDGE_CURVE('',#1135,#1134,#601,.T.);
#1422=EDGE_CURVE('',#1041,#1135,#602,.T.);
#1423=EDGE_CURVE('',#1040,#1128,#603,.T.);
#1424=EDGE_CURVE('',#1092,#1136,#604,.T.);
#1425=EDGE_CURVE('',#1133,#1136,#605,.T.);
#1426=EDGE_CURVE('',#1137,#1068,#606,.T.);
#1427=EDGE_CURVE('',#997,#1137,#607,.T.);
#1428=EDGE_CURVE('',#1009,#1007,#608,.T.);
#1429=EDGE_CURVE('',#1134,#1019,#609,.T.);
#1430=EDGE_CURVE('',#1138,#1137,#610,.T.);
#1431=EDGE_CURVE('',#1135,#1138,#611,.T.);
#1432=EDGE_CURVE('',#1043,#1067,#612,.T.);
#1433=EDGE_CURVE('',#1139,#1139,#110,.T.);
#1434=EDGE_CURVE('',#1140,#1140,#111,.T.);
#1435=EDGE_CURVE('',#984,#1141,#613,.T.);
#1436=EDGE_CURVE('',#1141,#1141,#112,.T.);
#1437=EDGE_CURVE('',#970,#1142,#614,.T.);
#1438=EDGE_CURVE('',#1142,#1142,#113,.T.);
#1439=EDGE_CURVE('',#1143,#1144,#615,.T.);
#1440=EDGE_CURVE('',#1145,#1143,#616,.T.);
#1441=EDGE_CURVE('',#1146,#1145,#617,.T.);
#1442=EDGE_CURVE('',#1144,#1146,#618,.T.);
#1443=EDGE_CURVE('',#1147,#1143,#619,.T.);
#1444=EDGE_CURVE('',#1078,#1147,#620,.T.);
#1445=EDGE_CURVE('',#1145,#1078,#621,.T.);
#1446=EDGE_CURVE('',#1148,#1149,#622,.T.);
#1447=EDGE_CURVE('',#1150,#1148,#623,.T.);
#1448=EDGE_CURVE('',#1079,#1150,#624,.T.);
#1449=EDGE_CURVE('',#1149,#1079,#625,.T.);
#1450=EDGE_CURVE('',#1151,#1148,#626,.T.);
#1451=EDGE_CURVE('',#1152,#1151,#627,.T.);
#1452=EDGE_CURVE('',#1150,#1152,#628,.T.);
#1453=EDGE_CURVE('',#1153,#1080,#629,.T.);
#1454=EDGE_CURVE('',#1154,#1153,#630,.T.);
#1455=EDGE_CURVE('',#1155,#1154,#631,.T.);
#1456=EDGE_CURVE('',#1077,#1155,#632,.T.);
#1457=EDGE_CURVE('',#1146,#1155,#633,.T.);
#1458=EDGE_CURVE('',#1154,#1144,#634,.T.);
#1459=EDGE_CURVE('',#1073,#1149,#635,.T.);
#1460=EDGE_CURVE('',#1147,#1149,#636,.T.);
#1461=EDGE_CURVE('',#1147,#1153,#637,.T.);
#1462=EDGE_CURVE('',#1071,#1152,#638,.T.);
#1463=EDGE_CURVE('',#1151,#1072,#639,.T.);
#1464=EDGE_CURVE('',#1156,#1156,#114,.T.);
#1465=EDGE_CURVE('',#1156,#1157,#640,.T.);
#1466=EDGE_CURVE('',#1157,#1157,#115,.T.);
#1467=EDGE_CURVE('',#1126,#1158,#641,.T.);
#1468=EDGE_CURVE('',#1158,#1158,#116,.T.);
#1469=EDGE_CURVE('',#1124,#1159,#642,.T.);
#1470=EDGE_CURVE('',#1159,#1159,#117,.T.);
#1471=EDGE_CURVE('',#1160,#1160,#118,.T.);
#1472=EDGE_CURVE('',#1160,#1161,#643,.T.);
#1473=EDGE_CURVE('',#1161,#1161,#119,.T.);
#1474=EDGE_CURVE('',#1136,#1132,#644,.T.);
#1475=EDGE_CURVE('',#1162,#1163,#645,.T.);
#1476=EDGE_CURVE('',#1105,#1162,#646,.T.);
#1477=EDGE_CURVE('',#1104,#1163,#647,.T.);
#1478=EDGE_CURVE('',#1163,#1164,#648,.T.);
#1479=EDGE_CURVE('',#1103,#1164,#649,.T.);
#1480=EDGE_CURVE('',#1164,#1165,#650,.T.);
#1481=EDGE_CURVE('',#1102,#1165,#651,.T.);
#1482=EDGE_CURVE('',#1165,#1162,#652,.T.);
#1483=EDGE_CURVE('',#1166,#1167,#653,.T.);
#1484=EDGE_CURVE('',#1109,#1166,#654,.T.);
#1485=EDGE_CURVE('',#1108,#1167,#655,.T.);
#1486=EDGE_CURVE('',#1167,#1168,#656,.T.);
#1487=EDGE_CURVE('',#1107,#1168,#657,.T.);
#1488=EDGE_CURVE('',#1168,#1169,#658,.T.);
#1489=EDGE_CURVE('',#1106,#1169,#659,.T.);
#1490=EDGE_CURVE('',#1169,#1166,#660,.T.);
#1491=EDGE_CURVE('',#1170,#1171,#661,.T.);
#1492=EDGE_CURVE('',#1086,#1170,#662,.T.);
#1493=EDGE_CURVE('',#1085,#1171,#663,.T.);
#1494=EDGE_CURVE('',#1171,#1172,#664,.T.);
#1495=EDGE_CURVE('',#1084,#1172,#665,.T.);
#1496=EDGE_CURVE('',#1172,#1173,#666,.T.);
#1497=EDGE_CURVE('',#1083,#1173,#667,.T.);
#1498=EDGE_CURVE('',#1173,#1170,#668,.T.);
#1499=EDGE_CURVE('',#1174,#1175,#669,.T.);
#1500=EDGE_CURVE('',#1097,#1174,#670,.T.);
#1501=EDGE_CURVE('',#1100,#1175,#671,.T.);
#1502=EDGE_CURVE('',#1175,#1176,#672,.T.);
#1503=EDGE_CURVE('',#1099,#1176,#673,.T.);
#1504=EDGE_CURVE('',#1176,#1177,#674,.T.);
#1505=EDGE_CURVE('',#1098,#1177,#675,.T.);
#1506=EDGE_CURVE('',#1177,#1174,#676,.T.);
#1507=EDGE_CURVE('',#1042,#1138,#677,.T.);
#1508=EDGE_CURVE('',#1178,#1140,#120,.T.);
#1509=EDGE_CURVE('',#1179,#1139,#121,.T.);
#1510=ORIENTED_EDGE('',*,*,#1180,.F.);
#1511=ORIENTED_EDGE('',*,*,#1181,.T.);
#1512=ORIENTED_EDGE('',*,*,#1182,.T.);
#1513=ORIENTED_EDGE('',*,*,#1183,.F.);
#1514=ORIENTED_EDGE('',*,*,#1184,.F.);
#1515=ORIENTED_EDGE('',*,*,#1185,.T.);
#1516=ORIENTED_EDGE('',*,*,#1186,.T.);
#1517=ORIENTED_EDGE('',*,*,#1181,.F.);
#1518=ORIENTED_EDGE('',*,*,#1187,.F.);
#1519=ORIENTED_EDGE('',*,*,#1188,.T.);
#1520=ORIENTED_EDGE('',*,*,#1189,.T.);
#1521=ORIENTED_EDGE('',*,*,#1185,.F.);
#1522=ORIENTED_EDGE('',*,*,#1190,.F.);
#1523=ORIENTED_EDGE('',*,*,#1191,.T.);
#1524=ORIENTED_EDGE('',*,*,#1192,.T.);
#1525=ORIENTED_EDGE('',*,*,#1188,.F.);
#1526=ORIENTED_EDGE('',*,*,#1193,.F.);
#1527=ORIENTED_EDGE('',*,*,#1194,.T.);
#1528=ORIENTED_EDGE('',*,*,#1195,.T.);
#1529=ORIENTED_EDGE('',*,*,#1191,.F.);
#1530=ORIENTED_EDGE('',*,*,#1196,.F.);
#1531=ORIENTED_EDGE('',*,*,#1183,.T.);
#1532=ORIENTED_EDGE('',*,*,#1197,.T.);
#1533=ORIENTED_EDGE('',*,*,#1194,.F.);
#1534=ORIENTED_EDGE('',*,*,#1196,.T.);
#1535=ORIENTED_EDGE('',*,*,#1193,.T.);
#1536=ORIENTED_EDGE('',*,*,#1190,.T.);
#1537=ORIENTED_EDGE('',*,*,#1187,.T.);
#1538=ORIENTED_EDGE('',*,*,#1184,.T.);
#1539=ORIENTED_EDGE('',*,*,#1180,.T.);
#1540=ORIENTED_EDGE('',*,*,#1198,.F.);
#1541=ORIENTED_EDGE('',*,*,#1197,.F.);
#1542=ORIENTED_EDGE('',*,*,#1182,.F.);
#1543=ORIENTED_EDGE('',*,*,#1186,.F.);
#1544=ORIENTED_EDGE('',*,*,#1189,.F.);
#1545=ORIENTED_EDGE('',*,*,#1192,.F.);
#1546=ORIENTED_EDGE('',*,*,#1195,.F.);
#1547=ORIENTED_EDGE('',*,*,#1199,.F.);
#1548=ORIENTED_EDGE('',*,*,#1200,.T.);
#1549=ORIENTED_EDGE('',*,*,#1201,.T.);
#1550=ORIENTED_EDGE('',*,*,#1202,.T.);
#1551=ORIENTED_EDGE('',*,*,#1203,.F.);
#1552=ORIENTED_EDGE('',*,*,#1204,.T.);
#1553=ORIENTED_EDGE('',*,*,#1205,.T.);
#1554=ORIENTED_EDGE('',*,*,#1206,.T.);
#1555=ORIENTED_EDGE('',*,*,#1201,.F.);
#1556=ORIENTED_EDGE('',*,*,#1207,.T.);
#1557=ORIENTED_EDGE('',*,*,#1208,.T.);
#1558=ORIENTED_EDGE('',*,*,#1209,.T.);
#1559=ORIENTED_EDGE('',*,*,#1205,.F.);
#1560=ORIENTED_EDGE('',*,*,#1210,.T.);
#1561=ORIENTED_EDGE('',*,*,#1211,.T.);
#1562=ORIENTED_EDGE('',*,*,#1212,.T.);
#1563=ORIENTED_EDGE('',*,*,#1208,.F.);
#1564=ORIENTED_EDGE('',*,*,#1213,.T.);
#1565=ORIENTED_EDGE('',*,*,#1214,.T.);
#1566=ORIENTED_EDGE('',*,*,#1215,.T.);
#1567=ORIENTED_EDGE('',*,*,#1211,.F.);
#1568=ORIENTED_EDGE('',*,*,#1216,.T.);
#1569=ORIENTED_EDGE('',*,*,#1203,.T.);
#1570=ORIENTED_EDGE('',*,*,#1217,.T.);
#1571=ORIENTED_EDGE('',*,*,#1214,.F.);
#1572=ORIENTED_EDGE('',*,*,#1216,.F.);
#1573=ORIENTED_EDGE('',*,*,#1213,.F.);
#1574=ORIENTED_EDGE('',*,*,#1210,.F.);
#1575=ORIENTED_EDGE('',*,*,#1207,.F.);
#1576=ORIENTED_EDGE('',*,*,#1204,.F.);
#1577=ORIENTED_EDGE('',*,*,#1200,.F.);
#1578=ORIENTED_EDGE('',*,*,#1218,.F.);
#1579=ORIENTED_EDGE('',*,*,#1217,.F.);
#1580=ORIENTED_EDGE('',*,*,#1202,.F.);
#1581=ORIENTED_EDGE('',*,*,#1206,.F.);
#1582=ORIENTED_EDGE('',*,*,#1209,.F.);
#1583=ORIENTED_EDGE('',*,*,#1212,.F.);
#1584=ORIENTED_EDGE('',*,*,#1215,.F.);
#1585=ORIENTED_EDGE('',*,*,#1219,.F.);
#1586=ORIENTED_EDGE('',*,*,#1220,.F.);
#1587=ORIENTED_EDGE('',*,*,#1221,.T.);
#1588=ORIENTED_EDGE('',*,*,#1199,.T.);
#1589=ORIENTED_EDGE('',*,*,#1221,.F.);
#1590=ORIENTED_EDGE('',*,*,#1222,.F.);
#1591=ORIENTED_EDGE('',*,*,#1223,.T.);
#1592=ORIENTED_EDGE('',*,*,#1219,.T.);
#1593=ORIENTED_EDGE('',*,*,#1223,.F.);
#1594=ORIENTED_EDGE('',*,*,#1224,.F.);
#1595=ORIENTED_EDGE('',*,*,#1225,.T.);
#1596=ORIENTED_EDGE('',*,*,#1226,.F.);
#1597=ORIENTED_EDGE('',*,*,#1225,.F.);
#1598=ORIENTED_EDGE('',*,*,#1227,.F.);
#1599=ORIENTED_EDGE('',*,*,#1228,.T.);
#1600=ORIENTED_EDGE('',*,*,#1229,.F.);
#1601=ORIENTED_EDGE('',*,*,#1228,.F.);
#1602=ORIENTED_EDGE('',*,*,#1230,.F.);
#1603=ORIENTED_EDGE('',*,*,#1231,.T.);
#1604=ORIENTED_EDGE('',*,*,#1232,.F.);
#1605=ORIENTED_EDGE('',*,*,#1231,.F.);
#1606=ORIENTED_EDGE('',*,*,#1233,.F.);
#1607=ORIENTED_EDGE('',*,*,#1234,.T.);
#1608=ORIENTED_EDGE('',*,*,#1235,.F.);
#1609=ORIENTED_EDGE('',*,*,#1234,.F.);
#1610=ORIENTED_EDGE('',*,*,#1236,.F.);
#1611=ORIENTED_EDGE('',*,*,#1237,.F.);
#1612=ORIENTED_EDGE('',*,*,#1238,.F.);
#1613=ORIENTED_EDGE('',*,*,#1239,.F.);
#1614=ORIENTED_EDGE('',*,*,#1240,.T.);
#1615=ORIENTED_EDGE('',*,*,#1241,.F.);
#1616=ORIENTED_EDGE('',*,*,#1242,.F.);
#1617=ORIENTED_EDGE('',*,*,#1243,.T.);
#1618=ORIENTED_EDGE('',*,*,#1244,.T.);
#1619=ORIENTED_EDGE('',*,*,#1239,.T.);
#1620=ORIENTED_EDGE('',*,*,#1235,.T.);
#1621=ORIENTED_EDGE('',*,*,#1245,.T.);
#1622=ORIENTED_EDGE('',*,*,#1237,.T.);
#1623=ORIENTED_EDGE('',*,*,#1246,.F.);
#1624=ORIENTED_EDGE('',*,*,#1240,.F.);
#1625=ORIENTED_EDGE('',*,*,#1244,.F.);
#1626=ORIENTED_EDGE('',*,*,#1247,.T.);
#1627=ORIENTED_EDGE('',*,*,#1248,.F.);
#1628=ORIENTED_EDGE('',*,*,#1249,.T.);
#1629=ORIENTED_EDGE('',*,*,#1243,.F.);
#1630=ORIENTED_EDGE('',*,*,#1250,.F.);
#1631=ORIENTED_EDGE('',*,*,#1247,.F.);
#1632=ORIENTED_EDGE('',*,*,#1251,.F.);
#1633=ORIENTED_EDGE('',*,*,#1252,.F.);
#1634=ORIENTED_EDGE('',*,*,#1249,.F.);
#1635=ORIENTED_EDGE('',*,*,#1253,.F.);
#1636=ORIENTED_EDGE('',*,*,#1254,.F.);
#1637=ORIENTED_EDGE('',*,*,#1255,.F.);
#1638=ORIENTED_EDGE('',*,*,#1256,.F.);
#1639=ORIENTED_EDGE('',*,*,#1257,.T.);
#1640=ORIENTED_EDGE('',*,*,#1258,.F.);
#1641=ORIENTED_EDGE('',*,*,#1259,.F.);
#1642=ORIENTED_EDGE('',*,*,#1260,.T.);
#1643=ORIENTED_EDGE('',*,*,#1261,.T.);
#1644=ORIENTED_EDGE('',*,*,#1256,.T.);
#1645=ORIENTED_EDGE('',*,*,#1229,.T.);
#1646=ORIENTED_EDGE('',*,*,#1262,.T.);
#1647=ORIENTED_EDGE('',*,*,#1254,.T.);
#1648=ORIENTED_EDGE('',*,*,#1263,.F.);
#1649=ORIENTED_EDGE('',*,*,#1257,.F.);
#1650=ORIENTED_EDGE('',*,*,#1261,.F.);
#1651=ORIENTED_EDGE('',*,*,#1264,.T.);
#1652=ORIENTED_EDGE('',*,*,#1265,.F.);
#1653=ORIENTED_EDGE('',*,*,#1266,.T.);
#1654=ORIENTED_EDGE('',*,*,#1260,.F.);
#1655=ORIENTED_EDGE('',*,*,#1267,.F.);
#1656=ORIENTED_EDGE('',*,*,#1264,.F.);
#1657=ORIENTED_EDGE('',*,*,#1268,.F.);
#1658=ORIENTED_EDGE('',*,*,#1269,.F.);
#1659=ORIENTED_EDGE('',*,*,#1266,.F.);
#1660=ORIENTED_EDGE('',*,*,#1270,.F.);
#1661=ORIENTED_EDGE('',*,*,#1271,.T.);
#1662=ORIENTED_EDGE('',*,*,#1272,.T.);
#1663=ORIENTED_EDGE('',*,*,#1273,.T.);
#1664=ORIENTED_EDGE('',*,*,#1274,.F.);
#1665=ORIENTED_EDGE('',*,*,#1275,.F.);
#1666=ORIENTED_EDGE('',*,*,#1276,.F.);
#1667=ORIENTED_EDGE('',*,*,#1273,.F.);
#1668=ORIENTED_EDGE('',*,*,#1277,.F.);
#1669=ORIENTED_EDGE('',*,*,#1278,.F.);
#1670=ORIENTED_EDGE('',*,*,#1226,.T.);
#1671=ORIENTED_EDGE('',*,*,#1279,.F.);
#1672=ORIENTED_EDGE('',*,*,#1280,.F.);
#1673=ORIENTED_EDGE('',*,*,#1281,.F.);
#1674=ORIENTED_EDGE('',*,*,#1282,.F.);
#1675=ORIENTED_EDGE('',*,*,#1277,.T.);
#1676=ORIENTED_EDGE('',*,*,#1275,.T.);
#1677=ORIENTED_EDGE('',*,*,#1283,.F.);
#1678=ORIENTED_EDGE('',*,*,#1272,.F.);
#1679=ORIENTED_EDGE('',*,*,#1278,.T.);
#1680=ORIENTED_EDGE('',*,*,#1282,.T.);
#1681=ORIENTED_EDGE('',*,*,#1284,.F.);
#1682=ORIENTED_EDGE('',*,*,#1285,.F.);
#1683=ORIENTED_EDGE('',*,*,#1280,.T.);
#1684=ORIENTED_EDGE('',*,*,#1286,.T.);
#1685=ORIENTED_EDGE('',*,*,#1270,.T.);
#1686=ORIENTED_EDGE('',*,*,#1283,.T.);
#1687=ORIENTED_EDGE('',*,*,#1274,.T.);
#1688=ORIENTED_EDGE('',*,*,#1276,.T.);
#1689=ORIENTED_EDGE('',*,*,#1284,.T.);
#1690=ORIENTED_EDGE('',*,*,#1281,.T.);
#1691=ORIENTED_EDGE('',*,*,#1285,.T.);
#1692=ORIENTED_EDGE('',*,*,#1287,.F.);
#1693=ORIENTED_EDGE('',*,*,#1288,.T.);
#1694=ORIENTED_EDGE('',*,*,#1289,.T.);
#1695=ORIENTED_EDGE('',*,*,#1290,.T.);
#1696=ORIENTED_EDGE('',*,*,#1291,.T.);
#1697=ORIENTED_EDGE('',*,*,#1292,.T.);
#1698=ORIENTED_EDGE('',*,*,#1293,.T.);
#1699=ORIENTED_EDGE('',*,*,#1294,.T.);
#1700=ORIENTED_EDGE('',*,*,#1295,.F.);
#1701=ORIENTED_EDGE('',*,*,#1296,.T.);
#1702=ORIENTED_EDGE('',*,*,#1297,.T.);
#1703=ORIENTED_EDGE('',*,*,#1298,.F.);
#1704=ORIENTED_EDGE('',*,*,#1299,.F.);
#1705=ORIENTED_EDGE('',*,*,#1288,.F.);
#1706=ORIENTED_EDGE('',*,*,#1300,.T.);
#1707=ORIENTED_EDGE('',*,*,#1301,.T.);
#1708=ORIENTED_EDGE('',*,*,#1302,.T.);
#1709=ORIENTED_EDGE('',*,*,#1290,.F.);
#1710=ORIENTED_EDGE('',*,*,#1303,.F.);
#1711=ORIENTED_EDGE('',*,*,#1291,.F.);
#1712=ORIENTED_EDGE('',*,*,#1302,.F.);
#1713=ORIENTED_EDGE('',*,*,#1304,.F.);
#1714=ORIENTED_EDGE('',*,*,#1305,.F.);
#1715=ORIENTED_EDGE('',*,*,#1232,.T.);
#1716=ORIENTED_EDGE('',*,*,#1306,.F.);
#1717=ORIENTED_EDGE('',*,*,#1307,.F.);
#1718=ORIENTED_EDGE('',*,*,#1293,.F.);
#1719=ORIENTED_EDGE('',*,*,#1308,.F.);
#1720=ORIENTED_EDGE('',*,*,#1304,.T.);
#1721=ORIENTED_EDGE('',*,*,#1303,.T.);
#1722=ORIENTED_EDGE('',*,*,#1289,.F.);
#1723=ORIENTED_EDGE('',*,*,#1301,.F.);
#1724=ORIENTED_EDGE('',*,*,#1305,.T.);
#1725=ORIENTED_EDGE('',*,*,#1308,.T.);
#1726=ORIENTED_EDGE('',*,*,#1292,.F.);
#1727=ORIENTED_EDGE('',*,*,#1294,.F.);
#1728=ORIENTED_EDGE('',*,*,#1307,.T.);
#1729=ORIENTED_EDGE('',*,*,#1309,.T.);
#1730=ORIENTED_EDGE('',*,*,#1310,.F.);
#1731=ORIENTED_EDGE('',*,*,#1311,.F.);
#1732=ORIENTED_EDGE('',*,*,#1311,.T.);
#1733=ORIENTED_EDGE('',*,*,#1312,.F.);
#1734=ORIENTED_EDGE('',*,*,#1313,.F.);
#1735=ORIENTED_EDGE('',*,*,#1313,.T.);
#1736=ORIENTED_EDGE('',*,*,#1314,.F.);
#1737=ORIENTED_EDGE('',*,*,#1315,.F.);
#1738=ORIENTED_EDGE('',*,*,#1315,.T.);
#1739=ORIENTED_EDGE('',*,*,#1316,.F.);
#1740=ORIENTED_EDGE('',*,*,#1317,.F.);
#1741=ORIENTED_EDGE('',*,*,#1317,.T.);
#1742=ORIENTED_EDGE('',*,*,#1318,.F.);
#1743=ORIENTED_EDGE('',*,*,#1319,.T.);
#1744=ORIENTED_EDGE('',*,*,#1320,.T.);
#1745=ORIENTED_EDGE('',*,*,#1321,.F.);
#1746=ORIENTED_EDGE('',*,*,#1322,.F.);
#1747=ORIENTED_EDGE('',*,*,#1323,.F.);
#1748=ORIENTED_EDGE('',*,*,#1324,.F.);
#1749=ORIENTED_EDGE('',*,*,#1325,.F.);
#1750=ORIENTED_EDGE('',*,*,#1326,.T.);
#1751=ORIENTED_EDGE('',*,*,#1327,.T.);
#1752=ORIENTED_EDGE('',*,*,#1328,.F.);
#1753=ORIENTED_EDGE('',*,*,#1327,.F.);
#1754=ORIENTED_EDGE('',*,*,#1329,.F.);
#1755=ORIENTED_EDGE('',*,*,#1330,.T.);
#1756=ORIENTED_EDGE('',*,*,#1331,.T.);
#1757=ORIENTED_EDGE('',*,*,#1319,.F.);
#1758=ORIENTED_EDGE('',*,*,#1332,.F.);
#1759=ORIENTED_EDGE('',*,*,#1333,.F.);
#1760=ORIENTED_EDGE('',*,*,#1333,.T.);
#1761=ORIENTED_EDGE('',*,*,#1334,.F.);
#1762=ORIENTED_EDGE('',*,*,#1335,.F.);
#1763=ORIENTED_EDGE('',*,*,#1336,.F.);
#1764=ORIENTED_EDGE('',*,*,#1337,.F.);
#1765=ORIENTED_EDGE('',*,*,#1338,.F.);
#1766=ORIENTED_EDGE('',*,*,#1325,.T.);
#1767=ORIENTED_EDGE('',*,*,#1339,.F.);
#1768=ORIENTED_EDGE('',*,*,#1340,.T.);
#1769=ORIENTED_EDGE('',*,*,#1341,.T.);
#1770=ORIENTED_EDGE('',*,*,#1332,.T.);
#1771=ORIENTED_EDGE('',*,*,#1318,.T.);
#1772=ORIENTED_EDGE('',*,*,#1342,.F.);
#1773=ORIENTED_EDGE('',*,*,#1343,.T.);
#1774=ORIENTED_EDGE('',*,*,#1344,.F.);
#1775=ORIENTED_EDGE('',*,*,#1345,.F.);
#1776=ORIENTED_EDGE('',*,*,#1346,.F.);
#1777=ORIENTED_EDGE('',*,*,#1334,.T.);
#1778=ORIENTED_EDGE('',*,*,#1324,.T.);
#1779=ORIENTED_EDGE('',*,*,#1347,.T.);
#1780=ORIENTED_EDGE('',*,*,#1348,.T.);
#1781=ORIENTED_EDGE('',*,*,#1342,.T.);
#1782=ORIENTED_EDGE('',*,*,#1322,.T.);
#1783=ORIENTED_EDGE('',*,*,#1349,.T.);
#1784=ORIENTED_EDGE('',*,*,#1350,.T.);
#1785=ORIENTED_EDGE('',*,*,#1351,.T.);
#1786=ORIENTED_EDGE('',*,*,#1352,.T.);
#1787=ORIENTED_EDGE('',*,*,#1353,.T.);
#1788=ORIENTED_EDGE('',*,*,#1354,.T.);
#1789=ORIENTED_EDGE('',*,*,#1355,.T.);
#1790=ORIENTED_EDGE('',*,*,#1356,.T.);
#1791=ORIENTED_EDGE('',*,*,#1357,.T.);
#1792=ORIENTED_EDGE('',*,*,#1358,.T.);
#1793=ORIENTED_EDGE('',*,*,#1359,.T.);
#1794=ORIENTED_EDGE('',*,*,#1360,.T.);
#1795=ORIENTED_EDGE('',*,*,#1361,.T.);
#1796=ORIENTED_EDGE('',*,*,#1362,.T.);
#1797=ORIENTED_EDGE('',*,*,#1363,.T.);
#1798=ORIENTED_EDGE('',*,*,#1364,.T.);
#1799=ORIENTED_EDGE('',*,*,#1365,.T.);
#1800=ORIENTED_EDGE('',*,*,#1366,.T.);
#1801=ORIENTED_EDGE('',*,*,#1367,.T.);
#1802=ORIENTED_EDGE('',*,*,#1368,.T.);
#1803=ORIENTED_EDGE('',*,*,#1369,.T.);
#1804=ORIENTED_EDGE('',*,*,#1370,.T.);
#1805=ORIENTED_EDGE('',*,*,#1339,.T.);
#1806=ORIENTED_EDGE('',*,*,#1371,.T.);
#1807=ORIENTED_EDGE('',*,*,#1372,.T.);
#1808=ORIENTED_EDGE('',*,*,#1373,.T.);
#1809=ORIENTED_EDGE('',*,*,#1374,.T.);
#1810=ORIENTED_EDGE('',*,*,#1375,.T.);
#1811=ORIENTED_EDGE('',*,*,#1376,.T.);
#1812=ORIENTED_EDGE('',*,*,#1377,.T.);
#1813=ORIENTED_EDGE('',*,*,#1378,.T.);
#1814=ORIENTED_EDGE('',*,*,#1379,.F.);
#1815=ORIENTED_EDGE('',*,*,#1356,.F.);
#1816=ORIENTED_EDGE('',*,*,#1380,.T.);
#1817=ORIENTED_EDGE('',*,*,#1381,.T.);
#1818=ORIENTED_EDGE('',*,*,#1382,.T.);
#1819=ORIENTED_EDGE('',*,*,#1383,.F.);
#1820=ORIENTED_EDGE('',*,*,#1384,.F.);
#1821=ORIENTED_EDGE('',*,*,#1380,.F.);
#1822=ORIENTED_EDGE('',*,*,#1385,.F.);
#1823=ORIENTED_EDGE('',*,*,#1386,.T.);
#1824=ORIENTED_EDGE('',*,*,#1383,.T.);
#1825=ORIENTED_EDGE('',*,*,#1350,.F.);
#1826=ORIENTED_EDGE('',*,*,#1379,.T.);
#1827=ORIENTED_EDGE('',*,*,#1387,.F.);
#1828=ORIENTED_EDGE('',*,*,#1388,.T.);
#1829=ORIENTED_EDGE('',*,*,#1357,.F.);
#1830=ORIENTED_EDGE('',*,*,#1364,.F.);
#1831=ORIENTED_EDGE('',*,*,#1389,.F.);
#1832=ORIENTED_EDGE('',*,*,#1390,.T.);
#1833=ORIENTED_EDGE('',*,*,#1391,.T.);
#1834=ORIENTED_EDGE('',*,*,#1392,.T.);
#1835=ORIENTED_EDGE('',*,*,#1393,.F.);
#1836=ORIENTED_EDGE('',*,*,#1394,.T.);
#1837=ORIENTED_EDGE('',*,*,#1391,.F.);
#1838=ORIENTED_EDGE('',*,*,#1370,.F.);
#1839=ORIENTED_EDGE('',*,*,#1393,.T.);
#1840=ORIENTED_EDGE('',*,*,#1395,.T.);
#1841=ORIENTED_EDGE('',*,*,#1340,.F.);
#1842=ORIENTED_EDGE('',*,*,#1389,.T.);
#1843=ORIENTED_EDGE('',*,*,#1363,.F.);
#1844=ORIENTED_EDGE('',*,*,#1396,.T.);
#1845=ORIENTED_EDGE('',*,*,#1397,.T.);
#1846=ORIENTED_EDGE('',*,*,#1398,.F.);
#1847=ORIENTED_EDGE('',*,*,#1399,.T.);
#1848=ORIENTED_EDGE('',*,*,#1400,.T.);
#1849=ORIENTED_EDGE('',*,*,#1396,.F.);
#1850=ORIENTED_EDGE('',*,*,#1362,.F.);
#1851=ORIENTED_EDGE('',*,*,#1401,.F.);
#1852=ORIENTED_EDGE('',*,*,#1358,.F.);
#1853=ORIENTED_EDGE('',*,*,#1388,.F.);
#1854=ORIENTED_EDGE('',*,*,#1402,.T.);
#1855=ORIENTED_EDGE('',*,*,#1403,.T.);
#1856=ORIENTED_EDGE('',*,*,#1404,.F.);
#1857=ORIENTED_EDGE('',*,*,#1405,.F.);
#1858=ORIENTED_EDGE('',*,*,#1406,.F.);
#1859=ORIENTED_EDGE('',*,*,#1407,.F.);
#1860=ORIENTED_EDGE('',*,*,#1408,.F.);
#1861=ORIENTED_EDGE('',*,*,#1409,.F.);
#1862=ORIENTED_EDGE('',*,*,#1410,.T.);
#1863=ORIENTED_EDGE('',*,*,#1399,.F.);
#1864=ORIENTED_EDGE('',*,*,#1411,.F.);
#1865=ORIENTED_EDGE('',*,*,#1403,.F.);
#1866=ORIENTED_EDGE('',*,*,#1412,.F.);
#1867=ORIENTED_EDGE('',*,*,#1413,.F.);
#1868=ORIENTED_EDGE('',*,*,#1321,.T.);
#1869=ORIENTED_EDGE('',*,*,#1414,.F.);
#1870=ORIENTED_EDGE('',*,*,#1385,.T.);
#1871=ORIENTED_EDGE('',*,*,#1349,.F.);
#1872=ORIENTED_EDGE('',*,*,#1401,.T.);
#1873=ORIENTED_EDGE('',*,*,#1411,.T.);
#1874=ORIENTED_EDGE('',*,*,#1415,.T.);
#1875=ORIENTED_EDGE('',*,*,#1416,.F.);
#1876=ORIENTED_EDGE('',*,*,#1417,.F.);
#1877=ORIENTED_EDGE('',*,*,#1359,.F.);
#1878=ORIENTED_EDGE('',*,*,#1418,.T.);
#1879=ORIENTED_EDGE('',*,*,#1419,.F.);
#1880=ORIENTED_EDGE('',*,*,#1415,.F.);
#1881=ORIENTED_EDGE('',*,*,#1413,.T.);
#1882=ORIENTED_EDGE('',*,*,#1420,.T.);
#1883=ORIENTED_EDGE('',*,*,#1421,.F.);
#1884=ORIENTED_EDGE('',*,*,#1422,.F.);
#1885=ORIENTED_EDGE('',*,*,#1296,.F.);
#1886=ORIENTED_EDGE('',*,*,#1423,.T.);
#1887=ORIENTED_EDGE('',*,*,#1409,.T.);
#1888=ORIENTED_EDGE('',*,*,#1408,.T.);
#1889=ORIENTED_EDGE('',*,*,#1398,.T.);
#1890=ORIENTED_EDGE('',*,*,#1361,.F.);
#1891=ORIENTED_EDGE('',*,*,#1424,.T.);
#1892=ORIENTED_EDGE('',*,*,#1425,.F.);
#1893=ORIENTED_EDGE('',*,*,#1418,.F.);
#1894=ORIENTED_EDGE('',*,*,#1420,.F.);
#1895=ORIENTED_EDGE('',*,*,#1412,.T.);
#1896=ORIENTED_EDGE('',*,*,#1402,.F.);
#1897=ORIENTED_EDGE('',*,*,#1387,.T.);
#1898=ORIENTED_EDGE('',*,*,#1381,.F.);
#1899=ORIENTED_EDGE('',*,*,#1384,.T.);
#1900=ORIENTED_EDGE('',*,*,#1386,.F.);
#1901=ORIENTED_EDGE('',*,*,#1414,.T.);
#1902=ORIENTED_EDGE('',*,*,#1320,.F.);
#1903=ORIENTED_EDGE('',*,*,#1331,.F.);
#1904=ORIENTED_EDGE('',*,*,#1426,.F.);
#1905=ORIENTED_EDGE('',*,*,#1427,.F.);
#1906=ORIENTED_EDGE('',*,*,#1238,.T.);
#1907=ORIENTED_EDGE('',*,*,#1245,.F.);
#1908=ORIENTED_EDGE('',*,*,#1252,.T.);
#1909=ORIENTED_EDGE('',*,*,#1428,.F.);
#1910=ORIENTED_EDGE('',*,*,#1255,.T.);
#1911=ORIENTED_EDGE('',*,*,#1262,.F.);
#1912=ORIENTED_EDGE('',*,*,#1269,.T.);
#1913=ORIENTED_EDGE('',*,*,#1429,.F.);
#1914=ORIENTED_EDGE('',*,*,#1227,.T.);
#1915=ORIENTED_EDGE('',*,*,#1233,.T.);
#1916=ORIENTED_EDGE('',*,*,#1310,.T.);
#1917=ORIENTED_EDGE('',*,*,#1312,.T.);
#1918=ORIENTED_EDGE('',*,*,#1314,.T.);
#1919=ORIENTED_EDGE('',*,*,#1236,.T.);
#1920=ORIENTED_EDGE('',*,*,#1427,.T.);
#1921=ORIENTED_EDGE('',*,*,#1430,.F.);
#1922=ORIENTED_EDGE('',*,*,#1431,.F.);
#1923=ORIENTED_EDGE('',*,*,#1421,.T.);
#1924=ORIENTED_EDGE('',*,*,#1429,.T.);
#1925=ORIENTED_EDGE('',*,*,#1268,.T.);
#1926=ORIENTED_EDGE('',*,*,#1265,.T.);
#1927=ORIENTED_EDGE('',*,*,#1267,.T.);
#1928=ORIENTED_EDGE('',*,*,#1259,.T.);
#1929=ORIENTED_EDGE('',*,*,#1258,.T.);
#1930=ORIENTED_EDGE('',*,*,#1263,.T.);
#1931=ORIENTED_EDGE('',*,*,#1253,.T.);
#1932=ORIENTED_EDGE('',*,*,#1428,.T.);
#1933=ORIENTED_EDGE('',*,*,#1251,.T.);
#1934=ORIENTED_EDGE('',*,*,#1248,.T.);
#1935=ORIENTED_EDGE('',*,*,#1250,.T.);
#1936=ORIENTED_EDGE('',*,*,#1242,.T.);
#1937=ORIENTED_EDGE('',*,*,#1241,.T.);
#1938=ORIENTED_EDGE('',*,*,#1246,.T.);
#1939=ORIENTED_EDGE('',*,*,#1423,.F.);
#1940=ORIENTED_EDGE('',*,*,#1295,.T.);
#1941=ORIENTED_EDGE('',*,*,#1309,.F.);
#1942=ORIENTED_EDGE('',*,*,#1306,.T.);
#1943=ORIENTED_EDGE('',*,*,#1300,.F.);
#1944=ORIENTED_EDGE('',*,*,#1287,.T.);
#1945=ORIENTED_EDGE('',*,*,#1286,.F.);
#1946=ORIENTED_EDGE('',*,*,#1279,.T.);
#1947=ORIENTED_EDGE('',*,*,#1271,.F.);
#1948=ORIENTED_EDGE('',*,*,#1299,.T.);
#1949=ORIENTED_EDGE('',*,*,#1432,.T.);
#1950=ORIENTED_EDGE('',*,*,#1329,.T.);
#1951=ORIENTED_EDGE('',*,*,#1326,.F.);
#1952=ORIENTED_EDGE('',*,*,#1341,.F.);
#1953=ORIENTED_EDGE('',*,*,#1395,.F.);
#1954=ORIENTED_EDGE('',*,*,#1392,.F.);
#1955=ORIENTED_EDGE('',*,*,#1390,.F.);
#1956=ORIENTED_EDGE('',*,*,#1397,.F.);
#1957=ORIENTED_EDGE('',*,*,#1400,.F.);
#1958=ORIENTED_EDGE('',*,*,#1410,.F.);
#1959=ORIENTED_EDGE('',*,*,#1224,.T.);
#1960=ORIENTED_EDGE('',*,*,#1230,.T.);
#1961=ORIENTED_EDGE('',*,*,#1433,.T.);
#1962=ORIENTED_EDGE('',*,*,#1434,.T.);
#1963=ORIENTED_EDGE('',*,*,#1316,.T.);
#1964=ORIENTED_EDGE('',*,*,#1218,.T.);
#1965=ORIENTED_EDGE('',*,*,#1435,.T.);
#1966=ORIENTED_EDGE('',*,*,#1436,.F.);
#1967=ORIENTED_EDGE('',*,*,#1435,.F.);
#1968=ORIENTED_EDGE('',*,*,#1198,.T.);
#1969=ORIENTED_EDGE('',*,*,#1437,.T.);
#1970=ORIENTED_EDGE('',*,*,#1438,.F.);
#1971=ORIENTED_EDGE('',*,*,#1437,.F.);
#1972=ORIENTED_EDGE('',*,*,#1439,.F.);
#1973=ORIENTED_EDGE('',*,*,#1440,.F.);
#1974=ORIENTED_EDGE('',*,*,#1441,.F.);
#1975=ORIENTED_EDGE('',*,*,#1442,.F.);
#1976=ORIENTED_EDGE('',*,*,#1443,.F.);
#1977=ORIENTED_EDGE('',*,*,#1444,.F.);
#1978=ORIENTED_EDGE('',*,*,#1445,.F.);
#1979=ORIENTED_EDGE('',*,*,#1440,.T.);
#1980=ORIENTED_EDGE('',*,*,#1446,.F.);
#1981=ORIENTED_EDGE('',*,*,#1447,.F.);
#1982=ORIENTED_EDGE('',*,*,#1448,.F.);
#1983=ORIENTED_EDGE('',*,*,#1449,.F.);
#1984=ORIENTED_EDGE('',*,*,#1450,.F.);
#1985=ORIENTED_EDGE('',*,*,#1451,.F.);
#1986=ORIENTED_EDGE('',*,*,#1452,.F.);
#1987=ORIENTED_EDGE('',*,*,#1447,.T.);
#1988=ORIENTED_EDGE('',*,*,#1453,.F.);
#1989=ORIENTED_EDGE('',*,*,#1454,.F.);
#1990=ORIENTED_EDGE('',*,*,#1455,.F.);
#1991=ORIENTED_EDGE('',*,*,#1456,.F.);
#1992=ORIENTED_EDGE('',*,*,#1343,.F.);
#1993=ORIENTED_EDGE('',*,*,#1348,.F.);
#1994=ORIENTED_EDGE('',*,*,#1442,.T.);
#1995=ORIENTED_EDGE('',*,*,#1457,.T.);
#1996=ORIENTED_EDGE('',*,*,#1455,.T.);
#1997=ORIENTED_EDGE('',*,*,#1458,.T.);
#1998=ORIENTED_EDGE('',*,*,#1441,.T.);
#1999=ORIENTED_EDGE('',*,*,#1445,.T.);
#2000=ORIENTED_EDGE('',*,*,#1344,.T.);
#2001=ORIENTED_EDGE('',*,*,#1456,.T.);
#2002=ORIENTED_EDGE('',*,*,#1457,.F.);
#2003=ORIENTED_EDGE('',*,*,#1328,.T.);
#2004=ORIENTED_EDGE('',*,*,#1338,.T.);
#2005=ORIENTED_EDGE('',*,*,#1459,.T.);
#2006=ORIENTED_EDGE('',*,*,#1460,.F.);
#2007=ORIENTED_EDGE('',*,*,#1461,.T.);
#2008=ORIENTED_EDGE('',*,*,#1453,.T.);
#2009=ORIENTED_EDGE('',*,*,#1347,.F.);
#2010=ORIENTED_EDGE('',*,*,#1323,.T.);
#2011=ORIENTED_EDGE('',*,*,#1448,.T.);
#2012=ORIENTED_EDGE('',*,*,#1452,.T.);
#2013=ORIENTED_EDGE('',*,*,#1462,.F.);
#2014=ORIENTED_EDGE('',*,*,#1335,.T.);
#2015=ORIENTED_EDGE('',*,*,#1346,.T.);
#2016=ORIENTED_EDGE('',*,*,#1439,.T.);
#2017=ORIENTED_EDGE('',*,*,#1458,.F.);
#2018=ORIENTED_EDGE('',*,*,#1454,.T.);
#2019=ORIENTED_EDGE('',*,*,#1461,.F.);
#2020=ORIENTED_EDGE('',*,*,#1443,.T.);
#2021=ORIENTED_EDGE('',*,*,#1446,.T.);
#2022=ORIENTED_EDGE('',*,*,#1459,.F.);
#2023=ORIENTED_EDGE('',*,*,#1337,.T.);
#2024=ORIENTED_EDGE('',*,*,#1463,.F.);
#2025=ORIENTED_EDGE('',*,*,#1450,.T.);
#2026=ORIENTED_EDGE('',*,*,#1451,.T.);
#2027=ORIENTED_EDGE('',*,*,#1463,.T.);
#2028=ORIENTED_EDGE('',*,*,#1336,.T.);
#2029=ORIENTED_EDGE('',*,*,#1462,.T.);
#2030=ORIENTED_EDGE('',*,*,#1460,.T.);
#2031=ORIENTED_EDGE('',*,*,#1449,.T.);
#2032=ORIENTED_EDGE('',*,*,#1345,.T.);
#2033=ORIENTED_EDGE('',*,*,#1444,.T.);
#2034=ORIENTED_EDGE('',*,*,#1436,.T.);
#2035=ORIENTED_EDGE('',*,*,#1438,.T.);
#2036=ORIENTED_EDGE('',*,*,#1464,.T.);
#2037=ORIENTED_EDGE('',*,*,#1465,.T.);
#2038=ORIENTED_EDGE('',*,*,#1466,.F.);
#2039=ORIENTED_EDGE('',*,*,#1465,.F.);
#2040=ORIENTED_EDGE('',*,*,#1464,.F.);
#2041=ORIENTED_EDGE('',*,*,#1406,.T.);
#2042=ORIENTED_EDGE('',*,*,#1467,.T.);
#2043=ORIENTED_EDGE('',*,*,#1468,.F.);
#2044=ORIENTED_EDGE('',*,*,#1467,.F.);
#2045=ORIENTED_EDGE('',*,*,#1407,.T.);
#2046=ORIENTED_EDGE('',*,*,#1404,.T.);
#2047=ORIENTED_EDGE('',*,*,#1469,.T.);
#2048=ORIENTED_EDGE('',*,*,#1470,.F.);
#2049=ORIENTED_EDGE('',*,*,#1469,.F.);
#2050=ORIENTED_EDGE('',*,*,#1405,.T.);
#2051=ORIENTED_EDGE('',*,*,#1471,.T.);
#2052=ORIENTED_EDGE('',*,*,#1472,.T.);
#2053=ORIENTED_EDGE('',*,*,#1473,.F.);
#2054=ORIENTED_EDGE('',*,*,#1472,.F.);
#2055=ORIENTED_EDGE('',*,*,#1471,.F.);
#2056=ORIENTED_EDGE('',*,*,#1360,.F.);
#2057=ORIENTED_EDGE('',*,*,#1417,.T.);
#2058=ORIENTED_EDGE('',*,*,#1474,.F.);
#2059=ORIENTED_EDGE('',*,*,#1424,.F.);
#2060=ORIENTED_EDGE('',*,*,#1425,.T.);
#2061=ORIENTED_EDGE('',*,*,#1474,.T.);
#2062=ORIENTED_EDGE('',*,*,#1416,.T.);
#2063=ORIENTED_EDGE('',*,*,#1419,.T.);
#2064=ORIENTED_EDGE('',*,*,#1466,.T.);
#2065=ORIENTED_EDGE('',*,*,#1468,.T.);
#2066=ORIENTED_EDGE('',*,*,#1470,.T.);
#2067=ORIENTED_EDGE('',*,*,#1473,.T.);
#2068=ORIENTED_EDGE('',*,*,#1475,.F.);
#2069=ORIENTED_EDGE('',*,*,#1476,.F.);
#2070=ORIENTED_EDGE('',*,*,#1373,.F.);
#2071=ORIENTED_EDGE('',*,*,#1477,.T.);
#2072=ORIENTED_EDGE('',*,*,#1478,.F.);
#2073=ORIENTED_EDGE('',*,*,#1477,.F.);
#2074=ORIENTED_EDGE('',*,*,#1372,.F.);
#2075=ORIENTED_EDGE('',*,*,#1479,.T.);
#2076=ORIENTED_EDGE('',*,*,#1480,.F.);
#2077=ORIENTED_EDGE('',*,*,#1479,.F.);
#2078=ORIENTED_EDGE('',*,*,#1371,.F.);
#2079=ORIENTED_EDGE('',*,*,#1481,.T.);
#2080=ORIENTED_EDGE('',*,*,#1482,.F.);
#2081=ORIENTED_EDGE('',*,*,#1481,.F.);
#2082=ORIENTED_EDGE('',*,*,#1374,.F.);
#2083=ORIENTED_EDGE('',*,*,#1476,.T.);
#2084=ORIENTED_EDGE('',*,*,#1483,.F.);
#2085=ORIENTED_EDGE('',*,*,#1484,.F.);
#2086=ORIENTED_EDGE('',*,*,#1377,.F.);
#2087=ORIENTED_EDGE('',*,*,#1485,.T.);
#2088=ORIENTED_EDGE('',*,*,#1486,.F.);
#2089=ORIENTED_EDGE('',*,*,#1485,.F.);
#2090=ORIENTED_EDGE('',*,*,#1376,.F.);
#2091=ORIENTED_EDGE('',*,*,#1487,.T.);
#2092=ORIENTED_EDGE('',*,*,#1488,.F.);
#2093=ORIENTED_EDGE('',*,*,#1487,.F.);
#2094=ORIENTED_EDGE('',*,*,#1375,.F.);
#2095=ORIENTED_EDGE('',*,*,#1489,.T.);
#2096=ORIENTED_EDGE('',*,*,#1490,.F.);
#2097=ORIENTED_EDGE('',*,*,#1489,.F.);
#2098=ORIENTED_EDGE('',*,*,#1378,.F.);
#2099=ORIENTED_EDGE('',*,*,#1484,.T.);
#2100=ORIENTED_EDGE('',*,*,#1491,.F.);
#2101=ORIENTED_EDGE('',*,*,#1492,.F.);
#2102=ORIENTED_EDGE('',*,*,#1354,.F.);
#2103=ORIENTED_EDGE('',*,*,#1493,.T.);
#2104=ORIENTED_EDGE('',*,*,#1494,.F.);
#2105=ORIENTED_EDGE('',*,*,#1493,.F.);
#2106=ORIENTED_EDGE('',*,*,#1353,.F.);
#2107=ORIENTED_EDGE('',*,*,#1495,.T.);
#2108=ORIENTED_EDGE('',*,*,#1496,.F.);
#2109=ORIENTED_EDGE('',*,*,#1495,.F.);
#2110=ORIENTED_EDGE('',*,*,#1352,.F.);
#2111=ORIENTED_EDGE('',*,*,#1497,.T.);
#2112=ORIENTED_EDGE('',*,*,#1498,.F.);
#2113=ORIENTED_EDGE('',*,*,#1497,.F.);
#2114=ORIENTED_EDGE('',*,*,#1351,.F.);
#2115=ORIENTED_EDGE('',*,*,#1382,.F.);
#2116=ORIENTED_EDGE('',*,*,#1355,.F.);
#2117=ORIENTED_EDGE('',*,*,#1492,.T.);
#2118=ORIENTED_EDGE('',*,*,#1499,.F.);
#2119=ORIENTED_EDGE('',*,*,#1500,.F.);
#2120=ORIENTED_EDGE('',*,*,#1365,.F.);
#2121=ORIENTED_EDGE('',*,*,#1394,.F.);
#2122=ORIENTED_EDGE('',*,*,#1369,.F.);
#2123=ORIENTED_EDGE('',*,*,#1501,.T.);
#2124=ORIENTED_EDGE('',*,*,#1502,.F.);
#2125=ORIENTED_EDGE('',*,*,#1501,.F.);
#2126=ORIENTED_EDGE('',*,*,#1368,.F.);
#2127=ORIENTED_EDGE('',*,*,#1503,.T.);
#2128=ORIENTED_EDGE('',*,*,#1504,.F.);
#2129=ORIENTED_EDGE('',*,*,#1503,.F.);
#2130=ORIENTED_EDGE('',*,*,#1367,.F.);
#2131=ORIENTED_EDGE('',*,*,#1505,.T.);
#2132=ORIENTED_EDGE('',*,*,#1506,.F.);
#2133=ORIENTED_EDGE('',*,*,#1505,.F.);
#2134=ORIENTED_EDGE('',*,*,#1366,.F.);
#2135=ORIENTED_EDGE('',*,*,#1500,.T.);
#2136=ORIENTED_EDGE('',*,*,#1432,.F.);
#2137=ORIENTED_EDGE('',*,*,#1298,.T.);
#2138=ORIENTED_EDGE('',*,*,#1507,.T.);
#2139=ORIENTED_EDGE('',*,*,#1430,.T.);
#2140=ORIENTED_EDGE('',*,*,#1426,.T.);
#2141=ORIENTED_EDGE('',*,*,#1330,.F.);
#2142=ORIENTED_EDGE('',*,*,#1422,.T.);
#2143=ORIENTED_EDGE('',*,*,#1431,.T.);
#2144=ORIENTED_EDGE('',*,*,#1507,.F.);
#2145=ORIENTED_EDGE('',*,*,#1297,.F.);
#2146=ORIENTED_EDGE('',*,*,#1222,.T.);
#2147=ORIENTED_EDGE('',*,*,#1220,.T.);
#2148=ORIENTED_EDGE('',*,*,#1480,.T.);
#2149=ORIENTED_EDGE('',*,*,#1482,.T.);
#2150=ORIENTED_EDGE('',*,*,#1475,.T.);
#2151=ORIENTED_EDGE('',*,*,#1478,.T.);
#2152=ORIENTED_EDGE('',*,*,#1488,.T.);
#2153=ORIENTED_EDGE('',*,*,#1490,.T.);
#2154=ORIENTED_EDGE('',*,*,#1483,.T.);
#2155=ORIENTED_EDGE('',*,*,#1486,.T.);
#2156=ORIENTED_EDGE('',*,*,#1496,.T.);
#2157=ORIENTED_EDGE('',*,*,#1498,.T.);
#2158=ORIENTED_EDGE('',*,*,#1491,.T.);
#2159=ORIENTED_EDGE('',*,*,#1494,.T.);
#2160=ORIENTED_EDGE('',*,*,#1504,.T.);
#2161=ORIENTED_EDGE('',*,*,#1506,.T.);
#2162=ORIENTED_EDGE('',*,*,#1499,.T.);
#2163=ORIENTED_EDGE('',*,*,#1502,.T.);
#2164=ORIENTED_EDGE('',*,*,#1434,.F.);
#2165=ORIENTED_EDGE('',*,*,#1508,.F.);
#2166=ORIENTED_EDGE('',*,*,#1508,.T.);
#2167=ORIENTED_EDGE('',*,*,#1433,.F.);
#2168=ORIENTED_EDGE('',*,*,#1509,.F.);
#2169=ORIENTED_EDGE('',*,*,#1509,.T.);
#2170=PLANE('',#2403);
#2171=PLANE('',#2404);
#2172=PLANE('',#2405);
#2173=PLANE('',#2406);
#2174=PLANE('',#2407);
#2175=PLANE('',#2408);
#2176=PLANE('',#2409);
#2177=PLANE('',#2411);
#2178=PLANE('',#2413);
#2179=PLANE('',#2414);
#2180=PLANE('',#2415);
#2181=PLANE('',#2416);
#2182=PLANE('',#2417);
#2183=PLANE('',#2418);
#2184=PLANE('',#2419);
#2185=PLANE('',#2421);
#2186=PLANE('',#2439);
#2187=PLANE('',#2440);
#2188=PLANE('',#2441);
#2189=PLANE('',#2442);
#2190=PLANE('',#2443);
#2191=PLANE('',#2444);
#2192=PLANE('',#2445);
#2193=PLANE('',#2446);
#2194=PLANE('',#2447);
#2195=PLANE('',#2448);
#2196=PLANE('',#2449);
#2197=PLANE('',#2450);
#2198=PLANE('',#2451);
#2199=PLANE('',#2452);
#2200=PLANE('',#2453);
#2201=PLANE('',#2454);
#2202=PLANE('',#2455);
#2203=PLANE('',#2456);
#2204=PLANE('',#2457);
#2205=PLANE('',#2458);
#2206=PLANE('',#2459);
#2207=PLANE('',#2460);
#2208=PLANE('',#2461);
#2209=PLANE('',#2462);
#2210=PLANE('',#2463);
#2211=PLANE('',#2476);
#2212=PLANE('',#2478);
#2213=PLANE('',#2483);
#2214=PLANE('',#2484);
#2215=PLANE('',#2485);
#2216=PLANE('',#2486);
#2217=PLANE('',#2487);
#2218=PLANE('',#2491);
#2219=PLANE('',#2492);
#2220=PLANE('',#2493);
#2221=PLANE('',#2497);
#2222=PLANE('',#2498);
#2223=PLANE('',#2499);
#2224=PLANE('',#2501);
#2225=PLANE('',#2509);
#2226=PLANE('',#2510);
#2227=PLANE('',#2511);
#2228=PLANE('',#2512);
#2229=PLANE('',#2513);
#2230=PLANE('',#2514);
#2231=PLANE('',#2515);
#2232=PLANE('',#2522);
#2233=PLANE('',#2523);
#2234=PLANE('',#2524);
#2235=PLANE('',#2525);
#2236=PLANE('',#2526);
#2237=PLANE('',#2527);
#2238=PLANE('',#2528);
#2239=PLANE('',#2529);
#2240=PLANE('',#2530);
#2241=PLANE('',#2531);
#2242=PLANE('',#2532);
#2243=PLANE('',#2533);
#2244=PLANE('',#2534);
#2245=PLANE('',#2538);
#2246=PLANE('',#2546);
#2247=PLANE('',#2547);
#2248=PLANE('',#2548);
#2249=PLANE('',#2549);
#2250=PLANE('',#2550);
#2251=PLANE('',#2551);
#2252=PLANE('',#2552);
#2253=PLANE('',#2553);
#2254=PLANE('',#2554);
#2255=PLANE('',#2555);
#2256=PLANE('',#2556);
#2257=PLANE('',#2557);
#2258=PLANE('',#2558);
#2259=PLANE('',#2559);
#2260=PLANE('',#2560);
#2261=PLANE('',#2561);
#2262=PLANE('',#2562);
#2263=PLANE('',#2563);
#2264=PLANE('',#2564);
#2265=PLANE('',#2565);
#2266=PLANE('',#2566);
#2267=ADVANCED_FACE('',(#122),#2170,.F.);
#2268=ADVANCED_FACE('',(#123),#2171,.F.);
#2269=ADVANCED_FACE('',(#124),#2172,.F.);
#2270=ADVANCED_FACE('',(#125),#2173,.F.);
#2271=ADVANCED_FACE('',(#126),#2174,.F.);
#2272=ADVANCED_FACE('',(#127),#2175,.F.);
#2273=ADVANCED_FACE('',(#128,#45),#2176,.F.);
#2274=ADVANCED_FACE('',(#129,#46),#2177,.F.);
#2275=ADVANCED_FACE('',(#130),#2178,.F.);
#2276=ADVANCED_FACE('',(#131),#2179,.F.);
#2277=ADVANCED_FACE('',(#132),#2180,.F.);
#2278=ADVANCED_FACE('',(#133),#2181,.F.);
#2279=ADVANCED_FACE('',(#134),#2182,.F.);
#2280=ADVANCED_FACE('',(#135),#2183,.F.);
#2281=ADVANCED_FACE('',(#136,#47),#2184,.F.);
#2282=ADVANCED_FACE('',(#137,#48),#2185,.F.);
#2283=ADVANCED_FACE('',(#138),#26,.F.);
#2284=ADVANCED_FACE('',(#139),#27,.F.);
#2285=ADVANCED_FACE('',(#140),#28,.F.);
#2286=ADVANCED_FACE('',(#141),#29,.F.);
#2287=ADVANCED_FACE('',(#142),#30,.F.);
#2288=ADVANCED_FACE('',(#143),#31,.F.);
#2289=ADVANCED_FACE('',(#144),#2186,.F.);
#2290=ADVANCED_FACE('',(#145),#2187,.T.);
#2291=ADVANCED_FACE('',(#146,#49),#2188,.F.);
#2292=ADVANCED_FACE('',(#147),#2189,.F.);
#2293=ADVANCED_FACE('',(#148),#2190,.F.);
#2294=ADVANCED_FACE('',(#149),#2191,.F.);
#2295=ADVANCED_FACE('',(#150),#2192,.F.);
#2296=ADVANCED_FACE('',(#151),#2193,.T.);
#2297=ADVANCED_FACE('',(#152,#50),#2194,.F.);
#2298=ADVANCED_FACE('',(#153),#2195,.F.);
#2299=ADVANCED_FACE('',(#154),#2196,.F.);
#2300=ADVANCED_FACE('',(#155),#2197,.F.);
#2301=ADVANCED_FACE('',(#156),#2198,.T.);
#2302=ADVANCED_FACE('',(#157),#2199,.F.);
#2303=ADVANCED_FACE('',(#158,#51),#2200,.T.);
#2304=ADVANCED_FACE('',(#159),#2201,.T.);
#2305=ADVANCED_FACE('',(#160),#2202,.T.);
#2306=ADVANCED_FACE('',(#161),#2203,.T.);
#2307=ADVANCED_FACE('',(#162),#2204,.T.);
#2308=ADVANCED_FACE('',(#163),#2205,.T.);
#2309=ADVANCED_FACE('',(#164),#2206,.F.);
#2310=ADVANCED_FACE('',(#165,#52),#2207,.T.);
#2311=ADVANCED_FACE('',(#166),#2208,.T.);
#2312=ADVANCED_FACE('',(#167),#2209,.T.);
#2313=ADVANCED_FACE('',(#168),#2210,.T.);
#2314=ADVANCED_FACE('',(#169),#20,.T.);
#2315=ADVANCED_FACE('',(#170),#21,.T.);
#2316=ADVANCED_FACE('',(#171),#22,.T.);
#2317=ADVANCED_FACE('',(#172),#23,.T.);
#2318=ADVANCED_FACE('',(#173),#2211,.F.);
#2319=ADVANCED_FACE('',(#174),#2212,.F.);
#2320=ADVANCED_FACE('',(#175),#32,.F.);
#2321=ADVANCED_FACE('',(#176),#2213,.F.);
#2322=ADVANCED_FACE('',(#177),#2214,.T.);
#2323=ADVANCED_FACE('',(#178),#2215,.F.);
#2324=ADVANCED_FACE('',(#179,#53,#54),#2216,.T.);
#2325=ADVANCED_FACE('',(#180),#2217,.F.);
#2326=ADVANCED_FACE('',(#181),#33,.F.);
#2327=ADVANCED_FACE('',(#182),#2218,.T.);
#2328=ADVANCED_FACE('',(#183),#2219,.T.);
#2329=ADVANCED_FACE('',(#184),#2220,.F.);
#2330=ADVANCED_FACE('',(#185),#34,.F.);
#2331=ADVANCED_FACE('',(#186),#2221,.T.);
#2332=ADVANCED_FACE('',(#187),#2222,.T.);
#2333=ADVANCED_FACE('',(#188),#2223,.T.);
#2334=ADVANCED_FACE('',(#189),#2224,.T.);
#2335=ADVANCED_FACE('',(#190),#35,.F.);
#2336=ADVANCED_FACE('',(#191),#36,.F.);
#2337=ADVANCED_FACE('',(#192),#37,.F.);
#2338=ADVANCED_FACE('',(#193),#38,.F.);
#2339=ADVANCED_FACE('',(#194),#2225,.T.);
#2340=ADVANCED_FACE('',(#195),#2226,.T.);
#2341=ADVANCED_FACE('',(#196),#2227,.T.);
#2342=ADVANCED_FACE('',(#197),#2228,.T.);
#2343=ADVANCED_FACE('',(#198,#55,#56,#57,#58,#59),#2229,.T.);
#2344=ADVANCED_FACE('',(#199),#2230,.T.);
#2345=ADVANCED_FACE('',(#200,#60,#61,#62,#63,#64),#2231,.T.);
#2346=ADVANCED_FACE('',(#201),#39,.F.);
#2347=ADVANCED_FACE('',(#202),#40,.F.);
#2348=ADVANCED_FACE('',(#203),#2232,.F.);
#2349=ADVANCED_FACE('',(#204),#2233,.F.);
#2350=ADVANCED_FACE('',(#205),#2234,.F.);
#2351=ADVANCED_FACE('',(#206),#2235,.F.);
#2352=ADVANCED_FACE('',(#207),#2236,.F.);
#2353=ADVANCED_FACE('',(#208),#2237,.T.);
#2354=ADVANCED_FACE('',(#209),#2238,.F.);
#2355=ADVANCED_FACE('',(#210),#2239,.F.);
#2356=ADVANCED_FACE('',(#211),#2240,.F.);
#2357=ADVANCED_FACE('',(#212),#2241,.F.);
#2358=ADVANCED_FACE('',(#213),#2242,.F.);
#2359=ADVANCED_FACE('',(#214),#2243,.T.);
#2360=ADVANCED_FACE('',(#215,#65,#66),#2244,.T.);
#2361=ADVANCED_FACE('',(#216),#41,.F.);
#2362=ADVANCED_FACE('',(#217),#2245,.F.);
#2363=ADVANCED_FACE('',(#218),#42,.F.);
#2364=ADVANCED_FACE('',(#219),#43,.F.);
#2365=ADVANCED_FACE('',(#220),#44,.F.);
#2366=ADVANCED_FACE('',(#221),#2246,.F.);
#2367=ADVANCED_FACE('',(#222),#2247,.T.);
#2368=ADVANCED_FACE('',(#223,#67,#68,#69,#70),#2248,.T.);
#2369=ADVANCED_FACE('',(#224),#2249,.F.);
#2370=ADVANCED_FACE('',(#225),#2250,.F.);
#2371=ADVANCED_FACE('',(#226),#2251,.F.);
#2372=ADVANCED_FACE('',(#227),#2252,.F.);
#2373=ADVANCED_FACE('',(#228),#2253,.F.);
#2374=ADVANCED_FACE('',(#229),#2254,.F.);
#2375=ADVANCED_FACE('',(#230),#2255,.F.);
#2376=ADVANCED_FACE('',(#231),#2256,.F.);
#2377=ADVANCED_FACE('',(#232),#2257,.F.);
#2378=ADVANCED_FACE('',(#233),#2258,.F.);
#2379=ADVANCED_FACE('',(#234),#2259,.F.);
#2380=ADVANCED_FACE('',(#235),#2260,.F.);
#2381=ADVANCED_FACE('',(#236),#2261,.F.);
#2382=ADVANCED_FACE('',(#237),#2262,.F.);
#2383=ADVANCED_FACE('',(#238),#2263,.F.);
#2384=ADVANCED_FACE('',(#239),#2264,.F.);
#2385=ADVANCED_FACE('',(#240),#2265,.T.);
#2386=ADVANCED_FACE('',(#241,#71,#72,#73,#74,#75,#76),#2266,.T.);
#2387=ADVANCED_FACE('',(#242),#24,.T.);
#2388=ADVANCED_FACE('',(#243),#25,.T.);
#2389=CLOSED_SHELL('',(#2267,#2268,#2269,#2270,#2271,#2272,#2273,#2274,
#2275,#2276,#2277,#2278,#2279,#2280,#2281,#2282,#2283,#2284,#2285,#2286,
#2287,#2288,#2289,#2290,#2291,#2292,#2293,#2294,#2295,#2296,#2297,#2298,
#2299,#2300,#2301,#2302,#2303,#2304,#2305,#2306,#2307,#2308,#2309,#2310,
#2311,#2312,#2313,#2314,#2315,#2316,#2317,#2318,#2319,#2320,#2321,#2322,
#2323,#2324,#2325,#2326,#2327,#2328,#2329,#2330,#2331,#2332,#2333,#2334,
#2335,#2336,#2337,#2338,#2339,#2340,#2341,#2342,#2343,#2344,#2345,#2346,
#2347,#2348,#2349,#2350,#2351,#2352,#2353,#2354,#2355,#2356,#2357,#2358,
#2359,#2360,#2361,#2362,#2363,#2364,#2365,#2366,#2367,#2368,#2369,#2370,
#2371,#2372,#2373,#2374,#2375,#2376,#2377,#2378,#2379,#2380,#2381,#2382,
#2383,#2384,#2385,#2386,#2387,#2388));
#2390=DERIVED_UNIT_ELEMENT(#2392,1.);
#2391=DERIVED_UNIT_ELEMENT(#3937,-3.);
#2392=(
MASS_UNIT()
NAMED_UNIT(*)
SI_UNIT(.KILO.,.GRAM.)
);
#2393=DERIVED_UNIT((#2390,#2391));
#2394=MEASURE_REPRESENTATION_ITEM('density measure',
POSITIVE_RATIO_MEASURE(7850.),#2393);
#2395=PROPERTY_DEFINITION_REPRESENTATION(#2400,#2397);
#2396=PROPERTY_DEFINITION_REPRESENTATION(#2401,#2398);
#2397=REPRESENTATION('material name',(#2399),#3934);
#2398=REPRESENTATION('density',(#2394),#3934);
#2399=DESCRIPTIVE_REPRESENTATION_ITEM('Steel','Steel');
#2400=PROPERTY_DEFINITION('material property','material name',#3944);
#2401=PROPERTY_DEFINITION('material property','density of part',#3944);
#2402=AXIS2_PLACEMENT_3D('',#3189,#2571,#2572);
#2403=AXIS2_PLACEMENT_3D('',#3190,#2573,#2574);
#2404=AXIS2_PLACEMENT_3D('',#3199,#2579,#2580);
#2405=AXIS2_PLACEMENT_3D('',#3205,#2584,#2585);
#2406=AXIS2_PLACEMENT_3D('',#3211,#2589,#2590);
#2407=AXIS2_PLACEMENT_3D('',#3217,#2594,#2595);
#2408=AXIS2_PLACEMENT_3D('',#3223,#2599,#2600);
#2409=AXIS2_PLACEMENT_3D('',#3226,#2603,#2604);
#2410=AXIS2_PLACEMENT_3D('',#3228,#2605,#2606);
#2411=AXIS2_PLACEMENT_3D('',#3229,#2607,#2608);
#2412=AXIS2_PLACEMENT_3D('',#3231,#2609,#2610);
#2413=AXIS2_PLACEMENT_3D('',#3232,#2611,#2612);
#2414=AXIS2_PLACEMENT_3D('',#3241,#2617,#2618);
#2415=AXIS2_PLACEMENT_3D('',#3247,#2622,#2623);
#2416=AXIS2_PLACEMENT_3D('',#3253,#2627,#2628);
#2417=AXIS2_PLACEMENT_3D('',#3259,#2632,#2633);
#2418=AXIS2_PLACEMENT_3D('',#3265,#2637,#2638);
#2419=AXIS2_PLACEMENT_3D('',#3268,#2641,#2642);
#2420=AXIS2_PLACEMENT_3D('',#3270,#2643,#2644);
#2421=AXIS2_PLACEMENT_3D('',#3271,#2645,#2646);
#2422=AXIS2_PLACEMENT_3D('',#3273,#2647,#2648);
#2423=AXIS2_PLACEMENT_3D('',#3274,#2649,#2650);
#2424=AXIS2_PLACEMENT_3D('',#3276,#2651,#2652);
#2425=AXIS2_PLACEMENT_3D('',#3278,#2654,#2655);
#2426=AXIS2_PLACEMENT_3D('',#3280,#2656,#2657);
#2427=AXIS2_PLACEMENT_3D('',#3282,#2659,#2660);
#2428=AXIS2_PLACEMENT_3D('',#3284,#2661,#2662);
#2429=AXIS2_PLACEMENT_3D('',#3287,#2664,#2665);
#2430=AXIS2_PLACEMENT_3D('',#3288,#2666,#2667);
#2431=AXIS2_PLACEMENT_3D('',#3290,#2668,#2669);
#2432=AXIS2_PLACEMENT_3D('',#3293,#2671,#2672);
#2433=AXIS2_PLACEMENT_3D('',#3294,#2673,#2674);
#2434=AXIS2_PLACEMENT_3D('',#3296,#2675,#2676);
#2435=AXIS2_PLACEMENT_3D('',#3299,#2678,#2679);
#2436=AXIS2_PLACEMENT_3D('',#3300,#2680,#2681);
#2437=AXIS2_PLACEMENT_3D('',#3302,#2682,#2683);
#2438=AXIS2_PLACEMENT_3D('',#3305,#2685,#2686);
#2439=AXIS2_PLACEMENT_3D('',#3306,#2687,#2688);
#2440=AXIS2_PLACEMENT_3D('',#3313,#2692,#2693);
#2441=AXIS2_PLACEMENT_3D('',#3320,#2697,#2698);
#2442=AXIS2_PLACEMENT_3D('',#3326,#2702,#2703);
#2443=AXIS2_PLACEMENT_3D('',#3335,#2709,#2710);
#2444=AXIS2_PLACEMENT_3D('',#3337,#2712,#2713);
#2445=AXIS2_PLACEMENT_3D('',#3341,#2716,#2717);
#2446=AXIS2_PLACEMENT_3D('',#3348,#2721,#2722);
#2447=AXIS2_PLACEMENT_3D('',#3355,#2726,#2727);
#2448=AXIS2_PLACEMENT_3D('',#3361,#2731,#2732);
#2449=AXIS2_PLACEMENT_3D('',#3370,#2738,#2739);
#2450=AXIS2_PLACEMENT_3D('',#3372,#2741,#2742);
#2451=AXIS2_PLACEMENT_3D('',#3376,#2745,#2746);
#2452=AXIS2_PLACEMENT_3D('',#3383,#2750,#2751);
#2453=AXIS2_PLACEMENT_3D('',#3390,#2755,#2756);
#2454=AXIS2_PLACEMENT_3D('',#3396,#2760,#2761);
#2455=AXIS2_PLACEMENT_3D('',#3405,#2767,#2768);
#2456=AXIS2_PLACEMENT_3D('',#3407,#2770,#2771);
#2457=AXIS2_PLACEMENT_3D('',#3411,#2774,#2775);
#2458=AXIS2_PLACEMENT_3D('',#3437,#2789,#2790);
#2459=AXIS2_PLACEMENT_3D('',#3441,#2793,#2794);
#2460=AXIS2_PLACEMENT_3D('',#3445,#2797,#2798);
#2461=AXIS2_PLACEMENT_3D('',#3449,#2801,#2802);
#2462=AXIS2_PLACEMENT_3D('',#3454,#2806,#2807);
#2463=AXIS2_PLACEMENT_3D('',#3455,#2808,#2809);
#2464=AXIS2_PLACEMENT_3D('',#3457,#2811,#2812);
#2465=AXIS2_PLACEMENT_3D('',#3459,#2813,#2814);
#2466=AXIS2_PLACEMENT_3D('',#3461,#2815,#2816);
#2467=AXIS2_PLACEMENT_3D('',#3462,#2817,#2818);
#2468=AXIS2_PLACEMENT_3D('',#3464,#2819,#2820);
#2469=AXIS2_PLACEMENT_3D('',#3466,#2821,#2822);
#2470=AXIS2_PLACEMENT_3D('',#3467,#2823,#2824);
#2471=AXIS2_PLACEMENT_3D('',#3469,#2825,#2826);
#2472=AXIS2_PLACEMENT_3D('',#3471,#2827,#2828);
#2473=AXIS2_PLACEMENT_3D('',#3472,#2829,#2830);
#2474=AXIS2_PLACEMENT_3D('',#3474,#2831,#2832);
#2475=AXIS2_PLACEMENT_3D('',#3476,#2833,#2834);
#2476=AXIS2_PLACEMENT_3D('',#3477,#2835,#2836);
#2477=AXIS2_PLACEMENT_3D('',#3482,#2838,#2839);
#2478=AXIS2_PLACEMENT_3D('',#3488,#2843,#2844);
#2479=AXIS2_PLACEMENT_3D('',#3498,#2849,#2850);
#2480=AXIS2_PLACEMENT_3D('',#3499,#2851,#2852);
#2481=AXIS2_PLACEMENT_3D('',#3505,#2855,#2856);
#2482=AXIS2_PLACEMENT_3D('',#3509,#2859,#2860);
#2483=AXIS2_PLACEMENT_3D('',#3510,#2861,#2862);
#2484=AXIS2_PLACEMENT_3D('',#3520,#2868,#2869);
#2485=AXIS2_PLACEMENT_3D('',#3526,#2873,#2874);
#2486=AXIS2_PLACEMENT_3D('',#3536,#2880,#2881);
#2487=AXIS2_PLACEMENT_3D('',#3599,#2914,#2915);
#2488=AXIS2_PLACEMENT_3D('',#3603,#2917,#2918);
#2489=AXIS2_PLACEMENT_3D('',#3605,#2920,#2921);
#2490=AXIS2_PLACEMENT_3D('',#3608,#2923,#2924);
#2491=AXIS2_PLACEMENT_3D('',#3610,#2926,#2927);
#2492=AXIS2_PLACEMENT_3D('',#3614,#2930,#2931);
#2493=AXIS2_PLACEMENT_3D('',#3618,#2934,#2935);
#2494=AXIS2_PLACEMENT_3D('',#3623,#2938,#2939);
#2495=AXIS2_PLACEMENT_3D('',#3624,#2940,#2941);
#2496=AXIS2_PLACEMENT_3D('',#3627,#2943,#2944);
#2497=AXIS2_PLACEMENT_3D('',#3629,#2946,#2947);
#2498=AXIS2_PLACEMENT_3D('',#3631,#2949,#2950);
#2499=AXIS2_PLACEMENT_3D('',#3635,#2953,#2954);
#2500=AXIS2_PLACEMENT_3D('',#3639,#2956,#2957);
#2501=AXIS2_PLACEMENT_3D('',#3641,#2959,#2960);
#2502=AXIS2_PLACEMENT_3D('',#3646,#2963,#2964);
#2503=AXIS2_PLACEMENT_3D('',#3647,#2965,#2966);
#2504=AXIS2_PLACEMENT_3D('',#3686,#2967,#2968);
#2505=AXIS2_PLACEMENT_3D('',#3725,#2969,#2970);
#2506=AXIS2_PLACEMENT_3D('',#3729,#2972,#2973);
#2507=AXIS2_PLACEMENT_3D('',#3731,#2975,#2976);
#2508=AXIS2_PLACEMENT_3D('',#3736,#2979,#2980);
#2509=AXIS2_PLACEMENT_3D('',#3737,#2981,#2982);
#2510=AXIS2_PLACEMENT_3D('',#3739,#2984,#2985);
#2511=AXIS2_PLACEMENT_3D('',#3745,#2989,#2990);
#2512=AXIS2_PLACEMENT_3D('',#3755,#2997,#2998);
#2513=AXIS2_PLACEMENT_3D('',#3759,#3001,#3002);
#2514=AXIS2_PLACEMENT_3D('',#3765,#3007,#3008);
#2515=AXIS2_PLACEMENT_3D('',#3769,#3011,#3012);
#2516=AXIS2_PLACEMENT_3D('',#3772,#3014,#3015);
#2517=AXIS2_PLACEMENT_3D('',#3774,#3016,#3017);
#2518=AXIS2_PLACEMENT_3D('',#3775,#3018,#3019);
#2519=AXIS2_PLACEMENT_3D('',#3778,#3021,#3022);
#2520=AXIS2_PLACEMENT_3D('',#3779,#3023,#3024);
#2521=AXIS2_PLACEMENT_3D('',#3782,#3026,#3027);
#2522=AXIS2_PLACEMENT_3D('',#3783,#3028,#3029);
#2523=AXIS2_PLACEMENT_3D('',#3792,#3034,#3035);
#2524=AXIS2_PLACEMENT_3D('',#3797,#3039,#3040);
#2525=AXIS2_PLACEMENT_3D('',#3805,#3045,#3046);
#2526=AXIS2_PLACEMENT_3D('',#3811,#3050,#3051);
#2527=AXIS2_PLACEMENT_3D('',#3819,#3056,#3057);
#2528=AXIS2_PLACEMENT_3D('',#3822,#3060,#3061);
#2529=AXIS2_PLACEMENT_3D('',#3823,#3062,#3063);
#2530=AXIS2_PLACEMENT_3D('',#3827,#3067,#3068);
#2531=AXIS2_PLACEMENT_3D('',#3829,#3070,#3071);
#2532=AXIS2_PLACEMENT_3D('',#3830,#3072,#3073);
#2533=AXIS2_PLACEMENT_3D('',#3832,#3075,#3076);
#2534=AXIS2_PLACEMENT_3D('',#3833,#3077,#3078);
#2535=AXIS2_PLACEMENT_3D('',#3834,#3079,#3080);
#2536=AXIS2_PLACEMENT_3D('',#3836,#3081,#3082);
#2537=AXIS2_PLACEMENT_3D('',#3839,#3084,#3085);
#2538=AXIS2_PLACEMENT_3D('',#3840,#3086,#3087);
#2539=AXIS2_PLACEMENT_3D('',#3841,#3088,#3089);
#2540=AXIS2_PLACEMENT_3D('',#3844,#3091,#3092);
#2541=AXIS2_PLACEMENT_3D('',#3845,#3093,#3094);
#2542=AXIS2_PLACEMENT_3D('',#3848,#3096,#3097);
#2543=AXIS2_PLACEMENT_3D('',#3849,#3098,#3099);
#2544=AXIS2_PLACEMENT_3D('',#3851,#3100,#3101);
#2545=AXIS2_PLACEMENT_3D('',#3854,#3103,#3104);
#2546=AXIS2_PLACEMENT_3D('',#3855,#3105,#3106);
#2547=AXIS2_PLACEMENT_3D('',#3856,#3107,#3108);
#2548=AXIS2_PLACEMENT_3D('',#3858,#3110,#3111);
#2549=AXIS2_PLACEMENT_3D('',#3859,#3112,#3113);
#2550=AXIS2_PLACEMENT_3D('',#3865,#3117,#3118);
#2551=AXIS2_PLACEMENT_3D('',#3869,#3121,#3122);
#2552=AXIS2_PLACEMENT_3D('',#3873,#3125,#3126);
#2553=AXIS2_PLACEMENT_3D('',#3875,#3128,#3129);
#2554=AXIS2_PLACEMENT_3D('',#3881,#3133,#3134);
#2555=AXIS2_PLACEMENT_3D('',#3885,#3137,#3138);
#2556=AXIS2_PLACEMENT_3D('',#3889,#3141,#3142);
#2557=AXIS2_PLACEMENT_3D('',#3891,#3144,#3145);
#2558=AXIS2_PLACEMENT_3D('',#3897,#3149,#3150);
#2559=AXIS2_PLACEMENT_3D('',#3901,#3153,#3154);
#2560=AXIS2_PLACEMENT_3D('',#3905,#3157,#3158);
#2561=AXIS2_PLACEMENT_3D('',#3907,#3160,#3161);
#2562=AXIS2_PLACEMENT_3D('',#3913,#3165,#3166);
#2563=AXIS2_PLACEMENT_3D('',#3917,#3169,#3170);
#2564=AXIS2_PLACEMENT_3D('',#3921,#3173,#3174);
#2565=AXIS2_PLACEMENT_3D('',#3923,#3176,#3177);
#2566=AXIS2_PLACEMENT_3D('',#3925,#3179,#3180);
#2567=AXIS2_PLACEMENT_3D('',#3926,#3181,#3182);
#2568=AXIS2_PLACEMENT_3D('',#3928,#3183,#3184);
#2569=AXIS2_PLACEMENT_3D('',#3929,#3185,#3186);
#2570=AXIS2_PLACEMENT_3D('',#3931,#3187,#3188);
#2571=DIRECTION('axis',(0.,0.,1.));
#2572=DIRECTION('refdir',(1.,0.,0.));
#2573=DIRECTION('center_axis',(0.5,-0.866025403784439,0.));
#2574=DIRECTION('ref_axis',(-0.866025403784439,-0.499999999999999,0.));
#2575=DIRECTION('',(-0.866025403784439,-0.499999999999999,0.));
#2576=DIRECTION('',(0.,0.,-1.));
#2577=DIRECTION('',(-0.866025403784439,-0.499999999999999,0.));
#2578=DIRECTION('',(0.,0.,-1.));
#2579=DIRECTION('center_axis',(1.,0.,0.));
#2580=DIRECTION('ref_axis',(0.,-1.,0.));
#2581=DIRECTION('',(0.,-1.,0.));
#2582=DIRECTION('',(0.,0.,-1.));
#2583=DIRECTION('',(0.,-1.,0.));
#2584=DIRECTION('center_axis',(0.500000000000003,0.866025403784437,0.));
#2585=DIRECTION('ref_axis',(0.866025403784437,-0.500000000000003,0.));
#2586=DIRECTION('',(0.866025403784437,-0.500000000000003,0.));
#2587=DIRECTION('',(0.,0.,-1.));
#2588=DIRECTION('',(0.866025403784437,-0.500000000000003,0.));
#2589=DIRECTION('center_axis',(-0.499999999999999,0.866025403784439,0.));
#2590=DIRECTION('ref_axis',(0.866025403784439,0.499999999999999,0.));
#2591=DIRECTION('',(0.866025403784439,0.499999999999999,0.));
#2592=DIRECTION('',(0.,0.,-1.));
#2593=DIRECTION('',(0.866025403784439,0.499999999999999,0.));
#2594=DIRECTION('center_axis',(-1.,0.,0.));
#2595=DIRECTION('ref_axis',(0.,1.,0.));
#2596=DIRECTION('',(0.,1.,0.));
#2597=DIRECTION('',(0.,0.,-1.));
#2598=DIRECTION('',(0.,1.,0.));
#2599=DIRECTION('center_axis',(-0.499999999999999,-0.866025403784439,0.));
#2600=DIRECTION('ref_axis',(-0.866025403784439,0.499999999999999,0.));
#2601=DIRECTION('',(-0.866025403784439,0.499999999999999,0.));
#2602=DIRECTION('',(-0.866025403784439,0.499999999999999,0.));
#2603=DIRECTION('center_axis',(0.,0.,1.));
#2604=DIRECTION('ref_axis',(1.,0.,0.));
#2605=DIRECTION('center_axis',(0.,0.,-1.));
#2606=DIRECTION('ref_axis',(1.,0.,0.));
#2607=DIRECTION('center_axis',(0.,0.,-1.));
#2608=DIRECTION('ref_axis',(-1.,0.,0.));
#2609=DIRECTION('center_axis',(0.,0.,1.));
#2610=DIRECTION('ref_axis',(1.,0.,0.));
#2611=DIRECTION('center_axis',(0.5,0.866025403784439,0.));
#2612=DIRECTION('ref_axis',(0.866025403784439,-0.499999999999999,0.));
#2613=DIRECTION('',(-0.866025403784439,0.499999999999999,0.));
#2614=DIRECTION('',(0.,0.,-1.));
#2615=DIRECTION('',(0.866025403784439,-0.499999999999999,0.));
#2616=DIRECTION('',(0.,0.,-1.));
#2617=DIRECTION('center_axis',(-0.499999999999999,0.866025403784439,0.));
#2618=DIRECTION('ref_axis',(0.866025403784439,0.499999999999999,0.));
#2619=DIRECTION('',(-0.866025403784439,-0.499999999999999,0.));
#2620=DIRECTION('',(0.,0.,-1.));
#2621=DIRECTION('',(0.866025403784439,0.499999999999999,0.));
#2622=DIRECTION('center_axis',(-1.,0.,0.));
#2623=DIRECTION('ref_axis',(0.,1.,0.));
#2624=DIRECTION('',(0.,-1.,0.));
#2625=DIRECTION('',(0.,0.,-1.));
#2626=DIRECTION('',(0.,1.,0.));
#2627=DIRECTION('center_axis',(-0.499999999999999,-0.866025403784439,0.));
#2628=DIRECTION('ref_axis',(-0.866025403784439,0.499999999999999,0.));
#2629=DIRECTION('',(0.866025403784439,-0.499999999999999,0.));
#2630=DIRECTION('',(0.,0.,-1.));
#2631=DIRECTION('',(-0.866025403784439,0.499999999999999,0.));
#2632=DIRECTION('center_axis',(0.500000000000003,-0.866025403784437,0.));
#2633=DIRECTION('ref_axis',(-0.866025403784437,-0.500000000000003,0.));
#2634=DIRECTION('',(0.866025403784437,0.500000000000003,0.));
#2635=DIRECTION('',(0.,0.,-1.));
#2636=DIRECTION('',(-0.866025403784437,-0.500000000000003,0.));
#2637=DIRECTION('center_axis',(1.,0.,0.));
#2638=DIRECTION('ref_axis',(0.,-1.,0.));
#2639=DIRECTION('',(0.,1.,0.));
#2640=DIRECTION('',(0.,-1.,0.));
#2641=DIRECTION('center_axis',(0.,0.,1.));
#2642=DIRECTION('ref_axis',(1.,0.,0.));
#2643=DIRECTION('center_axis',(0.,0.,-1.));
#2644=DIRECTION('ref_axis',(1.,0.,0.));
#2645=DIRECTION('center_axis',(0.,0.,-1.));
#2646=DIRECTION('ref_axis',(-1.,0.,0.));
#2647=DIRECTION('center_axis',(0.,0.,1.));
#2648=DIRECTION('ref_axis',(1.,0.,0.));
#2649=DIRECTION('center_axis',(0.,0.,1.));
#2650=DIRECTION('ref_axis',(1.,0.,0.));
#2651=DIRECTION('center_axis',(0.,0.,1.));
#2652=DIRECTION('ref_axis',(1.,0.,0.));
#2653=DIRECTION('',(0.,0.,1.));
#2654=DIRECTION('center_axis',(0.,0.,1.));
#2655=DIRECTION('ref_axis',(1.,0.,0.));
#2656=DIRECTION('center_axis',(0.,0.,1.));
#2657=DIRECTION('ref_axis',(1.,0.,0.));
#2658=DIRECTION('',(0.,0.,1.));
#2659=DIRECTION('center_axis',(0.,0.,-1.));
#2660=DIRECTION('ref_axis',(1.,0.,0.));
#2661=DIRECTION('center_axis',(0.,0.,-1.));
#2662=DIRECTION('ref_axis',(1.,0.,0.));
#2663=DIRECTION('',(0.,0.,-1.));
#2664=DIRECTION('center_axis',(0.,0.,1.));
#2665=DIRECTION('ref_axis',(1.,0.,0.));
#2666=DIRECTION('center_axis',(0.,0.,-1.));
#2667=DIRECTION('ref_axis',(1.,0.,0.));
#2668=DIRECTION('center_axis',(0.,0.,-1.));
#2669=DIRECTION('ref_axis',(1.,0.,0.));
#2670=DIRECTION('',(0.,0.,-1.));
#2671=DIRECTION('center_axis',(0.,0.,1.));
#2672=DIRECTION('ref_axis',(1.,0.,0.));
#2673=DIRECTION('center_axis',(0.,0.,-1.));
#2674=DIRECTION('ref_axis',(1.,0.,0.));
#2675=DIRECTION('center_axis',(0.,0.,-1.));
#2676=DIRECTION('ref_axis',(1.,0.,0.));
#2677=DIRECTION('',(0.,0.,-1.));
#2678=DIRECTION('center_axis',(0.,0.,1.));
#2679=DIRECTION('ref_axis',(1.,0.,0.));
#2680=DIRECTION('center_axis',(0.,0.,-1.));
#2681=DIRECTION('ref_axis',(1.,0.,0.));
#2682=DIRECTION('center_axis',(0.,0.,-1.));
#2683=DIRECTION('ref_axis',(1.,0.,0.));
#2684=DIRECTION('',(0.,0.,-1.));
#2685=DIRECTION('center_axis',(0.,0.,1.));
#2686=DIRECTION('ref_axis',(1.,0.,0.));
#2687=DIRECTION('center_axis',(-1.,-2.69144975666705E-15,0.));
#2688=DIRECTION('ref_axis',(0.,0.,-1.));
#2689=DIRECTION('',(0.,0.,1.));
#2690=DIRECTION('',(1.90314237416215E-15,-0.707106781186547,-0.707106781186548));
#2691=DIRECTION('',(-2.69144975666705E-15,1.,0.));
#2692=DIRECTION('center_axis',(-1.,-2.69144975666705E-15,0.));
#2693=DIRECTION('ref_axis',(2.69144975666705E-15,-1.,0.));
#2694=DIRECTION('',(2.69144975666705E-15,-1.,0.));
#2695=DIRECTION('',(1.90314237416215E-15,-0.707106781186547,-0.707106781186548));
#2696=DIRECTION('',(0.,0.,-1.));
#2697=DIRECTION('center_axis',(0.,0.,1.));
#2698=DIRECTION('ref_axis',(2.69144975666705E-15,-1.,0.));
#2699=DIRECTION('',(1.,0.,0.));
#2700=DIRECTION('',(-2.69144975666705E-15,1.,0.));
#2701=DIRECTION('',(1.,2.69144975666705E-15,0.));
#2702=DIRECTION('center_axis',(1.90314237416215E-15,-0.707106781186548,
0.707106781186547));
#2703=DIRECTION('ref_axis',(-1.90314237416215E-15,0.707106781186547,0.707106781186548));
#2704=DIRECTION('',(1.,2.69144975666705E-15,0.));
#2705=DIRECTION('',(1.,0.,-2.69144975666705E-15));
#2706=DIRECTION('',(1.90314237416215E-15,-0.707106781186547,-0.707106781186548));
#2707=DIRECTION('',(1.,0.,-2.69144975666705E-15));
#2708=DIRECTION('',(-1.90314237416215E-15,0.707106781186547,0.707106781186548));
#2709=DIRECTION('center_axis',(-1.,-2.69144975666705E-15,0.));
#2710=DIRECTION('ref_axis',(2.69144975666705E-15,-1.,0.));
#2711=DIRECTION('',(0.,0.,1.));
#2712=DIRECTION('center_axis',(1.,2.69144975666705E-15,0.));
#2713=DIRECTION('ref_axis',(0.,0.,1.));
#2714=DIRECTION('',(0.,0.,-1.));
#2715=DIRECTION('',(2.69144975666705E-15,-1.,0.));
#2716=DIRECTION('center_axis',(-1.,-2.69144975666705E-15,0.));
#2717=DIRECTION('ref_axis',(0.,0.,-1.));
#2718=DIRECTION('',(0.,0.,1.));
#2719=DIRECTION('',(1.90314237416215E-15,-0.707106781186547,-0.707106781186548));
#2720=DIRECTION('',(-2.69144975666705E-15,1.,0.));
#2721=DIRECTION('center_axis',(-1.,-2.69144975666705E-15,0.));
#2722=DIRECTION('ref_axis',(2.69144975666705E-15,-1.,0.));
#2723=DIRECTION('',(2.69144975666705E-15,-1.,0.));
#2724=DIRECTION('',(1.90314237416215E-15,-0.707106781186547,-0.707106781186548));
#2725=DIRECTION('',(0.,0.,-1.));
#2726=DIRECTION('center_axis',(0.,0.,1.));
#2727=DIRECTION('ref_axis',(2.69144975666705E-15,-1.,0.));
#2728=DIRECTION('',(1.,0.,0.));
#2729=DIRECTION('',(-2.69144975666705E-15,1.,0.));
#2730=DIRECTION('',(1.,2.69144975666705E-15,0.));
#2731=DIRECTION('center_axis',(1.90314237416215E-15,-0.707106781186548,
0.707106781186547));
#2732=DIRECTION('ref_axis',(-1.90314237416215E-15,0.707106781186547,0.707106781186548));
#2733=DIRECTION('',(1.,2.69144975666705E-15,0.));
#2734=DIRECTION('',(1.,0.,-2.69144975666705E-15));
#2735=DIRECTION('',(1.90314237416215E-15,-0.707106781186547,-0.707106781186548));
#2736=DIRECTION('',(1.,0.,-2.69144975666705E-15));
#2737=DIRECTION('',(-1.90314237416215E-15,0.707106781186547,0.707106781186548));
#2738=DIRECTION('center_axis',(-1.,-2.69144975666705E-15,0.));
#2739=DIRECTION('ref_axis',(2.69144975666705E-15,-1.,0.));
#2740=DIRECTION('',(0.,0.,1.));
#2741=DIRECTION('center_axis',(1.,2.69144975666705E-15,0.));
#2742=DIRECTION('ref_axis',(0.,0.,1.));
#2743=DIRECTION('',(0.,0.,-1.));
#2744=DIRECTION('',(2.69144975666705E-15,-1.,0.));
#2745=DIRECTION('center_axis',(1.,0.,0.));
#2746=DIRECTION('ref_axis',(0.,0.,-1.));
#2747=DIRECTION('',(0.,0.,-1.));
#2748=DIRECTION('',(0.,-1.,0.));
#2749=DIRECTION('',(0.,0.707106781186547,-0.707106781186548));
#2750=DIRECTION('center_axis',(1.,0.,0.));
#2751=DIRECTION('ref_axis',(0.,1.,0.));
#2752=DIRECTION('',(0.,1.,0.));
#2753=DIRECTION('',(0.,0.,1.));
#2754=DIRECTION('',(0.,0.707106781186547,-0.707106781186548));
#2755=DIRECTION('center_axis',(0.,0.,-1.));
#2756=DIRECTION('ref_axis',(0.,1.,0.));
#2757=DIRECTION('',(-1.,0.,0.));
#2758=DIRECTION('',(1.,0.,0.));
#2759=DIRECTION('',(0.,-1.,0.));
#2760=DIRECTION('center_axis',(0.,-0.707106781186548,-0.707106781186547));
#2761=DIRECTION('ref_axis',(0.,-0.707106781186547,0.707106781186548));
#2762=DIRECTION('',(1.,0.,0.));
#2763=DIRECTION('',(0.,-0.707106781186547,0.707106781186548));
#2764=DIRECTION('',(-1.,0.,0.));
#2765=DIRECTION('',(0.,0.707106781186547,-0.707106781186548));
#2766=DIRECTION('',(-1.,0.,0.));
#2767=DIRECTION('center_axis',(1.,0.,0.));
#2768=DIRECTION('ref_axis',(0.,1.,0.));
#2769=DIRECTION('',(0.,0.,-1.));
#2770=DIRECTION('center_axis',(-1.,0.,0.));
#2771=DIRECTION('ref_axis',(0.,0.,1.));
#2772=DIRECTION('',(0.,0.,1.));
#2773=DIRECTION('',(0.,1.,0.));
#2774=DIRECTION('center_axis',(0.,-1.,0.));
#2775=DIRECTION('ref_axis',(0.,0.,-1.));
#2776=DIRECTION('',(1.,0.,0.));
#2777=DIRECTION('',(0.,0.,-1.));
#2778=DIRECTION('',(-1.,0.,0.));
#2779=DIRECTION('',(0.,0.,1.));
#2780=DIRECTION('',(-1.,0.,0.));
#2781=DIRECTION('',(0.,0.,-1.));
#2782=DIRECTION('',(-1.,0.,0.));
#2783=DIRECTION('',(0.,0.,1.));
#2784=DIRECTION('',(1.,0.,0.));
#2785=DIRECTION('',(0.,0.,-1.));
#2786=DIRECTION('',(1.,0.,0.));
#2787=DIRECTION('',(0.,0.,-1.));
#2788=DIRECTION('',(1.,0.,0.));
#2789=DIRECTION('center_axis',(1.,0.,0.));
#2790=DIRECTION('ref_axis',(0.,0.,-1.));
#2791=DIRECTION('',(0.,-1.,0.));
#2792=DIRECTION('',(0.,0.707106781186547,-0.707106781186548));
#2793=DIRECTION('center_axis',(1.,0.,0.));
#2794=DIRECTION('ref_axis',(0.,1.,0.));
#2795=DIRECTION('',(0.,1.,0.));
#2796=DIRECTION('',(0.,0.707106781186547,-0.707106781186548));
#2797=DIRECTION('center_axis',(0.,0.,-1.));
#2798=DIRECTION('ref_axis',(0.,1.,0.));
#2799=DIRECTION('',(1.,0.,0.));
#2800=DIRECTION('',(0.,-1.,0.));
#2801=DIRECTION('center_axis',(0.,-0.707106781186548,-0.707106781186547));
#2802=DIRECTION('ref_axis',(0.,-0.707106781186547,0.707106781186548));
#2803=DIRECTION('',(1.,0.,0.));
#2804=DIRECTION('',(0.,-0.707106781186547,0.707106781186548));
#2805=DIRECTION('',(0.,0.707106781186547,-0.707106781186548));
#2806=DIRECTION('center_axis',(1.,0.,0.));
#2807=DIRECTION('ref_axis',(0.,1.,0.));
#2808=DIRECTION('center_axis',(-1.,0.,0.));
#2809=DIRECTION('ref_axis',(0.,0.,1.));
#2810=DIRECTION('',(0.,1.,0.));
#2811=DIRECTION('center_axis',(0.,0.,1.));
#2812=DIRECTION('ref_axis',(1.,0.,0.));
#2813=DIRECTION('center_axis',(0.,0.,-1.));
#2814=DIRECTION('ref_axis',(0.,1.,0.));
#2815=DIRECTION('center_axis',(0.,-1.,0.));
#2816=DIRECTION('ref_axis',(-1.,0.,0.));
#2817=DIRECTION('center_axis',(0.,0.,1.));
#2818=DIRECTION('ref_axis',(1.,0.,0.));
#2819=DIRECTION('center_axis',(0.,0.,-1.));
#2820=DIRECTION('ref_axis',(0.,1.,0.));
#2821=DIRECTION('center_axis',(0.,-1.,0.));
#2822=DIRECTION('ref_axis',(-1.,0.,0.));
#2823=DIRECTION('center_axis',(0.,0.,1.));
#2824=DIRECTION('ref_axis',(1.,0.,0.));
#2825=DIRECTION('center_axis',(0.,0.,-1.));
#2826=DIRECTION('ref_axis',(0.,1.,0.));
#2827=DIRECTION('center_axis',(0.,-1.,0.));
#2828=DIRECTION('ref_axis',(-1.,0.,0.));
#2829=DIRECTION('center_axis',(0.,0.,1.));
#2830=DIRECTION('ref_axis',(1.,0.,0.));
#2831=DIRECTION('center_axis',(0.,0.,-1.));
#2832=DIRECTION('ref_axis',(0.,1.,0.));
#2833=DIRECTION('center_axis',(1.70803542250024E-16,-1.,0.));
#2834=DIRECTION('ref_axis',(-1.,-1.70803542250024E-16,0.));
#2835=DIRECTION('center_axis',(1.,0.,0.));
#2836=DIRECTION('ref_axis',(0.,1.,0.));
#2837=DIRECTION('',(0.,0.476283148540753,-0.879291966536774));
#2838=DIRECTION('center_axis',(1.,0.,0.));
#2839=DIRECTION('ref_axis',(0.,1.,0.));
#2840=DIRECTION('',(0.,1.,0.));
#2841=DIRECTION('',(0.,0.,1.));
#2842=DIRECTION('',(0.,1.,0.));
#2843=DIRECTION('center_axis',(1.,0.,0.));
#2844=DIRECTION('ref_axis',(0.,1.,0.));
#2845=DIRECTION('',(0.,0.476283148540753,0.879291966536774));
#2846=DIRECTION('',(0.,1.,0.));
#2847=DIRECTION('',(0.,0.,-1.));
#2848=DIRECTION('',(0.,1.,0.));
#2849=DIRECTION('center_axis',(1.,0.,0.));
#2850=DIRECTION('ref_axis',(0.,1.,0.));
#2851=DIRECTION('center_axis',(-1.,0.,0.));
#2852=DIRECTION('ref_axis',(0.,1.,0.));
#2853=DIRECTION('',(1.,0.,0.));
#2854=DIRECTION('',(-1.,0.,0.));
#2855=DIRECTION('center_axis',(1.,0.,0.));
#2856=DIRECTION('ref_axis',(0.,1.,0.));
#2857=DIRECTION('',(-1.,0.,0.));
#2858=DIRECTION('',(-1.,0.,0.));
#2859=DIRECTION('center_axis',(0.984807753012208,0.,0.17364817766693));
#2860=DIRECTION('ref_axis',(0.17364817766693,0.,-0.984807753012208));
#2861=DIRECTION('center_axis',(-0.984807753012208,0.,-0.17364817766693));
#2862=DIRECTION('ref_axis',(0.17364817766693,0.,-0.984807753012208));
#2863=DIRECTION('',(0.153212350866583,0.470659810839042,-0.86891042001054));
#2864=DIRECTION('',(0.17364817766693,0.,-0.984807753012208));
#2865=DIRECTION('',(0.,1.,0.));
#2866=DIRECTION('',(-0.17364817766693,0.,0.984807753012208));
#2867=DIRECTION('',(-0.153212350866583,0.470659810839042,0.86891042001054));
#2868=DIRECTION('center_axis',(0.,1.,0.));
#2869=DIRECTION('ref_axis',(0.,0.,1.));
#2870=DIRECTION('',(1.,5.91645678915759E-33,0.));
#2871=DIRECTION('',(0.,0.,1.));
#2872=DIRECTION('',(1.,0.,0.));
#2873=DIRECTION('center_axis',(0.,-0.879291966536774,-0.476283148540753));
#2874=DIRECTION('ref_axis',(0.,0.476283148540753,-0.879291966536774));
#2875=DIRECTION('',(1.,0.,0.));
#2876=DIRECTION('',(0.153212350866583,-0.470659810839042,0.868910420010539));
#2877=DIRECTION('',(-1.,0.,0.));
#2878=DIRECTION('',(-1.,-1.34572487833352E-15,0.));
#2879=DIRECTION('',(-1.,0.,0.));
#2880=DIRECTION('center_axis',(0.,0.,1.));
#2881=DIRECTION('ref_axis',(1.,0.,0.));
#2882=DIRECTION('',(-1.,0.,0.));
#2883=DIRECTION('',(0.,1.,0.));
#2884=DIRECTION('',(-1.,0.,0.));
#2885=DIRECTION('',(0.,-1.,0.));
#2886=DIRECTION('',(1.,0.,0.));
#2887=DIRECTION('',(0.,-1.,0.));
#2888=DIRECTION('',(-1.,0.,0.));
#2889=DIRECTION('',(0.,1.,0.));
#2890=DIRECTION('',(1.,0.,0.));
#2891=DIRECTION('',(0.,1.,0.));
#2892=DIRECTION('',(-1.,0.,0.));
#2893=DIRECTION('',(0.,-1.,0.));
#2894=DIRECTION('',(1.,0.,0.));
#2895=DIRECTION('',(0.,-1.,0.));
#2896=DIRECTION('',(-1.,0.,0.));
#2897=DIRECTION('',(0.,-1.,0.));
#2898=DIRECTION('',(1.,5.91645678915759E-33,0.));
#2899=DIRECTION('',(0.,1.,0.));
#2900=DIRECTION('',(-1.,0.,0.));
#2901=DIRECTION('',(0.,1.,0.));
#2902=DIRECTION('',(1.,0.,0.));
#2903=DIRECTION('',(0.,-1.,0.));
#2904=DIRECTION('',(-1.,0.,0.));
#2905=DIRECTION('',(0.,-1.,0.));
#2906=DIRECTION('',(1.,0.,0.));
#2907=DIRECTION('',(0.,-1.,0.));
#2908=DIRECTION('',(-1.,0.,0.));
#2909=DIRECTION('',(0.,1.,0.));
#2910=DIRECTION('',(1.,0.,0.));
#2911=DIRECTION('',(0.,-1.,0.));
#2912=DIRECTION('',(-1.,0.,0.));
#2913=DIRECTION('',(0.,1.,0.));
#2914=DIRECTION('center_axis',(1.,0.,0.));
#2915=DIRECTION('ref_axis',(0.,1.,0.));
#2916=DIRECTION('',(0.,0.,1.));
#2917=DIRECTION('center_axis',(1.,0.,0.));
#2918=DIRECTION('ref_axis',(0.,0.965065502183406,-0.262008733624454));
#2919=DIRECTION('',(0.,1.,0.));
#2920=DIRECTION('center_axis',(1.,0.,0.));
#2921=DIRECTION('ref_axis',(0.,0.965065502183406,-0.262008733624454));
#2922=DIRECTION('',(1.,0.,0.));
#2923=DIRECTION('center_axis',(-1.,0.,0.));
#2924=DIRECTION('ref_axis',(0.,0.965065502183406,-0.262008733624454));
#2925=DIRECTION('',(1.,0.,0.));
#2926=DIRECTION('center_axis',(1.,0.,0.));
#2927=DIRECTION('ref_axis',(0.,1.,0.));
#2928=DIRECTION('',(0.,0.,-1.));
#2929=DIRECTION('',(0.,-1.,0.));
#2930=DIRECTION('center_axis',(0.,-1.,0.));
#2931=DIRECTION('ref_axis',(0.,0.,-1.));
#2932=DIRECTION('',(1.,0.,0.));
#2933=DIRECTION('',(0.,0.,-1.));
#2934=DIRECTION('center_axis',(1.,0.,0.));
#2935=DIRECTION('ref_axis',(0.,1.,0.));
#2936=DIRECTION('',(0.,0.,-1.));
#2937=DIRECTION('',(0.,1.,0.));
#2938=DIRECTION('center_axis',(1.,0.,0.));
#2939=DIRECTION('ref_axis',(0.,-0.965065502183406,0.262008733624454));
#2940=DIRECTION('center_axis',(1.,0.,0.));
#2941=DIRECTION('ref_axis',(0.,-0.965065502183406,0.262008733624454));
#2942=DIRECTION('',(1.,0.,0.));
#2943=DIRECTION('center_axis',(-1.,0.,0.));
#2944=DIRECTION('ref_axis',(0.,-0.965065502183406,0.262008733624454));
#2945=DIRECTION('',(-1.,0.,0.));
#2946=DIRECTION('center_axis',(1.,0.,0.));
#2947=DIRECTION('ref_axis',(0.,1.,0.));
#2948=DIRECTION('',(0.,-1.,0.));
#2949=DIRECTION('center_axis',(0.,1.,0.));
#2950=DIRECTION('ref_axis',(0.,0.,1.));
#2951=DIRECTION('',(0.,0.,1.));
#2952=DIRECTION('',(1.,0.,0.));
#2953=DIRECTION('center_axis',(1.,0.,0.));
#2954=DIRECTION('ref_axis',(0.,1.,0.));
#2955=DIRECTION('',(0.,0.,-1.));
#2956=DIRECTION('center_axis',(-1.,0.,0.));
#2957=DIRECTION('ref_axis',(0.,1.,0.));
#2958=DIRECTION('',(0.,-1.,0.));
#2959=DIRECTION('center_axis',(1.,0.,0.));
#2960=DIRECTION('ref_axis',(0.,1.,0.));
#2961=DIRECTION('',(0.,0.,1.));
#2962=DIRECTION('',(0.,-1.,0.));
#2963=DIRECTION('center_axis',(-1.,0.,0.));
#2964=DIRECTION('ref_axis',(0.,1.,0.));
#2965=DIRECTION('center_axis',(1.,0.,0.));
#2966=DIRECTION('ref_axis',(0.,1.,0.));
#2967=DIRECTION('center_axis',(1.,0.,0.));
#2968=DIRECTION('ref_axis',(0.,1.,0.));
#2969=DIRECTION('center_axis',(1.,0.,0.));
#2970=DIRECTION('ref_axis',(0.,1.,0.));
#2971=DIRECTION('',(1.,0.,0.));
#2972=DIRECTION('center_axis',(1.,0.,0.));
#2973=DIRECTION('ref_axis',(0.,1.,0.));
#2974=DIRECTION('',(1.,0.,0.));
#2975=DIRECTION('center_axis',(1.,0.,0.));
#2976=DIRECTION('ref_axis',(0.,1.,0.));
#2977=DIRECTION('',(-1.,0.,0.));
#2978=DIRECTION('',(1.,0.,0.));
#2979=DIRECTION('center_axis',(1.,0.,0.));
#2980=DIRECTION('ref_axis',(0.,1.,0.));
#2981=DIRECTION('center_axis',(0.,-1.,0.));
#2982=DIRECTION('ref_axis',(0.,0.,-1.));
#2983=DIRECTION('',(1.,0.,0.));
#2984=DIRECTION('center_axis',(0.,1.,0.));
#2985=DIRECTION('ref_axis',(-1.,0.,0.));
#2986=DIRECTION('',(0.,0.,1.));
#2987=DIRECTION('',(-1.,0.,0.));
#2988=DIRECTION('',(0.,0.,1.));
#2989=DIRECTION('center_axis',(-1.,0.,0.));
#2990=DIRECTION('ref_axis',(0.,1.,0.));
#2991=DIRECTION('',(0.,0.,1.));
#2992=DIRECTION('',(0.,-1.,0.));
#2993=DIRECTION('',(0.,1.,0.));
#2994=DIRECTION('',(0.,0.,1.));
#2995=DIRECTION('',(0.,1.,0.));
#2996=DIRECTION('',(0.,1.,0.));
#2997=DIRECTION('center_axis',(0.,-1.,0.));
#2998=DIRECTION('ref_axis',(1.,0.,0.));
#2999=DIRECTION('',(0.,0.,1.));
#3000=DIRECTION('',(1.,0.,0.));
#3001=DIRECTION('center_axis',(0.,0.,1.));
#3002=DIRECTION('ref_axis',(0.,-1.,0.));
#3003=DIRECTION('',(0.,-1.,0.));
#3004=DIRECTION('',(1.,0.,0.));
#3005=DIRECTION('',(1.,0.,0.));
#3006=DIRECTION('',(1.,0.,0.));
#3007=DIRECTION('center_axis',(0.,1.,0.));
#3008=DIRECTION('ref_axis',(0.,0.,1.));
#3009=DIRECTION('',(0.,0.,1.));
#3010=DIRECTION('',(1.,0.,0.));
#3011=DIRECTION('center_axis',(0.,0.,1.));
#3012=DIRECTION('ref_axis',(0.,-1.,0.));
#3013=DIRECTION('',(0.,1.,0.));
#3014=DIRECTION('center_axis',(0.,0.,-1.));
#3015=DIRECTION('ref_axis',(0.,1.,0.));
#3016=DIRECTION('center_axis',(0.,0.,-1.));
#3017=DIRECTION('ref_axis',(0.,1.,0.));
#3018=DIRECTION('center_axis',(0.,0.,1.));
#3019=DIRECTION('ref_axis',(1.,0.,0.));
#3020=DIRECTION('',(0.,0.,1.));
#3021=DIRECTION('center_axis',(0.,0.,-1.));
#3022=DIRECTION('ref_axis',(1.,0.,0.));
#3023=DIRECTION('center_axis',(0.,0.,1.));
#3024=DIRECTION('ref_axis',(1.,0.,0.));
#3025=DIRECTION('',(0.,0.,1.));
#3026=DIRECTION('center_axis',(0.,0.,-1.));
#3027=DIRECTION('ref_axis',(1.,0.,0.));
#3028=DIRECTION('center_axis',(-0.997314477224458,0.,0.0732381971276328));
#3029=DIRECTION('ref_axis',(-0.0732381971276328,0.,-0.997314477224458));
#3030=DIRECTION('',(0.0732381971276328,0.,0.997314477224458));
#3031=DIRECTION('',(0.,-1.,0.));
#3032=DIRECTION('',(-0.0732381971276328,0.,-0.997314477224458));
#3033=DIRECTION('',(0.,1.,0.));
#3034=DIRECTION('center_axis',(-0.707106781186546,0.,-0.707106781186549));
#3035=DIRECTION('ref_axis',(0.707106781186549,0.,-0.707106781186546));
#3036=DIRECTION('',(-0.707106781186549,0.,0.707106781186546));
#3037=DIRECTION('',(0.,-1.,0.));
#3038=DIRECTION('',(0.707106781186549,0.,-0.707106781186546));
#3039=DIRECTION('center_axis',(0.707106781186546,0.,-0.707106781186549));
#3040=DIRECTION('ref_axis',(0.707106781186549,0.,0.707106781186546));
#3041=DIRECTION('',(-0.707106781186549,0.,-0.707106781186546));
#3042=DIRECTION('',(0.,-1.,0.));
#3043=DIRECTION('',(0.707106781186549,0.,0.707106781186546));
#3044=DIRECTION('',(0.,1.,0.));
#3045=DIRECTION('center_axis',(0.997314477224458,0.,0.0732381971276328));
#3046=DIRECTION('ref_axis',(-0.0732381971276328,0.,0.997314477224458));
#3047=DIRECTION('',(0.0732381971276328,0.,-0.997314477224458));
#3048=DIRECTION('',(0.,-1.,0.));
#3049=DIRECTION('',(-0.0732381971276328,0.,0.997314477224458));
#3050=DIRECTION('center_axis',(0.984807753012208,0.,-0.173648177666931));
#3051=DIRECTION('ref_axis',(0.173648177666931,0.,0.984807753012208));
#3052=DIRECTION('',(-0.153212350866583,-0.470659810839042,-0.868910420010539));
#3053=DIRECTION('',(-0.173648177666931,0.,-0.984807753012208));
#3054=DIRECTION('',(0.,-1.,0.));
#3055=DIRECTION('',(0.173648177666931,0.,0.984807753012208));
#3056=DIRECTION('center_axis',(0.,0.,1.));
#3057=DIRECTION('ref_axis',(1.,0.,0.));
#3058=DIRECTION('',(-1.,0.,0.));
#3059=DIRECTION('',(1.,0.,0.));
#3060=DIRECTION('center_axis',(0.,-1.,0.));
#3061=DIRECTION('ref_axis',(0.,0.,-1.));
#3062=DIRECTION('center_axis',(0.,0.879291966536774,-0.476283148540753));
#3063=DIRECTION('ref_axis',(0.,0.476283148540753,0.879291966536774));
#3064=DIRECTION('',(-1.,0.,0.));
#3065=DIRECTION('',(1.,0.,0.));
#3066=DIRECTION('',(-1.,0.,0.));
#3067=DIRECTION('center_axis',(0.,-1.,0.));
#3068=DIRECTION('ref_axis',(0.,0.,-1.));
#3069=DIRECTION('',(-1.,0.,0.));
#3070=DIRECTION('center_axis',(0.,1.,0.));
#3071=DIRECTION('ref_axis',(0.,0.,1.));
#3072=DIRECTION('center_axis',(0.,1.,0.));
#3073=DIRECTION('ref_axis',(0.,0.,1.));
#3074=DIRECTION('',(1.,0.,0.));
#3075=DIRECTION('center_axis',(0.,0.,1.));
#3076=DIRECTION('ref_axis',(1.,0.,0.));
#3077=DIRECTION('center_axis',(0.,0.,1.));
#3078=DIRECTION('ref_axis',(1.,0.,0.));
#3079=DIRECTION('center_axis',(0.,0.,1.));
#3080=DIRECTION('ref_axis',(-1.,0.,0.));
#3081=DIRECTION('center_axis',(0.,0.,-1.));
#3082=DIRECTION('ref_axis',(-1.,0.,0.));
#3083=DIRECTION('',(0.,0.,1.));
#3084=DIRECTION('center_axis',(0.,0.,-1.));
#3085=DIRECTION('ref_axis',(-1.,0.,0.));
#3086=DIRECTION('center_axis',(0.,0.,-1.));
#3087=DIRECTION('ref_axis',(1.,0.,0.));
#3088=DIRECTION('center_axis',(0.,0.,1.));
#3089=DIRECTION('ref_axis',(-1.,0.,0.));
#3090=DIRECTION('',(0.,0.,1.));
#3091=DIRECTION('center_axis',(0.,0.,-1.));
#3092=DIRECTION('ref_axis',(-1.,0.,0.));
#3093=DIRECTION('center_axis',(0.,0.,1.));
#3094=DIRECTION('ref_axis',(-1.,0.,0.));
#3095=DIRECTION('',(0.,0.,1.));
#3096=DIRECTION('center_axis',(0.,0.,-1.));
#3097=DIRECTION('ref_axis',(-1.,0.,0.));
#3098=DIRECTION('center_axis',(0.,0.,1.));
#3099=DIRECTION('ref_axis',(-1.,0.,0.));
#3100=DIRECTION('center_axis',(0.,0.,-1.));
#3101=DIRECTION('ref_axis',(-1.,0.,0.));
#3102=DIRECTION('',(0.,0.,1.));
#3103=DIRECTION('center_axis',(0.,0.,-1.));
#3104=DIRECTION('ref_axis',(-1.,0.,0.));
#3105=DIRECTION('center_axis',(0.,0.,-1.));
#3106=DIRECTION('ref_axis',(1.,0.,0.));
#3107=DIRECTION('center_axis',(1.,0.,0.));
#3108=DIRECTION('ref_axis',(0.,1.,0.));
#3109=DIRECTION('',(0.,1.,0.));
#3110=DIRECTION('center_axis',(0.,0.,1.));
#3111=DIRECTION('ref_axis',(1.,0.,0.));
#3112=DIRECTION('center_axis',(0.,-1.,0.));
#3113=DIRECTION('ref_axis',(-1.,0.,0.));
#3114=DIRECTION('',(1.,0.,0.));
#3115=DIRECTION('',(0.,0.,-1.));
#3116=DIRECTION('',(0.,0.,-1.));
#3117=DIRECTION('center_axis',(1.,0.,0.));
#3118=DIRECTION('ref_axis',(0.,-1.,0.));
#3119=DIRECTION('',(0.,1.,0.));
#3120=DIRECTION('',(0.,0.,-1.));
#3121=DIRECTION('center_axis',(0.,1.,0.));
#3122=DIRECTION('ref_axis',(1.,0.,0.));
#3123=DIRECTION('',(-1.,0.,0.));
#3124=DIRECTION('',(0.,0.,-1.));
#3125=DIRECTION('center_axis',(-1.,0.,0.));
#3126=DIRECTION('ref_axis',(0.,1.,0.));
#3127=DIRECTION('',(0.,-1.,0.));
#3128=DIRECTION('center_axis',(0.,-1.,0.));
#3129=DIRECTION('ref_axis',(-1.,0.,0.));
#3130=DIRECTION('',(1.,0.,0.));
#3131=DIRECTION('',(0.,0.,-1.));
#3132=DIRECTION('',(0.,0.,-1.));
#3133=DIRECTION('center_axis',(1.,0.,0.));
#3134=DIRECTION('ref_axis',(0.,-1.,0.));
#3135=DIRECTION('',(0.,1.,0.));
#3136=DIRECTION('',(0.,0.,-1.));
#3137=DIRECTION('center_axis',(0.,1.,0.));
#3138=DIRECTION('ref_axis',(1.,0.,0.));
#3139=DIRECTION('',(-1.,0.,0.));
#3140=DIRECTION('',(0.,0.,-1.));
#3141=DIRECTION('center_axis',(-1.,0.,0.));
#3142=DIRECTION('ref_axis',(0.,1.,0.));
#3143=DIRECTION('',(0.,-1.,0.));
#3144=DIRECTION('center_axis',(-1.,0.,0.));
#3145=DIRECTION('ref_axis',(0.,1.,0.));
#3146=DIRECTION('',(0.,-1.,0.));
#3147=DIRECTION('',(0.,0.,-1.));
#3148=DIRECTION('',(0.,0.,-1.));
#3149=DIRECTION('center_axis',(0.,-1.,0.));
#3150=DIRECTION('ref_axis',(-1.,0.,0.));
#3151=DIRECTION('',(1.,0.,0.));
#3152=DIRECTION('',(0.,0.,-1.));
#3153=DIRECTION('center_axis',(1.,0.,0.));
#3154=DIRECTION('ref_axis',(0.,-1.,0.));
#3155=DIRECTION('',(0.,1.,0.));
#3156=DIRECTION('',(0.,0.,-1.));
#3157=DIRECTION('center_axis',(0.,1.,0.));
#3158=DIRECTION('ref_axis',(1.,0.,0.));
#3159=DIRECTION('',(-1.,0.,0.));
#3160=DIRECTION('center_axis',(0.,-1.,0.));
#3161=DIRECTION('ref_axis',(-1.,0.,0.));
#3162=DIRECTION('',(1.,0.,0.));
#3163=DIRECTION('',(0.,0.,-1.));
#3164=DIRECTION('',(0.,0.,-1.));
#3165=DIRECTION('center_axis',(1.,0.,0.));
#3166=DIRECTION('ref_axis',(0.,-1.,0.));
#3167=DIRECTION('',(0.,1.,0.));
#3168=DIRECTION('',(0.,0.,-1.));
#3169=DIRECTION('center_axis',(0.,1.,0.));
#3170=DIRECTION('ref_axis',(1.,0.,0.));
#3171=DIRECTION('',(-1.,0.,0.));
#3172=DIRECTION('',(0.,0.,-1.));
#3173=DIRECTION('center_axis',(-1.,0.,0.));
#3174=DIRECTION('ref_axis',(0.,1.,0.));
#3175=DIRECTION('',(0.,-1.,0.));
#3176=DIRECTION('center_axis',(1.,0.,0.));
#3177=DIRECTION('ref_axis',(0.,-1.,0.));
#3178=DIRECTION('',(0.,1.,0.));
#3179=DIRECTION('center_axis',(0.,0.,-1.));
#3180=DIRECTION('ref_axis',(-1.,0.,0.));
#3181=DIRECTION('center_axis',(0.,0.,1.));
#3182=DIRECTION('ref_axis',(1.,0.,0.));
#3183=DIRECTION('center_axis',(1.70803542250024E-16,-1.,0.));
#3184=DIRECTION('ref_axis',(-1.,-1.70803542250024E-16,0.));
#3185=DIRECTION('center_axis',(0.,0.,1.));
#3186=DIRECTION('ref_axis',(1.,0.,0.));
#3187=DIRECTION('center_axis',(1.70803542250024E-16,-1.,0.));
#3188=DIRECTION('ref_axis',(-1.,-1.70803542250024E-16,0.));
#3189=CARTESIAN_POINT('',(0.,0.,0.));
#3190=CARTESIAN_POINT('Origin',(223.55,51.9504065443768,55.));
#3191=CARTESIAN_POINT('',(223.55,51.9504065443768,55.));
#3192=CARTESIAN_POINT('',(220.,49.9008130887536,55.));
#3193=CARTESIAN_POINT('',(223.55,51.9504065443768,55.));
#3194=CARTESIAN_POINT('',(223.55,51.9504065443768,51.7));
#3195=CARTESIAN_POINT('',(223.55,51.9504065443768,55.));
#3196=CARTESIAN_POINT('',(220.,49.9008130887536,51.7));
#3197=CARTESIAN_POINT('',(223.55,51.9504065443768,51.7));
#3198=CARTESIAN_POINT('',(220.,49.9008130887536,55.));
#3199=CARTESIAN_POINT('Origin',(223.55,56.0495934556232,55.));
#3200=CARTESIAN_POINT('',(223.55,56.0495934556232,55.));
#3201=CARTESIAN_POINT('',(223.55,56.0495934556232,55.));
#3202=CARTESIAN_POINT('',(223.55,56.0495934556232,51.7));
#3203=CARTESIAN_POINT('',(223.55,56.0495934556232,55.));
#3204=CARTESIAN_POINT('',(223.55,56.0495934556232,51.7));
#3205=CARTESIAN_POINT('Origin',(220.,58.0991869112463,55.));
#3206=CARTESIAN_POINT('',(220.,58.0991869112463,55.));
#3207=CARTESIAN_POINT('',(220.,58.0991869112463,55.));
#3208=CARTESIAN_POINT('',(220.,58.0991869112463,51.7));
#3209=CARTESIAN_POINT('',(220.,58.0991869112463,55.));
#3210=CARTESIAN_POINT('',(220.,58.0991869112463,51.7));
#3211=CARTESIAN_POINT('Origin',(216.45,56.0495934556232,55.));
#3212=CARTESIAN_POINT('',(216.45,56.0495934556232,55.));
#3213=CARTESIAN_POINT('',(216.45,56.0495934556232,55.));
#3214=CARTESIAN_POINT('',(216.45,56.0495934556232,51.7));
#3215=CARTESIAN_POINT('',(216.45,56.0495934556232,55.));
#3216=CARTESIAN_POINT('',(216.45,56.0495934556232,51.7));
#3217=CARTESIAN_POINT('Origin',(216.45,51.9504065443768,55.));
#3218=CARTESIAN_POINT('',(216.45,51.9504065443768,55.));
#3219=CARTESIAN_POINT('',(216.45,51.9504065443768,55.));
#3220=CARTESIAN_POINT('',(216.45,51.9504065443768,51.7));
#3221=CARTESIAN_POINT('',(216.45,51.9504065443768,55.));
#3222=CARTESIAN_POINT('',(216.45,51.9504065443768,51.7));
#3223=CARTESIAN_POINT('Origin',(220.,49.9008130887536,55.));
#3224=CARTESIAN_POINT('',(220.,49.9008130887536,55.));
#3225=CARTESIAN_POINT('',(220.,49.9008130887536,51.7));
#3226=CARTESIAN_POINT('Origin',(220.,54.,55.));
#3227=CARTESIAN_POINT('',(217.875,54.,55.));
#3228=CARTESIAN_POINT('Origin',(220.,54.,55.));
#3229=CARTESIAN_POINT('Origin',(220.,54.,51.7));
#3230=CARTESIAN_POINT('',(217.875,54.,51.7));
#3231=CARTESIAN_POINT('Origin',(220.,54.,51.7));
#3232=CARTESIAN_POINT('Origin',(220.,100.099186911246,55.));
#3233=CARTESIAN_POINT('',(223.55,98.0495934556232,55.));
#3234=CARTESIAN_POINT('',(220.,100.099186911246,55.));
#3235=CARTESIAN_POINT('',(223.55,98.0495934556232,55.));
#3236=CARTESIAN_POINT('',(220.,100.099186911246,51.7));
#3237=CARTESIAN_POINT('',(220.,100.099186911246,55.));
#3238=CARTESIAN_POINT('',(223.55,98.0495934556232,51.7));
#3239=CARTESIAN_POINT('',(223.55,98.0495934556232,51.7));
#3240=CARTESIAN_POINT('',(223.55,98.0495934556232,55.));
#3241=CARTESIAN_POINT('Origin',(216.45,98.0495934556232,55.));
#3242=CARTESIAN_POINT('',(216.45,98.0495934556232,55.));
#3243=CARTESIAN_POINT('',(220.,100.099186911246,55.));
#3244=CARTESIAN_POINT('',(216.45,98.0495934556232,51.7));
#3245=CARTESIAN_POINT('',(216.45,98.0495934556232,55.));
#3246=CARTESIAN_POINT('',(220.,100.099186911246,51.7));
#3247=CARTESIAN_POINT('Origin',(216.45,93.9504065443768,55.));
#3248=CARTESIAN_POINT('',(216.45,93.9504065443768,55.));
#3249=CARTESIAN_POINT('',(216.45,98.0495934556232,55.));
#3250=CARTESIAN_POINT('',(216.45,93.9504065443768,51.7));
#3251=CARTESIAN_POINT('',(216.45,93.9504065443768,55.));
#3252=CARTESIAN_POINT('',(216.45,98.0495934556232,51.7));
#3253=CARTESIAN_POINT('Origin',(220.,91.9008130887536,55.));
#3254=CARTESIAN_POINT('',(220.,91.9008130887536,55.));
#3255=CARTESIAN_POINT('',(216.45,93.9504065443768,55.));
#3256=CARTESIAN_POINT('',(220.,91.9008130887536,51.7));
#3257=CARTESIAN_POINT('',(220.,91.9008130887536,55.));
#3258=CARTESIAN_POINT('',(216.45,93.9504065443768,51.7));
#3259=CARTESIAN_POINT('Origin',(223.55,93.9504065443768,55.));
#3260=CARTESIAN_POINT('',(223.55,93.9504065443768,55.));
#3261=CARTESIAN_POINT('',(220.,91.9008130887536,55.));
#3262=CARTESIAN_POINT('',(223.55,93.9504065443768,51.7));
#3263=CARTESIAN_POINT('',(223.55,93.9504065443768,55.));
#3264=CARTESIAN_POINT('',(220.,91.9008130887536,51.7));
#3265=CARTESIAN_POINT('Origin',(223.55,98.0495934556232,55.));
#3266=CARTESIAN_POINT('',(223.55,93.9504065443768,55.));
#3267=CARTESIAN_POINT('',(223.55,93.9504065443768,51.7));
#3268=CARTESIAN_POINT('Origin',(220.,96.,55.));
#3269=CARTESIAN_POINT('',(217.875,96.,55.));
#3270=CARTESIAN_POINT('Origin',(220.,96.,55.));
#3271=CARTESIAN_POINT('Origin',(220.,96.,51.7));
#3272=CARTESIAN_POINT('',(217.875,96.,51.7));
#3273=CARTESIAN_POINT('Origin',(220.,96.,51.7));
#3274=CARTESIAN_POINT('Origin',(220.,54.,0.));
#3275=CARTESIAN_POINT('',(217.875,54.,-5.));
#3276=CARTESIAN_POINT('Origin',(220.,54.,-5.));
#3277=CARTESIAN_POINT('',(217.875,54.,0.));
#3278=CARTESIAN_POINT('Origin',(220.,96.,0.));
#3279=CARTESIAN_POINT('',(217.875,96.,-5.));
#3280=CARTESIAN_POINT('Origin',(220.,96.,-5.));
#3281=CARTESIAN_POINT('',(217.875,96.,0.));
#3282=CARTESIAN_POINT('Origin',(166.666666666667,-12.5,55.));
#3283=CARTESIAN_POINT('',(164.541666666667,-12.5,60.));
#3284=CARTESIAN_POINT('Origin',(166.666666666667,-12.5,60.));
#3285=CARTESIAN_POINT('',(164.541666666667,-12.5,57.));
#3286=CARTESIAN_POINT('',(164.541666666667,-12.5,55.));
#3287=CARTESIAN_POINT('Origin',(166.666666666667,-12.5,57.));
#3288=CARTESIAN_POINT('Origin',(83.3333333333334,162.5,55.));
#3289=CARTESIAN_POINT('',(81.2083333333334,162.5,60.));
#3290=CARTESIAN_POINT('Origin',(83.3333333333334,162.5,60.));
#3291=CARTESIAN_POINT('',(81.2083333333334,162.5,57.));
#3292=CARTESIAN_POINT('',(81.2083333333334,162.5,55.));
#3293=CARTESIAN_POINT('Origin',(83.3333333333334,162.5,57.));
#3294=CARTESIAN_POINT('Origin',(83.3333333333334,-12.5,55.));
#3295=CARTESIAN_POINT('',(81.2083333333334,-12.5,60.));
#3296=CARTESIAN_POINT('Origin',(83.3333333333334,-12.5,60.));
#3297=CARTESIAN_POINT('',(81.2083333333334,-12.5,57.));
#3298=CARTESIAN_POINT('',(81.2083333333334,-12.5,55.));
#3299=CARTESIAN_POINT('Origin',(83.3333333333334,-12.5,57.));
#3300=CARTESIAN_POINT('Origin',(166.666666666667,162.5,55.));
#3301=CARTESIAN_POINT('',(164.541666666667,162.5,60.));
#3302=CARTESIAN_POINT('Origin',(166.666666666667,162.5,60.));
#3303=CARTESIAN_POINT('',(164.541666666667,162.5,57.));
#3304=CARTESIAN_POINT('',(164.541666666667,162.5,55.));
#3305=CARTESIAN_POINT('Origin',(166.666666666667,162.5,57.));
#3306=CARTESIAN_POINT('Origin',(175.666666666666,162.5,52.5));
#3307=CARTESIAN_POINT('',(175.666666666666,155.000000074506,45.));
#3308=CARTESIAN_POINT('',(175.666666666666,155.,60.));
#3309=CARTESIAN_POINT('',(175.666666666666,155.,23.75));
#3310=CARTESIAN_POINT('',(175.666666666666,170.,60.));
#3311=CARTESIAN_POINT('',(175.666666666666,170.,60.));
#3312=CARTESIAN_POINT('',(175.666666666666,155.,60.));
#3313=CARTESIAN_POINT('Origin',(172.666666666666,162.5,52.5));
#3314=CARTESIAN_POINT('',(172.666666666666,167.,57.));
#3315=CARTESIAN_POINT('',(172.666666666666,155.000000074506,57.));
#3316=CARTESIAN_POINT('',(172.666666666666,155.000000074506,57.));
#3317=CARTESIAN_POINT('',(172.666666666666,155.000000074506,45.));
#3318=CARTESIAN_POINT('',(172.666666666666,170.,60.));
#3319=CARTESIAN_POINT('',(172.666666666666,155.,23.75));
#3320=CARTESIAN_POINT('Origin',(166.666666666666,167.,57.));
#3321=CARTESIAN_POINT('',(160.666666666666,155.000000074506,57.));
#3322=CARTESIAN_POINT('',(83.3333333333332,155.,57.));
#3323=CARTESIAN_POINT('',(160.666666666666,167.,57.));
#3324=CARTESIAN_POINT('',(160.666666666666,164.75,57.));
#3325=CARTESIAN_POINT('',(166.666666666666,167.,57.));
#3326=CARTESIAN_POINT('Origin',(160.666666666666,155.000000037253,45.0000000372529));
#3327=CARTESIAN_POINT('',(157.666666666666,170.,60.));
#3328=CARTESIAN_POINT('',(166.666666666666,170.,60.));
#3329=CARTESIAN_POINT('',(80.3333333333333,155.,45.0000000000004));
#3330=CARTESIAN_POINT('',(160.666666666666,155.000000074506,45.));
#3331=CARTESIAN_POINT('',(160.666666666666,170.,60.));
#3332=CARTESIAN_POINT('',(157.666666666666,155.000000074506,45.));
#3333=CARTESIAN_POINT('',(80.3333333333333,155.,45.0000000000004));
#3334=CARTESIAN_POINT('',(157.666666666666,170.,60.));
#3335=CARTESIAN_POINT('Origin',(160.666666666666,162.5,52.5));
#3336=CARTESIAN_POINT('',(160.666666666666,155.,23.75));
#3337=CARTESIAN_POINT('Origin',(157.666666666666,162.5,52.5));
#3338=CARTESIAN_POINT('',(157.666666666666,155.,60.));
#3339=CARTESIAN_POINT('',(157.666666666666,155.,23.75));
#3340=CARTESIAN_POINT('',(157.666666666666,155.,60.));
#3341=CARTESIAN_POINT('Origin',(92.3333333333331,162.5,52.5));
#3342=CARTESIAN_POINT('',(92.3333333333331,155.000000074505,45.));
#3343=CARTESIAN_POINT('',(92.3333333333331,155.,60.));
#3344=CARTESIAN_POINT('',(92.3333333333331,155.,23.75));
#3345=CARTESIAN_POINT('',(92.3333333333331,170.,60.));
#3346=CARTESIAN_POINT('',(92.3333333333331,170.,60.));
#3347=CARTESIAN_POINT('',(92.3333333333331,155.,60.));
#3348=CARTESIAN_POINT('Origin',(89.3333333333331,162.5,52.5));
#3349=CARTESIAN_POINT('',(89.3333333333331,167.,57.));
#3350=CARTESIAN_POINT('',(89.3333333333331,155.000000074505,57.));
#3351=CARTESIAN_POINT('',(89.3333333333331,155.000000074505,57.));
#3352=CARTESIAN_POINT('',(89.3333333333331,155.000000074505,45.));
#3353=CARTESIAN_POINT('',(89.3333333333331,170.,60.));
#3354=CARTESIAN_POINT('',(89.3333333333331,155.,23.75));
#3355=CARTESIAN_POINT('Origin',(83.3333333333331,167.,57.));
#3356=CARTESIAN_POINT('',(77.3333333333331,155.000000074505,57.));
#3357=CARTESIAN_POINT('',(41.6666666666665,155.,57.));
#3358=CARTESIAN_POINT('',(77.3333333333331,167.,57.));
#3359=CARTESIAN_POINT('',(77.3333333333331,164.75,57.));
#3360=CARTESIAN_POINT('',(83.3333333333331,167.,57.));
#3361=CARTESIAN_POINT('Origin',(77.3333333333331,155.000000037253,45.0000000372529));
#3362=CARTESIAN_POINT('',(74.3333333333331,170.,60.));
#3363=CARTESIAN_POINT('',(83.3333333333331,170.,60.));
#3364=CARTESIAN_POINT('',(38.6666666666666,155.,45.0000000000005));
#3365=CARTESIAN_POINT('',(77.3333333333331,155.000000074505,45.));
#3366=CARTESIAN_POINT('',(77.3333333333331,170.,60.));
#3367=CARTESIAN_POINT('',(74.3333333333331,155.000000074505,45.));
#3368=CARTESIAN_POINT('',(38.6666666666666,155.,45.0000000000005));
#3369=CARTESIAN_POINT('',(74.3333333333331,170.,60.));
#3370=CARTESIAN_POINT('Origin',(77.3333333333331,162.5,52.5));
#3371=CARTESIAN_POINT('',(77.3333333333331,155.,23.75));
#3372=CARTESIAN_POINT('Origin',(74.3333333333331,162.5,52.5));
#3373=CARTESIAN_POINT('',(74.3333333333331,155.,60.));
#3374=CARTESIAN_POINT('',(74.3333333333331,155.,23.75));
#3375=CARTESIAN_POINT('',(74.3333333333331,155.,60.));
#3376=CARTESIAN_POINT('Origin',(175.666666666667,-12.5,52.5));
#3377=CARTESIAN_POINT('',(175.666666666667,-5.,60.));
#3378=CARTESIAN_POINT('',(175.666666666667,-5.00000007450581,45.));
#3379=CARTESIAN_POINT('',(175.666666666667,-5.,56.25));
#3380=CARTESIAN_POINT('',(175.666666666667,-20.,60.));
#3381=CARTESIAN_POINT('',(175.666666666667,-5.,60.));
#3382=CARTESIAN_POINT('',(175.666666666667,-20.,60.));
#3383=CARTESIAN_POINT('Origin',(172.666666666667,-12.5,52.5));
#3384=CARTESIAN_POINT('',(172.666666666667,-17.,57.));
#3385=CARTESIAN_POINT('',(172.666666666667,-5.00000007450581,57.));
#3386=CARTESIAN_POINT('',(172.666666666667,-5.00000007450581,57.));
#3387=CARTESIAN_POINT('',(172.666666666667,-5.00000007450581,45.));
#3388=CARTESIAN_POINT('',(172.666666666667,-5.,56.25));
#3389=CARTESIAN_POINT('',(172.666666666667,-20.,60.));
#3390=CARTESIAN_POINT('Origin',(166.666666666667,-17.,57.));
#3391=CARTESIAN_POINT('',(160.666666666667,-5.00000007450581,57.));
#3392=CARTESIAN_POINT('',(83.3333333333333,-5.,57.));
#3393=CARTESIAN_POINT('',(160.666666666667,-17.,57.));
#3394=CARTESIAN_POINT('',(166.666666666667,-17.,57.));
#3395=CARTESIAN_POINT('',(160.666666666667,-14.75,57.));
#3396=CARTESIAN_POINT('Origin',(160.666666666667,-5.0000000372529,45.0000000372529));
#3397=CARTESIAN_POINT('',(157.666666666667,-20.,60.));
#3398=CARTESIAN_POINT('',(166.666666666667,-20.,60.));
#3399=CARTESIAN_POINT('',(157.666666666667,-5.00000007450581,45.));
#3400=CARTESIAN_POINT('',(157.666666666667,-20.,60.));
#3401=CARTESIAN_POINT('',(160.666666666667,-5.00000007450581,45.));
#3402=CARTESIAN_POINT('',(80.3333333333333,-5.,45.));
#3403=CARTESIAN_POINT('',(160.666666666667,-20.,60.));
#3404=CARTESIAN_POINT('',(80.3333333333333,-5.,45.));
#3405=CARTESIAN_POINT('Origin',(160.666666666667,-12.5,52.5));
#3406=CARTESIAN_POINT('',(160.666666666667,-5.,56.25));
#3407=CARTESIAN_POINT('Origin',(157.666666666667,-12.5,52.5));
#3408=CARTESIAN_POINT('',(157.666666666667,-5.,60.));
#3409=CARTESIAN_POINT('',(157.666666666667,-5.,56.25));
#3410=CARTESIAN_POINT('',(157.666666666667,-5.,60.));
#3411=CARTESIAN_POINT('Origin',(0.,-5.,60.));
#3412=CARTESIAN_POINT('',(92.3333333333333,-5.,60.));
#3413=CARTESIAN_POINT('',(0.,-5.,60.));
#3414=CARTESIAN_POINT('',(92.3333333333333,-5.00000007450581,45.));
#3415=CARTESIAN_POINT('',(92.3333333333333,-5.,56.25));
#3416=CARTESIAN_POINT('',(89.3333333333333,-5.00000007450581,45.));
#3417=CARTESIAN_POINT('',(38.6666666666667,-5.,45.));
#3418=CARTESIAN_POINT('',(89.3333333333333,-5.00000007450581,57.));
#3419=CARTESIAN_POINT('',(89.3333333333333,-5.,56.25));
#3420=CARTESIAN_POINT('',(77.3333333333333,-5.00000007450581,57.));
#3421=CARTESIAN_POINT('',(41.6666666666667,-5.,57.));
#3422=CARTESIAN_POINT('',(77.3333333333333,-5.00000007450581,45.));
#3423=CARTESIAN_POINT('',(77.3333333333333,-5.,56.25));
#3424=CARTESIAN_POINT('',(74.3333333333333,-5.00000007450581,45.));
#3425=CARTESIAN_POINT('',(38.6666666666667,-5.,45.));
#3426=CARTESIAN_POINT('',(74.3333333333333,-5.,60.));
#3427=CARTESIAN_POINT('',(74.3333333333333,-5.,56.25));
#3428=CARTESIAN_POINT('',(0.,-5.,60.));
#3429=CARTESIAN_POINT('',(0.,-5.,60.));
#3430=CARTESIAN_POINT('',(0.,-5.,-5.));
#3431=CARTESIAN_POINT('',(0.,-5.,155.));
#3432=CARTESIAN_POINT('',(250.,-5.,-5.));
#3433=CARTESIAN_POINT('',(0.,-5.,-5.));
#3434=CARTESIAN_POINT('',(250.,-5.,60.));
#3435=CARTESIAN_POINT('',(250.,-5.,155.));
#3436=CARTESIAN_POINT('',(0.,-5.,60.));
#3437=CARTESIAN_POINT('Origin',(92.3333333333333,-12.5,52.5));
#3438=CARTESIAN_POINT('',(92.3333333333333,-20.,60.));
#3439=CARTESIAN_POINT('',(92.3333333333333,-5.,60.));
#3440=CARTESIAN_POINT('',(92.3333333333333,-20.,60.));
#3441=CARTESIAN_POINT('Origin',(89.3333333333333,-12.5,52.5));
#3442=CARTESIAN_POINT('',(89.3333333333333,-17.,57.));
#3443=CARTESIAN_POINT('',(89.3333333333333,-5.00000007450581,57.));
#3444=CARTESIAN_POINT('',(89.3333333333333,-20.,60.));
#3445=CARTESIAN_POINT('Origin',(83.3333333333333,-17.,57.));
#3446=CARTESIAN_POINT('',(77.3333333333333,-17.,57.));
#3447=CARTESIAN_POINT('',(83.3333333333333,-17.,57.));
#3448=CARTESIAN_POINT('',(77.3333333333333,-14.75,57.));
#3449=CARTESIAN_POINT('Origin',(77.3333333333333,-5.0000000372529,45.0000000372529));
#3450=CARTESIAN_POINT('',(74.3333333333333,-20.,60.));
#3451=CARTESIAN_POINT('',(83.3333333333333,-20.,60.));
#3452=CARTESIAN_POINT('',(74.3333333333333,-20.,60.));
#3453=CARTESIAN_POINT('',(77.3333333333333,-20.,60.));
#3454=CARTESIAN_POINT('Origin',(77.3333333333333,-12.5,52.5));
#3455=CARTESIAN_POINT('Origin',(74.3333333333333,-12.5,52.5));
#3456=CARTESIAN_POINT('',(74.3333333333333,-5.,60.));
#3457=CARTESIAN_POINT('Origin',(242.500000111759,146.500000089407,60.));
#3458=CARTESIAN_POINT('',(239.250000111759,146.500000089407,60.));
#3459=CARTESIAN_POINT('Origin',(242.500000111759,146.500000089407,60.));
#3460=CARTESIAN_POINT('',(242.500000111759,146.500000089407,63.25));
#3461=CARTESIAN_POINT('Origin',(242.500000111759,146.500000089407,60.));
#3462=CARTESIAN_POINT('Origin',(125.000000111759,146.500000089407,60.));
#3463=CARTESIAN_POINT('',(121.750000111759,146.500000089407,60.));
#3464=CARTESIAN_POINT('Origin',(125.000000111759,146.500000089407,60.));
#3465=CARTESIAN_POINT('',(125.000000111759,146.500000089407,63.25));
#3466=CARTESIAN_POINT('Origin',(125.000000111759,146.500000089407,60.));
#3467=CARTESIAN_POINT('Origin',(7.50000011175871,146.500000089407,60.));
#3468=CARTESIAN_POINT('',(4.25000011175871,146.500000089407,60.));
#3469=CARTESIAN_POINT('Origin',(7.50000011175871,146.500000089407,60.));
#3470=CARTESIAN_POINT('',(7.50000011175871,146.500000089407,63.25));
#3471=CARTESIAN_POINT('Origin',(7.50000011175871,146.500000089407,60.));
#3472=CARTESIAN_POINT('Origin',(7.50000011175871,3.50000008940697,60.));
#3473=CARTESIAN_POINT('',(4.25000011175871,3.50000008940697,60.));
#3474=CARTESIAN_POINT('Origin',(7.50000011175871,3.50000008940697,60.));
#3475=CARTESIAN_POINT('',(7.50000011175871,3.50000008940697,63.25));
#3476=CARTESIAN_POINT('Origin',(7.50000011175871,3.50000008940697,60.));
#3477=CARTESIAN_POINT('Origin',(235.,75.,30.));
#3478=CARTESIAN_POINT('',(235.,119.856015088694,27.9581259901043));
#3479=CARTESIAN_POINT('',(235.,135.,0.));
#3480=CARTESIAN_POINT('',(235.,105.662751677852,54.1610738255034));
#3481=CARTESIAN_POINT('',(235.,138.245553203368,60.));
#3482=CARTESIAN_POINT('Origin',(235.,75.,75.));
#3483=CARTESIAN_POINT('',(235.,150.,60.));
#3484=CARTESIAN_POINT('',(235.,-5.,60.));
#3485=CARTESIAN_POINT('',(235.,150.,0.));
#3486=CARTESIAN_POINT('',(235.,150.,45.));
#3487=CARTESIAN_POINT('',(235.,75.,0.));
#3488=CARTESIAN_POINT('Origin',(235.,75.,30.));
#3489=CARTESIAN_POINT('',(235.,15.,0.));
#3490=CARTESIAN_POINT('',(235.,30.1439849113065,27.9581259901043));
#3491=CARTESIAN_POINT('',(235.,28.0872483221476,24.1610738255034));
#3492=CARTESIAN_POINT('',(235.,0.,0.));
#3493=CARTESIAN_POINT('',(235.,75.,0.));
#3494=CARTESIAN_POINT('',(235.,0.,60.));
#3495=CARTESIAN_POINT('',(235.,0.,12.5));
#3496=CARTESIAN_POINT('',(235.,11.7544467966324,60.));
#3497=CARTESIAN_POINT('',(235.,-5.,60.));
#3498=CARTESIAN_POINT('Origin',(235.,75.,75.));
#3499=CARTESIAN_POINT('Origin',(250.,75.,75.));
#3500=CARTESIAN_POINT('',(245.070228057898,30.1439849113065,27.9581259901043));
#3501=CARTESIAN_POINT('',(250.,30.1439849113065,27.9581259901043));
#3502=CARTESIAN_POINT('',(250.,11.7544467966324,60.));
#3503=CARTESIAN_POINT('',(250.,11.7544467966324,60.));
#3504=CARTESIAN_POINT('',(250.,138.245553203368,60.));
#3505=CARTESIAN_POINT('Origin',(250.,75.,75.));
#3506=CARTESIAN_POINT('',(250.,138.245553203368,60.));
#3507=CARTESIAN_POINT('',(245.070228057898,119.856015088694,27.9581259901043));
#3508=CARTESIAN_POINT('',(250.,119.856015088694,27.9581259901043));
#3509=CARTESIAN_POINT('Origin',(236.775476446865,75.,75.));
#3510=CARTESIAN_POINT('Origin',(235.893841543323,75.,80.));
#3511=CARTESIAN_POINT('',(239.420381157492,102.5,60.));
#3512=CARTESIAN_POINT('',(236.828249965294,94.5371173101288,74.7007065043776));
#3513=CARTESIAN_POINT('',(238.362419273241,102.5,66.));
#3514=CARTESIAN_POINT('',(234.500937041139,102.5,87.8995539796995));
#3515=CARTESIAN_POINT('',(238.362419273241,47.5,66.));
#3516=CARTESIAN_POINT('',(238.362419273241,75.,66.));
#3517=CARTESIAN_POINT('',(239.420381157492,47.5,60.));
#3518=CARTESIAN_POINT('',(237.364313277671,47.5,71.6605403867311));
#3519=CARTESIAN_POINT('',(241.993886270815,39.5943355873148,45.4049272381195));
#3520=CARTESIAN_POINT('Origin',(0.,0.,-5.));
#3521=CARTESIAN_POINT('',(132.5,0.,0.));
#3522=CARTESIAN_POINT('',(0.,0.,0.));
#3523=CARTESIAN_POINT('',(132.5,0.,60.));
#3524=CARTESIAN_POINT('',(132.5,0.,12.5));
#3525=CARTESIAN_POINT('',(0.,0.,60.));
#3526=CARTESIAN_POINT('Origin',(220.,102.5,60.));
#3527=CARTESIAN_POINT('',(190.,135.,0.));
#3528=CARTESIAN_POINT('',(187.5,135.,0.));
#3529=CARTESIAN_POINT('',(200.579618842508,102.5,60.));
#3530=CARTESIAN_POINT('',(197.681073554704,111.404169730116,43.5615328059393));
#3531=CARTESIAN_POINT('',(213.4,102.5,60.));
#3532=CARTESIAN_POINT('',(220.,102.5,60.));
#3533=CARTESIAN_POINT('',(226.6,102.5,60.));
#3534=CARTESIAN_POINT('',(213.4,102.5,60.));
#3535=CARTESIAN_POINT('',(220.,102.5,60.));
#3536=CARTESIAN_POINT('Origin',(125.,75.,0.));
#3537=CARTESIAN_POINT('',(190.,15.,0.));
#3538=CARTESIAN_POINT('',(157.5,15.,0.));
#3539=CARTESIAN_POINT('',(190.,105.,0.));
#3540=CARTESIAN_POINT('',(132.5,150.,0.));
#3541=CARTESIAN_POINT('',(250.,150.,0.));
#3542=CARTESIAN_POINT('',(132.5,130.,-1.77635683940025E-14));
#3543=CARTESIAN_POINT('',(132.5,107.5,0.));
#3544=CARTESIAN_POINT('',(176.5,130.,0.));
#3545=CARTESIAN_POINT('',(90.75,130.,0.));
#3546=CARTESIAN_POINT('',(176.5,120.,0.));
#3547=CARTESIAN_POINT('',(176.5,102.5,0.));
#3548=CARTESIAN_POINT('',(56.5,120.,0.));
#3549=CARTESIAN_POINT('',(150.75,120.,0.));
#3550=CARTESIAN_POINT('',(56.5,130.,0.));
#3551=CARTESIAN_POINT('',(56.5,97.5,0.));
#3552=CARTESIAN_POINT('',(117.5,130.,-1.77635683940025E-14));
#3553=CARTESIAN_POINT('',(90.75,130.,0.));
#3554=CARTESIAN_POINT('',(117.5,150.,0.));
#3555=CARTESIAN_POINT('',(117.5,107.5,0.));
#3556=CARTESIAN_POINT('',(15.,150.,0.));
#3557=CARTESIAN_POINT('',(250.,150.,0.));
#3558=CARTESIAN_POINT('',(15.,95.,0.));
#3559=CARTESIAN_POINT('',(15.,75.,0.));
#3560=CARTESIAN_POINT('',(43.,95.,0.));
#3561=CARTESIAN_POINT('',(84.,95.,0.));
#3562=CARTESIAN_POINT('',(43.,55.,0.));
#3563=CARTESIAN_POINT('',(43.,65.,0.));
#3564=CARTESIAN_POINT('',(15.,55.,0.));
#3565=CARTESIAN_POINT('',(62.5,55.,0.));
#3566=CARTESIAN_POINT('',(15.,0.,0.));
#3567=CARTESIAN_POINT('',(15.,75.,0.));
#3568=CARTESIAN_POINT('',(117.5,0.,0.));
#3569=CARTESIAN_POINT('',(0.,0.,0.));
#3570=CARTESIAN_POINT('',(117.5,20.,3.5527136788005E-14));
#3571=CARTESIAN_POINT('',(117.5,42.5,0.));
#3572=CARTESIAN_POINT('',(56.5,20.,0.));
#3573=CARTESIAN_POINT('',(150.75,20.,0.));
#3574=CARTESIAN_POINT('',(56.5,30.,0.));
#3575=CARTESIAN_POINT('',(56.5,47.5,0.));
#3576=CARTESIAN_POINT('',(176.5,30.,0.));
#3577=CARTESIAN_POINT('',(90.75,30.,0.));
#3578=CARTESIAN_POINT('',(176.5,20.,0.));
#3579=CARTESIAN_POINT('',(176.5,52.5,0.));
#3580=CARTESIAN_POINT('',(132.5,20.,3.5527136788005E-14));
#3581=CARTESIAN_POINT('',(150.75,20.,0.));
#3582=CARTESIAN_POINT('',(132.5,42.5,0.));
#3583=CARTESIAN_POINT('',(56.5,96.6666666666667,0.));
#3584=CARTESIAN_POINT('',(176.5,96.6666666666667,0.));
#3585=CARTESIAN_POINT('',(90.75,96.6666666666666,0.));
#3586=CARTESIAN_POINT('',(176.5,86.6666666666667,0.));
#3587=CARTESIAN_POINT('',(176.5,85.8333333333333,0.));
#3588=CARTESIAN_POINT('',(56.5,86.6666666666667,0.));
#3589=CARTESIAN_POINT('',(150.75,86.6666666666666,0.));
#3590=CARTESIAN_POINT('',(56.5,80.8333333333333,0.));
#3591=CARTESIAN_POINT('',(56.5,63.3333333333333,0.));
#3592=CARTESIAN_POINT('',(176.5,63.3333333333333,0.));
#3593=CARTESIAN_POINT('',(90.75,63.3333333333333,0.));
#3594=CARTESIAN_POINT('',(176.5,53.3333333333333,0.));
#3595=CARTESIAN_POINT('',(176.5,69.1666666666667,0.));
#3596=CARTESIAN_POINT('',(56.5,53.3333333333333,0.));
#3597=CARTESIAN_POINT('',(150.75,53.3333333333333,0.));
#3598=CARTESIAN_POINT('',(56.5,64.1666666666667,0.));
#3599=CARTESIAN_POINT('Origin',(117.5,140.,30.));
#3600=CARTESIAN_POINT('',(117.5,150.,60.));
#3601=CARTESIAN_POINT('',(117.5,150.,45.));
#3602=CARTESIAN_POINT('',(117.5,139.606716730603,60.));
#3603=CARTESIAN_POINT('Origin',(117.5,-146.25,75.));
#3604=CARTESIAN_POINT('',(117.5,-5.,60.));
#3605=CARTESIAN_POINT('Origin',(125.,-146.25,75.));
#3606=CARTESIAN_POINT('',(90.75,130.,0.));
#3607=CARTESIAN_POINT('',(132.5,139.606716730603,60.));
#3608=CARTESIAN_POINT('Origin',(132.5,-146.25,75.));
#3609=CARTESIAN_POINT('',(125.,139.606716730603,60.));
#3610=CARTESIAN_POINT('Origin',(132.5,140.,30.));
#3611=CARTESIAN_POINT('',(132.5,150.,60.));
#3612=CARTESIAN_POINT('',(132.5,150.,45.));
#3613=CARTESIAN_POINT('',(132.5,-5.,60.));
#3614=CARTESIAN_POINT('Origin',(0.,150.,60.));
#3615=CARTESIAN_POINT('',(15.,150.,60.));
#3616=CARTESIAN_POINT('',(0.,150.,60.));
#3617=CARTESIAN_POINT('',(15.,150.,45.));
#3618=CARTESIAN_POINT('Origin',(117.5,10.,30.));
#3619=CARTESIAN_POINT('',(117.5,0.,60.));
#3620=CARTESIAN_POINT('',(117.5,0.,12.5));
#3621=CARTESIAN_POINT('',(117.5,10.3932832693974,60.));
#3622=CARTESIAN_POINT('',(117.5,-5.,60.));
#3623=CARTESIAN_POINT('Origin',(117.5,296.25,75.));
#3624=CARTESIAN_POINT('Origin',(125.,296.25,75.));
#3625=CARTESIAN_POINT('',(132.5,10.3932832693974,60.));
#3626=CARTESIAN_POINT('',(125.,10.3932832693974,60.));
#3627=CARTESIAN_POINT('Origin',(132.5,296.25,75.));
#3628=CARTESIAN_POINT('',(150.75,20.,0.));
#3629=CARTESIAN_POINT('Origin',(132.5,10.,30.));
#3630=CARTESIAN_POINT('',(132.5,-5.,60.));
#3631=CARTESIAN_POINT('Origin',(0.,0.,-5.));
#3632=CARTESIAN_POINT('',(15.,0.,60.));
#3633=CARTESIAN_POINT('',(15.,0.,12.5));
#3634=CARTESIAN_POINT('',(0.,0.,60.));
#3635=CARTESIAN_POINT('Origin',(15.,75.,30.));
#3636=CARTESIAN_POINT('',(15.,55.,13.1534156157351));
#3637=CARTESIAN_POINT('',(15.,55.,15.));
#3638=CARTESIAN_POINT('',(15.,11.7544467966324,60.));
#3639=CARTESIAN_POINT('Origin',(15.,75.,75.));
#3640=CARTESIAN_POINT('',(15.,-5.,60.));
#3641=CARTESIAN_POINT('Origin',(15.,75.,30.));
#3642=CARTESIAN_POINT('',(15.,95.,13.1534156157351));
#3643=CARTESIAN_POINT('',(15.,95.,15.));
#3644=CARTESIAN_POINT('',(15.,138.245553203368,60.));
#3645=CARTESIAN_POINT('',(15.,-5.,60.));
#3646=CARTESIAN_POINT('Origin',(15.,75.,75.));
#3647=CARTESIAN_POINT('Origin',(0.,75.,75.));
#3648=CARTESIAN_POINT('',(9.49999999999999,87.8,11.2727687718978));
#3649=CARTESIAN_POINT('',(11.7,90.,11.7544467966324));
#3650=CARTESIAN_POINT('Ctrl Pts',(9.49999999999999,87.8,11.2727687718978));
#3651=CARTESIAN_POINT('Ctrl Pts',(9.22252006463394,87.8,11.2727687718978));
#3652=CARTESIAN_POINT('Ctrl Pts',(8.9270456967535,87.8557394155845,11.2838861413082));
#3653=CARTESIAN_POINT('Ctrl Pts',(8.3849964671048,88.0809124153057,11.3297327506504));
#3654=CARTESIAN_POINT('Ctrl Pts',(8.13841680055958,88.2503133622196,11.3645654147958));
#3655=CARTESIAN_POINT('Ctrl Pts',(7.74733907644377,88.6413910863354,11.4472423616597));
#3656=CARTESIAN_POINT('Ctrl Pts',(7.57799808145084,88.8900790144047,11.5008434675925));
#3657=CARTESIAN_POINT('Ctrl Pts',(7.35435788509391,89.4323417722357,11.6218911111175));
#3658=CARTESIAN_POINT('Ctrl Pts',(7.29999999999999,89.7258714427565,11.6894315006885));
#3659=CARTESIAN_POINT('Ctrl Pts',(7.29999999999999,90.2753092612786,11.8197421211258));
#3660=CARTESIAN_POINT('Ctrl Pts',(7.3547594286151,90.5690841756216,11.891508965573));
#3661=CARTESIAN_POINT('Ctrl Pts',(7.57858643286892,91.1108932402061,12.0276477990938));
#3662=CARTESIAN_POINT('Ctrl Pts',(7.74767397354816,91.358943810769,12.0919215944967));
#3663=CARTESIAN_POINT('Ctrl Pts',(8.13782042746758,91.7490902646884,12.1946817810589));
#3664=CARTESIAN_POINT('Ctrl Pts',(8.38388699083861,91.9184428596226,12.2403000380929));
#3665=CARTESIAN_POINT('Ctrl Pts',(8.9258097963462,92.1439302213175,12.301520714419));
#3666=CARTESIAN_POINT('Ctrl Pts',(9.22170833993619,92.2,12.3169879472915));
#3667=CARTESIAN_POINT('Ctrl Pts',(9.77597354789975,92.2,12.3169879472915));
#3668=CARTESIAN_POINT('Ctrl Pts',(10.069580211327,92.1448519537808,12.3017760237557));
#3669=CARTESIAN_POINT('Ctrl Pts',(10.6080314120578,91.9227787129691,12.2414723015978));
#3670=CARTESIAN_POINT('Ctrl Pts',(10.8529175028394,91.7559185397259,12.1965121837675));
#3671=CARTESIAN_POINT('Ctrl Pts',(11.2455412570439,91.368123187228,12.094307945728));
#3672=CARTESIAN_POINT('Ctrl Pts',(11.4171291897669,91.1188624993054,12.0296792213052));
#3673=CARTESIAN_POINT('Ctrl Pts',(11.6443488101908,90.5735902934954,11.892612852289));
#3674=CARTESIAN_POINT('Ctrl Pts',(11.7,90.2775614989579,11.8202762861932));
#3675=CARTESIAN_POINT('Ctrl Pts',(11.7,90.,11.7544467966324));
#3676=CARTESIAN_POINT('Ctrl Pts',(11.7,90.,11.7544467966324));
#3677=CARTESIAN_POINT('Ctrl Pts',(11.7,89.72421789393,11.68903932715));
#3678=CARTESIAN_POINT('Ctrl Pts',(11.6449888403438,89.4290204273936,11.6211291167445));
#3679=CARTESIAN_POINT('Ctrl Pts',(11.4188451725746,88.8841917627595,11.4995502061831));
#3680=CARTESIAN_POINT('Ctrl Pts',(11.2476542644449,88.634606251105,11.4457854300902));
#3681=CARTESIAN_POINT('Ctrl Pts',(10.8547516183938,88.2452759561083,11.3635232352706));
#3682=CARTESIAN_POINT('Ctrl Pts',(10.6090479039843,88.0777182519475,11.3290789078982));
#3683=CARTESIAN_POINT('Ctrl Pts',(10.0695642470029,87.8550638725806,11.2837521492222));
#3684=CARTESIAN_POINT('Ctrl Pts',(9.7757792528056,87.8,11.2727687718978));
#3685=CARTESIAN_POINT('Ctrl Pts',(9.49999999999999,87.8,11.2727687718978));
#3686=CARTESIAN_POINT('Origin',(0.,75.,75.));
#3687=CARTESIAN_POINT('',(9.49999999999999,57.8,12.3169879472915));
#3688=CARTESIAN_POINT('',(11.7,60.,11.7544467966324));
#3689=CARTESIAN_POINT('Ctrl Pts',(9.49999999999999,57.8,12.3169879472915));
#3690=CARTESIAN_POINT('Ctrl Pts',(9.22170833993619,57.8,12.3169879472915));
#3691=CARTESIAN_POINT('Ctrl Pts',(8.92580979634621,57.8560697786825,12.301520714419));
#3692=CARTESIAN_POINT('Ctrl Pts',(8.38388699083862,58.0815571403774,12.2403000380929));
#3693=CARTESIAN_POINT('Ctrl Pts',(8.13782042746758,58.2509097353116,12.1946817810589));
#3694=CARTESIAN_POINT('Ctrl Pts',(7.74767397354816,58.641056189231,12.0919215944967));
#3695=CARTESIAN_POINT('Ctrl Pts',(7.57858643286892,58.889106759794,12.0276477990938));
#3696=CARTESIAN_POINT('Ctrl Pts',(7.3547594286151,59.4309158243784,11.891508965573));
#3697=CARTESIAN_POINT('Ctrl Pts',(7.29999999999999,59.7246907387214,11.8197421211258));
#3698=CARTESIAN_POINT('Ctrl Pts',(7.29999999999999,60.2741285572435,11.6894315006885));
#3699=CARTESIAN_POINT('Ctrl Pts',(7.35435788509391,60.5676582277643,11.6218911111175));
#3700=CARTESIAN_POINT('Ctrl Pts',(7.57799808145085,61.1099209855953,11.5008434675925));
#3701=CARTESIAN_POINT('Ctrl Pts',(7.74733907644377,61.3586089136646,11.4472423616597));
#3702=CARTESIAN_POINT('Ctrl Pts',(8.13841680055958,61.7496866377804,11.3645654147958));
#3703=CARTESIAN_POINT('Ctrl Pts',(8.38499646710481,61.9190875846943,11.3297327506504));
#3704=CARTESIAN_POINT('Ctrl Pts',(8.9270456967535,62.1442605844155,11.2838861413082));
#3705=CARTESIAN_POINT('Ctrl Pts',(9.22252006463394,62.2,11.2727687718978));
#3706=CARTESIAN_POINT('Ctrl Pts',(9.7757792528056,62.2,11.2727687718978));
#3707=CARTESIAN_POINT('Ctrl Pts',(10.0695642470029,62.1449361274194,11.2837521492222));
#3708=CARTESIAN_POINT('Ctrl Pts',(10.6090479039843,61.9222817480525,11.3290789078982));
#3709=CARTESIAN_POINT('Ctrl Pts',(10.8547516183938,61.7547240438917,11.3635232352706));
#3710=CARTESIAN_POINT('Ctrl Pts',(11.2476542644449,61.365393748895,11.4457854300902));
#3711=CARTESIAN_POINT('Ctrl Pts',(11.4188451725746,61.1158082372405,11.4995502061831));
#3712=CARTESIAN_POINT('Ctrl Pts',(11.6449888403438,60.5709795726064,11.6211291167445));
#3713=CARTESIAN_POINT('Ctrl Pts',(11.7,60.27578210607,11.68903932715));
#3714=CARTESIAN_POINT('Ctrl Pts',(11.7,60.,11.7544467966324));
#3715=CARTESIAN_POINT('Ctrl Pts',(11.7,60.,11.7544467966324));
#3716=CARTESIAN_POINT('Ctrl Pts',(11.7,59.7224385010421,11.8202762861932));
#3717=CARTESIAN_POINT('Ctrl Pts',(11.6443488101908,59.4264097065046,11.892612852289));
#3718=CARTESIAN_POINT('Ctrl Pts',(11.4171291897669,58.8811375006946,12.0296792213052));
#3719=CARTESIAN_POINT('Ctrl Pts',(11.2455412570439,58.631876812772,12.094307945728));
#3720=CARTESIAN_POINT('Ctrl Pts',(10.8529175028394,58.2440814602741,12.1965121837675));
#3721=CARTESIAN_POINT('Ctrl Pts',(10.6080314120578,58.0772212870309,12.2414723015977));
#3722=CARTESIAN_POINT('Ctrl Pts',(10.069580211327,57.8551480462192,12.3017760237557));
#3723=CARTESIAN_POINT('Ctrl Pts',(9.77597354789975,57.8,12.3169879472915));
#3724=CARTESIAN_POINT('Ctrl Pts',(9.49999999999999,57.8,12.3169879472915));
#3725=CARTESIAN_POINT('Origin',(0.,75.,75.));
#3726=CARTESIAN_POINT('',(0.,55.,13.1534156157351));
#3727=CARTESIAN_POINT('',(0.,55.,13.1534156157351));
#3728=CARTESIAN_POINT('',(0.,11.7544467966324,60.));
#3729=CARTESIAN_POINT('Origin',(0.,75.,75.));
#3730=CARTESIAN_POINT('',(0.,11.7544467966324,60.));
#3731=CARTESIAN_POINT('Origin',(0.,75.,75.));
#3732=CARTESIAN_POINT('',(0.,95.,13.1534156157351));
#3733=CARTESIAN_POINT('',(0.,95.,13.1534156157351));
#3734=CARTESIAN_POINT('',(0.,138.245553203368,60.));
#3735=CARTESIAN_POINT('',(0.,138.245553203368,60.));
#3736=CARTESIAN_POINT('Origin',(0.,75.,75.));
#3737=CARTESIAN_POINT('Origin',(0.,150.,60.));
#3738=CARTESIAN_POINT('',(0.,150.,60.));
#3739=CARTESIAN_POINT('Origin',(43.,95.,0.));
#3740=CARTESIAN_POINT('',(0.,95.,41.25));
#3741=CARTESIAN_POINT('',(0.,95.,0.));
#3742=CARTESIAN_POINT('',(43.,95.,41.25));
#3743=CARTESIAN_POINT('',(0.,95.,41.25));
#3744=CARTESIAN_POINT('',(43.,95.,0.));
#3745=CARTESIAN_POINT('Origin',(0.,0.,0.));
#3746=CARTESIAN_POINT('',(0.,55.,41.25));
#3747=CARTESIAN_POINT('',(0.,55.,0.));
#3748=CARTESIAN_POINT('',(0.,55.,41.25));
#3749=CARTESIAN_POINT('',(0.,155.,60.));
#3750=CARTESIAN_POINT('',(0.,-5.,60.));
#3751=CARTESIAN_POINT('',(0.,155.,-5.));
#3752=CARTESIAN_POINT('',(0.,155.,-5.));
#3753=CARTESIAN_POINT('',(0.,-5.,-5.));
#3754=CARTESIAN_POINT('',(0.,-5.,60.));
#3755=CARTESIAN_POINT('Origin',(0.,55.,0.));
#3756=CARTESIAN_POINT('',(43.,55.,41.25));
#3757=CARTESIAN_POINT('',(43.,55.,0.));
#3758=CARTESIAN_POINT('',(43.,55.,41.25));
#3759=CARTESIAN_POINT('Origin',(0.,155.,60.));
#3760=CARTESIAN_POINT('',(250.,155.,60.));
#3761=CARTESIAN_POINT('',(250.,-5.,60.));
#3762=CARTESIAN_POINT('',(0.,155.,60.));
#3763=CARTESIAN_POINT('',(0.,155.,60.));
#3764=CARTESIAN_POINT('',(0.,155.,60.));
#3765=CARTESIAN_POINT('Origin',(0.,155.,-5.));
#3766=CARTESIAN_POINT('',(250.,155.,-5.));
#3767=CARTESIAN_POINT('',(250.,155.,-5.));
#3768=CARTESIAN_POINT('',(0.,155.,-5.));
#3769=CARTESIAN_POINT('Origin',(0.,0.,60.));
#3770=CARTESIAN_POINT('',(250.,-5.,60.));
#3771=CARTESIAN_POINT('',(239.250000111759,3.50000008940697,60.));
#3772=CARTESIAN_POINT('Origin',(242.500000111759,3.50000008940697,60.));
#3773=CARTESIAN_POINT('',(121.750000111759,3.50000008940697,60.));
#3774=CARTESIAN_POINT('Origin',(125.000000111759,3.50000008940697,60.));
#3775=CARTESIAN_POINT('Origin',(220.,96.,0.));
#3776=CARTESIAN_POINT('',(217.875,96.,60.));
#3777=CARTESIAN_POINT('',(217.875,96.,0.));
#3778=CARTESIAN_POINT('Origin',(220.,96.,60.));
#3779=CARTESIAN_POINT('Origin',(220.,54.,0.));
#3780=CARTESIAN_POINT('',(217.875,54.,60.));
#3781=CARTESIAN_POINT('',(217.875,54.,0.));
#3782=CARTESIAN_POINT('Origin',(220.,54.,60.));
#3783=CARTESIAN_POINT('Origin',(213.4,75.,94.0603825178717));
#3784=CARTESIAN_POINT('',(211.069875505569,47.5,62.330124494431));
#3785=CARTESIAN_POINT('',(211.339374316474,47.5,66.));
#3786=CARTESIAN_POINT('',(212.17378969256,47.5,77.3625753667651));
#3787=CARTESIAN_POINT('',(211.069875505569,102.5,62.330124494431));
#3788=CARTESIAN_POINT('',(211.069875505569,75.,62.330124494431));
#3789=CARTESIAN_POINT('',(211.339374316474,102.5,66.));
#3790=CARTESIAN_POINT('',(213.396789801498,102.5,94.0166679322218));
#3791=CARTESIAN_POINT('',(211.339374316474,75.,66.));
#3792=CARTESIAN_POINT('Origin',(211.069875505569,75.,62.330124494431));
#3793=CARTESIAN_POINT('',(213.4,47.5,60.));
#3794=CARTESIAN_POINT('',(213.884937752784,47.5,59.5150622472155));
#3795=CARTESIAN_POINT('',(213.4,47.5,60.));
#3796=CARTESIAN_POINT('',(205.51298571309,102.5,67.8870142869097));
#3797=CARTESIAN_POINT('Origin',(226.6,75.,60.));
#3798=CARTESIAN_POINT('',(228.930124494431,47.5,62.330124494431));
#3799=CARTESIAN_POINT('',(226.6,47.5,60.));
#3800=CARTESIAN_POINT('',(224.95,47.5,58.35));
#3801=CARTESIAN_POINT('',(228.930124494431,102.5,62.330124494431));
#3802=CARTESIAN_POINT('',(228.930124494431,75.,62.330124494431));
#3803=CARTESIAN_POINT('',(233.321952039694,102.5,66.7219520396942));
#3804=CARTESIAN_POINT('',(226.6,102.5,60.));
#3805=CARTESIAN_POINT('Origin',(228.930124494431,75.,62.330124494431));
#3806=CARTESIAN_POINT('',(228.660625683526,47.5,66.));
#3807=CARTESIAN_POINT('',(228.991272554656,47.5,61.4974463550448));
#3808=CARTESIAN_POINT('',(228.660625683526,102.5,66.));
#3809=CARTESIAN_POINT('',(228.660625683526,75.,66.));
#3810=CARTESIAN_POINT('',(227.768272445718,102.5,78.1515389205015));
#3811=CARTESIAN_POINT('Origin',(190.,75.,0.));
#3812=CARTESIAN_POINT('',(200.579618842508,47.5,60.));
#3813=CARTESIAN_POINT('',(192.515437249183,22.7272831673274,14.2657535396813));
#3814=CARTESIAN_POINT('',(201.637580726759,47.5,66.));
#3815=CARTESIAN_POINT('',(195.582607493991,47.5,31.6605403867311));
#3816=CARTESIAN_POINT('',(201.637580726759,102.5,66.));
#3817=CARTESIAN_POINT('',(201.637580726759,75.,66.));
#3818=CARTESIAN_POINT('',(198.445983730523,102.5,47.8995539796995));
#3819=CARTESIAN_POINT('Origin',(220.,75.,66.));
#3820=CARTESIAN_POINT('',(220.,102.5,66.));
#3821=CARTESIAN_POINT('',(220.,47.5,66.));
#3822=CARTESIAN_POINT('Origin',(220.,102.5,93.4878081587768));
#3823=CARTESIAN_POINT('Origin',(220.,15.,0.));
#3824=CARTESIAN_POINT('',(220.,47.5,60.));
#3825=CARTESIAN_POINT('',(226.6,47.5,60.));
#3826=CARTESIAN_POINT('',(220.,47.5,60.));
#3827=CARTESIAN_POINT('Origin',(220.,102.5,93.4878081587768));
#3828=CARTESIAN_POINT('',(220.,102.5,66.));
#3829=CARTESIAN_POINT('Origin',(220.,47.5,60.));
#3830=CARTESIAN_POINT('Origin',(220.,47.5,60.));
#3831=CARTESIAN_POINT('',(220.,47.5,66.));
#3832=CARTESIAN_POINT('Origin',(220.,75.,66.));
#3833=CARTESIAN_POINT('Origin',(220.,75.,60.));
#3834=CARTESIAN_POINT('Origin',(33.5,90.,22.6875));
#3835=CARTESIAN_POINT('',(35.7,90.,0.));
#3836=CARTESIAN_POINT('Origin',(33.5,90.,0.));
#3837=CARTESIAN_POINT('',(35.7,90.,41.25));
#3838=CARTESIAN_POINT('',(35.7,90.,22.6875));
#3839=CARTESIAN_POINT('Origin',(33.5,90.,41.25));
#3840=CARTESIAN_POINT('Origin',(33.5,90.,0.));
#3841=CARTESIAN_POINT('Origin',(9.49999999999999,60.,22.6875));
#3842=CARTESIAN_POINT('',(11.7,60.,41.25));
#3843=CARTESIAN_POINT('',(11.7,60.,22.6875));
#3844=CARTESIAN_POINT('Origin',(9.49999999999999,60.,41.25));
#3845=CARTESIAN_POINT('Origin',(9.49999999999999,90.,22.6875));
#3846=CARTESIAN_POINT('',(11.7,90.,41.25));
#3847=CARTESIAN_POINT('',(11.7,90.,22.6875));
#3848=CARTESIAN_POINT('Origin',(9.49999999999999,90.,41.25));
#3849=CARTESIAN_POINT('Origin',(33.5,60.,22.6875));
#3850=CARTESIAN_POINT('',(35.7,60.,0.));
#3851=CARTESIAN_POINT('Origin',(33.5,60.,0.));
#3852=CARTESIAN_POINT('',(35.7,60.,41.25));
#3853=CARTESIAN_POINT('',(35.7,60.,22.6875));
#3854=CARTESIAN_POINT('Origin',(33.5,60.,41.25));
#3855=CARTESIAN_POINT('Origin',(33.5,60.,0.));
#3856=CARTESIAN_POINT('Origin',(43.,55.,0.));
#3857=CARTESIAN_POINT('',(43.,95.,41.25));
#3858=CARTESIAN_POINT('Origin',(21.5,75.,41.25));
#3859=CARTESIAN_POINT('Origin',(176.5,86.6666666666667,0.));
#3860=CARTESIAN_POINT('',(56.5,86.6666666666667,-5.));
#3861=CARTESIAN_POINT('',(176.5,86.6666666666667,-5.));
#3862=CARTESIAN_POINT('',(150.75,86.6666666666666,-5.));
#3863=CARTESIAN_POINT('',(56.5,86.6666666666667,0.));
#3864=CARTESIAN_POINT('',(176.5,86.6666666666667,0.));
#3865=CARTESIAN_POINT('Origin',(176.5,96.6666666666667,0.));
#3866=CARTESIAN_POINT('',(176.5,96.6666666666667,-5.));
#3867=CARTESIAN_POINT('',(176.5,85.8333333333333,-5.));
#3868=CARTESIAN_POINT('',(176.5,96.6666666666667,0.));
#3869=CARTESIAN_POINT('Origin',(56.5,96.6666666666667,0.));
#3870=CARTESIAN_POINT('',(56.5,96.6666666666667,-5.));
#3871=CARTESIAN_POINT('',(90.75,96.6666666666666,-5.));
#3872=CARTESIAN_POINT('',(56.5,96.6666666666667,0.));
#3873=CARTESIAN_POINT('Origin',(56.5,86.6666666666667,0.));
#3874=CARTESIAN_POINT('',(56.5,80.8333333333333,-5.));
#3875=CARTESIAN_POINT('Origin',(176.5,53.3333333333333,0.));
#3876=CARTESIAN_POINT('',(56.5,53.3333333333333,-5.));
#3877=CARTESIAN_POINT('',(176.5,53.3333333333333,-5.));
#3878=CARTESIAN_POINT('',(150.75,53.3333333333333,-5.));
#3879=CARTESIAN_POINT('',(56.5,53.3333333333333,0.));
#3880=CARTESIAN_POINT('',(176.5,53.3333333333333,0.));
#3881=CARTESIAN_POINT('Origin',(176.5,63.3333333333333,0.));
#3882=CARTESIAN_POINT('',(176.5,63.3333333333333,-5.));
#3883=CARTESIAN_POINT('',(176.5,69.1666666666667,-5.));
#3884=CARTESIAN_POINT('',(176.5,63.3333333333333,0.));
#3885=CARTESIAN_POINT('Origin',(56.5,63.3333333333333,0.));
#3886=CARTESIAN_POINT('',(56.5,63.3333333333333,-5.));
#3887=CARTESIAN_POINT('',(90.75,63.3333333333333,-5.));
#3888=CARTESIAN_POINT('',(56.5,63.3333333333333,0.));
#3889=CARTESIAN_POINT('Origin',(56.5,53.3333333333333,0.));
#3890=CARTESIAN_POINT('',(56.5,64.1666666666667,-5.));
#3891=CARTESIAN_POINT('Origin',(56.5,120.,0.));
#3892=CARTESIAN_POINT('',(56.5,130.,-5.));
#3893=CARTESIAN_POINT('',(56.5,120.,-5.));
#3894=CARTESIAN_POINT('',(56.5,97.5,-5.));
#3895=CARTESIAN_POINT('',(56.5,130.,0.));
#3896=CARTESIAN_POINT('',(56.5,120.,0.));
#3897=CARTESIAN_POINT('Origin',(176.5,120.,0.));
#3898=CARTESIAN_POINT('',(176.5,120.,-5.));
#3899=CARTESIAN_POINT('',(150.75,120.,-5.));
#3900=CARTESIAN_POINT('',(176.5,120.,0.));
#3901=CARTESIAN_POINT('Origin',(176.5,130.,0.));
#3902=CARTESIAN_POINT('',(176.5,130.,-5.));
#3903=CARTESIAN_POINT('',(176.5,102.5,-5.));
#3904=CARTESIAN_POINT('',(176.5,130.,0.));
#3905=CARTESIAN_POINT('Origin',(56.5,130.,0.));
#3906=CARTESIAN_POINT('',(90.75,130.,-5.));
#3907=CARTESIAN_POINT('Origin',(176.5,20.,0.));
#3908=CARTESIAN_POINT('',(56.5,20.,-5.));
#3909=CARTESIAN_POINT('',(176.5,20.,-5.));
#3910=CARTESIAN_POINT('',(150.75,20.,-5.));
#3911=CARTESIAN_POINT('',(56.5,20.,0.));
#3912=CARTESIAN_POINT('',(176.5,20.,0.));
#3913=CARTESIAN_POINT('Origin',(176.5,30.,0.));
#3914=CARTESIAN_POINT('',(176.5,30.,-5.));
#3915=CARTESIAN_POINT('',(176.5,52.5,-5.));
#3916=CARTESIAN_POINT('',(176.5,30.,0.));
#3917=CARTESIAN_POINT('Origin',(56.5,30.,0.));
#3918=CARTESIAN_POINT('',(56.5,30.,-5.));
#3919=CARTESIAN_POINT('',(90.75,30.,-5.));
#3920=CARTESIAN_POINT('',(56.5,30.,0.));
#3921=CARTESIAN_POINT('Origin',(56.5,20.,0.));
#3922=CARTESIAN_POINT('',(56.5,47.5,-5.));
#3923=CARTESIAN_POINT('Origin',(250.,150.,0.));
#3924=CARTESIAN_POINT('',(250.,-5.,-5.));
#3925=CARTESIAN_POINT('Origin',(125.,75.,-5.));
#3926=CARTESIAN_POINT('Origin',(125.000000111759,3.50000008940697,60.));
#3927=CARTESIAN_POINT('',(125.000000111759,3.50000008940697,63.25));
#3928=CARTESIAN_POINT('Origin',(125.000000111759,3.50000008940697,60.));
#3929=CARTESIAN_POINT('Origin',(242.500000111759,3.50000008940697,60.));
#3930=CARTESIAN_POINT('',(242.500000111759,3.50000008940697,63.25));
#3931=CARTESIAN_POINT('Origin',(242.500000111759,3.50000008940697,60.));
#3932=UNCERTAINTY_MEASURE_WITH_UNIT(LENGTH_MEASURE(0.01),#3936,
'DISTANCE_ACCURACY_VALUE',
'Maximum model space distance between geometric entities at asserted c
onnectivities');
#3933=UNCERTAINTY_MEASURE_WITH_UNIT(LENGTH_MEASURE(0.01),#3936,
'DISTANCE_ACCURACY_VALUE',
'Maximum model space distance between geometric entities at asserted c
onnectivities');
#3934=(
GEOMETRIC_REPRESENTATION_CONTEXT(3)
GLOBAL_UNCERTAINTY_ASSIGNED_CONTEXT((#3932))
GLOBAL_UNIT_ASSIGNED_CONTEXT((#3936,#3938,#3939))
REPRESENTATION_CONTEXT('','3D')
);
#3935=(
GEOMETRIC_REPRESENTATION_CONTEXT(3)
GLOBAL_UNCERTAINTY_ASSIGNED_CONTEXT((#3933))
GLOBAL_UNIT_ASSIGNED_CONTEXT((#3936,#3938,#3939))
REPRESENTATION_CONTEXT('','3D')
);
#3936=(
LENGTH_UNIT()
NAMED_UNIT(*)
SI_UNIT(.MILLI.,.METRE.)
);
#3937=(
LENGTH_UNIT()
NAMED_UNIT(*)
SI_UNIT($,.METRE.)
);
#3938=(
NAMED_UNIT(*)
PLANE_ANGLE_UNIT()
SI_UNIT($,.RADIAN.)
);
#3939=(
NAMED_UNIT(*)
SI_UNIT($,.STERADIAN.)
SOLID_ANGLE_UNIT()
);
#3940=SHAPE_DEFINITION_REPRESENTATION(#3941,#3942);
#3941=PRODUCT_DEFINITION_SHAPE('',$,#3944);
#3942=SHAPE_REPRESENTATION('',(#2402),#3934);
#3943=PRODUCT_DEFINITION_CONTEXT('part definition',#3948,'design');
#3944=PRODUCT_DEFINITION('Bottom','Bottom v16',#3945,#3943);
#3945=PRODUCT_DEFINITION_FORMATION('',$,#3950);
#3946=PRODUCT_RELATED_PRODUCT_CATEGORY('Bottom v16','Bottom v16',(#3950));
#3947=APPLICATION_PROTOCOL_DEFINITION('international standard',
'automotive_design',2009,#3948);
#3948=APPLICATION_CONTEXT(
'Core Data for Automotive Mechanical Design Process');
#3949=PRODUCT_CONTEXT('part definition',#3948,'mechanical');
#3950=PRODUCT('Bottom','Bottom v16',$,(#3949));
#3951=PRESENTATION_STYLE_ASSIGNMENT((#3952));
#3952=SURFACE_STYLE_USAGE(.BOTH.,#3953);
#3953=SURFACE_SIDE_STYLE('',(#3954));
#3954=SURFACE_STYLE_FILL_AREA(#3955);
#3955=FILL_AREA_STYLE('Steel - Satin',(#3956));
#3956=FILL_AREA_STYLE_COLOUR('Steel - Satin',#3957);
#3957=COLOUR_RGB('Steel - Satin',0.627450980392157,0.627450980392157,0.627450980392157);
ENDSEC;
END-ISO-10303-21;
