ISO-10303-21;
HEADER;
/* Generated by software containing ST-Developer
 * from STEP Tools, Inc. (www.steptools.com) 
 */

FILE_DESCRIPTION(
/* description */ (''),
/* implementation_level */ '2;1');

FILE_NAME(
/* name */ 'Top.step',
/* time_stamp */ '2026-07-01T19:15:00+07:00',
/* author */ (''),
/* organization */ (''),
/* preprocessor_version */ 'ST-DEVELOPER v20.1',
/* originating_system */ 'Autodesk Translation Framework v15.8.0.0',
/* authorisation */ '');

FILE_SCHEMA (('AUTOMOTIVE_DESIGN { 1 0 10303 214 3 1 1 }'));
ENDSEC;

DATA;
#10=MECHANICAL_DESIGN_GEOMETRIC_PRESENTATION_REPRESENTATION('',(#13),#2747);
#11=SHAPE_REPRESENTATION_RELATIONSHIP('SRR','None',#2754,#12);
#12=ADVANCED_BREP_SHAPE_REPRESENTATION('',(#14),#2746);
#13=STYLED_ITEM('',(#2763),#14);
#14=MANIFOLD_SOLID_BREP('Body2',#1679);
#15=FACE_BOUND('',#234,.T.);
#16=FACE_BOUND('',#237,.T.);
#17=FACE_BOUND('',#247,.T.);
#18=FACE_BOUND('',#250,.T.);
#19=FACE_BOUND('',#259,.T.);
#20=FACE_BOUND('',#262,.T.);
#21=FACE_BOUND('',#271,.T.);
#22=FACE_BOUND('',#274,.T.);
#23=FACE_BOUND('',#282,.T.);
#24=FACE_BOUND('',#283,.T.);
#25=FACE_BOUND('',#284,.T.);
#26=FACE_BOUND('',#285,.T.);
#27=FACE_BOUND('',#286,.T.);
#28=FACE_BOUND('',#287,.T.);
#29=FACE_BOUND('',#288,.T.);
#30=FACE_BOUND('',#299,.T.);
#31=FACE_BOUND('',#300,.T.);
#32=FACE_BOUND('',#301,.T.);
#33=FACE_BOUND('',#302,.T.);
#34=FACE_BOUND('',#303,.T.);
#35=FACE_BOUND('',#306,.T.);
#36=FACE_BOUND('',#307,.T.);
#37=FACE_BOUND('',#308,.T.);
#38=FACE_BOUND('',#309,.T.);
#39=FACE_BOUND('',#310,.T.);
#40=FACE_BOUND('',#311,.T.);
#41=FACE_BOUND('',#312,.T.);
#42=FACE_BOUND('',#314,.T.);
#43=FACE_BOUND('',#315,.T.);
#44=FACE_BOUND('',#316,.T.);
#45=FACE_BOUND('',#317,.T.);
#46=FACE_BOUND('',#318,.T.);
#47=PLANE('',#1723);
#48=PLANE('',#1727);
#49=PLANE('',#1734);
#50=PLANE('',#1738);
#51=PLANE('',#1742);
#52=PLANE('',#1746);
#53=PLANE('',#1750);
#54=PLANE('',#1754);
#55=PLANE('',#1755);
#56=PLANE('',#1756);
#57=PLANE('',#1757);
#58=PLANE('',#1758);
#59=PLANE('',#1759);
#60=PLANE('',#1760);
#61=PLANE('',#1761);
#62=PLANE('',#1762);
#63=PLANE('',#1763);
#64=PLANE('',#1764);
#65=PLANE('',#1765);
#66=PLANE('',#1766);
#67=PLANE('',#1767);
#68=PLANE('',#1768);
#69=PLANE('',#1769);
#70=PLANE('',#1770);
#71=PLANE('',#1771);
#72=PLANE('',#1772);
#73=PLANE('',#1773);
#74=PLANE('',#1774);
#75=PLANE('',#1775);
#76=PLANE('',#1776);
#77=PLANE('',#1777);
#78=PLANE('',#1778);
#79=PLANE('',#1779);
#80=PLANE('',#1780);
#81=PLANE('',#1781);
#82=PLANE('',#1782);
#83=PLANE('',#1783);
#84=PLANE('',#1784);
#85=PLANE('',#1785);
#86=PLANE('',#1786);
#87=PLANE('',#1787);
#88=PLANE('',#1788);
#89=PLANE('',#1789);
#90=PLANE('',#1790);
#91=PLANE('',#1791);
#92=PLANE('',#1792);
#93=PLANE('',#1793);
#94=PLANE('',#1794);
#95=PLANE('',#1795);
#96=PLANE('',#1799);
#97=PLANE('',#1800);
#98=PLANE('',#1804);
#99=PLANE('',#1805);
#100=PLANE('',#1806);
#101=PLANE('',#1807);
#102=PLANE('',#1811);
#103=PLANE('',#1812);
#104=PLANE('',#1816);
#105=PLANE('',#1817);
#106=PLANE('',#1818);
#107=PLANE('',#1819);
#108=PLANE('',#1820);
#109=PLANE('',#1821);
#110=PLANE('',#1822);
#111=PLANE('',#1823);
#112=PLANE('',#1824);
#113=FACE_OUTER_BOUND('',#201,.T.);
#114=FACE_OUTER_BOUND('',#202,.T.);
#115=FACE_OUTER_BOUND('',#203,.T.);
#116=FACE_OUTER_BOUND('',#204,.T.);
#117=FACE_OUTER_BOUND('',#205,.T.);
#118=FACE_OUTER_BOUND('',#206,.T.);
#119=FACE_OUTER_BOUND('',#207,.T.);
#120=FACE_OUTER_BOUND('',#208,.T.);
#121=FACE_OUTER_BOUND('',#209,.T.);
#122=FACE_OUTER_BOUND('',#210,.T.);
#123=FACE_OUTER_BOUND('',#211,.T.);
#124=FACE_OUTER_BOUND('',#212,.T.);
#125=FACE_OUTER_BOUND('',#213,.T.);
#126=FACE_OUTER_BOUND('',#214,.T.);
#127=FACE_OUTER_BOUND('',#215,.T.);
#128=FACE_OUTER_BOUND('',#216,.T.);
#129=FACE_OUTER_BOUND('',#217,.T.);
#130=FACE_OUTER_BOUND('',#218,.T.);
#131=FACE_OUTER_BOUND('',#219,.T.);
#132=FACE_OUTER_BOUND('',#220,.T.);
#133=FACE_OUTER_BOUND('',#221,.T.);
#134=FACE_OUTER_BOUND('',#222,.T.);
#135=FACE_OUTER_BOUND('',#223,.T.);
#136=FACE_OUTER_BOUND('',#224,.T.);
#137=FACE_OUTER_BOUND('',#225,.T.);
#138=FACE_OUTER_BOUND('',#226,.T.);
#139=FACE_OUTER_BOUND('',#227,.T.);
#140=FACE_OUTER_BOUND('',#228,.T.);
#141=FACE_OUTER_BOUND('',#229,.T.);
#142=FACE_OUTER_BOUND('',#230,.T.);
#143=FACE_OUTER_BOUND('',#231,.T.);
#144=FACE_OUTER_BOUND('',#232,.T.);
#145=FACE_OUTER_BOUND('',#233,.T.);
#146=FACE_OUTER_BOUND('',#235,.T.);
#147=FACE_OUTER_BOUND('',#236,.T.);
#148=FACE_OUTER_BOUND('',#238,.T.);
#149=FACE_OUTER_BOUND('',#239,.T.);
#150=FACE_OUTER_BOUND('',#240,.T.);
#151=FACE_OUTER_BOUND('',#241,.T.);
#152=FACE_OUTER_BOUND('',#242,.T.);
#153=FACE_OUTER_BOUND('',#243,.T.);
#154=FACE_OUTER_BOUND('',#244,.T.);
#155=FACE_OUTER_BOUND('',#245,.T.);
#156=FACE_OUTER_BOUND('',#246,.T.);
#157=FACE_OUTER_BOUND('',#248,.T.);
#158=FACE_OUTER_BOUND('',#249,.T.);
#159=FACE_OUTER_BOUND('',#251,.T.);
#160=FACE_OUTER_BOUND('',#252,.T.);
#161=FACE_OUTER_BOUND('',#253,.T.);
#162=FACE_OUTER_BOUND('',#254,.T.);
#163=FACE_OUTER_BOUND('',#255,.T.);
#164=FACE_OUTER_BOUND('',#256,.T.);
#165=FACE_OUTER_BOUND('',#257,.T.);
#166=FACE_OUTER_BOUND('',#258,.T.);
#167=FACE_OUTER_BOUND('',#260,.T.);
#168=FACE_OUTER_BOUND('',#261,.T.);
#169=FACE_OUTER_BOUND('',#263,.T.);
#170=FACE_OUTER_BOUND('',#264,.T.);
#171=FACE_OUTER_BOUND('',#265,.T.);
#172=FACE_OUTER_BOUND('',#266,.T.);
#173=FACE_OUTER_BOUND('',#267,.T.);
#174=FACE_OUTER_BOUND('',#268,.T.);
#175=FACE_OUTER_BOUND('',#269,.T.);
#176=FACE_OUTER_BOUND('',#270,.T.);
#177=FACE_OUTER_BOUND('',#272,.T.);
#178=FACE_OUTER_BOUND('',#273,.T.);
#179=FACE_OUTER_BOUND('',#275,.T.);
#180=FACE_OUTER_BOUND('',#276,.T.);
#181=FACE_OUTER_BOUND('',#277,.T.);
#182=FACE_OUTER_BOUND('',#278,.T.);
#183=FACE_OUTER_BOUND('',#279,.T.);
#184=FACE_OUTER_BOUND('',#280,.T.);
#185=FACE_OUTER_BOUND('',#281,.T.);
#186=FACE_OUTER_BOUND('',#289,.T.);
#187=FACE_OUTER_BOUND('',#290,.T.);
#188=FACE_OUTER_BOUND('',#291,.T.);
#189=FACE_OUTER_BOUND('',#292,.T.);
#190=FACE_OUTER_BOUND('',#293,.T.);
#191=FACE_OUTER_BOUND('',#294,.T.);
#192=FACE_OUTER_BOUND('',#295,.T.);
#193=FACE_OUTER_BOUND('',#296,.T.);
#194=FACE_OUTER_BOUND('',#297,.T.);
#195=FACE_OUTER_BOUND('',#298,.T.);
#196=FACE_OUTER_BOUND('',#304,.T.);
#197=FACE_OUTER_BOUND('',#305,.T.);
#198=FACE_OUTER_BOUND('',#313,.T.);
#199=FACE_OUTER_BOUND('',#319,.T.);
#200=FACE_OUTER_BOUND('',#320,.T.);
#201=EDGE_LOOP('',(#1113,#1114,#1115,#1116));
#202=EDGE_LOOP('',(#1117,#1118,#1119,#1120));
#203=EDGE_LOOP('',(#1121,#1122,#1123,#1124));
#204=EDGE_LOOP('',(#1125,#1126,#1127,#1128));
#205=EDGE_LOOP('',(#1129,#1130,#1131,#1132));
#206=EDGE_LOOP('',(#1133,#1134,#1135,#1136));
#207=EDGE_LOOP('',(#1137,#1138,#1139,#1140));
#208=EDGE_LOOP('',(#1141,#1142,#1143,#1144));
#209=EDGE_LOOP('',(#1145,#1146,#1147,#1148));
#210=EDGE_LOOP('',(#1149,#1150,#1151,#1152));
#211=EDGE_LOOP('',(#1153,#1154,#1155,#1156));
#212=EDGE_LOOP('',(#1157,#1158,#1159,#1160));
#213=EDGE_LOOP('',(#1161,#1162,#1163,#1164));
#214=EDGE_LOOP('',(#1165,#1166,#1167,#1168));
#215=EDGE_LOOP('',(#1169,#1170,#1171,#1172));
#216=EDGE_LOOP('',(#1173));
#217=EDGE_LOOP('',(#1174,#1175,#1176,#1177));
#218=EDGE_LOOP('',(#1178));
#219=EDGE_LOOP('',(#1179,#1180,#1181,#1182));
#220=EDGE_LOOP('',(#1183));
#221=EDGE_LOOP('',(#1184,#1185,#1186,#1187));
#222=EDGE_LOOP('',(#1188));
#223=EDGE_LOOP('',(#1189,#1190,#1191,#1192));
#224=EDGE_LOOP('',(#1193));
#225=EDGE_LOOP('',(#1194,#1195,#1196,#1197));
#226=EDGE_LOOP('',(#1198));
#227=EDGE_LOOP('',(#1199,#1200,#1201,#1202));
#228=EDGE_LOOP('',(#1203,#1204,#1205,#1206));
#229=EDGE_LOOP('',(#1207,#1208,#1209,#1210));
#230=EDGE_LOOP('',(#1211,#1212,#1213,#1214));
#231=EDGE_LOOP('',(#1215,#1216,#1217,#1218));
#232=EDGE_LOOP('',(#1219,#1220,#1221,#1222));
#233=EDGE_LOOP('',(#1223,#1224,#1225,#1226,#1227,#1228));
#234=EDGE_LOOP('',(#1229));
#235=EDGE_LOOP('',(#1230,#1231,#1232));
#236=EDGE_LOOP('',(#1233,#1234,#1235,#1236));
#237=EDGE_LOOP('',(#1237,#1238,#1239,#1240,#1241,#1242));
#238=EDGE_LOOP('',(#1243,#1244,#1245));
#239=EDGE_LOOP('',(#1246,#1247,#1248,#1249,#1250,#1251,#1252,#1253,#1254,
#1255,#1256,#1257));
#240=EDGE_LOOP('',(#1258,#1259,#1260,#1261));
#241=EDGE_LOOP('',(#1262,#1263,#1264,#1265));
#242=EDGE_LOOP('',(#1266,#1267,#1268,#1269));
#243=EDGE_LOOP('',(#1270,#1271,#1272,#1273));
#244=EDGE_LOOP('',(#1274,#1275,#1276,#1277));
#245=EDGE_LOOP('',(#1278,#1279,#1280,#1281));
#246=EDGE_LOOP('',(#1282,#1283,#1284,#1285,#1286,#1287));
#247=EDGE_LOOP('',(#1288));
#248=EDGE_LOOP('',(#1289,#1290,#1291));
#249=EDGE_LOOP('',(#1292,#1293,#1294,#1295));
#250=EDGE_LOOP('',(#1296,#1297,#1298,#1299,#1300,#1301));
#251=EDGE_LOOP('',(#1302,#1303,#1304));
#252=EDGE_LOOP('',(#1305,#1306,#1307,#1308));
#253=EDGE_LOOP('',(#1309,#1310,#1311,#1312));
#254=EDGE_LOOP('',(#1313,#1314,#1315,#1316));
#255=EDGE_LOOP('',(#1317,#1318,#1319,#1320));
#256=EDGE_LOOP('',(#1321,#1322,#1323,#1324));
#257=EDGE_LOOP('',(#1325,#1326,#1327,#1328));
#258=EDGE_LOOP('',(#1329,#1330,#1331,#1332,#1333,#1334));
#259=EDGE_LOOP('',(#1335));
#260=EDGE_LOOP('',(#1336,#1337,#1338));
#261=EDGE_LOOP('',(#1339,#1340,#1341,#1342));
#262=EDGE_LOOP('',(#1343,#1344,#1345,#1346,#1347,#1348));
#263=EDGE_LOOP('',(#1349,#1350,#1351));
#264=EDGE_LOOP('',(#1352,#1353,#1354,#1355));
#265=EDGE_LOOP('',(#1356,#1357,#1358,#1359));
#266=EDGE_LOOP('',(#1360,#1361,#1362,#1363));
#267=EDGE_LOOP('',(#1364,#1365,#1366,#1367));
#268=EDGE_LOOP('',(#1368,#1369,#1370,#1371));
#269=EDGE_LOOP('',(#1372,#1373,#1374,#1375));
#270=EDGE_LOOP('',(#1376,#1377,#1378,#1379,#1380,#1381));
#271=EDGE_LOOP('',(#1382));
#272=EDGE_LOOP('',(#1383,#1384,#1385));
#273=EDGE_LOOP('',(#1386,#1387,#1388,#1389));
#274=EDGE_LOOP('',(#1390,#1391,#1392,#1393,#1394,#1395));
#275=EDGE_LOOP('',(#1396,#1397,#1398));
#276=EDGE_LOOP('',(#1399,#1400,#1401,#1402));
#277=EDGE_LOOP('',(#1403,#1404,#1405,#1406,#1407,#1408));
#278=EDGE_LOOP('',(#1409,#1410,#1411,#1412));
#279=EDGE_LOOP('',(#1413,#1414,#1415,#1416));
#280=EDGE_LOOP('',(#1417,#1418,#1419,#1420));
#281=EDGE_LOOP('',(#1421,#1422,#1423,#1424,#1425,#1426,#1427,#1428,#1429,
#1430,#1431,#1432));
#282=EDGE_LOOP('',(#1433,#1434,#1435,#1436));
#283=EDGE_LOOP('',(#1437));
#284=EDGE_LOOP('',(#1438));
#285=EDGE_LOOP('',(#1439));
#286=EDGE_LOOP('',(#1440));
#287=EDGE_LOOP('',(#1441));
#288=EDGE_LOOP('',(#1442));
#289=EDGE_LOOP('',(#1443,#1444,#1445,#1446));
#290=EDGE_LOOP('',(#1447,#1448,#1449,#1450));
#291=EDGE_LOOP('',(#1451,#1452,#1453,#1454));
#292=EDGE_LOOP('',(#1455,#1456,#1457,#1458));
#293=EDGE_LOOP('',(#1459,#1460,#1461,#1462));
#294=EDGE_LOOP('',(#1463,#1464,#1465,#1466));
#295=EDGE_LOOP('',(#1467,#1468,#1469,#1470,#1471,#1472));
#296=EDGE_LOOP('',(#1473,#1474,#1475,#1476));
#297=EDGE_LOOP('',(#1477,#1478,#1479,#1480));
#298=EDGE_LOOP('',(#1481,#1482,#1483,#1484,#1485,#1486,#1487,#1488,#1489,
#1490,#1491,#1492,#1493,#1494,#1495,#1496,#1497,#1498,#1499,#1500));
#299=EDGE_LOOP('',(#1501));
#300=EDGE_LOOP('',(#1502));
#301=EDGE_LOOP('',(#1503));
#302=EDGE_LOOP('',(#1504));
#303=EDGE_LOOP('',(#1505));
#304=EDGE_LOOP('',(#1506,#1507,#1508,#1509,#1510,#1511,#1512,#1513,#1514,
#1515,#1516,#1517));
#305=EDGE_LOOP('',(#1518,#1519,#1520,#1521));
#306=EDGE_LOOP('',(#1522,#1523,#1524,#1525));
#307=EDGE_LOOP('',(#1526));
#308=EDGE_LOOP('',(#1527));
#309=EDGE_LOOP('',(#1528));
#310=EDGE_LOOP('',(#1529));
#311=EDGE_LOOP('',(#1530));
#312=EDGE_LOOP('',(#1531));
#313=EDGE_LOOP('',(#1532,#1533,#1534,#1535,#1536,#1537,#1538,#1539,#1540,
#1541,#1542,#1543,#1544,#1545,#1546,#1547,#1548,#1549,#1550,#1551));
#314=EDGE_LOOP('',(#1552));
#315=EDGE_LOOP('',(#1553));
#316=EDGE_LOOP('',(#1554));
#317=EDGE_LOOP('',(#1555));
#318=EDGE_LOOP('',(#1556));
#319=EDGE_LOOP('',(#1557,#1558,#1559,#1560,#1561,#1562));
#320=EDGE_LOOP('',(#1563,#1564,#1565,#1566,#1567,#1568));
#321=LINE('',#2280,#505);
#322=LINE('',#2286,#506);
#323=LINE('',#2292,#507);
#324=LINE('',#2298,#508);
#325=LINE('',#2304,#509);
#326=LINE('',#2310,#510);
#327=LINE('',#2316,#511);
#328=LINE('',#2322,#512);
#329=LINE('',#2328,#513);
#330=LINE('',#2334,#514);
#331=LINE('',#2339,#515);
#332=LINE('',#2341,#516);
#333=LINE('',#2343,#517);
#334=LINE('',#2344,#518);
#335=LINE('',#2350,#519);
#336=LINE('',#2353,#520);
#337=LINE('',#2355,#521);
#338=LINE('',#2356,#522);
#339=LINE('',#2364,#523);
#340=LINE('',#2371,#524);
#341=LINE('',#2378,#525);
#342=LINE('',#2385,#526);
#343=LINE('',#2392,#527);
#344=LINE('',#2399,#528);
#345=LINE('',#2405,#529);
#346=LINE('',#2407,#530);
#347=LINE('',#2409,#531);
#348=LINE('',#2410,#532);
#349=LINE('',#2413,#533);
#350=LINE('',#2415,#534);
#351=LINE('',#2416,#535);
#352=LINE('',#2419,#536);
#353=LINE('',#2421,#537);
#354=LINE('',#2422,#538);
#355=LINE('',#2425,#539);
#356=LINE('',#2427,#540);
#357=LINE('',#2428,#541);
#358=LINE('',#2431,#542);
#359=LINE('',#2433,#543);
#360=LINE('',#2434,#544);
#361=LINE('',#2436,#545);
#362=LINE('',#2437,#546);
#363=LINE('',#2442,#547);
#364=LINE('',#2444,#548);
#365=LINE('',#2445,#549);
#366=LINE('',#2448,#550);
#367=LINE('',#2450,#551);
#368=LINE('',#2451,#552);
#369=LINE('',#2454,#553);
#370=LINE('',#2455,#554);
#371=LINE('',#2458,#555);
#372=LINE('',#2460,#556);
#373=LINE('',#2462,#557);
#374=LINE('',#2464,#558);
#375=LINE('',#2466,#559);
#376=LINE('',#2468,#560);
#377=LINE('',#2470,#561);
#378=LINE('',#2472,#562);
#379=LINE('',#2473,#563);
#380=LINE('',#2477,#564);
#381=LINE('',#2479,#565);
#382=LINE('',#2481,#566);
#383=LINE('',#2482,#567);
#384=LINE('',#2485,#568);
#385=LINE('',#2487,#569);
#386=LINE('',#2488,#570);
#387=LINE('',#2491,#571);
#388=LINE('',#2493,#572);
#389=LINE('',#2494,#573);
#390=LINE('',#2497,#574);
#391=LINE('',#2499,#575);
#392=LINE('',#2500,#576);
#393=LINE('',#2503,#577);
#394=LINE('',#2505,#578);
#395=LINE('',#2506,#579);
#396=LINE('',#2508,#580);
#397=LINE('',#2509,#581);
#398=LINE('',#2514,#582);
#399=LINE('',#2516,#583);
#400=LINE('',#2517,#584);
#401=LINE('',#2520,#585);
#402=LINE('',#2522,#586);
#403=LINE('',#2523,#587);
#404=LINE('',#2526,#588);
#405=LINE('',#2527,#589);
#406=LINE('',#2531,#590);
#407=LINE('',#2533,#591);
#408=LINE('',#2535,#592);
#409=LINE('',#2536,#593);
#410=LINE('',#2539,#594);
#411=LINE('',#2541,#595);
#412=LINE('',#2542,#596);
#413=LINE('',#2545,#597);
#414=LINE('',#2547,#598);
#415=LINE('',#2548,#599);
#416=LINE('',#2551,#600);
#417=LINE('',#2553,#601);
#418=LINE('',#2554,#602);
#419=LINE('',#2557,#603);
#420=LINE('',#2559,#604);
#421=LINE('',#2560,#605);
#422=LINE('',#2562,#606);
#423=LINE('',#2563,#607);
#424=LINE('',#2567,#608);
#425=LINE('',#2568,#609);
#426=LINE('',#2571,#610);
#427=LINE('',#2572,#611);
#428=LINE('',#2574,#612);
#429=LINE('',#2578,#613);
#430=LINE('',#2580,#614);
#431=LINE('',#2582,#615);
#432=LINE('',#2583,#616);
#433=LINE('',#2586,#617);
#434=LINE('',#2588,#618);
#435=LINE('',#2589,#619);
#436=LINE('',#2592,#620);
#437=LINE('',#2594,#621);
#438=LINE('',#2595,#622);
#439=LINE('',#2598,#623);
#440=LINE('',#2600,#624);
#441=LINE('',#2601,#625);
#442=LINE('',#2604,#626);
#443=LINE('',#2606,#627);
#444=LINE('',#2607,#628);
#445=LINE('',#2609,#629);
#446=LINE('',#2610,#630);
#447=LINE('',#2615,#631);
#448=LINE('',#2617,#632);
#449=LINE('',#2618,#633);
#450=LINE('',#2621,#634);
#451=LINE('',#2623,#635);
#452=LINE('',#2624,#636);
#453=LINE('',#2627,#637);
#454=LINE('',#2628,#638);
#455=LINE('',#2634,#639);
#456=LINE('',#2637,#640);
#457=LINE('',#2641,#641);
#458=LINE('',#2642,#642);
#459=LINE('',#2644,#643);
#460=LINE('',#2646,#644);
#461=LINE('',#2647,#645);
#462=LINE('',#2651,#646);
#463=LINE('',#2653,#647);
#464=LINE('',#2656,#648);
#465=LINE('',#2659,#649);
#466=LINE('',#2662,#650);
#467=LINE('',#2666,#651);
#468=LINE('',#2667,#652);
#469=LINE('',#2668,#653);
#470=LINE('',#2670,#654);
#471=LINE('',#2672,#655);
#472=LINE('',#2674,#656);
#473=LINE('',#2676,#657);
#474=LINE('',#2678,#658);
#475=LINE('',#2680,#659);
#476=LINE('',#2682,#660);
#477=LINE('',#2683,#661);
#478=LINE('',#2686,#662);
#479=LINE('',#2687,#663);
#480=LINE('',#2691,#664);
#481=LINE('',#2693,#665);
#482=LINE('',#2696,#666);
#483=LINE('',#2700,#667);
#484=LINE('',#2701,#668);
#485=LINE('',#2704,#669);
#486=LINE('',#2705,#670);
#487=LINE('',#2711,#671);
#488=LINE('',#2714,#672);
#489=LINE('',#2716,#673);
#490=LINE('',#2717,#674);
#491=LINE('',#2719,#675);
#492=LINE('',#2721,#676);
#493=LINE('',#2724,#677);
#494=LINE('',#2726,#678);
#495=LINE('',#2727,#679);
#496=LINE('',#2728,#680);
#497=LINE('',#2729,#681);
#498=LINE('',#2732,#682);
#499=LINE('',#2734,#683);
#500=LINE('',#2735,#684);
#501=LINE('',#2737,#685);
#502=LINE('',#2738,#686);
#503=LINE('',#2740,#687);
#504=LINE('',#2741,#688);
#505=VECTOR('',#1831,2.15);
#506=VECTOR('',#1838,2.15);
#507=VECTOR('',#1845,2.15);
#508=VECTOR('',#1852,2.15);
#509=VECTOR('',#1859,1.625);
#510=VECTOR('',#1866,1.625);
#511=VECTOR('',#1873,1.625);
#512=VECTOR('',#1880,1.625);
#513=VECTOR('',#1887,1.625);
#514=VECTOR('',#1894,1.625);
#515=VECTOR('',#1899,10.);
#516=VECTOR('',#1900,10.);
#517=VECTOR('',#1901,10.);
#518=VECTOR('',#1902,10.);
#519=VECTOR('',#1909,10.);
#520=VECTOR('',#1912,10.);
#521=VECTOR('',#1913,10.);
#522=VECTOR('',#1914,10.);
#523=VECTOR('',#1925,3.6);
#524=VECTOR('',#1934,3.6);
#525=VECTOR('',#1943,3.6);
#526=VECTOR('',#1952,3.6);
#527=VECTOR('',#1961,3.6);
#528=VECTOR('',#1970,3.6);
#529=VECTOR('',#1977,10.);
#530=VECTOR('',#1978,10.);
#531=VECTOR('',#1979,10.);
#532=VECTOR('',#1980,10.);
#533=VECTOR('',#1983,10.);
#534=VECTOR('',#1984,10.);
#535=VECTOR('',#1985,10.);
#536=VECTOR('',#1988,10.);
#537=VECTOR('',#1989,10.);
#538=VECTOR('',#1990,10.);
#539=VECTOR('',#1993,10.);
#540=VECTOR('',#1994,10.);
#541=VECTOR('',#1995,10.);
#542=VECTOR('',#1998,10.);
#543=VECTOR('',#1999,10.);
#544=VECTOR('',#2000,10.);
#545=VECTOR('',#2003,10.);
#546=VECTOR('',#2004,10.);
#547=VECTOR('',#2009,10.);
#548=VECTOR('',#2010,10.);
#549=VECTOR('',#2011,10.);
#550=VECTOR('',#2014,10.);
#551=VECTOR('',#2015,10.);
#552=VECTOR('',#2016,10.);
#553=VECTOR('',#2019,10.);
#554=VECTOR('',#2020,10.);
#555=VECTOR('',#2023,10.);
#556=VECTOR('',#2024,10.);
#557=VECTOR('',#2025,10.);
#558=VECTOR('',#2026,10.);
#559=VECTOR('',#2027,10.);
#560=VECTOR('',#2028,10.);
#561=VECTOR('',#2029,10.);
#562=VECTOR('',#2030,10.);
#563=VECTOR('',#2031,10.);
#564=VECTOR('',#2034,10.);
#565=VECTOR('',#2035,10.);
#566=VECTOR('',#2036,10.);
#567=VECTOR('',#2037,10.);
#568=VECTOR('',#2040,10.);
#569=VECTOR('',#2041,10.);
#570=VECTOR('',#2042,10.);
#571=VECTOR('',#2045,10.);
#572=VECTOR('',#2046,10.);
#573=VECTOR('',#2047,10.);
#574=VECTOR('',#2050,10.);
#575=VECTOR('',#2051,10.);
#576=VECTOR('',#2052,10.);
#577=VECTOR('',#2055,10.);
#578=VECTOR('',#2056,10.);
#579=VECTOR('',#2057,10.);
#580=VECTOR('',#2060,10.);
#581=VECTOR('',#2061,10.);
#582=VECTOR('',#2066,10.);
#583=VECTOR('',#2067,10.);
#584=VECTOR('',#2068,10.);
#585=VECTOR('',#2071,10.);
#586=VECTOR('',#2072,10.);
#587=VECTOR('',#2073,10.);
#588=VECTOR('',#2076,10.);
#589=VECTOR('',#2077,10.);
#590=VECTOR('',#2080,10.);
#591=VECTOR('',#2081,10.);
#592=VECTOR('',#2082,10.);
#593=VECTOR('',#2083,10.);
#594=VECTOR('',#2086,10.);
#595=VECTOR('',#2087,10.);
#596=VECTOR('',#2088,10.);
#597=VECTOR('',#2091,10.);
#598=VECTOR('',#2092,10.);
#599=VECTOR('',#2093,10.);
#600=VECTOR('',#2096,10.);
#601=VECTOR('',#2097,10.);
#602=VECTOR('',#2098,10.);
#603=VECTOR('',#2101,10.);
#604=VECTOR('',#2102,10.);
#605=VECTOR('',#2103,10.);
#606=VECTOR('',#2106,10.);
#607=VECTOR('',#2107,10.);
#608=VECTOR('',#2112,10.);
#609=VECTOR('',#2113,10.);
#610=VECTOR('',#2116,10.);
#611=VECTOR('',#2117,10.);
#612=VECTOR('',#2120,10.);
#613=VECTOR('',#2123,10.);
#614=VECTOR('',#2124,10.);
#615=VECTOR('',#2125,10.);
#616=VECTOR('',#2126,10.);
#617=VECTOR('',#2129,10.);
#618=VECTOR('',#2130,10.);
#619=VECTOR('',#2131,10.);
#620=VECTOR('',#2134,10.);
#621=VECTOR('',#2135,10.);
#622=VECTOR('',#2136,10.);
#623=VECTOR('',#2139,10.);
#624=VECTOR('',#2140,10.);
#625=VECTOR('',#2141,10.);
#626=VECTOR('',#2144,10.);
#627=VECTOR('',#2145,10.);
#628=VECTOR('',#2146,10.);
#629=VECTOR('',#2149,10.);
#630=VECTOR('',#2150,10.);
#631=VECTOR('',#2155,10.);
#632=VECTOR('',#2156,10.);
#633=VECTOR('',#2157,10.);
#634=VECTOR('',#2160,10.);
#635=VECTOR('',#2161,10.);
#636=VECTOR('',#2162,10.);
#637=VECTOR('',#2165,10.);
#638=VECTOR('',#2166,10.);
#639=VECTOR('',#2171,10.);
#640=VECTOR('',#2174,10.);
#641=VECTOR('',#2177,10.);
#642=VECTOR('',#2178,10.);
#643=VECTOR('',#2179,10.);
#644=VECTOR('',#2180,10.);
#645=VECTOR('',#2181,10.);
#646=VECTOR('',#2184,10.);
#647=VECTOR('',#2185,10.);
#648=VECTOR('',#2188,10.);
#649=VECTOR('',#2191,10.);
#650=VECTOR('',#2194,10.);
#651=VECTOR('',#2197,10.);
#652=VECTOR('',#2198,10.);
#653=VECTOR('',#2199,10.);
#654=VECTOR('',#2202,10.);
#655=VECTOR('',#2203,10.);
#656=VECTOR('',#2204,10.);
#657=VECTOR('',#2205,10.);
#658=VECTOR('',#2206,10.);
#659=VECTOR('',#2207,10.);
#660=VECTOR('',#2208,10.);
#661=VECTOR('',#2209,10.);
#662=VECTOR('',#2212,10.);
#663=VECTOR('',#2213,10.);
#664=VECTOR('',#2216,10.);
#665=VECTOR('',#2219,10.);
#666=VECTOR('',#2222,10.);
#667=VECTOR('',#2227,10.);
#668=VECTOR('',#2228,10.);
#669=VECTOR('',#2231,10.);
#670=VECTOR('',#2232,10.);
#671=VECTOR('',#2237,10.);
#672=VECTOR('',#2240,10.);
#673=VECTOR('',#2243,10.);
#674=VECTOR('',#2244,10.);
#675=VECTOR('',#2247,10.);
#676=VECTOR('',#2250,10.);
#677=VECTOR('',#2253,10.);
#678=VECTOR('',#2254,10.);
#679=VECTOR('',#2255,10.);
#680=VECTOR('',#2256,10.);
#681=VECTOR('',#2257,10.);
#682=VECTOR('',#2260,10.);
#683=VECTOR('',#2261,10.);
#684=VECTOR('',#2262,10.);
#685=VECTOR('',#2265,10.);
#686=VECTOR('',#2266,10.);
#687=VECTOR('',#2269,10.);
#688=VECTOR('',#2270,10.);
#689=CIRCLE('',#1694,2.15);
#690=CIRCLE('',#1695,2.15);
#691=CIRCLE('',#1697,2.15);
#692=CIRCLE('',#1698,2.15);
#693=CIRCLE('',#1700,2.15);
#694=CIRCLE('',#1701,2.15);
#695=CIRCLE('',#1703,2.15);
#696=CIRCLE('',#1704,2.15);
#697=CIRCLE('',#1706,1.625);
#698=CIRCLE('',#1707,1.625);
#699=CIRCLE('',#1709,1.625);
#700=CIRCLE('',#1710,1.625);
#701=CIRCLE('',#1712,1.625);
#702=CIRCLE('',#1713,1.625);
#703=CIRCLE('',#1715,1.625);
#704=CIRCLE('',#1716,1.625);
#705=CIRCLE('',#1718,1.625);
#706=CIRCLE('',#1719,1.625);
#707=CIRCLE('',#1721,1.625);
#708=CIRCLE('',#1722,1.625);
#709=CIRCLE('',#1725,6.5);
#710=CIRCLE('',#1726,6.5);
#711=CIRCLE('',#1729,6.5);
#712=CIRCLE('',#1730,6.5);
#713=CIRCLE('',#1732,3.6);
#714=CIRCLE('',#1733,3.6);
#715=CIRCLE('',#1736,3.6);
#716=CIRCLE('',#1737,3.6);
#717=CIRCLE('',#1740,3.6);
#718=CIRCLE('',#1741,3.6);
#719=CIRCLE('',#1744,3.6);
#720=CIRCLE('',#1745,3.6);
#721=CIRCLE('',#1748,3.6);
#722=CIRCLE('',#1749,3.6);
#723=CIRCLE('',#1752,3.6);
#724=CIRCLE('',#1753,3.6);
#725=CIRCLE('',#1797,65.);
#726=CIRCLE('',#1798,65.);
#727=CIRCLE('',#1801,286.25);
#728=CIRCLE('',#1803,286.25);
#729=CIRCLE('',#1808,286.25);
#730=CIRCLE('',#1810,286.25);
#731=CIRCLE('',#1814,65.);
#732=CIRCLE('',#1815,65.);
#733=VERTEX_POINT('',#2277);
#734=VERTEX_POINT('',#2279);
#735=VERTEX_POINT('',#2283);
#736=VERTEX_POINT('',#2285);
#737=VERTEX_POINT('',#2289);
#738=VERTEX_POINT('',#2291);
#739=VERTEX_POINT('',#2295);
#740=VERTEX_POINT('',#2297);
#741=VERTEX_POINT('',#2301);
#742=VERTEX_POINT('',#2303);
#743=VERTEX_POINT('',#2307);
#744=VERTEX_POINT('',#2309);
#745=VERTEX_POINT('',#2313);
#746=VERTEX_POINT('',#2315);
#747=VERTEX_POINT('',#2319);
#748=VERTEX_POINT('',#2321);
#749=VERTEX_POINT('',#2325);
#750=VERTEX_POINT('',#2327);
#751=VERTEX_POINT('',#2331);
#752=VERTEX_POINT('',#2333);
#753=VERTEX_POINT('',#2337);
#754=VERTEX_POINT('',#2338);
#755=VERTEX_POINT('',#2340);
#756=VERTEX_POINT('',#2342);
#757=VERTEX_POINT('',#2346);
#758=VERTEX_POINT('',#2348);
#759=VERTEX_POINT('',#2352);
#760=VERTEX_POINT('',#2354);
#761=VERTEX_POINT('',#2361);
#762=VERTEX_POINT('',#2363);
#763=VERTEX_POINT('',#2368);
#764=VERTEX_POINT('',#2370);
#765=VERTEX_POINT('',#2375);
#766=VERTEX_POINT('',#2377);
#767=VERTEX_POINT('',#2382);
#768=VERTEX_POINT('',#2384);
#769=VERTEX_POINT('',#2389);
#770=VERTEX_POINT('',#2391);
#771=VERTEX_POINT('',#2396);
#772=VERTEX_POINT('',#2398);
#773=VERTEX_POINT('',#2403);
#774=VERTEX_POINT('',#2404);
#775=VERTEX_POINT('',#2406);
#776=VERTEX_POINT('',#2408);
#777=VERTEX_POINT('',#2412);
#778=VERTEX_POINT('',#2414);
#779=VERTEX_POINT('',#2418);
#780=VERTEX_POINT('',#2420);
#781=VERTEX_POINT('',#2424);
#782=VERTEX_POINT('',#2426);
#783=VERTEX_POINT('',#2430);
#784=VERTEX_POINT('',#2432);
#785=VERTEX_POINT('',#2440);
#786=VERTEX_POINT('',#2441);
#787=VERTEX_POINT('',#2443);
#788=VERTEX_POINT('',#2447);
#789=VERTEX_POINT('',#2449);
#790=VERTEX_POINT('',#2453);
#791=VERTEX_POINT('',#2457);
#792=VERTEX_POINT('',#2459);
#793=VERTEX_POINT('',#2461);
#794=VERTEX_POINT('',#2463);
#795=VERTEX_POINT('',#2465);
#796=VERTEX_POINT('',#2467);
#797=VERTEX_POINT('',#2469);
#798=VERTEX_POINT('',#2471);
#799=VERTEX_POINT('',#2475);
#800=VERTEX_POINT('',#2476);
#801=VERTEX_POINT('',#2478);
#802=VERTEX_POINT('',#2480);
#803=VERTEX_POINT('',#2484);
#804=VERTEX_POINT('',#2486);
#805=VERTEX_POINT('',#2490);
#806=VERTEX_POINT('',#2492);
#807=VERTEX_POINT('',#2496);
#808=VERTEX_POINT('',#2498);
#809=VERTEX_POINT('',#2502);
#810=VERTEX_POINT('',#2504);
#811=VERTEX_POINT('',#2512);
#812=VERTEX_POINT('',#2513);
#813=VERTEX_POINT('',#2515);
#814=VERTEX_POINT('',#2519);
#815=VERTEX_POINT('',#2521);
#816=VERTEX_POINT('',#2525);
#817=VERTEX_POINT('',#2529);
#818=VERTEX_POINT('',#2530);
#819=VERTEX_POINT('',#2532);
#820=VERTEX_POINT('',#2534);
#821=VERTEX_POINT('',#2538);
#822=VERTEX_POINT('',#2540);
#823=VERTEX_POINT('',#2544);
#824=VERTEX_POINT('',#2546);
#825=VERTEX_POINT('',#2550);
#826=VERTEX_POINT('',#2552);
#827=VERTEX_POINT('',#2556);
#828=VERTEX_POINT('',#2558);
#829=VERTEX_POINT('',#2566);
#830=VERTEX_POINT('',#2570);
#831=VERTEX_POINT('',#2576);
#832=VERTEX_POINT('',#2577);
#833=VERTEX_POINT('',#2579);
#834=VERTEX_POINT('',#2581);
#835=VERTEX_POINT('',#2585);
#836=VERTEX_POINT('',#2587);
#837=VERTEX_POINT('',#2591);
#838=VERTEX_POINT('',#2593);
#839=VERTEX_POINT('',#2597);
#840=VERTEX_POINT('',#2599);
#841=VERTEX_POINT('',#2603);
#842=VERTEX_POINT('',#2605);
#843=VERTEX_POINT('',#2613);
#844=VERTEX_POINT('',#2614);
#845=VERTEX_POINT('',#2616);
#846=VERTEX_POINT('',#2620);
#847=VERTEX_POINT('',#2622);
#848=VERTEX_POINT('',#2626);
#849=VERTEX_POINT('',#2630);
#850=VERTEX_POINT('',#2631);
#851=VERTEX_POINT('',#2633);
#852=VERTEX_POINT('',#2635);
#853=VERTEX_POINT('',#2639);
#854=VERTEX_POINT('',#2640);
#855=VERTEX_POINT('',#2643);
#856=VERTEX_POINT('',#2645);
#857=VERTEX_POINT('',#2649);
#858=VERTEX_POINT('',#2650);
#859=VERTEX_POINT('',#2652);
#860=VERTEX_POINT('',#2654);
#861=VERTEX_POINT('',#2658);
#862=VERTEX_POINT('',#2660);
#863=VERTEX_POINT('',#2664);
#864=VERTEX_POINT('',#2665);
#865=VERTEX_POINT('',#2671);
#866=VERTEX_POINT('',#2673);
#867=VERTEX_POINT('',#2675);
#868=VERTEX_POINT('',#2677);
#869=VERTEX_POINT('',#2679);
#870=VERTEX_POINT('',#2681);
#871=VERTEX_POINT('',#2685);
#872=VERTEX_POINT('',#2689);
#873=VERTEX_POINT('',#2690);
#874=VERTEX_POINT('',#2695);
#875=VERTEX_POINT('',#2699);
#876=VERTEX_POINT('',#2703);
#877=VERTEX_POINT('',#2707);
#878=VERTEX_POINT('',#2708);
#879=VERTEX_POINT('',#2710);
#880=VERTEX_POINT('',#2712);
#881=VERTEX_POINT('',#2723);
#882=VERTEX_POINT('',#2725);
#883=VERTEX_POINT('',#2731);
#884=VERTEX_POINT('',#2733);
#885=EDGE_CURVE('',#733,#733,#689,.T.);
#886=EDGE_CURVE('',#733,#734,#321,.T.);
#887=EDGE_CURVE('',#734,#734,#690,.T.);
#888=EDGE_CURVE('',#735,#735,#691,.T.);
#889=EDGE_CURVE('',#735,#736,#322,.T.);
#890=EDGE_CURVE('',#736,#736,#692,.T.);
#891=EDGE_CURVE('',#737,#737,#693,.T.);
#892=EDGE_CURVE('',#737,#738,#323,.T.);
#893=EDGE_CURVE('',#738,#738,#694,.T.);
#894=EDGE_CURVE('',#739,#739,#695,.T.);
#895=EDGE_CURVE('',#739,#740,#324,.T.);
#896=EDGE_CURVE('',#740,#740,#696,.T.);
#897=EDGE_CURVE('',#741,#741,#697,.T.);
#898=EDGE_CURVE('',#741,#742,#325,.T.);
#899=EDGE_CURVE('',#742,#742,#698,.T.);
#900=EDGE_CURVE('',#743,#743,#699,.T.);
#901=EDGE_CURVE('',#743,#744,#326,.T.);
#902=EDGE_CURVE('',#744,#744,#700,.T.);
#903=EDGE_CURVE('',#745,#745,#701,.T.);
#904=EDGE_CURVE('',#745,#746,#327,.T.);
#905=EDGE_CURVE('',#746,#746,#702,.T.);
#906=EDGE_CURVE('',#747,#747,#703,.T.);
#907=EDGE_CURVE('',#747,#748,#328,.T.);
#908=EDGE_CURVE('',#748,#748,#704,.T.);
#909=EDGE_CURVE('',#749,#749,#705,.T.);
#910=EDGE_CURVE('',#749,#750,#329,.T.);
#911=EDGE_CURVE('',#750,#750,#706,.T.);
#912=EDGE_CURVE('',#751,#751,#707,.T.);
#913=EDGE_CURVE('',#751,#752,#330,.T.);
#914=EDGE_CURVE('',#752,#752,#708,.T.);
#915=EDGE_CURVE('',#753,#754,#331,.T.);
#916=EDGE_CURVE('',#755,#753,#332,.T.);
#917=EDGE_CURVE('',#756,#755,#333,.T.);
#918=EDGE_CURVE('',#754,#756,#334,.T.);
#919=EDGE_CURVE('',#757,#753,#709,.T.);
#920=EDGE_CURVE('',#754,#758,#710,.T.);
#921=EDGE_CURVE('',#758,#757,#335,.T.);
#922=EDGE_CURVE('',#759,#758,#336,.T.);
#923=EDGE_CURVE('',#760,#759,#337,.T.);
#924=EDGE_CURVE('',#757,#760,#338,.T.);
#925=EDGE_CURVE('',#755,#760,#711,.T.);
#926=EDGE_CURVE('',#759,#756,#712,.T.);
#927=EDGE_CURVE('',#761,#761,#713,.T.);
#928=EDGE_CURVE('',#761,#762,#339,.T.);
#929=EDGE_CURVE('',#762,#762,#714,.T.);
#930=EDGE_CURVE('',#763,#763,#715,.T.);
#931=EDGE_CURVE('',#763,#764,#340,.T.);
#932=EDGE_CURVE('',#764,#764,#716,.T.);
#933=EDGE_CURVE('',#765,#765,#717,.T.);
#934=EDGE_CURVE('',#765,#766,#341,.T.);
#935=EDGE_CURVE('',#766,#766,#718,.T.);
#936=EDGE_CURVE('',#767,#767,#719,.T.);
#937=EDGE_CURVE('',#767,#768,#342,.T.);
#938=EDGE_CURVE('',#768,#768,#720,.T.);
#939=EDGE_CURVE('',#769,#769,#721,.T.);
#940=EDGE_CURVE('',#769,#770,#343,.T.);
#941=EDGE_CURVE('',#770,#770,#722,.T.);
#942=EDGE_CURVE('',#771,#771,#723,.T.);
#943=EDGE_CURVE('',#771,#772,#344,.T.);
#944=EDGE_CURVE('',#772,#772,#724,.T.);
#945=EDGE_CURVE('',#773,#774,#345,.T.);
#946=EDGE_CURVE('',#775,#774,#346,.T.);
#947=EDGE_CURVE('',#775,#776,#347,.T.);
#948=EDGE_CURVE('',#776,#773,#348,.T.);
#949=EDGE_CURVE('',#774,#777,#349,.T.);
#950=EDGE_CURVE('',#778,#777,#350,.T.);
#951=EDGE_CURVE('',#778,#775,#351,.T.);
#952=EDGE_CURVE('',#777,#779,#352,.T.);
#953=EDGE_CURVE('',#780,#779,#353,.T.);
#954=EDGE_CURVE('',#780,#778,#354,.T.);
#955=EDGE_CURVE('',#779,#781,#355,.T.);
#956=EDGE_CURVE('',#782,#781,#356,.T.);
#957=EDGE_CURVE('',#782,#780,#357,.T.);
#958=EDGE_CURVE('',#781,#783,#358,.T.);
#959=EDGE_CURVE('',#784,#783,#359,.T.);
#960=EDGE_CURVE('',#784,#782,#360,.T.);
#961=EDGE_CURVE('',#783,#773,#361,.T.);
#962=EDGE_CURVE('',#776,#784,#362,.T.);
#963=EDGE_CURVE('',#785,#786,#363,.T.);
#964=EDGE_CURVE('',#787,#785,#364,.T.);
#965=EDGE_CURVE('',#786,#787,#365,.T.);
#966=EDGE_CURVE('',#788,#786,#366,.T.);
#967=EDGE_CURVE('',#789,#787,#367,.T.);
#968=EDGE_CURVE('',#789,#788,#368,.T.);
#969=EDGE_CURVE('',#788,#790,#369,.T.);
#970=EDGE_CURVE('',#790,#789,#370,.T.);
#971=EDGE_CURVE('',#791,#785,#371,.T.);
#972=EDGE_CURVE('',#791,#792,#372,.T.);
#973=EDGE_CURVE('',#792,#793,#373,.T.);
#974=EDGE_CURVE('',#793,#794,#374,.T.);
#975=EDGE_CURVE('',#795,#794,#375,.T.);
#976=EDGE_CURVE('',#795,#796,#376,.T.);
#977=EDGE_CURVE('',#796,#797,#377,.T.);
#978=EDGE_CURVE('',#798,#797,#378,.T.);
#979=EDGE_CURVE('',#790,#798,#379,.T.);
#980=EDGE_CURVE('',#799,#800,#380,.T.);
#981=EDGE_CURVE('',#801,#799,#381,.T.);
#982=EDGE_CURVE('',#802,#801,#382,.T.);
#983=EDGE_CURVE('',#802,#800,#383,.T.);
#984=EDGE_CURVE('',#800,#803,#384,.T.);
#985=EDGE_CURVE('',#804,#802,#385,.T.);
#986=EDGE_CURVE('',#804,#803,#386,.T.);
#987=EDGE_CURVE('',#803,#805,#387,.T.);
#988=EDGE_CURVE('',#806,#804,#388,.T.);
#989=EDGE_CURVE('',#806,#805,#389,.T.);
#990=EDGE_CURVE('',#805,#807,#390,.T.);
#991=EDGE_CURVE('',#808,#806,#391,.T.);
#992=EDGE_CURVE('',#808,#807,#392,.T.);
#993=EDGE_CURVE('',#807,#809,#393,.T.);
#994=EDGE_CURVE('',#810,#808,#394,.T.);
#995=EDGE_CURVE('',#810,#809,#395,.T.);
#996=EDGE_CURVE('',#809,#799,#396,.T.);
#997=EDGE_CURVE('',#801,#810,#397,.T.);
#998=EDGE_CURVE('',#811,#812,#398,.T.);
#999=EDGE_CURVE('',#812,#813,#399,.T.);
#1000=EDGE_CURVE('',#811,#813,#400,.T.);
#1001=EDGE_CURVE('',#814,#812,#401,.T.);
#1002=EDGE_CURVE('',#815,#814,#402,.T.);
#1003=EDGE_CURVE('',#813,#815,#403,.T.);
#1004=EDGE_CURVE('',#814,#816,#404,.T.);
#1005=EDGE_CURVE('',#815,#816,#405,.T.);
#1006=EDGE_CURVE('',#817,#818,#406,.T.);
#1007=EDGE_CURVE('',#819,#818,#407,.T.);
#1008=EDGE_CURVE('',#819,#820,#408,.T.);
#1009=EDGE_CURVE('',#820,#817,#409,.T.);
#1010=EDGE_CURVE('',#818,#821,#410,.T.);
#1011=EDGE_CURVE('',#822,#821,#411,.T.);
#1012=EDGE_CURVE('',#822,#819,#412,.T.);
#1013=EDGE_CURVE('',#821,#823,#413,.T.);
#1014=EDGE_CURVE('',#824,#823,#414,.T.);
#1015=EDGE_CURVE('',#824,#822,#415,.T.);
#1016=EDGE_CURVE('',#823,#825,#416,.T.);
#1017=EDGE_CURVE('',#826,#825,#417,.T.);
#1018=EDGE_CURVE('',#826,#824,#418,.T.);
#1019=EDGE_CURVE('',#825,#827,#419,.T.);
#1020=EDGE_CURVE('',#828,#827,#420,.T.);
#1021=EDGE_CURVE('',#828,#826,#421,.T.);
#1022=EDGE_CURVE('',#827,#817,#422,.T.);
#1023=EDGE_CURVE('',#820,#828,#423,.T.);
#1024=EDGE_CURVE('',#794,#829,#424,.T.);
#1025=EDGE_CURVE('',#829,#793,#425,.T.);
#1026=EDGE_CURVE('',#830,#829,#426,.T.);
#1027=EDGE_CURVE('',#792,#830,#427,.T.);
#1028=EDGE_CURVE('',#830,#791,#428,.T.);
#1029=EDGE_CURVE('',#831,#832,#429,.T.);
#1030=EDGE_CURVE('',#833,#831,#430,.T.);
#1031=EDGE_CURVE('',#834,#833,#431,.T.);
#1032=EDGE_CURVE('',#834,#832,#432,.T.);
#1033=EDGE_CURVE('',#832,#835,#433,.T.);
#1034=EDGE_CURVE('',#836,#834,#434,.T.);
#1035=EDGE_CURVE('',#836,#835,#435,.T.);
#1036=EDGE_CURVE('',#835,#837,#436,.T.);
#1037=EDGE_CURVE('',#838,#836,#437,.T.);
#1038=EDGE_CURVE('',#838,#837,#438,.T.);
#1039=EDGE_CURVE('',#837,#839,#439,.T.);
#1040=EDGE_CURVE('',#840,#838,#440,.T.);
#1041=EDGE_CURVE('',#840,#839,#441,.T.);
#1042=EDGE_CURVE('',#839,#841,#442,.T.);
#1043=EDGE_CURVE('',#842,#840,#443,.T.);
#1044=EDGE_CURVE('',#842,#841,#444,.T.);
#1045=EDGE_CURVE('',#841,#831,#445,.T.);
#1046=EDGE_CURVE('',#833,#842,#446,.T.);
#1047=EDGE_CURVE('',#843,#844,#447,.T.);
#1048=EDGE_CURVE('',#844,#845,#448,.T.);
#1049=EDGE_CURVE('',#843,#845,#449,.T.);
#1050=EDGE_CURVE('',#846,#844,#450,.T.);
#1051=EDGE_CURVE('',#847,#846,#451,.T.);
#1052=EDGE_CURVE('',#845,#847,#452,.T.);
#1053=EDGE_CURVE('',#846,#848,#453,.T.);
#1054=EDGE_CURVE('',#847,#848,#454,.T.);
#1055=EDGE_CURVE('',#849,#850,#725,.T.);
#1056=EDGE_CURVE('',#850,#851,#455,.T.);
#1057=EDGE_CURVE('',#852,#851,#726,.T.);
#1058=EDGE_CURVE('',#849,#852,#456,.T.);
#1059=EDGE_CURVE('',#853,#854,#457,.T.);
#1060=EDGE_CURVE('',#853,#852,#458,.T.);
#1061=EDGE_CURVE('',#851,#855,#459,.T.);
#1062=EDGE_CURVE('',#856,#855,#460,.T.);
#1063=EDGE_CURVE('',#854,#856,#461,.T.);
#1064=EDGE_CURVE('',#857,#858,#462,.T.);
#1065=EDGE_CURVE('',#859,#857,#463,.T.);
#1066=EDGE_CURVE('',#859,#860,#727,.T.);
#1067=EDGE_CURVE('',#860,#858,#464,.T.);
#1068=EDGE_CURVE('',#861,#859,#465,.T.);
#1069=EDGE_CURVE('',#862,#861,#728,.T.);
#1070=EDGE_CURVE('',#860,#862,#466,.T.);
#1071=EDGE_CURVE('',#863,#864,#467,.T.);
#1072=EDGE_CURVE('',#863,#862,#468,.T.);
#1073=EDGE_CURVE('',#864,#861,#469,.T.);
#1074=EDGE_CURVE('',#864,#856,#470,.T.);
#1075=EDGE_CURVE('',#865,#857,#471,.T.);
#1076=EDGE_CURVE('',#865,#866,#472,.T.);
#1077=EDGE_CURVE('',#866,#867,#473,.T.);
#1078=EDGE_CURVE('',#867,#868,#474,.T.);
#1079=EDGE_CURVE('',#868,#869,#475,.T.);
#1080=EDGE_CURVE('',#869,#870,#476,.T.);
#1081=EDGE_CURVE('',#870,#854,#477,.T.);
#1082=EDGE_CURVE('',#871,#858,#478,.T.);
#1083=EDGE_CURVE('',#871,#865,#479,.T.);
#1084=EDGE_CURVE('',#872,#873,#480,.T.);
#1085=EDGE_CURVE('',#873,#868,#729,.T.);
#1086=EDGE_CURVE('',#872,#867,#481,.T.);
#1087=EDGE_CURVE('',#874,#873,#482,.T.);
#1088=EDGE_CURVE('',#869,#874,#730,.T.);
#1089=EDGE_CURVE('',#874,#875,#483,.T.);
#1090=EDGE_CURVE('',#870,#875,#484,.T.);
#1091=EDGE_CURVE('',#866,#876,#485,.T.);
#1092=EDGE_CURVE('',#876,#872,#486,.T.);
#1093=EDGE_CURVE('',#877,#878,#731,.T.);
#1094=EDGE_CURVE('',#877,#879,#487,.T.);
#1095=EDGE_CURVE('',#880,#879,#732,.T.);
#1096=EDGE_CURVE('',#878,#880,#488,.T.);
#1097=EDGE_CURVE('',#871,#880,#489,.T.);
#1098=EDGE_CURVE('',#879,#876,#490,.T.);
#1099=EDGE_CURVE('',#863,#855,#491,.T.);
#1100=EDGE_CURVE('',#875,#853,#492,.T.);
#1101=EDGE_CURVE('',#881,#878,#493,.T.);
#1102=EDGE_CURVE('',#882,#850,#494,.T.);
#1103=EDGE_CURVE('',#816,#882,#495,.T.);
#1104=EDGE_CURVE('',#848,#811,#496,.T.);
#1105=EDGE_CURVE('',#881,#843,#497,.T.);
#1106=EDGE_CURVE('',#883,#882,#498,.T.);
#1107=EDGE_CURVE('',#884,#883,#499,.T.);
#1108=EDGE_CURVE('',#884,#881,#500,.T.);
#1109=EDGE_CURVE('',#796,#884,#501,.T.);
#1110=EDGE_CURVE('',#797,#883,#502,.T.);
#1111=EDGE_CURVE('',#877,#795,#503,.T.);
#1112=EDGE_CURVE('',#849,#798,#504,.T.);
#1113=ORIENTED_EDGE('',*,*,#885,.F.);
#1114=ORIENTED_EDGE('',*,*,#886,.T.);
#1115=ORIENTED_EDGE('',*,*,#887,.F.);
#1116=ORIENTED_EDGE('',*,*,#886,.F.);
#1117=ORIENTED_EDGE('',*,*,#888,.F.);
#1118=ORIENTED_EDGE('',*,*,#889,.T.);
#1119=ORIENTED_EDGE('',*,*,#890,.F.);
#1120=ORIENTED_EDGE('',*,*,#889,.F.);
#1121=ORIENTED_EDGE('',*,*,#891,.F.);
#1122=ORIENTED_EDGE('',*,*,#892,.T.);
#1123=ORIENTED_EDGE('',*,*,#893,.F.);
#1124=ORIENTED_EDGE('',*,*,#892,.F.);
#1125=ORIENTED_EDGE('',*,*,#894,.F.);
#1126=ORIENTED_EDGE('',*,*,#895,.T.);
#1127=ORIENTED_EDGE('',*,*,#896,.F.);
#1128=ORIENTED_EDGE('',*,*,#895,.F.);
#1129=ORIENTED_EDGE('',*,*,#897,.F.);
#1130=ORIENTED_EDGE('',*,*,#898,.T.);
#1131=ORIENTED_EDGE('',*,*,#899,.F.);
#1132=ORIENTED_EDGE('',*,*,#898,.F.);
#1133=ORIENTED_EDGE('',*,*,#900,.F.);
#1134=ORIENTED_EDGE('',*,*,#901,.T.);
#1135=ORIENTED_EDGE('',*,*,#902,.F.);
#1136=ORIENTED_EDGE('',*,*,#901,.F.);
#1137=ORIENTED_EDGE('',*,*,#903,.F.);
#1138=ORIENTED_EDGE('',*,*,#904,.T.);
#1139=ORIENTED_EDGE('',*,*,#905,.F.);
#1140=ORIENTED_EDGE('',*,*,#904,.F.);
#1141=ORIENTED_EDGE('',*,*,#906,.F.);
#1142=ORIENTED_EDGE('',*,*,#907,.T.);
#1143=ORIENTED_EDGE('',*,*,#908,.F.);
#1144=ORIENTED_EDGE('',*,*,#907,.F.);
#1145=ORIENTED_EDGE('',*,*,#909,.F.);
#1146=ORIENTED_EDGE('',*,*,#910,.T.);
#1147=ORIENTED_EDGE('',*,*,#911,.F.);
#1148=ORIENTED_EDGE('',*,*,#910,.F.);
#1149=ORIENTED_EDGE('',*,*,#912,.F.);
#1150=ORIENTED_EDGE('',*,*,#913,.T.);
#1151=ORIENTED_EDGE('',*,*,#914,.F.);
#1152=ORIENTED_EDGE('',*,*,#913,.F.);
#1153=ORIENTED_EDGE('',*,*,#915,.F.);
#1154=ORIENTED_EDGE('',*,*,#916,.F.);
#1155=ORIENTED_EDGE('',*,*,#917,.F.);
#1156=ORIENTED_EDGE('',*,*,#918,.F.);
#1157=ORIENTED_EDGE('',*,*,#919,.T.);
#1158=ORIENTED_EDGE('',*,*,#915,.T.);
#1159=ORIENTED_EDGE('',*,*,#920,.T.);
#1160=ORIENTED_EDGE('',*,*,#921,.T.);
#1161=ORIENTED_EDGE('',*,*,#921,.F.);
#1162=ORIENTED_EDGE('',*,*,#922,.F.);
#1163=ORIENTED_EDGE('',*,*,#923,.F.);
#1164=ORIENTED_EDGE('',*,*,#924,.F.);
#1165=ORIENTED_EDGE('',*,*,#925,.T.);
#1166=ORIENTED_EDGE('',*,*,#923,.T.);
#1167=ORIENTED_EDGE('',*,*,#926,.T.);
#1168=ORIENTED_EDGE('',*,*,#917,.T.);
#1169=ORIENTED_EDGE('',*,*,#927,.F.);
#1170=ORIENTED_EDGE('',*,*,#928,.T.);
#1171=ORIENTED_EDGE('',*,*,#929,.T.);
#1172=ORIENTED_EDGE('',*,*,#928,.F.);
#1173=ORIENTED_EDGE('',*,*,#929,.F.);
#1174=ORIENTED_EDGE('',*,*,#930,.F.);
#1175=ORIENTED_EDGE('',*,*,#931,.T.);
#1176=ORIENTED_EDGE('',*,*,#932,.T.);
#1177=ORIENTED_EDGE('',*,*,#931,.F.);
#1178=ORIENTED_EDGE('',*,*,#932,.F.);
#1179=ORIENTED_EDGE('',*,*,#933,.F.);
#1180=ORIENTED_EDGE('',*,*,#934,.T.);
#1181=ORIENTED_EDGE('',*,*,#935,.T.);
#1182=ORIENTED_EDGE('',*,*,#934,.F.);
#1183=ORIENTED_EDGE('',*,*,#935,.F.);
#1184=ORIENTED_EDGE('',*,*,#936,.F.);
#1185=ORIENTED_EDGE('',*,*,#937,.T.);
#1186=ORIENTED_EDGE('',*,*,#938,.T.);
#1187=ORIENTED_EDGE('',*,*,#937,.F.);
#1188=ORIENTED_EDGE('',*,*,#938,.F.);
#1189=ORIENTED_EDGE('',*,*,#939,.F.);
#1190=ORIENTED_EDGE('',*,*,#940,.T.);
#1191=ORIENTED_EDGE('',*,*,#941,.T.);
#1192=ORIENTED_EDGE('',*,*,#940,.F.);
#1193=ORIENTED_EDGE('',*,*,#941,.F.);
#1194=ORIENTED_EDGE('',*,*,#942,.F.);
#1195=ORIENTED_EDGE('',*,*,#943,.T.);
#1196=ORIENTED_EDGE('',*,*,#944,.T.);
#1197=ORIENTED_EDGE('',*,*,#943,.F.);
#1198=ORIENTED_EDGE('',*,*,#944,.F.);
#1199=ORIENTED_EDGE('',*,*,#945,.T.);
#1200=ORIENTED_EDGE('',*,*,#946,.F.);
#1201=ORIENTED_EDGE('',*,*,#947,.T.);
#1202=ORIENTED_EDGE('',*,*,#948,.T.);
#1203=ORIENTED_EDGE('',*,*,#949,.T.);
#1204=ORIENTED_EDGE('',*,*,#950,.F.);
#1205=ORIENTED_EDGE('',*,*,#951,.T.);
#1206=ORIENTED_EDGE('',*,*,#946,.T.);
#1207=ORIENTED_EDGE('',*,*,#952,.T.);
#1208=ORIENTED_EDGE('',*,*,#953,.F.);
#1209=ORIENTED_EDGE('',*,*,#954,.T.);
#1210=ORIENTED_EDGE('',*,*,#950,.T.);
#1211=ORIENTED_EDGE('',*,*,#955,.T.);
#1212=ORIENTED_EDGE('',*,*,#956,.F.);
#1213=ORIENTED_EDGE('',*,*,#957,.T.);
#1214=ORIENTED_EDGE('',*,*,#953,.T.);
#1215=ORIENTED_EDGE('',*,*,#958,.T.);
#1216=ORIENTED_EDGE('',*,*,#959,.F.);
#1217=ORIENTED_EDGE('',*,*,#960,.T.);
#1218=ORIENTED_EDGE('',*,*,#956,.T.);
#1219=ORIENTED_EDGE('',*,*,#961,.T.);
#1220=ORIENTED_EDGE('',*,*,#948,.F.);
#1221=ORIENTED_EDGE('',*,*,#962,.T.);
#1222=ORIENTED_EDGE('',*,*,#959,.T.);
#1223=ORIENTED_EDGE('',*,*,#954,.F.);
#1224=ORIENTED_EDGE('',*,*,#957,.F.);
#1225=ORIENTED_EDGE('',*,*,#960,.F.);
#1226=ORIENTED_EDGE('',*,*,#962,.F.);
#1227=ORIENTED_EDGE('',*,*,#947,.F.);
#1228=ORIENTED_EDGE('',*,*,#951,.F.);
#1229=ORIENTED_EDGE('',*,*,#896,.T.);
#1230=ORIENTED_EDGE('',*,*,#963,.F.);
#1231=ORIENTED_EDGE('',*,*,#964,.F.);
#1232=ORIENTED_EDGE('',*,*,#965,.F.);
#1233=ORIENTED_EDGE('',*,*,#966,.T.);
#1234=ORIENTED_EDGE('',*,*,#965,.T.);
#1235=ORIENTED_EDGE('',*,*,#967,.F.);
#1236=ORIENTED_EDGE('',*,*,#968,.T.);
#1237=ORIENTED_EDGE('',*,*,#955,.F.);
#1238=ORIENTED_EDGE('',*,*,#952,.F.);
#1239=ORIENTED_EDGE('',*,*,#949,.F.);
#1240=ORIENTED_EDGE('',*,*,#945,.F.);
#1241=ORIENTED_EDGE('',*,*,#961,.F.);
#1242=ORIENTED_EDGE('',*,*,#958,.F.);
#1243=ORIENTED_EDGE('',*,*,#969,.F.);
#1244=ORIENTED_EDGE('',*,*,#968,.F.);
#1245=ORIENTED_EDGE('',*,*,#970,.F.);
#1246=ORIENTED_EDGE('',*,*,#970,.T.);
#1247=ORIENTED_EDGE('',*,*,#967,.T.);
#1248=ORIENTED_EDGE('',*,*,#964,.T.);
#1249=ORIENTED_EDGE('',*,*,#971,.F.);
#1250=ORIENTED_EDGE('',*,*,#972,.T.);
#1251=ORIENTED_EDGE('',*,*,#973,.T.);
#1252=ORIENTED_EDGE('',*,*,#974,.T.);
#1253=ORIENTED_EDGE('',*,*,#975,.F.);
#1254=ORIENTED_EDGE('',*,*,#976,.T.);
#1255=ORIENTED_EDGE('',*,*,#977,.T.);
#1256=ORIENTED_EDGE('',*,*,#978,.F.);
#1257=ORIENTED_EDGE('',*,*,#979,.F.);
#1258=ORIENTED_EDGE('',*,*,#980,.F.);
#1259=ORIENTED_EDGE('',*,*,#981,.F.);
#1260=ORIENTED_EDGE('',*,*,#982,.F.);
#1261=ORIENTED_EDGE('',*,*,#983,.T.);
#1262=ORIENTED_EDGE('',*,*,#984,.F.);
#1263=ORIENTED_EDGE('',*,*,#983,.F.);
#1264=ORIENTED_EDGE('',*,*,#985,.F.);
#1265=ORIENTED_EDGE('',*,*,#986,.T.);
#1266=ORIENTED_EDGE('',*,*,#987,.F.);
#1267=ORIENTED_EDGE('',*,*,#986,.F.);
#1268=ORIENTED_EDGE('',*,*,#988,.F.);
#1269=ORIENTED_EDGE('',*,*,#989,.T.);
#1270=ORIENTED_EDGE('',*,*,#990,.F.);
#1271=ORIENTED_EDGE('',*,*,#989,.F.);
#1272=ORIENTED_EDGE('',*,*,#991,.F.);
#1273=ORIENTED_EDGE('',*,*,#992,.T.);
#1274=ORIENTED_EDGE('',*,*,#993,.F.);
#1275=ORIENTED_EDGE('',*,*,#992,.F.);
#1276=ORIENTED_EDGE('',*,*,#994,.F.);
#1277=ORIENTED_EDGE('',*,*,#995,.T.);
#1278=ORIENTED_EDGE('',*,*,#996,.F.);
#1279=ORIENTED_EDGE('',*,*,#995,.F.);
#1280=ORIENTED_EDGE('',*,*,#997,.F.);
#1281=ORIENTED_EDGE('',*,*,#981,.T.);
#1282=ORIENTED_EDGE('',*,*,#988,.T.);
#1283=ORIENTED_EDGE('',*,*,#985,.T.);
#1284=ORIENTED_EDGE('',*,*,#982,.T.);
#1285=ORIENTED_EDGE('',*,*,#997,.T.);
#1286=ORIENTED_EDGE('',*,*,#994,.T.);
#1287=ORIENTED_EDGE('',*,*,#991,.T.);
#1288=ORIENTED_EDGE('',*,*,#893,.T.);
#1289=ORIENTED_EDGE('',*,*,#998,.T.);
#1290=ORIENTED_EDGE('',*,*,#999,.T.);
#1291=ORIENTED_EDGE('',*,*,#1000,.F.);
#1292=ORIENTED_EDGE('',*,*,#1001,.F.);
#1293=ORIENTED_EDGE('',*,*,#1002,.F.);
#1294=ORIENTED_EDGE('',*,*,#1003,.F.);
#1295=ORIENTED_EDGE('',*,*,#999,.F.);
#1296=ORIENTED_EDGE('',*,*,#990,.T.);
#1297=ORIENTED_EDGE('',*,*,#993,.T.);
#1298=ORIENTED_EDGE('',*,*,#996,.T.);
#1299=ORIENTED_EDGE('',*,*,#980,.T.);
#1300=ORIENTED_EDGE('',*,*,#984,.T.);
#1301=ORIENTED_EDGE('',*,*,#987,.T.);
#1302=ORIENTED_EDGE('',*,*,#1004,.T.);
#1303=ORIENTED_EDGE('',*,*,#1005,.F.);
#1304=ORIENTED_EDGE('',*,*,#1002,.T.);
#1305=ORIENTED_EDGE('',*,*,#1006,.T.);
#1306=ORIENTED_EDGE('',*,*,#1007,.F.);
#1307=ORIENTED_EDGE('',*,*,#1008,.T.);
#1308=ORIENTED_EDGE('',*,*,#1009,.T.);
#1309=ORIENTED_EDGE('',*,*,#1010,.T.);
#1310=ORIENTED_EDGE('',*,*,#1011,.F.);
#1311=ORIENTED_EDGE('',*,*,#1012,.T.);
#1312=ORIENTED_EDGE('',*,*,#1007,.T.);
#1313=ORIENTED_EDGE('',*,*,#1013,.T.);
#1314=ORIENTED_EDGE('',*,*,#1014,.F.);
#1315=ORIENTED_EDGE('',*,*,#1015,.T.);
#1316=ORIENTED_EDGE('',*,*,#1011,.T.);
#1317=ORIENTED_EDGE('',*,*,#1016,.T.);
#1318=ORIENTED_EDGE('',*,*,#1017,.F.);
#1319=ORIENTED_EDGE('',*,*,#1018,.T.);
#1320=ORIENTED_EDGE('',*,*,#1014,.T.);
#1321=ORIENTED_EDGE('',*,*,#1019,.T.);
#1322=ORIENTED_EDGE('',*,*,#1020,.F.);
#1323=ORIENTED_EDGE('',*,*,#1021,.T.);
#1324=ORIENTED_EDGE('',*,*,#1017,.T.);
#1325=ORIENTED_EDGE('',*,*,#1022,.T.);
#1326=ORIENTED_EDGE('',*,*,#1009,.F.);
#1327=ORIENTED_EDGE('',*,*,#1023,.T.);
#1328=ORIENTED_EDGE('',*,*,#1020,.T.);
#1329=ORIENTED_EDGE('',*,*,#1015,.F.);
#1330=ORIENTED_EDGE('',*,*,#1018,.F.);
#1331=ORIENTED_EDGE('',*,*,#1021,.F.);
#1332=ORIENTED_EDGE('',*,*,#1023,.F.);
#1333=ORIENTED_EDGE('',*,*,#1008,.F.);
#1334=ORIENTED_EDGE('',*,*,#1012,.F.);
#1335=ORIENTED_EDGE('',*,*,#887,.T.);
#1336=ORIENTED_EDGE('',*,*,#1024,.F.);
#1337=ORIENTED_EDGE('',*,*,#974,.F.);
#1338=ORIENTED_EDGE('',*,*,#1025,.F.);
#1339=ORIENTED_EDGE('',*,*,#1026,.T.);
#1340=ORIENTED_EDGE('',*,*,#1025,.T.);
#1341=ORIENTED_EDGE('',*,*,#973,.F.);
#1342=ORIENTED_EDGE('',*,*,#1027,.T.);
#1343=ORIENTED_EDGE('',*,*,#1016,.F.);
#1344=ORIENTED_EDGE('',*,*,#1013,.F.);
#1345=ORIENTED_EDGE('',*,*,#1010,.F.);
#1346=ORIENTED_EDGE('',*,*,#1006,.F.);
#1347=ORIENTED_EDGE('',*,*,#1022,.F.);
#1348=ORIENTED_EDGE('',*,*,#1019,.F.);
#1349=ORIENTED_EDGE('',*,*,#1028,.F.);
#1350=ORIENTED_EDGE('',*,*,#1027,.F.);
#1351=ORIENTED_EDGE('',*,*,#972,.F.);
#1352=ORIENTED_EDGE('',*,*,#1029,.F.);
#1353=ORIENTED_EDGE('',*,*,#1030,.F.);
#1354=ORIENTED_EDGE('',*,*,#1031,.F.);
#1355=ORIENTED_EDGE('',*,*,#1032,.T.);
#1356=ORIENTED_EDGE('',*,*,#1033,.F.);
#1357=ORIENTED_EDGE('',*,*,#1032,.F.);
#1358=ORIENTED_EDGE('',*,*,#1034,.F.);
#1359=ORIENTED_EDGE('',*,*,#1035,.T.);
#1360=ORIENTED_EDGE('',*,*,#1036,.F.);
#1361=ORIENTED_EDGE('',*,*,#1035,.F.);
#1362=ORIENTED_EDGE('',*,*,#1037,.F.);
#1363=ORIENTED_EDGE('',*,*,#1038,.T.);
#1364=ORIENTED_EDGE('',*,*,#1039,.F.);
#1365=ORIENTED_EDGE('',*,*,#1038,.F.);
#1366=ORIENTED_EDGE('',*,*,#1040,.F.);
#1367=ORIENTED_EDGE('',*,*,#1041,.T.);
#1368=ORIENTED_EDGE('',*,*,#1042,.F.);
#1369=ORIENTED_EDGE('',*,*,#1041,.F.);
#1370=ORIENTED_EDGE('',*,*,#1043,.F.);
#1371=ORIENTED_EDGE('',*,*,#1044,.T.);
#1372=ORIENTED_EDGE('',*,*,#1045,.F.);
#1373=ORIENTED_EDGE('',*,*,#1044,.F.);
#1374=ORIENTED_EDGE('',*,*,#1046,.F.);
#1375=ORIENTED_EDGE('',*,*,#1030,.T.);
#1376=ORIENTED_EDGE('',*,*,#1037,.T.);
#1377=ORIENTED_EDGE('',*,*,#1034,.T.);
#1378=ORIENTED_EDGE('',*,*,#1031,.T.);
#1379=ORIENTED_EDGE('',*,*,#1046,.T.);
#1380=ORIENTED_EDGE('',*,*,#1043,.T.);
#1381=ORIENTED_EDGE('',*,*,#1040,.T.);
#1382=ORIENTED_EDGE('',*,*,#890,.T.);
#1383=ORIENTED_EDGE('',*,*,#1047,.T.);
#1384=ORIENTED_EDGE('',*,*,#1048,.T.);
#1385=ORIENTED_EDGE('',*,*,#1049,.F.);
#1386=ORIENTED_EDGE('',*,*,#1050,.F.);
#1387=ORIENTED_EDGE('',*,*,#1051,.F.);
#1388=ORIENTED_EDGE('',*,*,#1052,.F.);
#1389=ORIENTED_EDGE('',*,*,#1048,.F.);
#1390=ORIENTED_EDGE('',*,*,#1039,.T.);
#1391=ORIENTED_EDGE('',*,*,#1042,.T.);
#1392=ORIENTED_EDGE('',*,*,#1045,.T.);
#1393=ORIENTED_EDGE('',*,*,#1029,.T.);
#1394=ORIENTED_EDGE('',*,*,#1033,.T.);
#1395=ORIENTED_EDGE('',*,*,#1036,.T.);
#1396=ORIENTED_EDGE('',*,*,#1053,.T.);
#1397=ORIENTED_EDGE('',*,*,#1054,.F.);
#1398=ORIENTED_EDGE('',*,*,#1051,.T.);
#1399=ORIENTED_EDGE('',*,*,#1055,.T.);
#1400=ORIENTED_EDGE('',*,*,#1056,.T.);
#1401=ORIENTED_EDGE('',*,*,#1057,.F.);
#1402=ORIENTED_EDGE('',*,*,#1058,.F.);
#1403=ORIENTED_EDGE('',*,*,#1059,.F.);
#1404=ORIENTED_EDGE('',*,*,#1060,.T.);
#1405=ORIENTED_EDGE('',*,*,#1057,.T.);
#1406=ORIENTED_EDGE('',*,*,#1061,.T.);
#1407=ORIENTED_EDGE('',*,*,#1062,.F.);
#1408=ORIENTED_EDGE('',*,*,#1063,.F.);
#1409=ORIENTED_EDGE('',*,*,#1064,.F.);
#1410=ORIENTED_EDGE('',*,*,#1065,.F.);
#1411=ORIENTED_EDGE('',*,*,#1066,.T.);
#1412=ORIENTED_EDGE('',*,*,#1067,.T.);
#1413=ORIENTED_EDGE('',*,*,#1068,.F.);
#1414=ORIENTED_EDGE('',*,*,#1069,.F.);
#1415=ORIENTED_EDGE('',*,*,#1070,.F.);
#1416=ORIENTED_EDGE('',*,*,#1066,.F.);
#1417=ORIENTED_EDGE('',*,*,#1071,.F.);
#1418=ORIENTED_EDGE('',*,*,#1072,.T.);
#1419=ORIENTED_EDGE('',*,*,#1069,.T.);
#1420=ORIENTED_EDGE('',*,*,#1073,.F.);
#1421=ORIENTED_EDGE('',*,*,#1063,.T.);
#1422=ORIENTED_EDGE('',*,*,#1074,.F.);
#1423=ORIENTED_EDGE('',*,*,#1073,.T.);
#1424=ORIENTED_EDGE('',*,*,#1068,.T.);
#1425=ORIENTED_EDGE('',*,*,#1065,.T.);
#1426=ORIENTED_EDGE('',*,*,#1075,.F.);
#1427=ORIENTED_EDGE('',*,*,#1076,.T.);
#1428=ORIENTED_EDGE('',*,*,#1077,.T.);
#1429=ORIENTED_EDGE('',*,*,#1078,.T.);
#1430=ORIENTED_EDGE('',*,*,#1079,.T.);
#1431=ORIENTED_EDGE('',*,*,#1080,.T.);
#1432=ORIENTED_EDGE('',*,*,#1081,.T.);
#1433=ORIENTED_EDGE('',*,*,#916,.T.);
#1434=ORIENTED_EDGE('',*,*,#919,.F.);
#1435=ORIENTED_EDGE('',*,*,#924,.T.);
#1436=ORIENTED_EDGE('',*,*,#925,.F.);
#1437=ORIENTED_EDGE('',*,*,#912,.T.);
#1438=ORIENTED_EDGE('',*,*,#909,.T.);
#1439=ORIENTED_EDGE('',*,*,#906,.T.);
#1440=ORIENTED_EDGE('',*,*,#903,.T.);
#1441=ORIENTED_EDGE('',*,*,#900,.T.);
#1442=ORIENTED_EDGE('',*,*,#897,.T.);
#1443=ORIENTED_EDGE('',*,*,#1064,.T.);
#1444=ORIENTED_EDGE('',*,*,#1082,.F.);
#1445=ORIENTED_EDGE('',*,*,#1083,.T.);
#1446=ORIENTED_EDGE('',*,*,#1075,.T.);
#1447=ORIENTED_EDGE('',*,*,#1084,.T.);
#1448=ORIENTED_EDGE('',*,*,#1085,.T.);
#1449=ORIENTED_EDGE('',*,*,#1078,.F.);
#1450=ORIENTED_EDGE('',*,*,#1086,.F.);
#1451=ORIENTED_EDGE('',*,*,#1087,.F.);
#1452=ORIENTED_EDGE('',*,*,#1088,.F.);
#1453=ORIENTED_EDGE('',*,*,#1079,.F.);
#1454=ORIENTED_EDGE('',*,*,#1085,.F.);
#1455=ORIENTED_EDGE('',*,*,#1089,.T.);
#1456=ORIENTED_EDGE('',*,*,#1090,.F.);
#1457=ORIENTED_EDGE('',*,*,#1080,.F.);
#1458=ORIENTED_EDGE('',*,*,#1088,.T.);
#1459=ORIENTED_EDGE('',*,*,#1086,.T.);
#1460=ORIENTED_EDGE('',*,*,#1077,.F.);
#1461=ORIENTED_EDGE('',*,*,#1091,.T.);
#1462=ORIENTED_EDGE('',*,*,#1092,.T.);
#1463=ORIENTED_EDGE('',*,*,#1093,.F.);
#1464=ORIENTED_EDGE('',*,*,#1094,.T.);
#1465=ORIENTED_EDGE('',*,*,#1095,.F.);
#1466=ORIENTED_EDGE('',*,*,#1096,.F.);
#1467=ORIENTED_EDGE('',*,*,#1091,.F.);
#1468=ORIENTED_EDGE('',*,*,#1076,.F.);
#1469=ORIENTED_EDGE('',*,*,#1083,.F.);
#1470=ORIENTED_EDGE('',*,*,#1097,.T.);
#1471=ORIENTED_EDGE('',*,*,#1095,.T.);
#1472=ORIENTED_EDGE('',*,*,#1098,.T.);
#1473=ORIENTED_EDGE('',*,*,#1062,.T.);
#1474=ORIENTED_EDGE('',*,*,#1099,.F.);
#1475=ORIENTED_EDGE('',*,*,#1071,.T.);
#1476=ORIENTED_EDGE('',*,*,#1074,.T.);
#1477=ORIENTED_EDGE('',*,*,#1059,.T.);
#1478=ORIENTED_EDGE('',*,*,#1081,.F.);
#1479=ORIENTED_EDGE('',*,*,#1090,.T.);
#1480=ORIENTED_EDGE('',*,*,#1100,.T.);
#1481=ORIENTED_EDGE('',*,*,#1101,.T.);
#1482=ORIENTED_EDGE('',*,*,#1096,.T.);
#1483=ORIENTED_EDGE('',*,*,#1097,.F.);
#1484=ORIENTED_EDGE('',*,*,#1082,.T.);
#1485=ORIENTED_EDGE('',*,*,#1067,.F.);
#1486=ORIENTED_EDGE('',*,*,#1070,.T.);
#1487=ORIENTED_EDGE('',*,*,#1072,.F.);
#1488=ORIENTED_EDGE('',*,*,#1099,.T.);
#1489=ORIENTED_EDGE('',*,*,#1061,.F.);
#1490=ORIENTED_EDGE('',*,*,#1056,.F.);
#1491=ORIENTED_EDGE('',*,*,#1102,.F.);
#1492=ORIENTED_EDGE('',*,*,#1103,.F.);
#1493=ORIENTED_EDGE('',*,*,#1004,.F.);
#1494=ORIENTED_EDGE('',*,*,#1001,.T.);
#1495=ORIENTED_EDGE('',*,*,#998,.F.);
#1496=ORIENTED_EDGE('',*,*,#1104,.F.);
#1497=ORIENTED_EDGE('',*,*,#1053,.F.);
#1498=ORIENTED_EDGE('',*,*,#1050,.T.);
#1499=ORIENTED_EDGE('',*,*,#1047,.F.);
#1500=ORIENTED_EDGE('',*,*,#1105,.F.);
#1501=ORIENTED_EDGE('',*,*,#888,.T.);
#1502=ORIENTED_EDGE('',*,*,#891,.T.);
#1503=ORIENTED_EDGE('',*,*,#930,.T.);
#1504=ORIENTED_EDGE('',*,*,#936,.T.);
#1505=ORIENTED_EDGE('',*,*,#942,.T.);
#1506=ORIENTED_EDGE('',*,*,#1005,.T.);
#1507=ORIENTED_EDGE('',*,*,#1103,.T.);
#1508=ORIENTED_EDGE('',*,*,#1106,.F.);
#1509=ORIENTED_EDGE('',*,*,#1107,.F.);
#1510=ORIENTED_EDGE('',*,*,#1108,.T.);
#1511=ORIENTED_EDGE('',*,*,#1105,.T.);
#1512=ORIENTED_EDGE('',*,*,#1049,.T.);
#1513=ORIENTED_EDGE('',*,*,#1052,.T.);
#1514=ORIENTED_EDGE('',*,*,#1054,.T.);
#1515=ORIENTED_EDGE('',*,*,#1104,.T.);
#1516=ORIENTED_EDGE('',*,*,#1000,.T.);
#1517=ORIENTED_EDGE('',*,*,#1003,.T.);
#1518=ORIENTED_EDGE('',*,*,#1109,.T.);
#1519=ORIENTED_EDGE('',*,*,#1107,.T.);
#1520=ORIENTED_EDGE('',*,*,#1110,.F.);
#1521=ORIENTED_EDGE('',*,*,#977,.F.);
#1522=ORIENTED_EDGE('',*,*,#918,.T.);
#1523=ORIENTED_EDGE('',*,*,#926,.F.);
#1524=ORIENTED_EDGE('',*,*,#922,.T.);
#1525=ORIENTED_EDGE('',*,*,#920,.F.);
#1526=ORIENTED_EDGE('',*,*,#914,.T.);
#1527=ORIENTED_EDGE('',*,*,#911,.T.);
#1528=ORIENTED_EDGE('',*,*,#908,.T.);
#1529=ORIENTED_EDGE('',*,*,#905,.T.);
#1530=ORIENTED_EDGE('',*,*,#902,.T.);
#1531=ORIENTED_EDGE('',*,*,#899,.T.);
#1532=ORIENTED_EDGE('',*,*,#1111,.T.);
#1533=ORIENTED_EDGE('',*,*,#975,.T.);
#1534=ORIENTED_EDGE('',*,*,#1024,.T.);
#1535=ORIENTED_EDGE('',*,*,#1026,.F.);
#1536=ORIENTED_EDGE('',*,*,#1028,.T.);
#1537=ORIENTED_EDGE('',*,*,#971,.T.);
#1538=ORIENTED_EDGE('',*,*,#963,.T.);
#1539=ORIENTED_EDGE('',*,*,#966,.F.);
#1540=ORIENTED_EDGE('',*,*,#969,.T.);
#1541=ORIENTED_EDGE('',*,*,#979,.T.);
#1542=ORIENTED_EDGE('',*,*,#1112,.F.);
#1543=ORIENTED_EDGE('',*,*,#1058,.T.);
#1544=ORIENTED_EDGE('',*,*,#1060,.F.);
#1545=ORIENTED_EDGE('',*,*,#1100,.F.);
#1546=ORIENTED_EDGE('',*,*,#1089,.F.);
#1547=ORIENTED_EDGE('',*,*,#1087,.T.);
#1548=ORIENTED_EDGE('',*,*,#1084,.F.);
#1549=ORIENTED_EDGE('',*,*,#1092,.F.);
#1550=ORIENTED_EDGE('',*,*,#1098,.F.);
#1551=ORIENTED_EDGE('',*,*,#1094,.F.);
#1552=ORIENTED_EDGE('',*,*,#885,.T.);
#1553=ORIENTED_EDGE('',*,*,#894,.T.);
#1554=ORIENTED_EDGE('',*,*,#927,.T.);
#1555=ORIENTED_EDGE('',*,*,#933,.T.);
#1556=ORIENTED_EDGE('',*,*,#939,.T.);
#1557=ORIENTED_EDGE('',*,*,#1112,.T.);
#1558=ORIENTED_EDGE('',*,*,#978,.T.);
#1559=ORIENTED_EDGE('',*,*,#1110,.T.);
#1560=ORIENTED_EDGE('',*,*,#1106,.T.);
#1561=ORIENTED_EDGE('',*,*,#1102,.T.);
#1562=ORIENTED_EDGE('',*,*,#1055,.F.);
#1563=ORIENTED_EDGE('',*,*,#1111,.F.);
#1564=ORIENTED_EDGE('',*,*,#1093,.T.);
#1565=ORIENTED_EDGE('',*,*,#1101,.F.);
#1566=ORIENTED_EDGE('',*,*,#1108,.F.);
#1567=ORIENTED_EDGE('',*,*,#1109,.F.);
#1568=ORIENTED_EDGE('',*,*,#976,.F.);
#1569=CYLINDRICAL_SURFACE('',#1693,2.15);
#1570=CYLINDRICAL_SURFACE('',#1696,2.15);
#1571=CYLINDRICAL_SURFACE('',#1699,2.15);
#1572=CYLINDRICAL_SURFACE('',#1702,2.15);
#1573=CYLINDRICAL_SURFACE('',#1705,1.625);
#1574=CYLINDRICAL_SURFACE('',#1708,1.625);
#1575=CYLINDRICAL_SURFACE('',#1711,1.625);
#1576=CYLINDRICAL_SURFACE('',#1714,1.625);
#1577=CYLINDRICAL_SURFACE('',#1717,1.625);
#1578=CYLINDRICAL_SURFACE('',#1720,1.625);
#1579=CYLINDRICAL_SURFACE('',#1724,6.5);
#1580=CYLINDRICAL_SURFACE('',#1728,6.5);
#1581=CYLINDRICAL_SURFACE('',#1731,3.6);
#1582=CYLINDRICAL_SURFACE('',#1735,3.6);
#1583=CYLINDRICAL_SURFACE('',#1739,3.6);
#1584=CYLINDRICAL_SURFACE('',#1743,3.6);
#1585=CYLINDRICAL_SURFACE('',#1747,3.6);
#1586=CYLINDRICAL_SURFACE('',#1751,3.6);
#1587=CYLINDRICAL_SURFACE('',#1796,65.);
#1588=CYLINDRICAL_SURFACE('',#1802,286.25);
#1589=CYLINDRICAL_SURFACE('',#1809,286.25);
#1590=CYLINDRICAL_SURFACE('',#1813,65.);
#1591=ADVANCED_FACE('',(#113),#1569,.F.);
#1592=ADVANCED_FACE('',(#114),#1570,.F.);
#1593=ADVANCED_FACE('',(#115),#1571,.F.);
#1594=ADVANCED_FACE('',(#116),#1572,.F.);
#1595=ADVANCED_FACE('',(#117),#1573,.F.);
#1596=ADVANCED_FACE('',(#118),#1574,.F.);
#1597=ADVANCED_FACE('',(#119),#1575,.F.);
#1598=ADVANCED_FACE('',(#120),#1576,.F.);
#1599=ADVANCED_FACE('',(#121),#1577,.F.);
#1600=ADVANCED_FACE('',(#122),#1578,.F.);
#1601=ADVANCED_FACE('',(#123),#47,.F.);
#1602=ADVANCED_FACE('',(#124),#1579,.F.);
#1603=ADVANCED_FACE('',(#125),#48,.F.);
#1604=ADVANCED_FACE('',(#126),#1580,.F.);
#1605=ADVANCED_FACE('',(#127),#1581,.F.);
#1606=ADVANCED_FACE('',(#128),#49,.F.);
#1607=ADVANCED_FACE('',(#129),#1582,.F.);
#1608=ADVANCED_FACE('',(#130),#50,.F.);
#1609=ADVANCED_FACE('',(#131),#1583,.F.);
#1610=ADVANCED_FACE('',(#132),#51,.F.);
#1611=ADVANCED_FACE('',(#133),#1584,.F.);
#1612=ADVANCED_FACE('',(#134),#52,.F.);
#1613=ADVANCED_FACE('',(#135),#1585,.F.);
#1614=ADVANCED_FACE('',(#136),#53,.F.);
#1615=ADVANCED_FACE('',(#137),#1586,.F.);
#1616=ADVANCED_FACE('',(#138),#54,.F.);
#1617=ADVANCED_FACE('',(#139),#55,.T.);
#1618=ADVANCED_FACE('',(#140),#56,.T.);
#1619=ADVANCED_FACE('',(#141),#57,.T.);
#1620=ADVANCED_FACE('',(#142),#58,.T.);
#1621=ADVANCED_FACE('',(#143),#59,.T.);
#1622=ADVANCED_FACE('',(#144),#60,.T.);
#1623=ADVANCED_FACE('',(#145,#15),#61,.F.);
#1624=ADVANCED_FACE('',(#146),#62,.F.);
#1625=ADVANCED_FACE('',(#147,#16),#63,.F.);
#1626=ADVANCED_FACE('',(#148),#64,.F.);
#1627=ADVANCED_FACE('',(#149),#65,.T.);
#1628=ADVANCED_FACE('',(#150),#66,.F.);
#1629=ADVANCED_FACE('',(#151),#67,.F.);
#1630=ADVANCED_FACE('',(#152),#68,.F.);
#1631=ADVANCED_FACE('',(#153),#69,.F.);
#1632=ADVANCED_FACE('',(#154),#70,.F.);
#1633=ADVANCED_FACE('',(#155),#71,.F.);
#1634=ADVANCED_FACE('',(#156,#17),#72,.T.);
#1635=ADVANCED_FACE('',(#157),#73,.T.);
#1636=ADVANCED_FACE('',(#158,#18),#74,.T.);
#1637=ADVANCED_FACE('',(#159),#75,.T.);
#1638=ADVANCED_FACE('',(#160),#76,.T.);
#1639=ADVANCED_FACE('',(#161),#77,.T.);
#1640=ADVANCED_FACE('',(#162),#78,.T.);
#1641=ADVANCED_FACE('',(#163),#79,.T.);
#1642=ADVANCED_FACE('',(#164),#80,.T.);
#1643=ADVANCED_FACE('',(#165),#81,.T.);
#1644=ADVANCED_FACE('',(#166,#19),#82,.F.);
#1645=ADVANCED_FACE('',(#167),#83,.F.);
#1646=ADVANCED_FACE('',(#168,#20),#84,.F.);
#1647=ADVANCED_FACE('',(#169),#85,.F.);
#1648=ADVANCED_FACE('',(#170),#86,.F.);
#1649=ADVANCED_FACE('',(#171),#87,.F.);
#1650=ADVANCED_FACE('',(#172),#88,.F.);
#1651=ADVANCED_FACE('',(#173),#89,.F.);
#1652=ADVANCED_FACE('',(#174),#90,.F.);
#1653=ADVANCED_FACE('',(#175),#91,.F.);
#1654=ADVANCED_FACE('',(#176,#21),#92,.T.);
#1655=ADVANCED_FACE('',(#177),#93,.T.);
#1656=ADVANCED_FACE('',(#178,#22),#94,.T.);
#1657=ADVANCED_FACE('',(#179),#95,.T.);
#1658=ADVANCED_FACE('',(#180),#1587,.F.);
#1659=ADVANCED_FACE('',(#181),#96,.F.);
#1660=ADVANCED_FACE('',(#182),#97,.F.);
#1661=ADVANCED_FACE('',(#183),#1588,.F.);
#1662=ADVANCED_FACE('',(#184),#98,.T.);
#1663=ADVANCED_FACE('',(#185,#23,#24,#25,#26,#27,#28,#29),#99,.T.);
#1664=ADVANCED_FACE('',(#186),#100,.T.);
#1665=ADVANCED_FACE('',(#187),#101,.F.);
#1666=ADVANCED_FACE('',(#188),#1589,.F.);
#1667=ADVANCED_FACE('',(#189),#102,.T.);
#1668=ADVANCED_FACE('',(#190),#103,.T.);
#1669=ADVANCED_FACE('',(#191),#1590,.F.);
#1670=ADVANCED_FACE('',(#192),#104,.T.);
#1671=ADVANCED_FACE('',(#193),#105,.T.);
#1672=ADVANCED_FACE('',(#194),#106,.T.);
#1673=ADVANCED_FACE('',(#195,#30,#31,#32,#33,#34),#107,.T.);
#1674=ADVANCED_FACE('',(#196),#108,.T.);
#1675=ADVANCED_FACE('',(#197,#35,#36,#37,#38,#39,#40,#41),#109,.T.);
#1676=ADVANCED_FACE('',(#198,#42,#43,#44,#45,#46),#110,.T.);
#1677=ADVANCED_FACE('',(#199),#111,.T.);
#1678=ADVANCED_FACE('',(#200),#112,.F.);
#1679=CLOSED_SHELL('',(#1591,#1592,#1593,#1594,#1595,#1596,#1597,#1598,
#1599,#1600,#1601,#1602,#1603,#1604,#1605,#1606,#1607,#1608,#1609,#1610,
#1611,#1612,#1613,#1614,#1615,#1616,#1617,#1618,#1619,#1620,#1621,#1622,
#1623,#1624,#1625,#1626,#1627,#1628,#1629,#1630,#1631,#1632,#1633,#1634,
#1635,#1636,#1637,#1638,#1639,#1640,#1641,#1642,#1643,#1644,#1645,#1646,
#1647,#1648,#1649,#1650,#1651,#1652,#1653,#1654,#1655,#1656,#1657,#1658,
#1659,#1660,#1661,#1662,#1663,#1664,#1665,#1666,#1667,#1668,#1669,#1670,
#1671,#1672,#1673,#1674,#1675,#1676,#1677,#1678));
#1680=DERIVED_UNIT_ELEMENT(#1682,1.);
#1681=DERIVED_UNIT_ELEMENT(#2749,-3.);
#1682=(
MASS_UNIT()
NAMED_UNIT(*)
SI_UNIT(.KILO.,.GRAM.)
);
#1683=DERIVED_UNIT((#1680,#1681));
#1684=MEASURE_REPRESENTATION_ITEM('density measure',
POSITIVE_RATIO_MEASURE(7850.),#1683);
#1685=PROPERTY_DEFINITION_REPRESENTATION(#1690,#1687);
#1686=PROPERTY_DEFINITION_REPRESENTATION(#1691,#1688);
#1687=REPRESENTATION('material name',(#1689),#2746);
#1688=REPRESENTATION('density',(#1684),#2746);
#1689=DESCRIPTIVE_REPRESENTATION_ITEM('Steel','Steel');
#1690=PROPERTY_DEFINITION('material property','material name',#2756);
#1691=PROPERTY_DEFINITION('material property','density of part',#2756);
#1692=AXIS2_PLACEMENT_3D('',#2275,#1825,#1826);
#1693=AXIS2_PLACEMENT_3D('',#2276,#1827,#1828);
#1694=AXIS2_PLACEMENT_3D('',#2278,#1829,#1830);
#1695=AXIS2_PLACEMENT_3D('',#2281,#1832,#1833);
#1696=AXIS2_PLACEMENT_3D('',#2282,#1834,#1835);
#1697=AXIS2_PLACEMENT_3D('',#2284,#1836,#1837);
#1698=AXIS2_PLACEMENT_3D('',#2287,#1839,#1840);
#1699=AXIS2_PLACEMENT_3D('',#2288,#1841,#1842);
#1700=AXIS2_PLACEMENT_3D('',#2290,#1843,#1844);
#1701=AXIS2_PLACEMENT_3D('',#2293,#1846,#1847);
#1702=AXIS2_PLACEMENT_3D('',#2294,#1848,#1849);
#1703=AXIS2_PLACEMENT_3D('',#2296,#1850,#1851);
#1704=AXIS2_PLACEMENT_3D('',#2299,#1853,#1854);
#1705=AXIS2_PLACEMENT_3D('',#2300,#1855,#1856);
#1706=AXIS2_PLACEMENT_3D('',#2302,#1857,#1858);
#1707=AXIS2_PLACEMENT_3D('',#2305,#1860,#1861);
#1708=AXIS2_PLACEMENT_3D('',#2306,#1862,#1863);
#1709=AXIS2_PLACEMENT_3D('',#2308,#1864,#1865);
#1710=AXIS2_PLACEMENT_3D('',#2311,#1867,#1868);
#1711=AXIS2_PLACEMENT_3D('',#2312,#1869,#1870);
#1712=AXIS2_PLACEMENT_3D('',#2314,#1871,#1872);
#1713=AXIS2_PLACEMENT_3D('',#2317,#1874,#1875);
#1714=AXIS2_PLACEMENT_3D('',#2318,#1876,#1877);
#1715=AXIS2_PLACEMENT_3D('',#2320,#1878,#1879);
#1716=AXIS2_PLACEMENT_3D('',#2323,#1881,#1882);
#1717=AXIS2_PLACEMENT_3D('',#2324,#1883,#1884);
#1718=AXIS2_PLACEMENT_3D('',#2326,#1885,#1886);
#1719=AXIS2_PLACEMENT_3D('',#2329,#1888,#1889);
#1720=AXIS2_PLACEMENT_3D('',#2330,#1890,#1891);
#1721=AXIS2_PLACEMENT_3D('',#2332,#1892,#1893);
#1722=AXIS2_PLACEMENT_3D('',#2335,#1895,#1896);
#1723=AXIS2_PLACEMENT_3D('',#2336,#1897,#1898);
#1724=AXIS2_PLACEMENT_3D('',#2345,#1903,#1904);
#1725=AXIS2_PLACEMENT_3D('',#2347,#1905,#1906);
#1726=AXIS2_PLACEMENT_3D('',#2349,#1907,#1908);
#1727=AXIS2_PLACEMENT_3D('',#2351,#1910,#1911);
#1728=AXIS2_PLACEMENT_3D('',#2357,#1915,#1916);
#1729=AXIS2_PLACEMENT_3D('',#2358,#1917,#1918);
#1730=AXIS2_PLACEMENT_3D('',#2359,#1919,#1920);
#1731=AXIS2_PLACEMENT_3D('',#2360,#1921,#1922);
#1732=AXIS2_PLACEMENT_3D('',#2362,#1923,#1924);
#1733=AXIS2_PLACEMENT_3D('',#2365,#1926,#1927);
#1734=AXIS2_PLACEMENT_3D('',#2366,#1928,#1929);
#1735=AXIS2_PLACEMENT_3D('',#2367,#1930,#1931);
#1736=AXIS2_PLACEMENT_3D('',#2369,#1932,#1933);
#1737=AXIS2_PLACEMENT_3D('',#2372,#1935,#1936);
#1738=AXIS2_PLACEMENT_3D('',#2373,#1937,#1938);
#1739=AXIS2_PLACEMENT_3D('',#2374,#1939,#1940);
#1740=AXIS2_PLACEMENT_3D('',#2376,#1941,#1942);
#1741=AXIS2_PLACEMENT_3D('',#2379,#1944,#1945);
#1742=AXIS2_PLACEMENT_3D('',#2380,#1946,#1947);
#1743=AXIS2_PLACEMENT_3D('',#2381,#1948,#1949);
#1744=AXIS2_PLACEMENT_3D('',#2383,#1950,#1951);
#1745=AXIS2_PLACEMENT_3D('',#2386,#1953,#1954);
#1746=AXIS2_PLACEMENT_3D('',#2387,#1955,#1956);
#1747=AXIS2_PLACEMENT_3D('',#2388,#1957,#1958);
#1748=AXIS2_PLACEMENT_3D('',#2390,#1959,#1960);
#1749=AXIS2_PLACEMENT_3D('',#2393,#1962,#1963);
#1750=AXIS2_PLACEMENT_3D('',#2394,#1964,#1965);
#1751=AXIS2_PLACEMENT_3D('',#2395,#1966,#1967);
#1752=AXIS2_PLACEMENT_3D('',#2397,#1968,#1969);
#1753=AXIS2_PLACEMENT_3D('',#2400,#1971,#1972);
#1754=AXIS2_PLACEMENT_3D('',#2401,#1973,#1974);
#1755=AXIS2_PLACEMENT_3D('',#2402,#1975,#1976);
#1756=AXIS2_PLACEMENT_3D('',#2411,#1981,#1982);
#1757=AXIS2_PLACEMENT_3D('',#2417,#1986,#1987);
#1758=AXIS2_PLACEMENT_3D('',#2423,#1991,#1992);
#1759=AXIS2_PLACEMENT_3D('',#2429,#1996,#1997);
#1760=AXIS2_PLACEMENT_3D('',#2435,#2001,#2002);
#1761=AXIS2_PLACEMENT_3D('',#2438,#2005,#2006);
#1762=AXIS2_PLACEMENT_3D('',#2439,#2007,#2008);
#1763=AXIS2_PLACEMENT_3D('',#2446,#2012,#2013);
#1764=AXIS2_PLACEMENT_3D('',#2452,#2017,#2018);
#1765=AXIS2_PLACEMENT_3D('',#2456,#2021,#2022);
#1766=AXIS2_PLACEMENT_3D('',#2474,#2032,#2033);
#1767=AXIS2_PLACEMENT_3D('',#2483,#2038,#2039);
#1768=AXIS2_PLACEMENT_3D('',#2489,#2043,#2044);
#1769=AXIS2_PLACEMENT_3D('',#2495,#2048,#2049);
#1770=AXIS2_PLACEMENT_3D('',#2501,#2053,#2054);
#1771=AXIS2_PLACEMENT_3D('',#2507,#2058,#2059);
#1772=AXIS2_PLACEMENT_3D('',#2510,#2062,#2063);
#1773=AXIS2_PLACEMENT_3D('',#2511,#2064,#2065);
#1774=AXIS2_PLACEMENT_3D('',#2518,#2069,#2070);
#1775=AXIS2_PLACEMENT_3D('',#2524,#2074,#2075);
#1776=AXIS2_PLACEMENT_3D('',#2528,#2078,#2079);
#1777=AXIS2_PLACEMENT_3D('',#2537,#2084,#2085);
#1778=AXIS2_PLACEMENT_3D('',#2543,#2089,#2090);
#1779=AXIS2_PLACEMENT_3D('',#2549,#2094,#2095);
#1780=AXIS2_PLACEMENT_3D('',#2555,#2099,#2100);
#1781=AXIS2_PLACEMENT_3D('',#2561,#2104,#2105);
#1782=AXIS2_PLACEMENT_3D('',#2564,#2108,#2109);
#1783=AXIS2_PLACEMENT_3D('',#2565,#2110,#2111);
#1784=AXIS2_PLACEMENT_3D('',#2569,#2114,#2115);
#1785=AXIS2_PLACEMENT_3D('',#2573,#2118,#2119);
#1786=AXIS2_PLACEMENT_3D('',#2575,#2121,#2122);
#1787=AXIS2_PLACEMENT_3D('',#2584,#2127,#2128);
#1788=AXIS2_PLACEMENT_3D('',#2590,#2132,#2133);
#1789=AXIS2_PLACEMENT_3D('',#2596,#2137,#2138);
#1790=AXIS2_PLACEMENT_3D('',#2602,#2142,#2143);
#1791=AXIS2_PLACEMENT_3D('',#2608,#2147,#2148);
#1792=AXIS2_PLACEMENT_3D('',#2611,#2151,#2152);
#1793=AXIS2_PLACEMENT_3D('',#2612,#2153,#2154);
#1794=AXIS2_PLACEMENT_3D('',#2619,#2158,#2159);
#1795=AXIS2_PLACEMENT_3D('',#2625,#2163,#2164);
#1796=AXIS2_PLACEMENT_3D('',#2629,#2167,#2168);
#1797=AXIS2_PLACEMENT_3D('',#2632,#2169,#2170);
#1798=AXIS2_PLACEMENT_3D('',#2636,#2172,#2173);
#1799=AXIS2_PLACEMENT_3D('',#2638,#2175,#2176);
#1800=AXIS2_PLACEMENT_3D('',#2648,#2182,#2183);
#1801=AXIS2_PLACEMENT_3D('',#2655,#2186,#2187);
#1802=AXIS2_PLACEMENT_3D('',#2657,#2189,#2190);
#1803=AXIS2_PLACEMENT_3D('',#2661,#2192,#2193);
#1804=AXIS2_PLACEMENT_3D('',#2663,#2195,#2196);
#1805=AXIS2_PLACEMENT_3D('',#2669,#2200,#2201);
#1806=AXIS2_PLACEMENT_3D('',#2684,#2210,#2211);
#1807=AXIS2_PLACEMENT_3D('',#2688,#2214,#2215);
#1808=AXIS2_PLACEMENT_3D('',#2692,#2217,#2218);
#1809=AXIS2_PLACEMENT_3D('',#2694,#2220,#2221);
#1810=AXIS2_PLACEMENT_3D('',#2697,#2223,#2224);
#1811=AXIS2_PLACEMENT_3D('',#2698,#2225,#2226);
#1812=AXIS2_PLACEMENT_3D('',#2702,#2229,#2230);
#1813=AXIS2_PLACEMENT_3D('',#2706,#2233,#2234);
#1814=AXIS2_PLACEMENT_3D('',#2709,#2235,#2236);
#1815=AXIS2_PLACEMENT_3D('',#2713,#2238,#2239);
#1816=AXIS2_PLACEMENT_3D('',#2715,#2241,#2242);
#1817=AXIS2_PLACEMENT_3D('',#2718,#2245,#2246);
#1818=AXIS2_PLACEMENT_3D('',#2720,#2248,#2249);
#1819=AXIS2_PLACEMENT_3D('',#2722,#2251,#2252);
#1820=AXIS2_PLACEMENT_3D('',#2730,#2258,#2259);
#1821=AXIS2_PLACEMENT_3D('',#2736,#2263,#2264);
#1822=AXIS2_PLACEMENT_3D('',#2739,#2267,#2268);
#1823=AXIS2_PLACEMENT_3D('',#2742,#2271,#2272);
#1824=AXIS2_PLACEMENT_3D('',#2743,#2273,#2274);
#1825=DIRECTION('axis',(0.,0.,1.));
#1826=DIRECTION('refdir',(1.,0.,0.));
#1827=DIRECTION('center_axis',(0.,0.,1.));
#1828=DIRECTION('ref_axis',(-1.,0.,0.));
#1829=DIRECTION('center_axis',(0.,0.,1.));
#1830=DIRECTION('ref_axis',(-1.,0.,0.));
#1831=DIRECTION('',(0.,0.,1.));
#1832=DIRECTION('center_axis',(0.,0.,-1.));
#1833=DIRECTION('ref_axis',(-1.,0.,0.));
#1834=DIRECTION('center_axis',(0.,0.,1.));
#1835=DIRECTION('ref_axis',(-1.,0.,0.));
#1836=DIRECTION('center_axis',(0.,0.,1.));
#1837=DIRECTION('ref_axis',(-1.,0.,0.));
#1838=DIRECTION('',(0.,0.,1.));
#1839=DIRECTION('center_axis',(0.,0.,-1.));
#1840=DIRECTION('ref_axis',(-1.,0.,0.));
#1841=DIRECTION('center_axis',(0.,0.,1.));
#1842=DIRECTION('ref_axis',(-1.,0.,0.));
#1843=DIRECTION('center_axis',(0.,0.,1.));
#1844=DIRECTION('ref_axis',(-1.,0.,0.));
#1845=DIRECTION('',(0.,0.,1.));
#1846=DIRECTION('center_axis',(0.,0.,-1.));
#1847=DIRECTION('ref_axis',(-1.,0.,0.));
#1848=DIRECTION('center_axis',(0.,0.,1.));
#1849=DIRECTION('ref_axis',(-1.,0.,0.));
#1850=DIRECTION('center_axis',(0.,0.,1.));
#1851=DIRECTION('ref_axis',(-1.,0.,0.));
#1852=DIRECTION('',(0.,0.,1.));
#1853=DIRECTION('center_axis',(0.,0.,-1.));
#1854=DIRECTION('ref_axis',(-1.,0.,0.));
#1855=DIRECTION('center_axis',(0.,0.,1.));
#1856=DIRECTION('ref_axis',(-1.,0.,0.));
#1857=DIRECTION('center_axis',(0.,0.,1.));
#1858=DIRECTION('ref_axis',(-1.,0.,0.));
#1859=DIRECTION('',(0.,0.,1.));
#1860=DIRECTION('center_axis',(0.,0.,-1.));
#1861=DIRECTION('ref_axis',(-1.,0.,0.));
#1862=DIRECTION('center_axis',(0.,0.,1.));
#1863=DIRECTION('ref_axis',(-1.,0.,0.));
#1864=DIRECTION('center_axis',(0.,0.,1.));
#1865=DIRECTION('ref_axis',(-1.,0.,0.));
#1866=DIRECTION('',(0.,0.,1.));
#1867=DIRECTION('center_axis',(0.,0.,-1.));
#1868=DIRECTION('ref_axis',(-1.,0.,0.));
#1869=DIRECTION('center_axis',(0.,0.,1.));
#1870=DIRECTION('ref_axis',(-1.,0.,0.));
#1871=DIRECTION('center_axis',(0.,0.,1.));
#1872=DIRECTION('ref_axis',(-1.,0.,0.));
#1873=DIRECTION('',(0.,0.,1.));
#1874=DIRECTION('center_axis',(0.,0.,-1.));
#1875=DIRECTION('ref_axis',(-1.,0.,0.));
#1876=DIRECTION('center_axis',(0.,0.,1.));
#1877=DIRECTION('ref_axis',(-1.,0.,0.));
#1878=DIRECTION('center_axis',(0.,0.,1.));
#1879=DIRECTION('ref_axis',(-1.,0.,0.));
#1880=DIRECTION('',(0.,0.,1.));
#1881=DIRECTION('center_axis',(0.,0.,-1.));
#1882=DIRECTION('ref_axis',(-1.,0.,0.));
#1883=DIRECTION('center_axis',(0.,0.,1.));
#1884=DIRECTION('ref_axis',(-1.,0.,0.));
#1885=DIRECTION('center_axis',(0.,0.,1.));
#1886=DIRECTION('ref_axis',(-1.,0.,0.));
#1887=DIRECTION('',(0.,0.,1.));
#1888=DIRECTION('center_axis',(0.,0.,-1.));
#1889=DIRECTION('ref_axis',(-1.,0.,0.));
#1890=DIRECTION('center_axis',(0.,0.,1.));
#1891=DIRECTION('ref_axis',(-1.,0.,0.));
#1892=DIRECTION('center_axis',(0.,0.,1.));
#1893=DIRECTION('ref_axis',(-1.,0.,0.));
#1894=DIRECTION('',(0.,0.,1.));
#1895=DIRECTION('center_axis',(0.,0.,-1.));
#1896=DIRECTION('ref_axis',(-1.,0.,0.));
#1897=DIRECTION('center_axis',(1.,0.,0.));
#1898=DIRECTION('ref_axis',(0.,1.,0.));
#1899=DIRECTION('',(0.,0.,1.));
#1900=DIRECTION('',(0.,1.,0.));
#1901=DIRECTION('',(0.,0.,-1.));
#1902=DIRECTION('',(0.,-1.,0.));
#1903=DIRECTION('center_axis',(0.,0.,1.));
#1904=DIRECTION('ref_axis',(-0.707106781186547,0.707106781186549,0.));
#1905=DIRECTION('center_axis',(0.,0.,-1.));
#1906=DIRECTION('ref_axis',(-0.707106781186547,0.707106781186549,0.));
#1907=DIRECTION('center_axis',(0.,0.,1.));
#1908=DIRECTION('ref_axis',(0.707106781186547,0.707106781186549,0.));
#1909=DIRECTION('',(0.,0.,-1.));
#1910=DIRECTION('center_axis',(-1.,0.,0.));
#1911=DIRECTION('ref_axis',(0.,-1.,0.));
#1912=DIRECTION('',(0.,1.,0.));
#1913=DIRECTION('',(0.,0.,1.));
#1914=DIRECTION('',(0.,-1.,0.));
#1915=DIRECTION('center_axis',(0.,0.,1.));
#1916=DIRECTION('ref_axis',(0.707106781186547,-0.707106781186549,0.));
#1917=DIRECTION('center_axis',(0.,0.,-1.));
#1918=DIRECTION('ref_axis',(0.707106781186547,-0.707106781186549,0.));
#1919=DIRECTION('center_axis',(0.,0.,1.));
#1920=DIRECTION('ref_axis',(-0.707106781186547,-0.707106781186549,0.));
#1921=DIRECTION('center_axis',(0.,0.,1.));
#1922=DIRECTION('ref_axis',(1.,0.,0.));
#1923=DIRECTION('center_axis',(0.,0.,1.));
#1924=DIRECTION('ref_axis',(1.,0.,0.));
#1925=DIRECTION('',(0.,0.,1.));
#1926=DIRECTION('center_axis',(0.,0.,1.));
#1927=DIRECTION('ref_axis',(1.,0.,0.));
#1928=DIRECTION('center_axis',(0.,0.,1.));
#1929=DIRECTION('ref_axis',(1.,0.,0.));
#1930=DIRECTION('center_axis',(0.,0.,1.));
#1931=DIRECTION('ref_axis',(1.,0.,0.));
#1932=DIRECTION('center_axis',(0.,0.,1.));
#1933=DIRECTION('ref_axis',(1.,0.,0.));
#1934=DIRECTION('',(0.,0.,1.));
#1935=DIRECTION('center_axis',(0.,0.,1.));
#1936=DIRECTION('ref_axis',(1.,0.,0.));
#1937=DIRECTION('center_axis',(0.,0.,1.));
#1938=DIRECTION('ref_axis',(1.,0.,0.));
#1939=DIRECTION('center_axis',(0.,0.,1.));
#1940=DIRECTION('ref_axis',(1.,0.,0.));
#1941=DIRECTION('center_axis',(0.,0.,1.));
#1942=DIRECTION('ref_axis',(1.,0.,0.));
#1943=DIRECTION('',(0.,0.,1.));
#1944=DIRECTION('center_axis',(0.,0.,1.));
#1945=DIRECTION('ref_axis',(1.,0.,0.));
#1946=DIRECTION('center_axis',(0.,0.,1.));
#1947=DIRECTION('ref_axis',(1.,0.,0.));
#1948=DIRECTION('center_axis',(0.,0.,1.));
#1949=DIRECTION('ref_axis',(1.,0.,0.));
#1950=DIRECTION('center_axis',(0.,0.,1.));
#1951=DIRECTION('ref_axis',(1.,0.,0.));
#1952=DIRECTION('',(0.,0.,1.));
#1953=DIRECTION('center_axis',(0.,0.,1.));
#1954=DIRECTION('ref_axis',(1.,0.,0.));
#1955=DIRECTION('center_axis',(0.,0.,1.));
#1956=DIRECTION('ref_axis',(1.,0.,0.));
#1957=DIRECTION('center_axis',(0.,0.,1.));
#1958=DIRECTION('ref_axis',(1.,0.,0.));
#1959=DIRECTION('center_axis',(0.,0.,1.));
#1960=DIRECTION('ref_axis',(1.,0.,0.));
#1961=DIRECTION('',(0.,0.,1.));
#1962=DIRECTION('center_axis',(0.,0.,1.));
#1963=DIRECTION('ref_axis',(1.,0.,0.));
#1964=DIRECTION('center_axis',(0.,0.,1.));
#1965=DIRECTION('ref_axis',(1.,0.,0.));
#1966=DIRECTION('center_axis',(0.,0.,1.));
#1967=DIRECTION('ref_axis',(1.,0.,0.));
#1968=DIRECTION('center_axis',(0.,0.,1.));
#1969=DIRECTION('ref_axis',(1.,0.,0.));
#1970=DIRECTION('',(0.,0.,1.));
#1971=DIRECTION('center_axis',(0.,0.,1.));
#1972=DIRECTION('ref_axis',(1.,0.,0.));
#1973=DIRECTION('center_axis',(0.,0.,1.));
#1974=DIRECTION('ref_axis',(1.,0.,0.));
#1975=DIRECTION('center_axis',(-0.866025403784433,0.50000000000001,0.));
#1976=DIRECTION('ref_axis',(-0.50000000000001,-0.866025403784433,0.));
#1977=DIRECTION('',(0.277350098112622,0.480384461415261,-0.832050294337842));
#1978=DIRECTION('',(0.,0.,1.));
#1979=DIRECTION('',(-0.50000000000001,-0.866025403784433,0.));
#1980=DIRECTION('',(0.,0.,1.));
#1981=DIRECTION('center_axis',(-0.866025403784436,-0.500000000000004,0.));
#1982=DIRECTION('ref_axis',(0.500000000000004,-0.866025403784436,0.));
#1983=DIRECTION('',(-0.277350098112617,0.48038446141526,-0.832050294337843));
#1984=DIRECTION('',(0.,0.,1.));
#1985=DIRECTION('',(0.500000000000004,-0.866025403784436,0.));
#1986=DIRECTION('center_axis',(2.69144975666705E-15,-1.,0.));
#1987=DIRECTION('ref_axis',(1.,2.69144975666705E-15,0.));
#1988=DIRECTION('',(-1.,-2.69144975666705E-15,0.));
#1989=DIRECTION('',(0.,0.,1.));
#1990=DIRECTION('',(1.,2.69144975666705E-15,0.));
#1991=DIRECTION('center_axis',(0.866025403784442,-0.499999999999995,0.));
#1992=DIRECTION('ref_axis',(0.499999999999995,0.866025403784442,0.));
#1993=DIRECTION('',(-0.277350098112611,-0.480384461415262,0.832050294337844));
#1994=DIRECTION('',(0.,0.,1.));
#1995=DIRECTION('',(0.499999999999995,0.866025403784442,0.));
#1996=DIRECTION('center_axis',(0.866025403784438,0.5,0.));
#1997=DIRECTION('ref_axis',(-0.5,0.866025403784438,0.));
#1998=DIRECTION('',(0.277350098112614,-0.480384461415261,0.832050294337844));
#1999=DIRECTION('',(0.,0.,1.));
#2000=DIRECTION('',(-0.5,0.866025403784438,0.));
#2001=DIRECTION('center_axis',(-5.24731236798222E-16,1.,0.));
#2002=DIRECTION('ref_axis',(-1.,-5.24731236798222E-16,0.));
#2003=DIRECTION('',(1.,5.24731236798222E-16,3.75286656211324E-15));
#2004=DIRECTION('',(-1.,-5.24731236798222E-16,0.));
#2005=DIRECTION('center_axis',(0.,0.,-1.));
#2006=DIRECTION('ref_axis',(1.,2.69144975666705E-15,0.));
#2007=DIRECTION('center_axis',(1.,2.69144975666705E-15,0.));
#2008=DIRECTION('ref_axis',(0.,0.,1.));
#2009=DIRECTION('',(-2.69144975666705E-15,1.,0.));
#2010=DIRECTION('',(0.,0.,-1.));
#2011=DIRECTION('',(1.34572487833352E-15,-0.5,0.866025403784439));
#2012=DIRECTION('center_axis',(2.33086386228311E-15,-0.866025403784439,
-0.5));
#2013=DIRECTION('ref_axis',(-1.34572487833352E-15,0.5,-0.866025403784439));
#2014=DIRECTION('',(-1.,-2.69144975666705E-15,0.));
#2015=DIRECTION('',(-1.,0.,-4.66172772456622E-15));
#2016=DIRECTION('',(-1.34572487833352E-15,0.5,-0.866025403784439));
#2017=DIRECTION('center_axis',(-1.,-2.69144975666705E-15,0.));
#2018=DIRECTION('ref_axis',(0.,0.,-1.));
#2019=DIRECTION('',(2.69144975666705E-15,-1.,0.));
#2020=DIRECTION('',(0.,0.,1.));
#2021=DIRECTION('center_axis',(0.,1.,0.));
#2022=DIRECTION('ref_axis',(0.,0.,1.));
#2023=DIRECTION('',(1.,0.,0.));
#2024=DIRECTION('',(0.,0.,1.));
#2025=DIRECTION('',(-1.,0.,-4.66172772456622E-15));
#2026=DIRECTION('',(0.,0.,-1.));
#2027=DIRECTION('',(1.,0.,0.));
#2028=DIRECTION('',(0.,0.,1.));
#2029=DIRECTION('',(1.,0.,0.));
#2030=DIRECTION('',(0.,0.,1.));
#2031=DIRECTION('',(1.,0.,0.));
#2032=DIRECTION('center_axis',(0.866025403784432,0.500000000000012,0.));
#2033=DIRECTION('ref_axis',(-0.500000000000012,0.866025403784432,0.));
#2034=DIRECTION('',(0.277350098112623,-0.48038446141526,-0.832050294337842));
#2035=DIRECTION('',(0.,0.,1.));
#2036=DIRECTION('',(-0.500000000000012,0.866025403784432,0.));
#2037=DIRECTION('',(0.,0.,1.));
#2038=DIRECTION('center_axis',(0.866025403784438,-0.500000000000002,0.));
#2039=DIRECTION('ref_axis',(0.500000000000002,0.866025403784438,0.));
#2040=DIRECTION('',(-0.277350098112616,-0.480384461415261,-0.832050294337843));
#2041=DIRECTION('',(0.500000000000002,0.866025403784438,0.));
#2042=DIRECTION('',(0.,0.,1.));
#2043=DIRECTION('center_axis',(0.,-1.,0.));
#2044=DIRECTION('ref_axis',(1.,0.,0.));
#2045=DIRECTION('',(-1.,0.,0.));
#2046=DIRECTION('',(1.,0.,0.));
#2047=DIRECTION('',(0.,0.,1.));
#2048=DIRECTION('center_axis',(-0.86602540378444,-0.499999999999997,0.));
#2049=DIRECTION('ref_axis',(0.499999999999997,-0.86602540378444,0.));
#2050=DIRECTION('',(-0.277350098112613,0.480384461415262,0.832050294337844));
#2051=DIRECTION('',(0.499999999999997,-0.86602540378444,0.));
#2052=DIRECTION('',(0.,0.,1.));
#2053=DIRECTION('center_axis',(-0.86602540378444,0.499999999999998,0.));
#2054=DIRECTION('ref_axis',(-0.499999999999998,-0.86602540378444,0.));
#2055=DIRECTION('',(0.277350098112613,0.480384461415261,0.832050294337844));
#2056=DIRECTION('',(-0.499999999999998,-0.86602540378444,0.));
#2057=DIRECTION('',(0.,0.,1.));
#2058=DIRECTION('center_axis',(-2.16671851986882E-15,1.,0.));
#2059=DIRECTION('ref_axis',(-1.,-2.16671851986882E-15,0.));
#2060=DIRECTION('',(1.,2.16671851986882E-15,3.75286656211324E-15));
#2061=DIRECTION('',(-1.,-2.16671851986882E-15,0.));
#2062=DIRECTION('center_axis',(0.,0.,1.));
#2063=DIRECTION('ref_axis',(1.,0.,0.));
#2064=DIRECTION('center_axis',(-1.,0.,0.));
#2065=DIRECTION('ref_axis',(0.,0.,1.));
#2066=DIRECTION('',(0.,-1.,0.));
#2067=DIRECTION('',(0.,0.5,0.866025403784439));
#2068=DIRECTION('',(0.,0.,1.));
#2069=DIRECTION('center_axis',(0.,-0.866025403784439,0.5));
#2070=DIRECTION('ref_axis',(0.,-0.5,-0.866025403784439));
#2071=DIRECTION('',(-1.,0.,0.));
#2072=DIRECTION('',(0.,-0.5,-0.866025403784439));
#2073=DIRECTION('',(1.,0.,0.));
#2074=DIRECTION('center_axis',(1.,0.,0.));
#2075=DIRECTION('ref_axis',(0.,0.,-1.));
#2076=DIRECTION('',(0.,1.,0.));
#2077=DIRECTION('',(0.,0.,-1.));
#2078=DIRECTION('center_axis',(-0.866025403784433,0.50000000000001,0.));
#2079=DIRECTION('ref_axis',(-0.50000000000001,-0.866025403784433,0.));
#2080=DIRECTION('',(0.277350098112622,0.480384461415261,-0.832050294337842));
#2081=DIRECTION('',(0.,0.,1.));
#2082=DIRECTION('',(-0.50000000000001,-0.866025403784433,0.));
#2083=DIRECTION('',(0.,0.,1.));
#2084=DIRECTION('center_axis',(-0.866025403784436,-0.500000000000004,0.));
#2085=DIRECTION('ref_axis',(0.500000000000004,-0.866025403784436,0.));
#2086=DIRECTION('',(-0.277350098112617,0.48038446141526,-0.832050294337843));
#2087=DIRECTION('',(0.,0.,1.));
#2088=DIRECTION('',(0.500000000000004,-0.866025403784436,0.));
#2089=DIRECTION('center_axis',(2.69144975666705E-15,-1.,0.));
#2090=DIRECTION('ref_axis',(1.,2.69144975666705E-15,0.));
#2091=DIRECTION('',(-1.,-2.69144975666705E-15,0.));
#2092=DIRECTION('',(0.,0.,1.));
#2093=DIRECTION('',(1.,2.69144975666705E-15,0.));
#2094=DIRECTION('center_axis',(0.866025403784442,-0.499999999999995,0.));
#2095=DIRECTION('ref_axis',(0.499999999999995,0.866025403784442,0.));
#2096=DIRECTION('',(-0.277350098112611,-0.480384461415262,0.832050294337844));
#2097=DIRECTION('',(0.,0.,1.));
#2098=DIRECTION('',(0.499999999999995,0.866025403784442,0.));
#2099=DIRECTION('center_axis',(0.866025403784438,0.5,0.));
#2100=DIRECTION('ref_axis',(-0.5,0.866025403784438,0.));
#2101=DIRECTION('',(0.277350098112614,-0.480384461415261,0.832050294337844));
#2102=DIRECTION('',(0.,0.,1.));
#2103=DIRECTION('',(-0.5,0.866025403784438,0.));
#2104=DIRECTION('center_axis',(-5.24731236798222E-16,1.,0.));
#2105=DIRECTION('ref_axis',(-1.,-5.24731236798222E-16,0.));
#2106=DIRECTION('',(1.,5.24731236798222E-16,3.75286656211324E-15));
#2107=DIRECTION('',(-1.,-5.24731236798222E-16,0.));
#2108=DIRECTION('center_axis',(0.,0.,-1.));
#2109=DIRECTION('ref_axis',(1.,2.69144975666705E-15,0.));
#2110=DIRECTION('center_axis',(1.,2.69144975666705E-15,0.));
#2111=DIRECTION('ref_axis',(0.,0.,1.));
#2112=DIRECTION('',(-2.69144975666705E-15,1.,0.));
#2113=DIRECTION('',(1.34572487833352E-15,-0.5,0.866025403784439));
#2114=DIRECTION('center_axis',(2.33086386228311E-15,-0.866025403784439,
-0.5));
#2115=DIRECTION('ref_axis',(-1.34572487833352E-15,0.5,-0.866025403784439));
#2116=DIRECTION('',(-1.,-2.69144975666705E-15,0.));
#2117=DIRECTION('',(-1.34572487833352E-15,0.5,-0.866025403784439));
#2118=DIRECTION('center_axis',(-1.,-2.69144975666705E-15,0.));
#2119=DIRECTION('ref_axis',(0.,0.,-1.));
#2120=DIRECTION('',(2.69144975666705E-15,-1.,0.));
#2121=DIRECTION('center_axis',(0.866025403784432,0.500000000000012,0.));
#2122=DIRECTION('ref_axis',(-0.500000000000012,0.866025403784432,0.));
#2123=DIRECTION('',(0.277350098112623,-0.48038446141526,-0.832050294337842));
#2124=DIRECTION('',(0.,0.,1.));
#2125=DIRECTION('',(-0.500000000000012,0.866025403784432,0.));
#2126=DIRECTION('',(0.,0.,1.));
#2127=DIRECTION('center_axis',(0.866025403784438,-0.500000000000002,0.));
#2128=DIRECTION('ref_axis',(0.500000000000002,0.866025403784438,0.));
#2129=DIRECTION('',(-0.277350098112616,-0.480384461415261,-0.832050294337843));
#2130=DIRECTION('',(0.500000000000002,0.866025403784438,0.));
#2131=DIRECTION('',(0.,0.,1.));
#2132=DIRECTION('center_axis',(0.,-1.,0.));
#2133=DIRECTION('ref_axis',(1.,0.,0.));
#2134=DIRECTION('',(-1.,0.,0.));
#2135=DIRECTION('',(1.,0.,0.));
#2136=DIRECTION('',(0.,0.,1.));
#2137=DIRECTION('center_axis',(-0.86602540378444,-0.499999999999997,0.));
#2138=DIRECTION('ref_axis',(0.499999999999997,-0.86602540378444,0.));
#2139=DIRECTION('',(-0.277350098112613,0.480384461415262,0.832050294337844));
#2140=DIRECTION('',(0.499999999999997,-0.86602540378444,0.));
#2141=DIRECTION('',(0.,0.,1.));
#2142=DIRECTION('center_axis',(-0.86602540378444,0.499999999999998,0.));
#2143=DIRECTION('ref_axis',(-0.499999999999998,-0.86602540378444,0.));
#2144=DIRECTION('',(0.277350098112613,0.480384461415261,0.832050294337844));
#2145=DIRECTION('',(-0.499999999999998,-0.86602540378444,0.));
#2146=DIRECTION('',(0.,0.,1.));
#2147=DIRECTION('center_axis',(-2.16671851986882E-15,1.,0.));
#2148=DIRECTION('ref_axis',(-1.,-2.16671851986882E-15,0.));
#2149=DIRECTION('',(1.,2.16671851986882E-15,3.75286656211324E-15));
#2150=DIRECTION('',(-1.,-2.16671851986882E-15,0.));
#2151=DIRECTION('center_axis',(0.,0.,1.));
#2152=DIRECTION('ref_axis',(1.,0.,0.));
#2153=DIRECTION('center_axis',(-1.,0.,0.));
#2154=DIRECTION('ref_axis',(0.,0.,1.));
#2155=DIRECTION('',(0.,-1.,0.));
#2156=DIRECTION('',(0.,0.5,0.866025403784439));
#2157=DIRECTION('',(0.,0.,1.));
#2158=DIRECTION('center_axis',(0.,-0.866025403784439,0.5));
#2159=DIRECTION('ref_axis',(0.,-0.5,-0.866025403784439));
#2160=DIRECTION('',(-1.,0.,0.));
#2161=DIRECTION('',(0.,-0.5,-0.866025403784439));
#2162=DIRECTION('',(1.,0.,0.));
#2163=DIRECTION('center_axis',(1.,0.,0.));
#2164=DIRECTION('ref_axis',(0.,0.,-1.));
#2165=DIRECTION('',(0.,1.,0.));
#2166=DIRECTION('',(0.,0.,-1.));
#2167=DIRECTION('center_axis',(-1.,0.,0.));
#2168=DIRECTION('ref_axis',(0.,-1.83697019872103E-16,1.));
#2169=DIRECTION('center_axis',(1.,0.,0.));
#2170=DIRECTION('ref_axis',(0.,1.,0.));
#2171=DIRECTION('',(-1.,0.,0.));
#2172=DIRECTION('center_axis',(1.,0.,0.));
#2173=DIRECTION('ref_axis',(0.,1.,0.));
#2174=DIRECTION('',(-1.,0.,0.));
#2175=DIRECTION('center_axis',(1.,0.,0.));
#2176=DIRECTION('ref_axis',(0.,1.,0.));
#2177=DIRECTION('',(0.,0.,1.));
#2178=DIRECTION('',(0.,-1.,0.));
#2179=DIRECTION('',(0.,-1.,0.));
#2180=DIRECTION('',(0.,0.,-1.));
#2181=DIRECTION('',(0.,-1.,0.));
#2182=DIRECTION('center_axis',(1.,0.,0.));
#2183=DIRECTION('ref_axis',(0.,1.,0.));
#2184=DIRECTION('',(0.,0.,-1.));
#2185=DIRECTION('',(0.,-1.,0.));
#2186=DIRECTION('center_axis',(1.,0.,0.));
#2187=DIRECTION('ref_axis',(0.,-0.965065502183406,0.262008733624454));
#2188=DIRECTION('',(0.,-1.,0.));
#2189=DIRECTION('center_axis',(1.,0.,0.));
#2190=DIRECTION('ref_axis',(0.,-0.965065502183406,0.262008733624454));
#2191=DIRECTION('',(-1.,0.,0.));
#2192=DIRECTION('center_axis',(-1.,0.,0.));
#2193=DIRECTION('ref_axis',(0.,-0.965065502183406,0.262008733624454));
#2194=DIRECTION('',(1.,0.,0.));
#2195=DIRECTION('center_axis',(1.,0.,0.));
#2196=DIRECTION('ref_axis',(0.,1.,0.));
#2197=DIRECTION('',(0.,0.,1.));
#2198=DIRECTION('',(0.,1.,0.));
#2199=DIRECTION('',(0.,1.,0.));
#2200=DIRECTION('center_axis',(0.,0.,-1.));
#2201=DIRECTION('ref_axis',(0.,1.,0.));
#2202=DIRECTION('',(1.,0.,0.));
#2203=DIRECTION('',(1.,0.,0.));
#2204=DIRECTION('',(0.,1.,0.));
#2205=DIRECTION('',(1.,0.,0.));
#2206=DIRECTION('',(0.,-1.,0.));
#2207=DIRECTION('',(1.,0.,0.));
#2208=DIRECTION('',(0.,1.,0.));
#2209=DIRECTION('',(1.,0.,0.));
#2210=DIRECTION('center_axis',(0.,1.,0.));
#2211=DIRECTION('ref_axis',(0.,0.,1.));
#2212=DIRECTION('',(1.,0.,0.));
#2213=DIRECTION('',(0.,0.,1.));
#2214=DIRECTION('center_axis',(1.,0.,0.));
#2215=DIRECTION('ref_axis',(0.,1.,0.));
#2216=DIRECTION('',(0.,-1.,0.));
#2217=DIRECTION('center_axis',(1.,0.,0.));
#2218=DIRECTION('ref_axis',(0.,0.965065502183406,-0.262008733624454));
#2219=DIRECTION('',(0.,0.,1.));
#2220=DIRECTION('center_axis',(1.,0.,0.));
#2221=DIRECTION('ref_axis',(0.,0.965065502183406,-0.262008733624454));
#2222=DIRECTION('',(-1.,0.,0.));
#2223=DIRECTION('center_axis',(-1.,0.,0.));
#2224=DIRECTION('ref_axis',(0.,0.965065502183406,-0.262008733624454));
#2225=DIRECTION('center_axis',(1.,0.,0.));
#2226=DIRECTION('ref_axis',(0.,1.,0.));
#2227=DIRECTION('',(0.,1.,0.));
#2228=DIRECTION('',(0.,0.,-1.));
#2229=DIRECTION('center_axis',(0.,-1.,0.));
#2230=DIRECTION('ref_axis',(0.,0.,-1.));
#2231=DIRECTION('',(0.,0.,-1.));
#2232=DIRECTION('',(1.,0.,0.));
#2233=DIRECTION('center_axis',(1.,0.,0.));
#2234=DIRECTION('ref_axis',(0.,6.12323399573677E-17,1.));
#2235=DIRECTION('center_axis',(1.,0.,0.));
#2236=DIRECTION('ref_axis',(0.,1.,0.));
#2237=DIRECTION('',(1.,0.,0.));
#2238=DIRECTION('center_axis',(-1.,0.,0.));
#2239=DIRECTION('ref_axis',(0.,1.,0.));
#2240=DIRECTION('',(1.,0.,0.));
#2241=DIRECTION('center_axis',(1.,0.,0.));
#2242=DIRECTION('ref_axis',(0.,1.,0.));
#2243=DIRECTION('',(0.,1.,0.));
#2244=DIRECTION('',(0.,1.,0.));
#2245=DIRECTION('center_axis',(0.,1.,0.));
#2246=DIRECTION('ref_axis',(0.,0.,1.));
#2247=DIRECTION('',(1.,0.,0.));
#2248=DIRECTION('center_axis',(0.,-1.,0.));
#2249=DIRECTION('ref_axis',(0.,0.,-1.));
#2250=DIRECTION('',(1.,0.,0.));
#2251=DIRECTION('center_axis',(0.,0.,-1.));
#2252=DIRECTION('ref_axis',(0.,1.,0.));
#2253=DIRECTION('',(0.,1.,0.));
#2254=DIRECTION('',(0.,1.,0.));
#2255=DIRECTION('',(1.,0.,0.));
#2256=DIRECTION('',(1.,0.,0.));
#2257=DIRECTION('',(1.,0.,0.));
#2258=DIRECTION('center_axis',(0.,-1.,0.));
#2259=DIRECTION('ref_axis',(0.,0.,-1.));
#2260=DIRECTION('',(0.,0.,-1.));
#2261=DIRECTION('',(1.,0.,0.));
#2262=DIRECTION('',(0.,0.,-1.));
#2263=DIRECTION('center_axis',(0.,0.,1.));
#2264=DIRECTION('ref_axis',(0.,-1.,0.));
#2265=DIRECTION('',(0.,-1.,0.));
#2266=DIRECTION('',(0.,-1.,0.));
#2267=DIRECTION('center_axis',(0.,0.,-1.));
#2268=DIRECTION('ref_axis',(0.,1.,0.));
#2269=DIRECTION('',(0.,1.,0.));
#2270=DIRECTION('',(0.,1.,0.));
#2271=DIRECTION('center_axis',(1.,0.,0.));
#2272=DIRECTION('ref_axis',(0.,0.,-1.));
#2273=DIRECTION('center_axis',(1.,0.,0.));
#2274=DIRECTION('ref_axis',(0.,1.,0.));
#2275=CARTESIAN_POINT('',(0.,0.,0.));
#2276=CARTESIAN_POINT('Origin',(83.3333333333334,162.5,150.75));
#2277=CARTESIAN_POINT('',(85.4833333333333,162.5,130.));
#2278=CARTESIAN_POINT('Origin',(83.3333333333334,162.5,130.));
#2279=CARTESIAN_POINT('',(85.4833333333333,162.5,134.));
#2280=CARTESIAN_POINT('',(85.4833333333333,162.5,150.75));
#2281=CARTESIAN_POINT('Origin',(83.3333333333334,162.5,134.));
#2282=CARTESIAN_POINT('Origin',(83.3333333333334,-12.5,150.75));
#2283=CARTESIAN_POINT('',(85.4833333333333,-12.5,130.));
#2284=CARTESIAN_POINT('Origin',(83.3333333333334,-12.5,130.));
#2285=CARTESIAN_POINT('',(85.4833333333333,-12.5,134.));
#2286=CARTESIAN_POINT('',(85.4833333333333,-12.5,150.75));
#2287=CARTESIAN_POINT('Origin',(83.3333333333334,-12.5,134.));
#2288=CARTESIAN_POINT('Origin',(166.666666666667,-12.5,150.75));
#2289=CARTESIAN_POINT('',(168.816666666667,-12.5,130.));
#2290=CARTESIAN_POINT('Origin',(166.666666666667,-12.5,130.));
#2291=CARTESIAN_POINT('',(168.816666666667,-12.5,134.));
#2292=CARTESIAN_POINT('',(168.816666666667,-12.5,150.75));
#2293=CARTESIAN_POINT('Origin',(166.666666666667,-12.5,134.));
#2294=CARTESIAN_POINT('Origin',(166.666666666667,162.5,150.75));
#2295=CARTESIAN_POINT('',(168.816666666667,162.5,130.));
#2296=CARTESIAN_POINT('Origin',(166.666666666667,162.5,130.));
#2297=CARTESIAN_POINT('',(168.816666666667,162.5,134.));
#2298=CARTESIAN_POINT('',(168.816666666667,162.5,150.75));
#2299=CARTESIAN_POINT('Origin',(166.666666666667,162.5,134.));
#2300=CARTESIAN_POINT('Origin',(140.5,68.25,193.5));
#2301=CARTESIAN_POINT('',(142.125,68.25,220.));
#2302=CARTESIAN_POINT('Origin',(140.5,68.25,220.));
#2303=CARTESIAN_POINT('',(142.125,68.25,225.));
#2304=CARTESIAN_POINT('',(142.125,68.25,193.5));
#2305=CARTESIAN_POINT('Origin',(140.5,68.25,225.));
#2306=CARTESIAN_POINT('Origin',(117.25,81.6733937586588,193.5));
#2307=CARTESIAN_POINT('',(118.875,81.6733937586588,220.));
#2308=CARTESIAN_POINT('Origin',(117.25,81.6733937586588,220.));
#2309=CARTESIAN_POINT('',(118.875,81.6733937586588,225.));
#2310=CARTESIAN_POINT('',(118.875,81.6733937586588,193.5));
#2311=CARTESIAN_POINT('Origin',(117.25,81.6733937586588,225.));
#2312=CARTESIAN_POINT('Origin',(117.25,54.8266062413412,193.5));
#2313=CARTESIAN_POINT('',(118.875,54.8266062413412,220.));
#2314=CARTESIAN_POINT('Origin',(117.25,54.8266062413412,220.));
#2315=CARTESIAN_POINT('',(118.875,54.8266062413412,225.));
#2316=CARTESIAN_POINT('',(118.875,54.8266062413412,193.5));
#2317=CARTESIAN_POINT('Origin',(117.25,54.8266062413412,225.));
#2318=CARTESIAN_POINT('Origin',(109.5,68.25,193.5));
#2319=CARTESIAN_POINT('',(111.125,68.25,220.));
#2320=CARTESIAN_POINT('Origin',(109.5,68.25,220.));
#2321=CARTESIAN_POINT('',(111.125,68.25,225.));
#2322=CARTESIAN_POINT('',(111.125,68.25,193.5));
#2323=CARTESIAN_POINT('Origin',(109.5,68.25,225.));
#2324=CARTESIAN_POINT('Origin',(132.75,81.6733937586588,193.5));
#2325=CARTESIAN_POINT('',(134.375,81.6733937586588,220.));
#2326=CARTESIAN_POINT('Origin',(132.75,81.6733937586588,220.));
#2327=CARTESIAN_POINT('',(134.375,81.6733937586588,225.));
#2328=CARTESIAN_POINT('',(134.375,81.6733937586588,193.5));
#2329=CARTESIAN_POINT('Origin',(132.75,81.6733937586588,225.));
#2330=CARTESIAN_POINT('Origin',(132.75,54.8266062413412,193.5));
#2331=CARTESIAN_POINT('',(134.375,54.8266062413412,220.));
#2332=CARTESIAN_POINT('Origin',(132.75,54.8266062413412,220.));
#2333=CARTESIAN_POINT('',(134.375,54.8266062413412,225.));
#2334=CARTESIAN_POINT('',(134.375,54.8266062413412,193.5));
#2335=CARTESIAN_POINT('Origin',(132.75,54.8266062413412,225.));
#2336=CARTESIAN_POINT('Origin',(131.5,54.8266062413412,155.));
#2337=CARTESIAN_POINT('',(131.5,75.1733937586588,220.));
#2338=CARTESIAN_POINT('',(131.5,75.1733937586588,225.));
#2339=CARTESIAN_POINT('',(131.5,75.1733937586588,155.));
#2340=CARTESIAN_POINT('',(131.5,61.3266062413412,220.));
#2341=CARTESIAN_POINT('',(131.5,27.4133031206706,220.));
#2342=CARTESIAN_POINT('',(131.5,61.3266062413412,225.));
#2343=CARTESIAN_POINT('',(131.5,61.3266062413412,155.));
#2344=CARTESIAN_POINT('',(131.5,104.913303120671,225.));
#2345=CARTESIAN_POINT('Origin',(125.,75.1733937586588,155.));
#2346=CARTESIAN_POINT('',(118.5,75.1733937586588,220.));
#2347=CARTESIAN_POINT('Origin',(125.,75.1733937586588,220.));
#2348=CARTESIAN_POINT('',(118.5,75.1733937586588,225.));
#2349=CARTESIAN_POINT('Origin',(125.,75.1733937586588,225.));
#2350=CARTESIAN_POINT('',(118.5,75.1733937586588,155.));
#2351=CARTESIAN_POINT('Origin',(118.5,81.6733937586588,155.));
#2352=CARTESIAN_POINT('',(118.5,61.3266062413412,225.));
#2353=CARTESIAN_POINT('',(118.5,118.336696879329,225.));
#2354=CARTESIAN_POINT('',(118.5,61.3266062413412,220.));
#2355=CARTESIAN_POINT('',(118.5,61.3266062413412,155.));
#2356=CARTESIAN_POINT('',(118.5,40.8366968793294,220.));
#2357=CARTESIAN_POINT('Origin',(125.,61.3266062413412,155.));
#2358=CARTESIAN_POINT('Origin',(125.,61.3266062413412,220.));
#2359=CARTESIAN_POINT('Origin',(125.,61.3266062413412,225.));
#2360=CARTESIAN_POINT('Origin',(242.500000111759,146.500000089407,130.));
#2361=CARTESIAN_POINT('',(238.900000111759,146.500000089407,130.));
#2362=CARTESIAN_POINT('Origin',(242.500000111759,146.500000089407,130.));
#2363=CARTESIAN_POINT('',(238.900000111759,146.500000089407,140.));
#2364=CARTESIAN_POINT('',(238.900000111759,146.500000089407,130.));
#2365=CARTESIAN_POINT('Origin',(242.500000111759,146.500000089407,140.));
#2366=CARTESIAN_POINT('Origin',(242.500000111759,146.500000089407,140.));
#2367=CARTESIAN_POINT('Origin',(242.500000111759,3.50000008940697,130.));
#2368=CARTESIAN_POINT('',(238.900000111759,3.50000008940697,130.));
#2369=CARTESIAN_POINT('Origin',(242.500000111759,3.50000008940697,130.));
#2370=CARTESIAN_POINT('',(238.900000111759,3.50000008940697,140.));
#2371=CARTESIAN_POINT('',(238.900000111759,3.50000008940697,130.));
#2372=CARTESIAN_POINT('Origin',(242.500000111759,3.50000008940697,140.));
#2373=CARTESIAN_POINT('Origin',(242.500000111759,3.50000008940697,140.));
#2374=CARTESIAN_POINT('Origin',(125.000000111759,146.500000089407,130.));
#2375=CARTESIAN_POINT('',(121.400000111759,146.500000089407,130.));
#2376=CARTESIAN_POINT('Origin',(125.000000111759,146.500000089407,130.));
#2377=CARTESIAN_POINT('',(121.400000111759,146.500000089407,140.));
#2378=CARTESIAN_POINT('',(121.400000111759,146.500000089407,130.));
#2379=CARTESIAN_POINT('Origin',(125.000000111759,146.500000089407,140.));
#2380=CARTESIAN_POINT('Origin',(125.000000111759,146.500000089407,140.));
#2381=CARTESIAN_POINT('Origin',(125.000000111759,3.50000008940697,130.));
#2382=CARTESIAN_POINT('',(121.400000111759,3.50000008940697,130.));
#2383=CARTESIAN_POINT('Origin',(125.000000111759,3.50000008940697,130.));
#2384=CARTESIAN_POINT('',(121.400000111759,3.50000008940697,140.));
#2385=CARTESIAN_POINT('',(121.400000111759,3.50000008940697,130.));
#2386=CARTESIAN_POINT('Origin',(125.000000111759,3.50000008940697,140.));
#2387=CARTESIAN_POINT('Origin',(125.000000111759,3.50000008940697,140.));
#2388=CARTESIAN_POINT('Origin',(7.50000011175871,146.500000089407,130.));
#2389=CARTESIAN_POINT('',(3.90000011175871,146.500000089407,130.));
#2390=CARTESIAN_POINT('Origin',(7.50000011175871,146.500000089407,130.));
#2391=CARTESIAN_POINT('',(3.90000011175871,146.500000089407,140.));
#2392=CARTESIAN_POINT('',(3.90000011175871,146.500000089407,130.));
#2393=CARTESIAN_POINT('Origin',(7.50000011175871,146.500000089407,140.));
#2394=CARTESIAN_POINT('Origin',(7.50000011175871,146.500000089407,140.));
#2395=CARTESIAN_POINT('Origin',(7.50000011175871,3.50000008940697,130.));
#2396=CARTESIAN_POINT('',(3.90000011175871,3.50000008940697,130.));
#2397=CARTESIAN_POINT('Origin',(7.50000011175871,3.50000008940697,130.));
#2398=CARTESIAN_POINT('',(3.90000011175871,3.50000008940697,140.));
#2399=CARTESIAN_POINT('',(3.90000011175871,3.50000008940697,130.));
#2400=CARTESIAN_POINT('Origin',(7.50000011175871,3.50000008940697,140.));
#2401=CARTESIAN_POINT('Origin',(7.50000011175871,3.50000008940697,140.));
#2402=CARTESIAN_POINT('Origin',(170.765853577913,162.5,134.));
#2403=CARTESIAN_POINT('',(168.71626012229,158.95,149.139161423636));
#2404=CARTESIAN_POINT('',(170.765853577913,162.5,142.990381056767));
#2405=CARTESIAN_POINT('',(169.647024040681,160.562130396506,146.34686966846));
#2406=CARTESIAN_POINT('',(170.765853577913,162.5,134.));
#2407=CARTESIAN_POINT('',(170.765853577913,162.5,134.));
#2408=CARTESIAN_POINT('',(168.71626012229,158.95,134.));
#2409=CARTESIAN_POINT('',(170.765853577913,162.5,134.));
#2410=CARTESIAN_POINT('',(168.71626012229,158.95,134.));
#2411=CARTESIAN_POINT('Origin',(168.71626012229,166.05,134.));
#2412=CARTESIAN_POINT('',(168.71626012229,166.05,136.841600689897));
#2413=CARTESIAN_POINT('',(171.254038974952,161.654438088814,144.454937247885));
#2414=CARTESIAN_POINT('',(168.71626012229,166.05,134.));
#2415=CARTESIAN_POINT('',(168.71626012229,166.05,134.));
#2416=CARTESIAN_POINT('',(168.71626012229,166.05,134.));
#2417=CARTESIAN_POINT('Origin',(164.617073211043,166.05,134.));
#2418=CARTESIAN_POINT('',(164.617073211043,166.05,136.841600689897));
#2419=CARTESIAN_POINT('',(165.641869938855,166.05,136.841600689897));
#2420=CARTESIAN_POINT('',(164.617073211043,166.05,134.));
#2421=CARTESIAN_POINT('',(164.617073211043,166.05,134.));
#2422=CARTESIAN_POINT('',(164.617073211043,166.05,134.));
#2423=CARTESIAN_POINT('Origin',(162.56747975542,162.5,134.));
#2424=CARTESIAN_POINT('',(162.56747975542,162.5,142.990381056767));
#2425=CARTESIAN_POINT('',(161.763972288285,161.10828424266,145.400903458173));
#2426=CARTESIAN_POINT('',(162.56747975542,162.5,134.));
#2427=CARTESIAN_POINT('',(162.56747975542,162.5,134.));
#2428=CARTESIAN_POINT('',(162.56747975542,162.5,134.));
#2429=CARTESIAN_POINT('Origin',(164.617073211043,158.95,134.));
#2430=CARTESIAN_POINT('',(164.617073211043,158.95,149.139161423636));
#2431=CARTESIAN_POINT('',(164.001631362747,160.015976550352,147.292835878748));
#2432=CARTESIAN_POINT('',(164.617073211043,158.95,134.));
#2433=CARTESIAN_POINT('',(164.617073211043,158.95,134.));
#2434=CARTESIAN_POINT('',(164.617073211043,158.95,134.));
#2435=CARTESIAN_POINT('Origin',(168.71626012229,158.95,134.));
#2436=CARTESIAN_POINT('',(167.691463394478,158.95,149.139161423636));
#2437=CARTESIAN_POINT('',(168.71626012229,158.95,134.));
#2438=CARTESIAN_POINT('Origin',(166.666666666666,162.5,134.));
#2439=CARTESIAN_POINT('Origin',(157.666666666666,162.5,142.990381056767));
#2440=CARTESIAN_POINT('',(157.666666666666,155.,130.));
#2441=CARTESIAN_POINT('',(157.666666666666,170.,130.));
#2442=CARTESIAN_POINT('',(157.666666666666,155.,130.));
#2443=CARTESIAN_POINT('',(157.666666666666,155.,155.980762113533));
#2444=CARTESIAN_POINT('',(157.666666666666,155.,136.495190528383));
#2445=CARTESIAN_POINT('',(157.666666666666,170.,130.));
#2446=CARTESIAN_POINT('Origin',(166.666666666666,155.,155.980762113533));
#2447=CARTESIAN_POINT('',(175.666666666666,170.,130.));
#2448=CARTESIAN_POINT('',(166.666666666666,170.,130.));
#2449=CARTESIAN_POINT('',(175.666666666666,155.,155.980762113533));
#2450=CARTESIAN_POINT('',(83.3333333333331,155.,155.980762113532));
#2451=CARTESIAN_POINT('',(175.666666666666,170.,130.));
#2452=CARTESIAN_POINT('Origin',(175.666666666666,162.5,142.990381056767));
#2453=CARTESIAN_POINT('',(175.666666666666,155.,130.));
#2454=CARTESIAN_POINT('',(175.666666666666,155.,130.));
#2455=CARTESIAN_POINT('',(175.666666666666,155.,136.495190528383));
#2456=CARTESIAN_POINT('Origin',(0.,155.,130.));
#2457=CARTESIAN_POINT('',(92.3333333333331,155.,130.));
#2458=CARTESIAN_POINT('',(0.,155.,130.));
#2459=CARTESIAN_POINT('',(92.3333333333331,155.,155.980762113533));
#2460=CARTESIAN_POINT('',(92.3333333333331,155.,136.495190528383));
#2461=CARTESIAN_POINT('',(74.3333333333331,155.,155.980762113533));
#2462=CARTESIAN_POINT('',(41.6666666666665,155.,155.980762113532));
#2463=CARTESIAN_POINT('',(74.3333333333331,155.,130.));
#2464=CARTESIAN_POINT('',(74.3333333333331,155.,136.495190528383));
#2465=CARTESIAN_POINT('',(0.,155.,130.));
#2466=CARTESIAN_POINT('',(0.,155.,130.));
#2467=CARTESIAN_POINT('',(0.,155.,225.));
#2468=CARTESIAN_POINT('',(0.,155.,65.));
#2469=CARTESIAN_POINT('',(250.,155.,225.));
#2470=CARTESIAN_POINT('',(0.,155.,225.));
#2471=CARTESIAN_POINT('',(250.,155.,130.));
#2472=CARTESIAN_POINT('',(250.,155.,65.));
#2473=CARTESIAN_POINT('',(0.,155.,130.));
#2474=CARTESIAN_POINT('Origin',(170.765853577913,-12.5,134.));
#2475=CARTESIAN_POINT('',(168.71626012229,-8.95,149.139161423636));
#2476=CARTESIAN_POINT('',(170.765853577913,-12.5,142.990381056767));
#2477=CARTESIAN_POINT('',(169.647024040682,-10.5621303965067,146.34686966846));
#2478=CARTESIAN_POINT('',(168.71626012229,-8.95,134.));
#2479=CARTESIAN_POINT('',(168.71626012229,-8.95,134.));
#2480=CARTESIAN_POINT('',(170.765853577913,-12.5,134.));
#2481=CARTESIAN_POINT('',(170.765853577913,-12.5,134.));
#2482=CARTESIAN_POINT('',(170.765853577913,-12.5,134.));
#2483=CARTESIAN_POINT('Origin',(168.71626012229,-16.05,134.));
#2484=CARTESIAN_POINT('',(168.71626012229,-16.05,136.841600689897));
#2485=CARTESIAN_POINT('',(171.254038974953,-11.6544380888144,144.454937247885));
#2486=CARTESIAN_POINT('',(168.71626012229,-16.05,134.));
#2487=CARTESIAN_POINT('',(168.71626012229,-16.05,134.));
#2488=CARTESIAN_POINT('',(168.71626012229,-16.05,134.));
#2489=CARTESIAN_POINT('Origin',(164.617073211043,-16.05,134.));
#2490=CARTESIAN_POINT('',(164.617073211043,-16.05,136.841600689897));
#2491=CARTESIAN_POINT('',(165.641869938855,-16.05,136.841600689897));
#2492=CARTESIAN_POINT('',(164.617073211043,-16.05,134.));
#2493=CARTESIAN_POINT('',(164.617073211043,-16.05,134.));
#2494=CARTESIAN_POINT('',(164.617073211043,-16.05,134.));
#2495=CARTESIAN_POINT('Origin',(162.56747975542,-12.5,134.));
#2496=CARTESIAN_POINT('',(162.56747975542,-12.5,142.990381056767));
#2497=CARTESIAN_POINT('',(161.763972288285,-11.1082842426605,145.400903458173));
#2498=CARTESIAN_POINT('',(162.56747975542,-12.5,134.));
#2499=CARTESIAN_POINT('',(162.56747975542,-12.5,134.));
#2500=CARTESIAN_POINT('',(162.56747975542,-12.5,134.));
#2501=CARTESIAN_POINT('Origin',(164.617073211043,-8.95000000000001,134.));
#2502=CARTESIAN_POINT('',(164.617073211043,-8.95000000000001,149.139161423636));
#2503=CARTESIAN_POINT('',(164.001631362748,-10.0159765503528,147.292835878748));
#2504=CARTESIAN_POINT('',(164.617073211043,-8.95000000000001,134.));
#2505=CARTESIAN_POINT('',(164.617073211043,-8.95000000000001,134.));
#2506=CARTESIAN_POINT('',(164.617073211043,-8.95000000000001,134.));
#2507=CARTESIAN_POINT('Origin',(168.71626012229,-8.95,134.));
#2508=CARTESIAN_POINT('',(167.691463394478,-8.95000000000001,149.139161423636));
#2509=CARTESIAN_POINT('',(168.71626012229,-8.95,134.));
#2510=CARTESIAN_POINT('Origin',(166.666666666667,-12.5,134.));
#2511=CARTESIAN_POINT('Origin',(157.666666666667,-12.5,142.990381056767));
#2512=CARTESIAN_POINT('',(157.666666666667,-5.,130.));
#2513=CARTESIAN_POINT('',(157.666666666667,-20.,130.));
#2514=CARTESIAN_POINT('',(157.666666666667,-5.,130.));
#2515=CARTESIAN_POINT('',(157.666666666667,-5.,155.980762113533));
#2516=CARTESIAN_POINT('',(157.666666666667,-20.,130.));
#2517=CARTESIAN_POINT('',(157.666666666667,-5.,183.995190528383));
#2518=CARTESIAN_POINT('Origin',(166.666666666667,-5.,155.980762113533));
#2519=CARTESIAN_POINT('',(175.666666666667,-20.,130.));
#2520=CARTESIAN_POINT('',(166.666666666667,-20.,130.));
#2521=CARTESIAN_POINT('',(175.666666666667,-5.,155.980762113533));
#2522=CARTESIAN_POINT('',(175.666666666667,-20.,130.));
#2523=CARTESIAN_POINT('',(83.3333333333333,-5.,155.980762113533));
#2524=CARTESIAN_POINT('Origin',(175.666666666667,-12.5,142.990381056767));
#2525=CARTESIAN_POINT('',(175.666666666667,-5.,130.));
#2526=CARTESIAN_POINT('',(175.666666666667,-5.,130.));
#2527=CARTESIAN_POINT('',(175.666666666667,-5.,183.995190528383));
#2528=CARTESIAN_POINT('Origin',(87.4325202445795,162.5,134.));
#2529=CARTESIAN_POINT('',(85.3829267889562,158.95,149.139161423636));
#2530=CARTESIAN_POINT('',(87.4325202445795,162.5,142.990381056767));
#2531=CARTESIAN_POINT('',(86.3136907073481,160.562130396506,146.34686966846));
#2532=CARTESIAN_POINT('',(87.4325202445795,162.5,134.));
#2533=CARTESIAN_POINT('',(87.4325202445795,162.5,134.));
#2534=CARTESIAN_POINT('',(85.3829267889562,158.95,134.));
#2535=CARTESIAN_POINT('',(87.4325202445795,162.5,134.));
#2536=CARTESIAN_POINT('',(85.3829267889562,158.95,134.));
#2537=CARTESIAN_POINT('Origin',(85.3829267889563,166.05,134.));
#2538=CARTESIAN_POINT('',(85.3829267889563,166.05,136.841600689897));
#2539=CARTESIAN_POINT('',(87.920705641619,161.654438088814,144.454937247885));
#2540=CARTESIAN_POINT('',(85.3829267889563,166.05,134.));
#2541=CARTESIAN_POINT('',(85.3829267889563,166.05,134.));
#2542=CARTESIAN_POINT('',(85.3829267889563,166.05,134.));
#2543=CARTESIAN_POINT('Origin',(81.2837398777099,166.05,134.));
#2544=CARTESIAN_POINT('',(81.2837398777099,166.05,136.841600689897));
#2545=CARTESIAN_POINT('',(82.3085366055215,166.05,136.841600689897));
#2546=CARTESIAN_POINT('',(81.2837398777099,166.05,134.));
#2547=CARTESIAN_POINT('',(81.2837398777099,166.05,134.));
#2548=CARTESIAN_POINT('',(81.2837398777099,166.05,134.));
#2549=CARTESIAN_POINT('Origin',(79.2341464220868,162.5,134.));
#2550=CARTESIAN_POINT('',(79.2341464220868,162.5,142.990381056767));
#2551=CARTESIAN_POINT('',(78.4306389549514,161.10828424266,145.400903458173));
#2552=CARTESIAN_POINT('',(79.2341464220868,162.5,134.));
#2553=CARTESIAN_POINT('',(79.2341464220868,162.5,134.));
#2554=CARTESIAN_POINT('',(79.2341464220868,162.5,134.));
#2555=CARTESIAN_POINT('Origin',(81.2837398777099,158.95,134.));
#2556=CARTESIAN_POINT('',(81.2837398777099,158.95,149.139161423636));
#2557=CARTESIAN_POINT('',(80.6682980294139,160.015976550352,147.292835878748));
#2558=CARTESIAN_POINT('',(81.2837398777099,158.95,134.));
#2559=CARTESIAN_POINT('',(81.2837398777099,158.95,134.));
#2560=CARTESIAN_POINT('',(81.2837398777099,158.95,134.));
#2561=CARTESIAN_POINT('Origin',(85.3829267889562,158.95,134.));
#2562=CARTESIAN_POINT('',(84.3581300611446,158.95,149.139161423636));
#2563=CARTESIAN_POINT('',(85.3829267889562,158.95,134.));
#2564=CARTESIAN_POINT('Origin',(83.3333333333331,162.5,134.));
#2565=CARTESIAN_POINT('Origin',(74.3333333333331,162.5,142.990381056767));
#2566=CARTESIAN_POINT('',(74.3333333333331,170.,130.));
#2567=CARTESIAN_POINT('',(74.3333333333331,155.,130.));
#2568=CARTESIAN_POINT('',(74.3333333333331,170.,130.));
#2569=CARTESIAN_POINT('Origin',(83.3333333333331,155.,155.980762113533));
#2570=CARTESIAN_POINT('',(92.3333333333331,170.,130.));
#2571=CARTESIAN_POINT('',(83.3333333333331,170.,130.));
#2572=CARTESIAN_POINT('',(92.3333333333331,170.,130.));
#2573=CARTESIAN_POINT('Origin',(92.3333333333331,162.5,142.990381056767));
#2574=CARTESIAN_POINT('',(92.3333333333331,155.,130.));
#2575=CARTESIAN_POINT('Origin',(87.4325202445797,-12.5,134.));
#2576=CARTESIAN_POINT('',(85.3829267889565,-8.95,149.139161423636));
#2577=CARTESIAN_POINT('',(87.4325202445797,-12.5,142.990381056767));
#2578=CARTESIAN_POINT('',(86.3136907073484,-10.5621303965067,146.34686966846));
#2579=CARTESIAN_POINT('',(85.3829267889565,-8.95,134.));
#2580=CARTESIAN_POINT('',(85.3829267889565,-8.95,134.));
#2581=CARTESIAN_POINT('',(87.4325202445797,-12.5,134.));
#2582=CARTESIAN_POINT('',(87.4325202445797,-12.5,134.));
#2583=CARTESIAN_POINT('',(87.4325202445797,-12.5,134.));
#2584=CARTESIAN_POINT('Origin',(85.3829267889565,-16.05,134.));
#2585=CARTESIAN_POINT('',(85.3829267889565,-16.05,136.841600689897));
#2586=CARTESIAN_POINT('',(87.9207056416192,-11.6544380888144,144.454937247885));
#2587=CARTESIAN_POINT('',(85.3829267889565,-16.05,134.));
#2588=CARTESIAN_POINT('',(85.3829267889565,-16.05,134.));
#2589=CARTESIAN_POINT('',(85.3829267889565,-16.05,134.));
#2590=CARTESIAN_POINT('Origin',(81.2837398777102,-16.05,134.));
#2591=CARTESIAN_POINT('',(81.2837398777102,-16.05,136.841600689897));
#2592=CARTESIAN_POINT('',(82.3085366055217,-16.05,136.841600689897));
#2593=CARTESIAN_POINT('',(81.2837398777102,-16.05,134.));
#2594=CARTESIAN_POINT('',(81.2837398777102,-16.05,134.));
#2595=CARTESIAN_POINT('',(81.2837398777102,-16.05,134.));
#2596=CARTESIAN_POINT('Origin',(79.234146422087,-12.5,134.));
#2597=CARTESIAN_POINT('',(79.234146422087,-12.5,142.990381056767));
#2598=CARTESIAN_POINT('',(78.4306389549516,-11.1082842426605,145.400903458173));
#2599=CARTESIAN_POINT('',(79.234146422087,-12.5,134.));
#2600=CARTESIAN_POINT('',(79.234146422087,-12.5,134.));
#2601=CARTESIAN_POINT('',(79.234146422087,-12.5,134.));
#2602=CARTESIAN_POINT('Origin',(81.2837398777102,-8.95000000000001,134.));
#2603=CARTESIAN_POINT('',(81.2837398777102,-8.95000000000001,149.139161423636));
#2604=CARTESIAN_POINT('',(80.6682980294141,-10.0159765503528,147.292835878748));
#2605=CARTESIAN_POINT('',(81.2837398777102,-8.95000000000001,134.));
#2606=CARTESIAN_POINT('',(81.2837398777102,-8.95000000000001,134.));
#2607=CARTESIAN_POINT('',(81.2837398777102,-8.95000000000001,134.));
#2608=CARTESIAN_POINT('Origin',(85.3829267889565,-8.95,134.));
#2609=CARTESIAN_POINT('',(84.3581300611449,-8.95000000000001,149.139161423636));
#2610=CARTESIAN_POINT('',(85.3829267889565,-8.95,134.));
#2611=CARTESIAN_POINT('Origin',(83.3333333333334,-12.5,134.));
#2612=CARTESIAN_POINT('Origin',(74.3333333333333,-12.5,142.990381056767));
#2613=CARTESIAN_POINT('',(74.3333333333333,-5.,130.));
#2614=CARTESIAN_POINT('',(74.3333333333333,-20.,130.));
#2615=CARTESIAN_POINT('',(74.3333333333333,-5.,130.));
#2616=CARTESIAN_POINT('',(74.3333333333333,-5.,155.980762113533));
#2617=CARTESIAN_POINT('',(74.3333333333333,-20.,130.));
#2618=CARTESIAN_POINT('',(74.3333333333333,-5.,183.995190528383));
#2619=CARTESIAN_POINT('Origin',(83.3333333333333,-5.,155.980762113533));
#2620=CARTESIAN_POINT('',(92.3333333333333,-20.,130.));
#2621=CARTESIAN_POINT('',(83.3333333333333,-20.,130.));
#2622=CARTESIAN_POINT('',(92.3333333333333,-5.,155.980762113533));
#2623=CARTESIAN_POINT('',(92.3333333333333,-20.,130.));
#2624=CARTESIAN_POINT('',(41.6666666666667,-5.,155.980762113533));
#2625=CARTESIAN_POINT('Origin',(92.3333333333333,-12.5,142.990381056767));
#2626=CARTESIAN_POINT('',(92.3333333333333,-5.,130.));
#2627=CARTESIAN_POINT('',(92.3333333333333,-5.,130.));
#2628=CARTESIAN_POINT('',(92.3333333333333,-5.,183.995190528383));
#2629=CARTESIAN_POINT('Origin',(250.,75.,145.));
#2630=CARTESIAN_POINT('',(250.,138.245553203368,130.));
#2631=CARTESIAN_POINT('',(250.,11.7544467966324,130.));
#2632=CARTESIAN_POINT('Origin',(250.,75.,145.));
#2633=CARTESIAN_POINT('',(235.,11.7544467966324,130.));
#2634=CARTESIAN_POINT('',(250.,11.7544467966324,130.));
#2635=CARTESIAN_POINT('',(235.,138.245553203368,130.));
#2636=CARTESIAN_POINT('Origin',(235.,75.,145.));
#2637=CARTESIAN_POINT('',(250.,138.245553203368,130.));
#2638=CARTESIAN_POINT('Origin',(235.,75.,175.));
#2639=CARTESIAN_POINT('',(235.,150.,130.));
#2640=CARTESIAN_POINT('',(235.,150.,220.));
#2641=CARTESIAN_POINT('',(235.,150.,197.5));
#2642=CARTESIAN_POINT('',(235.,-5.,130.));
#2643=CARTESIAN_POINT('',(235.,0.,130.));
#2644=CARTESIAN_POINT('',(235.,-5.,130.));
#2645=CARTESIAN_POINT('',(235.,0.,220.));
#2646=CARTESIAN_POINT('',(235.,0.,152.5));
#2647=CARTESIAN_POINT('',(235.,37.5,220.));
#2648=CARTESIAN_POINT('Origin',(117.5,10.,175.));
#2649=CARTESIAN_POINT('',(117.5,0.,220.));
#2650=CARTESIAN_POINT('',(117.5,0.,130.));
#2651=CARTESIAN_POINT('',(117.5,0.,152.5));
#2652=CARTESIAN_POINT('',(117.5,20.,220.));
#2653=CARTESIAN_POINT('',(117.5,5.,220.));
#2654=CARTESIAN_POINT('',(117.5,10.3932832693974,130.));
#2655=CARTESIAN_POINT('Origin',(117.5,296.25,145.));
#2656=CARTESIAN_POINT('',(117.5,-5.,130.));
#2657=CARTESIAN_POINT('Origin',(125.,296.25,145.));
#2658=CARTESIAN_POINT('',(132.5,20.,220.));
#2659=CARTESIAN_POINT('',(125.,20.,220.));
#2660=CARTESIAN_POINT('',(132.5,10.3932832693974,130.));
#2661=CARTESIAN_POINT('Origin',(132.5,296.25,145.));
#2662=CARTESIAN_POINT('',(125.,10.3932832693974,130.));
#2663=CARTESIAN_POINT('Origin',(132.5,10.,175.));
#2664=CARTESIAN_POINT('',(132.5,0.,130.));
#2665=CARTESIAN_POINT('',(132.5,0.,220.));
#2666=CARTESIAN_POINT('',(132.5,0.,152.5));
#2667=CARTESIAN_POINT('',(132.5,-5.,130.));
#2668=CARTESIAN_POINT('',(132.5,5.,220.));
#2669=CARTESIAN_POINT('Origin',(0.,0.,220.));
#2670=CARTESIAN_POINT('',(0.,0.,220.));
#2671=CARTESIAN_POINT('',(15.,0.,220.));
#2672=CARTESIAN_POINT('',(0.,0.,220.));
#2673=CARTESIAN_POINT('',(15.,150.,220.));
#2674=CARTESIAN_POINT('',(15.,37.5,220.));
#2675=CARTESIAN_POINT('',(117.5,150.,220.));
#2676=CARTESIAN_POINT('',(0.,150.,220.));
#2677=CARTESIAN_POINT('',(117.5,130.,220.));
#2678=CARTESIAN_POINT('',(117.5,70.,220.));
#2679=CARTESIAN_POINT('',(132.5,130.,220.));
#2680=CARTESIAN_POINT('',(125.,130.,220.));
#2681=CARTESIAN_POINT('',(132.5,150.,220.));
#2682=CARTESIAN_POINT('',(132.5,70.,220.));
#2683=CARTESIAN_POINT('',(0.,150.,220.));
#2684=CARTESIAN_POINT('Origin',(0.,0.,130.));
#2685=CARTESIAN_POINT('',(15.,0.,130.));
#2686=CARTESIAN_POINT('',(0.,0.,130.));
#2687=CARTESIAN_POINT('',(15.,0.,152.5));
#2688=CARTESIAN_POINT('Origin',(117.5,140.,175.));
#2689=CARTESIAN_POINT('',(117.5,150.,130.));
#2690=CARTESIAN_POINT('',(117.5,139.606716730603,130.));
#2691=CARTESIAN_POINT('',(117.5,-5.,130.));
#2692=CARTESIAN_POINT('Origin',(117.5,-146.25,145.));
#2693=CARTESIAN_POINT('',(117.5,150.,197.5));
#2694=CARTESIAN_POINT('Origin',(125.,-146.25,145.));
#2695=CARTESIAN_POINT('',(132.5,139.606716730603,130.));
#2696=CARTESIAN_POINT('',(125.,139.606716730603,130.));
#2697=CARTESIAN_POINT('Origin',(132.5,-146.25,145.));
#2698=CARTESIAN_POINT('Origin',(132.5,140.,175.));
#2699=CARTESIAN_POINT('',(132.5,150.,130.));
#2700=CARTESIAN_POINT('',(132.5,-5.,130.));
#2701=CARTESIAN_POINT('',(132.5,150.,197.5));
#2702=CARTESIAN_POINT('Origin',(0.,150.,220.));
#2703=CARTESIAN_POINT('',(15.,150.,130.));
#2704=CARTESIAN_POINT('',(15.,150.,197.5));
#2705=CARTESIAN_POINT('',(0.,150.,130.));
#2706=CARTESIAN_POINT('Origin',(0.,75.,145.));
#2707=CARTESIAN_POINT('',(0.,138.245553203368,130.));
#2708=CARTESIAN_POINT('',(0.,11.7544467966324,130.));
#2709=CARTESIAN_POINT('Origin',(0.,75.,145.));
#2710=CARTESIAN_POINT('',(15.,138.245553203368,130.));
#2711=CARTESIAN_POINT('',(0.,138.245553203368,130.));
#2712=CARTESIAN_POINT('',(15.,11.7544467966324,130.));
#2713=CARTESIAN_POINT('Origin',(15.,75.,145.));
#2714=CARTESIAN_POINT('',(0.,11.7544467966324,130.));
#2715=CARTESIAN_POINT('Origin',(15.,75.,175.));
#2716=CARTESIAN_POINT('',(15.,-5.,130.));
#2717=CARTESIAN_POINT('',(15.,-5.,130.));
#2718=CARTESIAN_POINT('Origin',(0.,0.,130.));
#2719=CARTESIAN_POINT('',(0.,0.,130.));
#2720=CARTESIAN_POINT('Origin',(0.,150.,220.));
#2721=CARTESIAN_POINT('',(0.,150.,130.));
#2722=CARTESIAN_POINT('Origin',(0.,-5.,130.));
#2723=CARTESIAN_POINT('',(0.,-5.,130.));
#2724=CARTESIAN_POINT('',(0.,-5.,130.));
#2725=CARTESIAN_POINT('',(250.,-5.,130.));
#2726=CARTESIAN_POINT('',(250.,-5.,130.));
#2727=CARTESIAN_POINT('',(0.,-5.,130.));
#2728=CARTESIAN_POINT('',(0.,-5.,130.));
#2729=CARTESIAN_POINT('',(0.,-5.,130.));
#2730=CARTESIAN_POINT('Origin',(0.,-5.,225.));
#2731=CARTESIAN_POINT('',(250.,-5.,225.));
#2732=CARTESIAN_POINT('',(250.,-5.,225.));
#2733=CARTESIAN_POINT('',(0.,-5.,225.));
#2734=CARTESIAN_POINT('',(0.,-5.,225.));
#2735=CARTESIAN_POINT('',(0.,-5.,225.));
#2736=CARTESIAN_POINT('Origin',(0.,155.,225.));
#2737=CARTESIAN_POINT('',(0.,155.,225.));
#2738=CARTESIAN_POINT('',(250.,155.,225.));
#2739=CARTESIAN_POINT('Origin',(0.,150.,130.));
#2740=CARTESIAN_POINT('',(0.,-5.,130.));
#2741=CARTESIAN_POINT('',(250.,-5.,130.));
#2742=CARTESIAN_POINT('Origin',(250.,75.,177.5));
#2743=CARTESIAN_POINT('Origin',(0.,75.,177.5));
#2744=UNCERTAINTY_MEASURE_WITH_UNIT(LENGTH_MEASURE(0.01),#2748,
'DISTANCE_ACCURACY_VALUE',
'Maximum model space distance between geometric entities at asserted c
onnectivities');
#2745=UNCERTAINTY_MEASURE_WITH_UNIT(LENGTH_MEASURE(0.01),#2748,
'DISTANCE_ACCURACY_VALUE',
'Maximum model space distance between geometric entities at asserted c
onnectivities');
#2746=(
GEOMETRIC_REPRESENTATION_CONTEXT(3)
GLOBAL_UNCERTAINTY_ASSIGNED_CONTEXT((#2744))
GLOBAL_UNIT_ASSIGNED_CONTEXT((#2748,#2750,#2751))
REPRESENTATION_CONTEXT('','3D')
);
#2747=(
GEOMETRIC_REPRESENTATION_CONTEXT(3)
GLOBAL_UNCERTAINTY_ASSIGNED_CONTEXT((#2745))
GLOBAL_UNIT_ASSIGNED_CONTEXT((#2748,#2750,#2751))
REPRESENTATION_CONTEXT('','3D')
);
#2748=(
LENGTH_UNIT()
NAMED_UNIT(*)
SI_UNIT(.MILLI.,.METRE.)
);
#2749=(
LENGTH_UNIT()
NAMED_UNIT(*)
SI_UNIT($,.METRE.)
);
#2750=(
NAMED_UNIT(*)
PLANE_ANGLE_UNIT()
SI_UNIT($,.RADIAN.)
);
#2751=(
NAMED_UNIT(*)
SI_UNIT($,.STERADIAN.)
SOLID_ANGLE_UNIT()
);
#2752=SHAPE_DEFINITION_REPRESENTATION(#2753,#2754);
#2753=PRODUCT_DEFINITION_SHAPE('',$,#2756);
#2754=SHAPE_REPRESENTATION('',(#1692),#2746);
#2755=PRODUCT_DEFINITION_CONTEXT('part definition',#2760,'design');
#2756=PRODUCT_DEFINITION('Bottom','Bottom v15',#2757,#2755);
#2757=PRODUCT_DEFINITION_FORMATION('',$,#2762);
#2758=PRODUCT_RELATED_PRODUCT_CATEGORY('Bottom v15','Bottom v15',(#2762));
#2759=APPLICATION_PROTOCOL_DEFINITION('international standard',
'automotive_design',2009,#2760);
#2760=APPLICATION_CONTEXT(
'Core Data for Automotive Mechanical Design Process');
#2761=PRODUCT_CONTEXT('part definition',#2760,'mechanical');
#2762=PRODUCT('Bottom','Bottom v15',$,(#2761));
#2763=PRESENTATION_STYLE_ASSIGNMENT((#2764));
#2764=SURFACE_STYLE_USAGE(.BOTH.,#2765);
#2765=SURFACE_SIDE_STYLE('',(#2766));
#2766=SURFACE_STYLE_FILL_AREA(#2767);
#2767=FILL_AREA_STYLE('Steel - Satin',(#2768));
#2768=FILL_AREA_STYLE_COLOUR('Steel - Satin',#2769);
#2769=COLOUR_RGB('Steel - Satin',0.627450980392157,0.627450980392157,0.627450980392157);
ENDSEC;
END-ISO-10303-21;
