ISO-10303-21;
HEADER;
/* Generated by software containing ST-Developer
 * from STEP Tools, Inc. (www.steptools.com) 
 */

FILE_DESCRIPTION(
/* description */ (''),
/* implementation_level */ '2;1');

FILE_NAME(
/* name */ 'V3.step',
/* time_stamp */ '2026-07-19T18:55:25+07:00',
/* author */ (''),
/* organization */ (''),
/* preprocessor_version */ 'ST-DEVELOPER v20.1',
/* originating_system */ 'Autodesk Translation Framework v15.8.0.0',
/* authorisation */ '');

FILE_SCHEMA (('AUTOMOTIVE_DESIGN { 1 0 10303 214 3 1 1 }'));
ENDSEC;

DATA;
#10=MECHANICAL_DESIGN_GEOMETRIC_PRESENTATION_REPRESENTATION('',(#13),#2451);
#11=SHAPE_REPRESENTATION_RELATIONSHIP('SRR','None',#2458,#12);
#12=ADVANCED_BREP_SHAPE_REPRESENTATION('',(#14),#2450);
#13=STYLED_ITEM('',(#2467),#14);
#14=MANIFOLD_SOLID_BREP('Body1',#1511);
#15=FACE_BOUND('',#256,.T.);
#16=FACE_BOUND('',#264,.T.);
#17=FACE_BOUND('',#268,.T.);
#18=FACE_BOUND('',#269,.T.);
#19=FACE_BOUND('',#274,.T.);
#20=FACE_BOUND('',#275,.T.);
#21=FACE_BOUND('',#276,.T.);
#22=FACE_BOUND('',#277,.T.);
#23=FACE_BOUND('',#278,.T.);
#24=FACE_BOUND('',#279,.T.);
#25=FACE_BOUND('',#280,.T.);
#26=FACE_BOUND('',#281,.T.);
#27=FACE_BOUND('',#282,.T.);
#28=FACE_BOUND('',#283,.T.);
#29=FACE_BOUND('',#284,.T.);
#30=FACE_BOUND('',#285,.T.);
#31=FACE_BOUND('',#286,.T.);
#32=FACE_BOUND('',#287,.T.);
#33=FACE_BOUND('',#288,.T.);
#34=FACE_BOUND('',#289,.T.);
#35=FACE_BOUND('',#290,.T.);
#36=FACE_BOUND('',#291,.T.);
#37=FACE_BOUND('',#292,.T.);
#38=FACE_BOUND('',#293,.T.);
#39=FACE_BOUND('',#294,.T.);
#40=FACE_BOUND('',#295,.T.);
#41=FACE_BOUND('',#296,.T.);
#42=FACE_BOUND('',#302,.T.);
#43=FACE_BOUND('',#304,.T.);
#44=FACE_BOUND('',#305,.T.);
#45=FACE_BOUND('',#306,.T.);
#46=FACE_BOUND('',#307,.T.);
#47=FACE_BOUND('',#308,.T.);
#48=FACE_BOUND('',#309,.T.);
#49=FACE_BOUND('',#310,.T.);
#50=FACE_BOUND('',#311,.T.);
#51=FACE_BOUND('',#312,.T.);
#52=FACE_BOUND('',#313,.T.);
#53=FACE_BOUND('',#314,.T.);
#54=FACE_BOUND('',#315,.T.);
#55=FACE_BOUND('',#316,.T.);
#56=FACE_BOUND('',#317,.T.);
#57=FACE_BOUND('',#318,.T.);
#58=FACE_BOUND('',#319,.T.);
#59=FACE_BOUND('',#320,.T.);
#60=FACE_BOUND('',#321,.T.);
#61=FACE_BOUND('',#322,.T.);
#62=FACE_BOUND('',#323,.T.);
#63=FACE_BOUND('',#324,.T.);
#64=FACE_BOUND('',#325,.T.);
#65=FACE_BOUND('',#326,.T.);
#66=FACE_BOUND('',#327,.T.);
#67=FACE_BOUND('',#328,.T.);
#68=FACE_BOUND('',#330,.T.);
#69=CIRCLE('',#1542,1.25);
#70=CIRCLE('',#1543,1.25);
#71=CIRCLE('',#1545,1.25);
#72=CIRCLE('',#1546,1.25);
#73=CIRCLE('',#1548,1.25);
#74=CIRCLE('',#1549,1.25);
#75=CIRCLE('',#1551,1.25);
#76=CIRCLE('',#1552,1.25);
#77=CIRCLE('',#1554,1.625);
#78=CIRCLE('',#1555,1.625);
#79=CIRCLE('',#1557,1.625);
#80=CIRCLE('',#1558,1.625);
#81=CIRCLE('',#1560,1.625);
#82=CIRCLE('',#1561,1.625);
#83=CIRCLE('',#1563,1.625);
#84=CIRCLE('',#1564,1.625);
#85=CIRCLE('',#1566,1.625);
#86=CIRCLE('',#1567,1.625);
#87=CIRCLE('',#1569,1.625);
#88=CIRCLE('',#1570,1.625);
#89=CIRCLE('',#1572,1.625);
#90=CIRCLE('',#1573,1.625);
#91=CIRCLE('',#1575,1.625);
#92=CIRCLE('',#1576,1.625);
#93=CIRCLE('',#1578,1.625);
#94=CIRCLE('',#1579,1.625);
#95=CIRCLE('',#1581,1.625);
#96=CIRCLE('',#1582,1.625);
#97=CIRCLE('',#1584,1.625);
#98=CIRCLE('',#1585,1.625);
#99=CIRCLE('',#1587,1.625);
#100=CIRCLE('',#1588,1.625);
#101=CIRCLE('',#1590,1.625);
#102=CIRCLE('',#1591,1.625);
#103=CIRCLE('',#1593,1.625);
#104=CIRCLE('',#1594,1.625);
#105=CIRCLE('',#1596,6.5);
#106=CIRCLE('',#1597,6.5);
#107=CIRCLE('',#1600,6.5);
#108=CIRCLE('',#1601,6.5);
#109=CIRCLE('',#1610,2.125);
#110=CIRCLE('',#1618,2.125);
#111=CIRCLE('',#1620,2.125);
#112=CIRCLE('',#1622,2.125);
#113=CIRCLE('',#1629,30.);
#114=CIRCLE('',#1630,30.);
#115=CIRCLE('',#1632,30.);
#116=CIRCLE('',#1633,30.);
#117=CYLINDRICAL_SURFACE('',#1541,1.25);
#118=CYLINDRICAL_SURFACE('',#1544,1.25);
#119=CYLINDRICAL_SURFACE('',#1547,1.25);
#120=CYLINDRICAL_SURFACE('',#1550,1.25);
#121=CYLINDRICAL_SURFACE('',#1553,1.625);
#122=CYLINDRICAL_SURFACE('',#1556,1.625);
#123=CYLINDRICAL_SURFACE('',#1559,1.625);
#124=CYLINDRICAL_SURFACE('',#1562,1.625);
#125=CYLINDRICAL_SURFACE('',#1565,1.625);
#126=CYLINDRICAL_SURFACE('',#1568,1.625);
#127=CYLINDRICAL_SURFACE('',#1571,1.625);
#128=CYLINDRICAL_SURFACE('',#1574,1.625);
#129=CYLINDRICAL_SURFACE('',#1577,1.625);
#130=CYLINDRICAL_SURFACE('',#1580,1.625);
#131=CYLINDRICAL_SURFACE('',#1583,1.625);
#132=CYLINDRICAL_SURFACE('',#1586,1.625);
#133=CYLINDRICAL_SURFACE('',#1589,1.625);
#134=CYLINDRICAL_SURFACE('',#1592,1.625);
#135=CYLINDRICAL_SURFACE('',#1595,6.5);
#136=CYLINDRICAL_SURFACE('',#1599,6.5);
#137=CYLINDRICAL_SURFACE('',#1619,2.125);
#138=CYLINDRICAL_SURFACE('',#1621,2.125);
#139=CYLINDRICAL_SURFACE('',#1628,30.);
#140=CYLINDRICAL_SURFACE('',#1631,30.);
#141=FACE_OUTER_BOUND('',#211,.T.);
#142=FACE_OUTER_BOUND('',#212,.T.);
#143=FACE_OUTER_BOUND('',#213,.T.);
#144=FACE_OUTER_BOUND('',#214,.T.);
#145=FACE_OUTER_BOUND('',#215,.T.);
#146=FACE_OUTER_BOUND('',#216,.T.);
#147=FACE_OUTER_BOUND('',#217,.T.);
#148=FACE_OUTER_BOUND('',#218,.T.);
#149=FACE_OUTER_BOUND('',#219,.T.);
#150=FACE_OUTER_BOUND('',#220,.T.);
#151=FACE_OUTER_BOUND('',#221,.T.);
#152=FACE_OUTER_BOUND('',#222,.T.);
#153=FACE_OUTER_BOUND('',#223,.T.);
#154=FACE_OUTER_BOUND('',#224,.T.);
#155=FACE_OUTER_BOUND('',#225,.T.);
#156=FACE_OUTER_BOUND('',#226,.T.);
#157=FACE_OUTER_BOUND('',#227,.T.);
#158=FACE_OUTER_BOUND('',#228,.T.);
#159=FACE_OUTER_BOUND('',#229,.T.);
#160=FACE_OUTER_BOUND('',#230,.T.);
#161=FACE_OUTER_BOUND('',#231,.T.);
#162=FACE_OUTER_BOUND('',#232,.T.);
#163=FACE_OUTER_BOUND('',#233,.T.);
#164=FACE_OUTER_BOUND('',#234,.T.);
#165=FACE_OUTER_BOUND('',#235,.T.);
#166=FACE_OUTER_BOUND('',#236,.T.);
#167=FACE_OUTER_BOUND('',#237,.T.);
#168=FACE_OUTER_BOUND('',#238,.T.);
#169=FACE_OUTER_BOUND('',#239,.T.);
#170=FACE_OUTER_BOUND('',#240,.T.);
#171=FACE_OUTER_BOUND('',#241,.T.);
#172=FACE_OUTER_BOUND('',#242,.T.);
#173=FACE_OUTER_BOUND('',#243,.T.);
#174=FACE_OUTER_BOUND('',#244,.T.);
#175=FACE_OUTER_BOUND('',#245,.T.);
#176=FACE_OUTER_BOUND('',#246,.T.);
#177=FACE_OUTER_BOUND('',#247,.T.);
#178=FACE_OUTER_BOUND('',#248,.T.);
#179=FACE_OUTER_BOUND('',#249,.T.);
#180=FACE_OUTER_BOUND('',#250,.T.);
#181=FACE_OUTER_BOUND('',#251,.T.);
#182=FACE_OUTER_BOUND('',#252,.T.);
#183=FACE_OUTER_BOUND('',#253,.T.);
#184=FACE_OUTER_BOUND('',#254,.T.);
#185=FACE_OUTER_BOUND('',#255,.T.);
#186=FACE_OUTER_BOUND('',#257,.T.);
#187=FACE_OUTER_BOUND('',#258,.T.);
#188=FACE_OUTER_BOUND('',#259,.T.);
#189=FACE_OUTER_BOUND('',#260,.T.);
#190=FACE_OUTER_BOUND('',#261,.T.);
#191=FACE_OUTER_BOUND('',#262,.T.);
#192=FACE_OUTER_BOUND('',#263,.T.);
#193=FACE_OUTER_BOUND('',#265,.T.);
#194=FACE_OUTER_BOUND('',#266,.T.);
#195=FACE_OUTER_BOUND('',#267,.T.);
#196=FACE_OUTER_BOUND('',#270,.T.);
#197=FACE_OUTER_BOUND('',#271,.T.);
#198=FACE_OUTER_BOUND('',#272,.T.);
#199=FACE_OUTER_BOUND('',#273,.T.);
#200=FACE_OUTER_BOUND('',#297,.T.);
#201=FACE_OUTER_BOUND('',#298,.T.);
#202=FACE_OUTER_BOUND('',#299,.T.);
#203=FACE_OUTER_BOUND('',#300,.T.);
#204=FACE_OUTER_BOUND('',#301,.T.);
#205=FACE_OUTER_BOUND('',#303,.T.);
#206=FACE_OUTER_BOUND('',#329,.T.);
#207=FACE_OUTER_BOUND('',#331,.T.);
#208=FACE_OUTER_BOUND('',#332,.T.);
#209=FACE_OUTER_BOUND('',#333,.T.);
#210=FACE_OUTER_BOUND('',#334,.T.);
#211=EDGE_LOOP('',(#987,#988,#989,#990));
#212=EDGE_LOOP('',(#991,#992,#993,#994));
#213=EDGE_LOOP('',(#995,#996,#997,#998));
#214=EDGE_LOOP('',(#999,#1000,#1001,#1002));
#215=EDGE_LOOP('',(#1003,#1004,#1005,#1006));
#216=EDGE_LOOP('',(#1007,#1008,#1009,#1010));
#217=EDGE_LOOP('',(#1011,#1012,#1013,#1014));
#218=EDGE_LOOP('',(#1015,#1016,#1017,#1018));
#219=EDGE_LOOP('',(#1019,#1020,#1021,#1022));
#220=EDGE_LOOP('',(#1023,#1024,#1025,#1026));
#221=EDGE_LOOP('',(#1027,#1028,#1029,#1030));
#222=EDGE_LOOP('',(#1031,#1032,#1033,#1034));
#223=EDGE_LOOP('',(#1035,#1036,#1037,#1038));
#224=EDGE_LOOP('',(#1039,#1040,#1041,#1042));
#225=EDGE_LOOP('',(#1043,#1044,#1045,#1046));
#226=EDGE_LOOP('',(#1047,#1048,#1049,#1050));
#227=EDGE_LOOP('',(#1051,#1052,#1053,#1054));
#228=EDGE_LOOP('',(#1055,#1056,#1057,#1058));
#229=EDGE_LOOP('',(#1059,#1060,#1061,#1062));
#230=EDGE_LOOP('',(#1063,#1064,#1065,#1066));
#231=EDGE_LOOP('',(#1067,#1068,#1069,#1070));
#232=EDGE_LOOP('',(#1071,#1072,#1073,#1074));
#233=EDGE_LOOP('',(#1075,#1076,#1077,#1078));
#234=EDGE_LOOP('',(#1079,#1080,#1081,#1082));
#235=EDGE_LOOP('',(#1083,#1084,#1085,#1086));
#236=EDGE_LOOP('',(#1087,#1088,#1089,#1090));
#237=EDGE_LOOP('',(#1091,#1092,#1093,#1094));
#238=EDGE_LOOP('',(#1095,#1096,#1097,#1098));
#239=EDGE_LOOP('',(#1099,#1100,#1101,#1102));
#240=EDGE_LOOP('',(#1103,#1104,#1105,#1106));
#241=EDGE_LOOP('',(#1107,#1108,#1109,#1110));
#242=EDGE_LOOP('',(#1111,#1112,#1113,#1114));
#243=EDGE_LOOP('',(#1115,#1116,#1117,#1118));
#244=EDGE_LOOP('',(#1119,#1120,#1121,#1122));
#245=EDGE_LOOP('',(#1123,#1124,#1125,#1126));
#246=EDGE_LOOP('',(#1127,#1128,#1129,#1130));
#247=EDGE_LOOP('',(#1131,#1132,#1133,#1134));
#248=EDGE_LOOP('',(#1135,#1136,#1137,#1138));
#249=EDGE_LOOP('',(#1139,#1140,#1141,#1142));
#250=EDGE_LOOP('',(#1143,#1144,#1145,#1146));
#251=EDGE_LOOP('',(#1147,#1148,#1149,#1150));
#252=EDGE_LOOP('',(#1151,#1152,#1153,#1154));
#253=EDGE_LOOP('',(#1155,#1156,#1157,#1158));
#254=EDGE_LOOP('',(#1159,#1160,#1161,#1162));
#255=EDGE_LOOP('',(#1163,#1164,#1165,#1166,#1167,#1168));
#256=EDGE_LOOP('',(#1169));
#257=EDGE_LOOP('',(#1170,#1171,#1172,#1173));
#258=EDGE_LOOP('',(#1174,#1175,#1176,#1177));
#259=EDGE_LOOP('',(#1178,#1179,#1180,#1181));
#260=EDGE_LOOP('',(#1182,#1183,#1184,#1185));
#261=EDGE_LOOP('',(#1186,#1187,#1188,#1189));
#262=EDGE_LOOP('',(#1190,#1191,#1192,#1193));
#263=EDGE_LOOP('',(#1194,#1195,#1196,#1197,#1198,#1199));
#264=EDGE_LOOP('',(#1200));
#265=EDGE_LOOP('',(#1201,#1202,#1203,#1204));
#266=EDGE_LOOP('',(#1205,#1206,#1207,#1208));
#267=EDGE_LOOP('',(#1209,#1210,#1211,#1212,#1213,#1214,#1215,#1216));
#268=EDGE_LOOP('',(#1217));
#269=EDGE_LOOP('',(#1218));
#270=EDGE_LOOP('',(#1219,#1220,#1221,#1222));
#271=EDGE_LOOP('',(#1223,#1224,#1225,#1226));
#272=EDGE_LOOP('',(#1227,#1228,#1229,#1230));
#273=EDGE_LOOP('',(#1231,#1232,#1233,#1234,#1235,#1236,#1237,#1238,#1239,
#1240,#1241,#1242));
#274=EDGE_LOOP('',(#1243));
#275=EDGE_LOOP('',(#1244));
#276=EDGE_LOOP('',(#1245));
#277=EDGE_LOOP('',(#1246));
#278=EDGE_LOOP('',(#1247,#1248,#1249,#1250));
#279=EDGE_LOOP('',(#1251));
#280=EDGE_LOOP('',(#1252));
#281=EDGE_LOOP('',(#1253));
#282=EDGE_LOOP('',(#1254));
#283=EDGE_LOOP('',(#1255));
#284=EDGE_LOOP('',(#1256));
#285=EDGE_LOOP('',(#1257));
#286=EDGE_LOOP('',(#1258));
#287=EDGE_LOOP('',(#1259));
#288=EDGE_LOOP('',(#1260));
#289=EDGE_LOOP('',(#1261));
#290=EDGE_LOOP('',(#1262));
#291=EDGE_LOOP('',(#1263));
#292=EDGE_LOOP('',(#1264));
#293=EDGE_LOOP('',(#1265,#1266,#1267,#1268));
#294=EDGE_LOOP('',(#1269,#1270,#1271,#1272));
#295=EDGE_LOOP('',(#1273,#1274,#1275,#1276));
#296=EDGE_LOOP('',(#1277,#1278,#1279,#1280));
#297=EDGE_LOOP('',(#1281,#1282,#1283,#1284));
#298=EDGE_LOOP('',(#1285,#1286,#1287,#1288));
#299=EDGE_LOOP('',(#1289,#1290,#1291,#1292,#1293,#1294,#1295,#1296,#1297,
#1298));
#300=EDGE_LOOP('',(#1299,#1300,#1301,#1302,#1303,#1304,#1305,#1306));
#301=EDGE_LOOP('',(#1307,#1308,#1309,#1310));
#302=EDGE_LOOP('',(#1311,#1312));
#303=EDGE_LOOP('',(#1313,#1314,#1315,#1316));
#304=EDGE_LOOP('',(#1317));
#305=EDGE_LOOP('',(#1318));
#306=EDGE_LOOP('',(#1319));
#307=EDGE_LOOP('',(#1320));
#308=EDGE_LOOP('',(#1321,#1322,#1323,#1324,#1325,#1326));
#309=EDGE_LOOP('',(#1327,#1328,#1329,#1330,#1331,#1332));
#310=EDGE_LOOP('',(#1333,#1334,#1335,#1336));
#311=EDGE_LOOP('',(#1337));
#312=EDGE_LOOP('',(#1338));
#313=EDGE_LOOP('',(#1339));
#314=EDGE_LOOP('',(#1340));
#315=EDGE_LOOP('',(#1341));
#316=EDGE_LOOP('',(#1342));
#317=EDGE_LOOP('',(#1343));
#318=EDGE_LOOP('',(#1344));
#319=EDGE_LOOP('',(#1345));
#320=EDGE_LOOP('',(#1346));
#321=EDGE_LOOP('',(#1347));
#322=EDGE_LOOP('',(#1348));
#323=EDGE_LOOP('',(#1349));
#324=EDGE_LOOP('',(#1350));
#325=EDGE_LOOP('',(#1351,#1352,#1353,#1354));
#326=EDGE_LOOP('',(#1355,#1356,#1357,#1358));
#327=EDGE_LOOP('',(#1359,#1360,#1361,#1362));
#328=EDGE_LOOP('',(#1363,#1364,#1365,#1366));
#329=EDGE_LOOP('',(#1367,#1368,#1369,#1370));
#330=EDGE_LOOP('',(#1371,#1372));
#331=EDGE_LOOP('',(#1373,#1374,#1375,#1376));
#332=EDGE_LOOP('',(#1377,#1378,#1379,#1380,#1381,#1382));
#333=EDGE_LOOP('',(#1383,#1384,#1385,#1386));
#334=EDGE_LOOP('',(#1387,#1388,#1389,#1390,#1391,#1392,#1393,#1394));
#335=LINE('',#2041,#491);
#336=LINE('',#2043,#492);
#337=LINE('',#2045,#493);
#338=LINE('',#2046,#494);
#339=LINE('',#2049,#495);
#340=LINE('',#2051,#496);
#341=LINE('',#2052,#497);
#342=LINE('',#2055,#498);
#343=LINE('',#2057,#499);
#344=LINE('',#2058,#500);
#345=LINE('',#2060,#501);
#346=LINE('',#2061,#502);
#347=LINE('',#2065,#503);
#348=LINE('',#2067,#504);
#349=LINE('',#2069,#505);
#350=LINE('',#2070,#506);
#351=LINE('',#2073,#507);
#352=LINE('',#2075,#508);
#353=LINE('',#2076,#509);
#354=LINE('',#2079,#510);
#355=LINE('',#2081,#511);
#356=LINE('',#2082,#512);
#357=LINE('',#2084,#513);
#358=LINE('',#2085,#514);
#359=LINE('',#2089,#515);
#360=LINE('',#2091,#516);
#361=LINE('',#2093,#517);
#362=LINE('',#2094,#518);
#363=LINE('',#2097,#519);
#364=LINE('',#2099,#520);
#365=LINE('',#2100,#521);
#366=LINE('',#2103,#522);
#367=LINE('',#2105,#523);
#368=LINE('',#2106,#524);
#369=LINE('',#2108,#525);
#370=LINE('',#2109,#526);
#371=LINE('',#2113,#527);
#372=LINE('',#2115,#528);
#373=LINE('',#2117,#529);
#374=LINE('',#2118,#530);
#375=LINE('',#2121,#531);
#376=LINE('',#2123,#532);
#377=LINE('',#2124,#533);
#378=LINE('',#2127,#534);
#379=LINE('',#2129,#535);
#380=LINE('',#2130,#536);
#381=LINE('',#2132,#537);
#382=LINE('',#2133,#538);
#383=LINE('',#2138,#539);
#384=LINE('',#2144,#540);
#385=LINE('',#2150,#541);
#386=LINE('',#2156,#542);
#387=LINE('',#2162,#543);
#388=LINE('',#2168,#544);
#389=LINE('',#2174,#545);
#390=LINE('',#2180,#546);
#391=LINE('',#2186,#547);
#392=LINE('',#2192,#548);
#393=LINE('',#2198,#549);
#394=LINE('',#2204,#550);
#395=LINE('',#2210,#551);
#396=LINE('',#2216,#552);
#397=LINE('',#2222,#553);
#398=LINE('',#2228,#554);
#399=LINE('',#2234,#555);
#400=LINE('',#2240,#556);
#401=LINE('',#2247,#557);
#402=LINE('',#2250,#558);
#403=LINE('',#2253,#559);
#404=LINE('',#2255,#560);
#405=LINE('',#2256,#561);
#406=LINE('',#2261,#562);
#407=LINE('',#2264,#563);
#408=LINE('',#2265,#564);
#409=LINE('',#2269,#565);
#410=LINE('',#2271,#566);
#411=LINE('',#2273,#567);
#412=LINE('',#2274,#568);
#413=LINE('',#2277,#569);
#414=LINE('',#2279,#570);
#415=LINE('',#2280,#571);
#416=LINE('',#2283,#572);
#417=LINE('',#2285,#573);
#418=LINE('',#2286,#574);
#419=LINE('',#2289,#575);
#420=LINE('',#2291,#576);
#421=LINE('',#2292,#577);
#422=LINE('',#2295,#578);
#423=LINE('',#2297,#579);
#424=LINE('',#2298,#580);
#425=LINE('',#2300,#581);
#426=LINE('',#2301,#582);
#427=LINE('',#2308,#583);
#428=LINE('',#2310,#584);
#429=LINE('',#2312,#585);
#430=LINE('',#2313,#586);
#431=LINE('',#2316,#587);
#432=LINE('',#2318,#588);
#433=LINE('',#2319,#589);
#434=LINE('',#2322,#590);
#435=LINE('',#2324,#591);
#436=LINE('',#2325,#592);
#437=LINE('',#2328,#593);
#438=LINE('',#2330,#594);
#439=LINE('',#2331,#595);
#440=LINE('',#2334,#596);
#441=LINE('',#2336,#597);
#442=LINE('',#2337,#598);
#443=LINE('',#2339,#599);
#444=LINE('',#2340,#600);
#445=LINE('',#2346,#601);
#446=LINE('',#2350,#602);
#447=LINE('',#2355,#603);
#448=LINE('',#2357,#604);
#449=LINE('',#2359,#605);
#450=LINE('',#2361,#606);
#451=LINE('',#2363,#607);
#452=LINE('',#2365,#608);
#453=LINE('',#2367,#609);
#454=LINE('',#2368,#610);
#455=LINE('',#2371,#611);
#456=LINE('',#2373,#612);
#457=LINE('',#2374,#613);
#458=LINE('',#2377,#614);
#459=LINE('',#2378,#615);
#460=LINE('',#2381,#616);
#461=LINE('',#2382,#617);
#462=LINE('',#2385,#618);
#463=LINE('',#2387,#619);
#464=LINE('',#2389,#620);
#465=LINE('',#2391,#621);
#466=LINE('',#2393,#622);
#467=LINE('',#2395,#623);
#468=LINE('',#2397,#624);
#469=LINE('',#2399,#625);
#470=LINE('',#2400,#626);
#471=LINE('',#2409,#627);
#472=LINE('',#2411,#628);
#473=LINE('',#2412,#629);
#474=LINE('',#2415,#630);
#475=LINE('',#2417,#631);
#476=LINE('',#2419,#632);
#477=LINE('',#2421,#633);
#478=LINE('',#2423,#634);
#479=LINE('',#2424,#635);
#480=LINE('',#2427,#636);
#481=LINE('',#2429,#637);
#482=LINE('',#2430,#638);
#483=LINE('',#2433,#639);
#484=LINE('',#2434,#640);
#485=LINE('',#2437,#641);
#486=LINE('',#2438,#642);
#487=LINE('',#2441,#643);
#488=LINE('',#2442,#644);
#489=LINE('',#2444,#645);
#490=LINE('',#2446,#646);
#491=VECTOR('',#1647,10.);
#492=VECTOR('',#1648,10.);
#493=VECTOR('',#1649,10.);
#494=VECTOR('',#1650,10.);
#495=VECTOR('',#1653,10.);
#496=VECTOR('',#1654,10.);
#497=VECTOR('',#1655,10.);
#498=VECTOR('',#1658,10.);
#499=VECTOR('',#1659,10.);
#500=VECTOR('',#1660,10.);
#501=VECTOR('',#1663,10.);
#502=VECTOR('',#1664,10.);
#503=VECTOR('',#1667,10.);
#504=VECTOR('',#1668,10.);
#505=VECTOR('',#1669,10.);
#506=VECTOR('',#1670,10.);
#507=VECTOR('',#1673,10.);
#508=VECTOR('',#1674,10.);
#509=VECTOR('',#1675,10.);
#510=VECTOR('',#1678,10.);
#511=VECTOR('',#1679,10.);
#512=VECTOR('',#1680,10.);
#513=VECTOR('',#1683,10.);
#514=VECTOR('',#1684,10.);
#515=VECTOR('',#1687,10.);
#516=VECTOR('',#1688,10.);
#517=VECTOR('',#1689,10.);
#518=VECTOR('',#1690,10.);
#519=VECTOR('',#1693,10.);
#520=VECTOR('',#1694,10.);
#521=VECTOR('',#1695,10.);
#522=VECTOR('',#1698,10.);
#523=VECTOR('',#1699,10.);
#524=VECTOR('',#1700,10.);
#525=VECTOR('',#1703,10.);
#526=VECTOR('',#1704,10.);
#527=VECTOR('',#1707,10.);
#528=VECTOR('',#1708,10.);
#529=VECTOR('',#1709,10.);
#530=VECTOR('',#1710,10.);
#531=VECTOR('',#1713,10.);
#532=VECTOR('',#1714,10.);
#533=VECTOR('',#1715,10.);
#534=VECTOR('',#1718,10.);
#535=VECTOR('',#1719,10.);
#536=VECTOR('',#1720,10.);
#537=VECTOR('',#1723,10.);
#538=VECTOR('',#1724,10.);
#539=VECTOR('',#1729,1.25);
#540=VECTOR('',#1736,1.25);
#541=VECTOR('',#1743,1.25);
#542=VECTOR('',#1750,1.25);
#543=VECTOR('',#1757,1.625);
#544=VECTOR('',#1764,1.625);
#545=VECTOR('',#1771,1.625);
#546=VECTOR('',#1778,1.625);
#547=VECTOR('',#1785,1.625);
#548=VECTOR('',#1792,1.625);
#549=VECTOR('',#1799,1.625);
#550=VECTOR('',#1806,1.625);
#551=VECTOR('',#1813,1.625);
#552=VECTOR('',#1820,1.625);
#553=VECTOR('',#1827,1.625);
#554=VECTOR('',#1834,1.625);
#555=VECTOR('',#1841,1.625);
#556=VECTOR('',#1848,1.625);
#557=VECTOR('',#1855,10.);
#558=VECTOR('',#1858,10.);
#559=VECTOR('',#1861,10.);
#560=VECTOR('',#1862,10.);
#561=VECTOR('',#1863,10.);
#562=VECTOR('',#1868,10.);
#563=VECTOR('',#1873,10.);
#564=VECTOR('',#1874,10.);
#565=VECTOR('',#1877,10.);
#566=VECTOR('',#1878,10.);
#567=VECTOR('',#1879,10.);
#568=VECTOR('',#1880,10.);
#569=VECTOR('',#1883,10.);
#570=VECTOR('',#1884,10.);
#571=VECTOR('',#1885,10.);
#572=VECTOR('',#1888,10.);
#573=VECTOR('',#1889,10.);
#574=VECTOR('',#1890,10.);
#575=VECTOR('',#1893,10.);
#576=VECTOR('',#1894,10.);
#577=VECTOR('',#1895,10.);
#578=VECTOR('',#1898,10.);
#579=VECTOR('',#1899,10.);
#580=VECTOR('',#1900,10.);
#581=VECTOR('',#1903,10.);
#582=VECTOR('',#1904,10.);
#583=VECTOR('',#1911,10.);
#584=VECTOR('',#1912,10.);
#585=VECTOR('',#1913,10.);
#586=VECTOR('',#1914,10.);
#587=VECTOR('',#1917,10.);
#588=VECTOR('',#1918,10.);
#589=VECTOR('',#1919,10.);
#590=VECTOR('',#1922,10.);
#591=VECTOR('',#1923,10.);
#592=VECTOR('',#1924,10.);
#593=VECTOR('',#1927,10.);
#594=VECTOR('',#1928,10.);
#595=VECTOR('',#1929,10.);
#596=VECTOR('',#1932,10.);
#597=VECTOR('',#1933,10.);
#598=VECTOR('',#1934,10.);
#599=VECTOR('',#1937,10.);
#600=VECTOR('',#1938,10.);
#601=VECTOR('',#1945,2.125);
#602=VECTOR('',#1950,2.125);
#603=VECTOR('',#1955,10.);
#604=VECTOR('',#1956,10.);
#605=VECTOR('',#1957,10.);
#606=VECTOR('',#1958,10.);
#607=VECTOR('',#1959,10.);
#608=VECTOR('',#1960,10.);
#609=VECTOR('',#1961,10.);
#610=VECTOR('',#1962,10.);
#611=VECTOR('',#1965,10.);
#612=VECTOR('',#1966,10.);
#613=VECTOR('',#1967,10.);
#614=VECTOR('',#1970,10.);
#615=VECTOR('',#1971,10.);
#616=VECTOR('',#1974,10.);
#617=VECTOR('',#1975,10.);
#618=VECTOR('',#1978,10.);
#619=VECTOR('',#1979,10.);
#620=VECTOR('',#1980,10.);
#621=VECTOR('',#1981,10.);
#622=VECTOR('',#1982,10.);
#623=VECTOR('',#1983,10.);
#624=VECTOR('',#1984,10.);
#625=VECTOR('',#1985,10.);
#626=VECTOR('',#1986,10.);
#627=VECTOR('',#2001,10.);
#628=VECTOR('',#2002,10.);
#629=VECTOR('',#2003,10.);
#630=VECTOR('',#2006,10.);
#631=VECTOR('',#2007,10.);
#632=VECTOR('',#2008,10.);
#633=VECTOR('',#2009,10.);
#634=VECTOR('',#2010,10.);
#635=VECTOR('',#2011,10.);
#636=VECTOR('',#2014,10.);
#637=VECTOR('',#2015,10.);
#638=VECTOR('',#2016,10.);
#639=VECTOR('',#2019,10.);
#640=VECTOR('',#2020,10.);
#641=VECTOR('',#2023,10.);
#642=VECTOR('',#2024,10.);
#643=VECTOR('',#2027,10.);
#644=VECTOR('',#2028,10.);
#645=VECTOR('',#2031,10.);
#646=VECTOR('',#2034,10.);
#647=VERTEX_POINT('',#2039);
#648=VERTEX_POINT('',#2040);
#649=VERTEX_POINT('',#2042);
#650=VERTEX_POINT('',#2044);
#651=VERTEX_POINT('',#2048);
#652=VERTEX_POINT('',#2050);
#653=VERTEX_POINT('',#2054);
#654=VERTEX_POINT('',#2056);
#655=VERTEX_POINT('',#2063);
#656=VERTEX_POINT('',#2064);
#657=VERTEX_POINT('',#2066);
#658=VERTEX_POINT('',#2068);
#659=VERTEX_POINT('',#2072);
#660=VERTEX_POINT('',#2074);
#661=VERTEX_POINT('',#2078);
#662=VERTEX_POINT('',#2080);
#663=VERTEX_POINT('',#2087);
#664=VERTEX_POINT('',#2088);
#665=VERTEX_POINT('',#2090);
#666=VERTEX_POINT('',#2092);
#667=VERTEX_POINT('',#2096);
#668=VERTEX_POINT('',#2098);
#669=VERTEX_POINT('',#2102);
#670=VERTEX_POINT('',#2104);
#671=VERTEX_POINT('',#2111);
#672=VERTEX_POINT('',#2112);
#673=VERTEX_POINT('',#2114);
#674=VERTEX_POINT('',#2116);
#675=VERTEX_POINT('',#2120);
#676=VERTEX_POINT('',#2122);
#677=VERTEX_POINT('',#2126);
#678=VERTEX_POINT('',#2128);
#679=VERTEX_POINT('',#2135);
#680=VERTEX_POINT('',#2137);
#681=VERTEX_POINT('',#2141);
#682=VERTEX_POINT('',#2143);
#683=VERTEX_POINT('',#2147);
#684=VERTEX_POINT('',#2149);
#685=VERTEX_POINT('',#2153);
#686=VERTEX_POINT('',#2155);
#687=VERTEX_POINT('',#2159);
#688=VERTEX_POINT('',#2161);
#689=VERTEX_POINT('',#2165);
#690=VERTEX_POINT('',#2167);
#691=VERTEX_POINT('',#2171);
#692=VERTEX_POINT('',#2173);
#693=VERTEX_POINT('',#2177);
#694=VERTEX_POINT('',#2179);
#695=VERTEX_POINT('',#2183);
#696=VERTEX_POINT('',#2185);
#697=VERTEX_POINT('',#2189);
#698=VERTEX_POINT('',#2191);
#699=VERTEX_POINT('',#2195);
#700=VERTEX_POINT('',#2197);
#701=VERTEX_POINT('',#2201);
#702=VERTEX_POINT('',#2203);
#703=VERTEX_POINT('',#2207);
#704=VERTEX_POINT('',#2209);
#705=VERTEX_POINT('',#2213);
#706=VERTEX_POINT('',#2215);
#707=VERTEX_POINT('',#2219);
#708=VERTEX_POINT('',#2221);
#709=VERTEX_POINT('',#2225);
#710=VERTEX_POINT('',#2227);
#711=VERTEX_POINT('',#2231);
#712=VERTEX_POINT('',#2233);
#713=VERTEX_POINT('',#2237);
#714=VERTEX_POINT('',#2239);
#715=VERTEX_POINT('',#2243);
#716=VERTEX_POINT('',#2244);
#717=VERTEX_POINT('',#2246);
#718=VERTEX_POINT('',#2248);
#719=VERTEX_POINT('',#2252);
#720=VERTEX_POINT('',#2254);
#721=VERTEX_POINT('',#2258);
#722=VERTEX_POINT('',#2260);
#723=VERTEX_POINT('',#2267);
#724=VERTEX_POINT('',#2268);
#725=VERTEX_POINT('',#2270);
#726=VERTEX_POINT('',#2272);
#727=VERTEX_POINT('',#2276);
#728=VERTEX_POINT('',#2278);
#729=VERTEX_POINT('',#2282);
#730=VERTEX_POINT('',#2284);
#731=VERTEX_POINT('',#2288);
#732=VERTEX_POINT('',#2290);
#733=VERTEX_POINT('',#2294);
#734=VERTEX_POINT('',#2296);
#735=VERTEX_POINT('',#2303);
#736=VERTEX_POINT('',#2306);
#737=VERTEX_POINT('',#2307);
#738=VERTEX_POINT('',#2309);
#739=VERTEX_POINT('',#2311);
#740=VERTEX_POINT('',#2315);
#741=VERTEX_POINT('',#2317);
#742=VERTEX_POINT('',#2321);
#743=VERTEX_POINT('',#2323);
#744=VERTEX_POINT('',#2327);
#745=VERTEX_POINT('',#2329);
#746=VERTEX_POINT('',#2333);
#747=VERTEX_POINT('',#2335);
#748=VERTEX_POINT('',#2342);
#749=VERTEX_POINT('',#2345);
#750=VERTEX_POINT('',#2349);
#751=VERTEX_POINT('',#2353);
#752=VERTEX_POINT('',#2354);
#753=VERTEX_POINT('',#2356);
#754=VERTEX_POINT('',#2358);
#755=VERTEX_POINT('',#2360);
#756=VERTEX_POINT('',#2362);
#757=VERTEX_POINT('',#2364);
#758=VERTEX_POINT('',#2366);
#759=VERTEX_POINT('',#2370);
#760=VERTEX_POINT('',#2372);
#761=VERTEX_POINT('',#2376);
#762=VERTEX_POINT('',#2380);
#763=VERTEX_POINT('',#2384);
#764=VERTEX_POINT('',#2386);
#765=VERTEX_POINT('',#2388);
#766=VERTEX_POINT('',#2390);
#767=VERTEX_POINT('',#2392);
#768=VERTEX_POINT('',#2394);
#769=VERTEX_POINT('',#2396);
#770=VERTEX_POINT('',#2398);
#771=VERTEX_POINT('',#2408);
#772=VERTEX_POINT('',#2410);
#773=VERTEX_POINT('',#2414);
#774=VERTEX_POINT('',#2416);
#775=VERTEX_POINT('',#2418);
#776=VERTEX_POINT('',#2420);
#777=VERTEX_POINT('',#2422);
#778=VERTEX_POINT('',#2426);
#779=VERTEX_POINT('',#2428);
#780=VERTEX_POINT('',#2432);
#781=VERTEX_POINT('',#2436);
#782=VERTEX_POINT('',#2440);
#783=EDGE_CURVE('',#647,#648,#335,.T.);
#784=EDGE_CURVE('',#649,#647,#336,.T.);
#785=EDGE_CURVE('',#650,#649,#337,.T.);
#786=EDGE_CURVE('',#650,#648,#338,.T.);
#787=EDGE_CURVE('',#648,#651,#339,.T.);
#788=EDGE_CURVE('',#652,#650,#340,.T.);
#789=EDGE_CURVE('',#652,#651,#341,.T.);
#790=EDGE_CURVE('',#651,#653,#342,.T.);
#791=EDGE_CURVE('',#654,#652,#343,.T.);
#792=EDGE_CURVE('',#654,#653,#344,.T.);
#793=EDGE_CURVE('',#653,#647,#345,.T.);
#794=EDGE_CURVE('',#649,#654,#346,.T.);
#795=EDGE_CURVE('',#655,#656,#347,.T.);
#796=EDGE_CURVE('',#657,#655,#348,.T.);
#797=EDGE_CURVE('',#658,#657,#349,.T.);
#798=EDGE_CURVE('',#658,#656,#350,.T.);
#799=EDGE_CURVE('',#656,#659,#351,.T.);
#800=EDGE_CURVE('',#660,#658,#352,.T.);
#801=EDGE_CURVE('',#660,#659,#353,.T.);
#802=EDGE_CURVE('',#659,#661,#354,.T.);
#803=EDGE_CURVE('',#662,#660,#355,.T.);
#804=EDGE_CURVE('',#662,#661,#356,.T.);
#805=EDGE_CURVE('',#661,#655,#357,.T.);
#806=EDGE_CURVE('',#657,#662,#358,.T.);
#807=EDGE_CURVE('',#663,#664,#359,.T.);
#808=EDGE_CURVE('',#665,#663,#360,.T.);
#809=EDGE_CURVE('',#666,#665,#361,.T.);
#810=EDGE_CURVE('',#666,#664,#362,.T.);
#811=EDGE_CURVE('',#664,#667,#363,.T.);
#812=EDGE_CURVE('',#668,#666,#364,.T.);
#813=EDGE_CURVE('',#668,#667,#365,.T.);
#814=EDGE_CURVE('',#667,#669,#366,.T.);
#815=EDGE_CURVE('',#670,#668,#367,.T.);
#816=EDGE_CURVE('',#670,#669,#368,.T.);
#817=EDGE_CURVE('',#669,#663,#369,.T.);
#818=EDGE_CURVE('',#665,#670,#370,.T.);
#819=EDGE_CURVE('',#671,#672,#371,.T.);
#820=EDGE_CURVE('',#673,#671,#372,.T.);
#821=EDGE_CURVE('',#674,#673,#373,.T.);
#822=EDGE_CURVE('',#674,#672,#374,.T.);
#823=EDGE_CURVE('',#672,#675,#375,.T.);
#824=EDGE_CURVE('',#676,#674,#376,.T.);
#825=EDGE_CURVE('',#676,#675,#377,.T.);
#826=EDGE_CURVE('',#675,#677,#378,.T.);
#827=EDGE_CURVE('',#678,#676,#379,.T.);
#828=EDGE_CURVE('',#678,#677,#380,.T.);
#829=EDGE_CURVE('',#677,#671,#381,.T.);
#830=EDGE_CURVE('',#673,#678,#382,.T.);
#831=EDGE_CURVE('',#679,#679,#69,.T.);
#832=EDGE_CURVE('',#679,#680,#383,.T.);
#833=EDGE_CURVE('',#680,#680,#70,.T.);
#834=EDGE_CURVE('',#681,#681,#71,.T.);
#835=EDGE_CURVE('',#681,#682,#384,.T.);
#836=EDGE_CURVE('',#682,#682,#72,.T.);
#837=EDGE_CURVE('',#683,#683,#73,.T.);
#838=EDGE_CURVE('',#683,#684,#385,.T.);
#839=EDGE_CURVE('',#684,#684,#74,.T.);
#840=EDGE_CURVE('',#685,#685,#75,.T.);
#841=EDGE_CURVE('',#685,#686,#386,.T.);
#842=EDGE_CURVE('',#686,#686,#76,.T.);
#843=EDGE_CURVE('',#687,#687,#77,.T.);
#844=EDGE_CURVE('',#687,#688,#387,.T.);
#845=EDGE_CURVE('',#688,#688,#78,.T.);
#846=EDGE_CURVE('',#689,#689,#79,.T.);
#847=EDGE_CURVE('',#689,#690,#388,.T.);
#848=EDGE_CURVE('',#690,#690,#80,.T.);
#849=EDGE_CURVE('',#691,#691,#81,.T.);
#850=EDGE_CURVE('',#691,#692,#389,.T.);
#851=EDGE_CURVE('',#692,#692,#82,.T.);
#852=EDGE_CURVE('',#693,#693,#83,.T.);
#853=EDGE_CURVE('',#693,#694,#390,.T.);
#854=EDGE_CURVE('',#694,#694,#84,.T.);
#855=EDGE_CURVE('',#695,#695,#85,.T.);
#856=EDGE_CURVE('',#695,#696,#391,.T.);
#857=EDGE_CURVE('',#696,#696,#86,.T.);
#858=EDGE_CURVE('',#697,#697,#87,.T.);
#859=EDGE_CURVE('',#697,#698,#392,.T.);
#860=EDGE_CURVE('',#698,#698,#88,.T.);
#861=EDGE_CURVE('',#699,#699,#89,.T.);
#862=EDGE_CURVE('',#699,#700,#393,.T.);
#863=EDGE_CURVE('',#700,#700,#90,.T.);
#864=EDGE_CURVE('',#701,#701,#91,.T.);
#865=EDGE_CURVE('',#701,#702,#394,.T.);
#866=EDGE_CURVE('',#702,#702,#92,.T.);
#867=EDGE_CURVE('',#703,#703,#93,.T.);
#868=EDGE_CURVE('',#703,#704,#395,.T.);
#869=EDGE_CURVE('',#704,#704,#94,.T.);
#870=EDGE_CURVE('',#705,#705,#95,.T.);
#871=EDGE_CURVE('',#705,#706,#396,.T.);
#872=EDGE_CURVE('',#706,#706,#96,.T.);
#873=EDGE_CURVE('',#707,#707,#97,.T.);
#874=EDGE_CURVE('',#707,#708,#397,.T.);
#875=EDGE_CURVE('',#708,#708,#98,.T.);
#876=EDGE_CURVE('',#709,#709,#99,.T.);
#877=EDGE_CURVE('',#709,#710,#398,.T.);
#878=EDGE_CURVE('',#710,#710,#100,.T.);
#879=EDGE_CURVE('',#711,#711,#101,.T.);
#880=EDGE_CURVE('',#711,#712,#399,.T.);
#881=EDGE_CURVE('',#712,#712,#102,.T.);
#882=EDGE_CURVE('',#713,#713,#103,.T.);
#883=EDGE_CURVE('',#713,#714,#400,.T.);
#884=EDGE_CURVE('',#714,#714,#104,.T.);
#885=EDGE_CURVE('',#715,#716,#105,.T.);
#886=EDGE_CURVE('',#716,#717,#401,.T.);
#887=EDGE_CURVE('',#717,#718,#106,.T.);
#888=EDGE_CURVE('',#718,#715,#402,.T.);
#889=EDGE_CURVE('',#719,#716,#403,.T.);
#890=EDGE_CURVE('',#720,#719,#404,.T.);
#891=EDGE_CURVE('',#717,#720,#405,.T.);
#892=EDGE_CURVE('',#719,#721,#107,.T.);
#893=EDGE_CURVE('',#721,#722,#406,.T.);
#894=EDGE_CURVE('',#722,#720,#108,.T.);
#895=EDGE_CURVE('',#722,#718,#407,.T.);
#896=EDGE_CURVE('',#715,#721,#408,.T.);
#897=EDGE_CURVE('',#723,#724,#409,.T.);
#898=EDGE_CURVE('',#723,#725,#410,.T.);
#899=EDGE_CURVE('',#725,#726,#411,.T.);
#900=EDGE_CURVE('',#724,#726,#412,.T.);
#901=EDGE_CURVE('',#724,#727,#413,.T.);
#902=EDGE_CURVE('',#726,#728,#414,.T.);
#903=EDGE_CURVE('',#727,#728,#415,.T.);
#904=EDGE_CURVE('',#727,#729,#416,.T.);
#905=EDGE_CURVE('',#728,#730,#417,.T.);
#906=EDGE_CURVE('',#729,#730,#418,.T.);
#907=EDGE_CURVE('',#729,#731,#419,.T.);
#908=EDGE_CURVE('',#730,#732,#420,.T.);
#909=EDGE_CURVE('',#732,#731,#421,.T.);
#910=EDGE_CURVE('',#733,#723,#422,.T.);
#911=EDGE_CURVE('',#733,#734,#423,.T.);
#912=EDGE_CURVE('',#734,#725,#424,.T.);
#913=EDGE_CURVE('',#731,#733,#425,.T.);
#914=EDGE_CURVE('',#732,#734,#426,.T.);
#915=EDGE_CURVE('',#735,#735,#109,.T.);
#916=EDGE_CURVE('',#736,#737,#427,.T.);
#917=EDGE_CURVE('',#736,#738,#428,.T.);
#918=EDGE_CURVE('',#738,#739,#429,.T.);
#919=EDGE_CURVE('',#737,#739,#430,.T.);
#920=EDGE_CURVE('',#737,#740,#431,.T.);
#921=EDGE_CURVE('',#739,#741,#432,.T.);
#922=EDGE_CURVE('',#740,#741,#433,.T.);
#923=EDGE_CURVE('',#740,#742,#434,.T.);
#924=EDGE_CURVE('',#741,#743,#435,.T.);
#925=EDGE_CURVE('',#742,#743,#436,.T.);
#926=EDGE_CURVE('',#742,#744,#437,.T.);
#927=EDGE_CURVE('',#743,#745,#438,.T.);
#928=EDGE_CURVE('',#745,#744,#439,.T.);
#929=EDGE_CURVE('',#746,#736,#440,.T.);
#930=EDGE_CURVE('',#746,#747,#441,.T.);
#931=EDGE_CURVE('',#747,#738,#442,.T.);
#932=EDGE_CURVE('',#744,#746,#443,.T.);
#933=EDGE_CURVE('',#745,#747,#444,.T.);
#934=EDGE_CURVE('',#748,#748,#110,.T.);
#935=EDGE_CURVE('',#748,#749,#445,.T.);
#936=EDGE_CURVE('',#749,#749,#111,.T.);
#937=EDGE_CURVE('',#735,#750,#446,.T.);
#938=EDGE_CURVE('',#750,#750,#112,.T.);
#939=EDGE_CURVE('',#751,#752,#447,.T.);
#940=EDGE_CURVE('',#753,#751,#448,.T.);
#941=EDGE_CURVE('',#753,#754,#449,.T.);
#942=EDGE_CURVE('',#755,#754,#450,.T.);
#943=EDGE_CURVE('',#756,#755,#451,.T.);
#944=EDGE_CURVE('',#757,#756,#452,.T.);
#945=EDGE_CURVE('',#757,#758,#453,.T.);
#946=EDGE_CURVE('',#752,#758,#454,.T.);
#947=EDGE_CURVE('',#759,#756,#455,.T.);
#948=EDGE_CURVE('',#760,#759,#456,.T.);
#949=EDGE_CURVE('',#760,#757,#457,.T.);
#950=EDGE_CURVE('',#761,#760,#458,.T.);
#951=EDGE_CURVE('',#758,#761,#459,.T.);
#952=EDGE_CURVE('',#752,#762,#460,.T.);
#953=EDGE_CURVE('',#762,#761,#461,.T.);
#954=EDGE_CURVE('',#763,#759,#462,.T.);
#955=EDGE_CURVE('',#764,#763,#463,.T.);
#956=EDGE_CURVE('',#764,#765,#464,.T.);
#957=EDGE_CURVE('',#766,#765,#465,.T.);
#958=EDGE_CURVE('',#767,#766,#466,.T.);
#959=EDGE_CURVE('',#768,#767,#467,.T.);
#960=EDGE_CURVE('',#768,#769,#468,.T.);
#961=EDGE_CURVE('',#770,#769,#469,.T.);
#962=EDGE_CURVE('',#762,#770,#470,.T.);
#963=EDGE_CURVE('',#768,#765,#113,.T.);
#964=EDGE_CURVE('',#766,#767,#114,.T.);
#965=EDGE_CURVE('',#755,#751,#115,.T.);
#966=EDGE_CURVE('',#753,#754,#116,.T.);
#967=EDGE_CURVE('',#771,#770,#471,.T.);
#968=EDGE_CURVE('',#772,#771,#472,.T.);
#969=EDGE_CURVE('',#763,#772,#473,.T.);
#970=EDGE_CURVE('',#772,#773,#474,.T.);
#971=EDGE_CURVE('',#773,#774,#475,.T.);
#972=EDGE_CURVE('',#774,#775,#476,.T.);
#973=EDGE_CURVE('',#775,#776,#477,.T.);
#974=EDGE_CURVE('',#776,#777,#478,.T.);
#975=EDGE_CURVE('',#777,#764,#479,.T.);
#976=EDGE_CURVE('',#778,#773,#480,.T.);
#977=EDGE_CURVE('',#779,#778,#481,.T.);
#978=EDGE_CURVE('',#774,#779,#482,.T.);
#979=EDGE_CURVE('',#780,#779,#483,.T.);
#980=EDGE_CURVE('',#775,#780,#484,.T.);
#981=EDGE_CURVE('',#781,#780,#485,.T.);
#982=EDGE_CURVE('',#776,#781,#486,.T.);
#983=EDGE_CURVE('',#782,#781,#487,.T.);
#984=EDGE_CURVE('',#777,#782,#488,.T.);
#985=EDGE_CURVE('',#769,#782,#489,.T.);
#986=EDGE_CURVE('',#778,#771,#490,.T.);
#987=ORIENTED_EDGE('',*,*,#783,.F.);
#988=ORIENTED_EDGE('',*,*,#784,.F.);
#989=ORIENTED_EDGE('',*,*,#785,.F.);
#990=ORIENTED_EDGE('',*,*,#786,.T.);
#991=ORIENTED_EDGE('',*,*,#787,.F.);
#992=ORIENTED_EDGE('',*,*,#786,.F.);
#993=ORIENTED_EDGE('',*,*,#788,.F.);
#994=ORIENTED_EDGE('',*,*,#789,.T.);
#995=ORIENTED_EDGE('',*,*,#790,.F.);
#996=ORIENTED_EDGE('',*,*,#789,.F.);
#997=ORIENTED_EDGE('',*,*,#791,.F.);
#998=ORIENTED_EDGE('',*,*,#792,.T.);
#999=ORIENTED_EDGE('',*,*,#793,.F.);
#1000=ORIENTED_EDGE('',*,*,#792,.F.);
#1001=ORIENTED_EDGE('',*,*,#794,.F.);
#1002=ORIENTED_EDGE('',*,*,#784,.T.);
#1003=ORIENTED_EDGE('',*,*,#795,.F.);
#1004=ORIENTED_EDGE('',*,*,#796,.F.);
#1005=ORIENTED_EDGE('',*,*,#797,.F.);
#1006=ORIENTED_EDGE('',*,*,#798,.T.);
#1007=ORIENTED_EDGE('',*,*,#799,.F.);
#1008=ORIENTED_EDGE('',*,*,#798,.F.);
#1009=ORIENTED_EDGE('',*,*,#800,.F.);
#1010=ORIENTED_EDGE('',*,*,#801,.T.);
#1011=ORIENTED_EDGE('',*,*,#802,.F.);
#1012=ORIENTED_EDGE('',*,*,#801,.F.);
#1013=ORIENTED_EDGE('',*,*,#803,.F.);
#1014=ORIENTED_EDGE('',*,*,#804,.T.);
#1015=ORIENTED_EDGE('',*,*,#805,.F.);
#1016=ORIENTED_EDGE('',*,*,#804,.F.);
#1017=ORIENTED_EDGE('',*,*,#806,.F.);
#1018=ORIENTED_EDGE('',*,*,#796,.T.);
#1019=ORIENTED_EDGE('',*,*,#807,.F.);
#1020=ORIENTED_EDGE('',*,*,#808,.F.);
#1021=ORIENTED_EDGE('',*,*,#809,.F.);
#1022=ORIENTED_EDGE('',*,*,#810,.T.);
#1023=ORIENTED_EDGE('',*,*,#811,.F.);
#1024=ORIENTED_EDGE('',*,*,#810,.F.);
#1025=ORIENTED_EDGE('',*,*,#812,.F.);
#1026=ORIENTED_EDGE('',*,*,#813,.T.);
#1027=ORIENTED_EDGE('',*,*,#814,.F.);
#1028=ORIENTED_EDGE('',*,*,#813,.F.);
#1029=ORIENTED_EDGE('',*,*,#815,.F.);
#1030=ORIENTED_EDGE('',*,*,#816,.T.);
#1031=ORIENTED_EDGE('',*,*,#817,.F.);
#1032=ORIENTED_EDGE('',*,*,#816,.F.);
#1033=ORIENTED_EDGE('',*,*,#818,.F.);
#1034=ORIENTED_EDGE('',*,*,#808,.T.);
#1035=ORIENTED_EDGE('',*,*,#819,.F.);
#1036=ORIENTED_EDGE('',*,*,#820,.F.);
#1037=ORIENTED_EDGE('',*,*,#821,.F.);
#1038=ORIENTED_EDGE('',*,*,#822,.T.);
#1039=ORIENTED_EDGE('',*,*,#823,.F.);
#1040=ORIENTED_EDGE('',*,*,#822,.F.);
#1041=ORIENTED_EDGE('',*,*,#824,.F.);
#1042=ORIENTED_EDGE('',*,*,#825,.T.);
#1043=ORIENTED_EDGE('',*,*,#826,.F.);
#1044=ORIENTED_EDGE('',*,*,#825,.F.);
#1045=ORIENTED_EDGE('',*,*,#827,.F.);
#1046=ORIENTED_EDGE('',*,*,#828,.T.);
#1047=ORIENTED_EDGE('',*,*,#829,.F.);
#1048=ORIENTED_EDGE('',*,*,#828,.F.);
#1049=ORIENTED_EDGE('',*,*,#830,.F.);
#1050=ORIENTED_EDGE('',*,*,#820,.T.);
#1051=ORIENTED_EDGE('',*,*,#831,.F.);
#1052=ORIENTED_EDGE('',*,*,#832,.T.);
#1053=ORIENTED_EDGE('',*,*,#833,.F.);
#1054=ORIENTED_EDGE('',*,*,#832,.F.);
#1055=ORIENTED_EDGE('',*,*,#834,.F.);
#1056=ORIENTED_EDGE('',*,*,#835,.T.);
#1057=ORIENTED_EDGE('',*,*,#836,.F.);
#1058=ORIENTED_EDGE('',*,*,#835,.F.);
#1059=ORIENTED_EDGE('',*,*,#837,.F.);
#1060=ORIENTED_EDGE('',*,*,#838,.T.);
#1061=ORIENTED_EDGE('',*,*,#839,.F.);
#1062=ORIENTED_EDGE('',*,*,#838,.F.);
#1063=ORIENTED_EDGE('',*,*,#840,.F.);
#1064=ORIENTED_EDGE('',*,*,#841,.T.);
#1065=ORIENTED_EDGE('',*,*,#842,.F.);
#1066=ORIENTED_EDGE('',*,*,#841,.F.);
#1067=ORIENTED_EDGE('',*,*,#843,.F.);
#1068=ORIENTED_EDGE('',*,*,#844,.T.);
#1069=ORIENTED_EDGE('',*,*,#845,.F.);
#1070=ORIENTED_EDGE('',*,*,#844,.F.);
#1071=ORIENTED_EDGE('',*,*,#846,.F.);
#1072=ORIENTED_EDGE('',*,*,#847,.T.);
#1073=ORIENTED_EDGE('',*,*,#848,.F.);
#1074=ORIENTED_EDGE('',*,*,#847,.F.);
#1075=ORIENTED_EDGE('',*,*,#849,.F.);
#1076=ORIENTED_EDGE('',*,*,#850,.T.);
#1077=ORIENTED_EDGE('',*,*,#851,.F.);
#1078=ORIENTED_EDGE('',*,*,#850,.F.);
#1079=ORIENTED_EDGE('',*,*,#852,.F.);
#1080=ORIENTED_EDGE('',*,*,#853,.T.);
#1081=ORIENTED_EDGE('',*,*,#854,.F.);
#1082=ORIENTED_EDGE('',*,*,#853,.F.);
#1083=ORIENTED_EDGE('',*,*,#855,.F.);
#1084=ORIENTED_EDGE('',*,*,#856,.T.);
#1085=ORIENTED_EDGE('',*,*,#857,.F.);
#1086=ORIENTED_EDGE('',*,*,#856,.F.);
#1087=ORIENTED_EDGE('',*,*,#858,.F.);
#1088=ORIENTED_EDGE('',*,*,#859,.T.);
#1089=ORIENTED_EDGE('',*,*,#860,.F.);
#1090=ORIENTED_EDGE('',*,*,#859,.F.);
#1091=ORIENTED_EDGE('',*,*,#861,.F.);
#1092=ORIENTED_EDGE('',*,*,#862,.T.);
#1093=ORIENTED_EDGE('',*,*,#863,.F.);
#1094=ORIENTED_EDGE('',*,*,#862,.F.);
#1095=ORIENTED_EDGE('',*,*,#864,.F.);
#1096=ORIENTED_EDGE('',*,*,#865,.T.);
#1097=ORIENTED_EDGE('',*,*,#866,.F.);
#1098=ORIENTED_EDGE('',*,*,#865,.F.);
#1099=ORIENTED_EDGE('',*,*,#867,.F.);
#1100=ORIENTED_EDGE('',*,*,#868,.T.);
#1101=ORIENTED_EDGE('',*,*,#869,.F.);
#1102=ORIENTED_EDGE('',*,*,#868,.F.);
#1103=ORIENTED_EDGE('',*,*,#870,.F.);
#1104=ORIENTED_EDGE('',*,*,#871,.T.);
#1105=ORIENTED_EDGE('',*,*,#872,.F.);
#1106=ORIENTED_EDGE('',*,*,#871,.F.);
#1107=ORIENTED_EDGE('',*,*,#873,.F.);
#1108=ORIENTED_EDGE('',*,*,#874,.T.);
#1109=ORIENTED_EDGE('',*,*,#875,.F.);
#1110=ORIENTED_EDGE('',*,*,#874,.F.);
#1111=ORIENTED_EDGE('',*,*,#876,.F.);
#1112=ORIENTED_EDGE('',*,*,#877,.T.);
#1113=ORIENTED_EDGE('',*,*,#878,.F.);
#1114=ORIENTED_EDGE('',*,*,#877,.F.);
#1115=ORIENTED_EDGE('',*,*,#879,.F.);
#1116=ORIENTED_EDGE('',*,*,#880,.T.);
#1117=ORIENTED_EDGE('',*,*,#881,.F.);
#1118=ORIENTED_EDGE('',*,*,#880,.F.);
#1119=ORIENTED_EDGE('',*,*,#882,.F.);
#1120=ORIENTED_EDGE('',*,*,#883,.T.);
#1121=ORIENTED_EDGE('',*,*,#884,.F.);
#1122=ORIENTED_EDGE('',*,*,#883,.F.);
#1123=ORIENTED_EDGE('',*,*,#885,.T.);
#1124=ORIENTED_EDGE('',*,*,#886,.T.);
#1125=ORIENTED_EDGE('',*,*,#887,.T.);
#1126=ORIENTED_EDGE('',*,*,#888,.T.);
#1127=ORIENTED_EDGE('',*,*,#886,.F.);
#1128=ORIENTED_EDGE('',*,*,#889,.F.);
#1129=ORIENTED_EDGE('',*,*,#890,.F.);
#1130=ORIENTED_EDGE('',*,*,#891,.F.);
#1131=ORIENTED_EDGE('',*,*,#892,.T.);
#1132=ORIENTED_EDGE('',*,*,#893,.T.);
#1133=ORIENTED_EDGE('',*,*,#894,.T.);
#1134=ORIENTED_EDGE('',*,*,#890,.T.);
#1135=ORIENTED_EDGE('',*,*,#888,.F.);
#1136=ORIENTED_EDGE('',*,*,#895,.F.);
#1137=ORIENTED_EDGE('',*,*,#893,.F.);
#1138=ORIENTED_EDGE('',*,*,#896,.F.);
#1139=ORIENTED_EDGE('',*,*,#897,.F.);
#1140=ORIENTED_EDGE('',*,*,#898,.T.);
#1141=ORIENTED_EDGE('',*,*,#899,.T.);
#1142=ORIENTED_EDGE('',*,*,#900,.F.);
#1143=ORIENTED_EDGE('',*,*,#901,.F.);
#1144=ORIENTED_EDGE('',*,*,#900,.T.);
#1145=ORIENTED_EDGE('',*,*,#902,.T.);
#1146=ORIENTED_EDGE('',*,*,#903,.F.);
#1147=ORIENTED_EDGE('',*,*,#904,.F.);
#1148=ORIENTED_EDGE('',*,*,#903,.T.);
#1149=ORIENTED_EDGE('',*,*,#905,.T.);
#1150=ORIENTED_EDGE('',*,*,#906,.F.);
#1151=ORIENTED_EDGE('',*,*,#907,.F.);
#1152=ORIENTED_EDGE('',*,*,#906,.T.);
#1153=ORIENTED_EDGE('',*,*,#908,.T.);
#1154=ORIENTED_EDGE('',*,*,#909,.T.);
#1155=ORIENTED_EDGE('',*,*,#910,.F.);
#1156=ORIENTED_EDGE('',*,*,#911,.T.);
#1157=ORIENTED_EDGE('',*,*,#912,.T.);
#1158=ORIENTED_EDGE('',*,*,#898,.F.);
#1159=ORIENTED_EDGE('',*,*,#913,.F.);
#1160=ORIENTED_EDGE('',*,*,#909,.F.);
#1161=ORIENTED_EDGE('',*,*,#914,.T.);
#1162=ORIENTED_EDGE('',*,*,#911,.F.);
#1163=ORIENTED_EDGE('',*,*,#914,.F.);
#1164=ORIENTED_EDGE('',*,*,#908,.F.);
#1165=ORIENTED_EDGE('',*,*,#905,.F.);
#1166=ORIENTED_EDGE('',*,*,#902,.F.);
#1167=ORIENTED_EDGE('',*,*,#899,.F.);
#1168=ORIENTED_EDGE('',*,*,#912,.F.);
#1169=ORIENTED_EDGE('',*,*,#915,.F.);
#1170=ORIENTED_EDGE('',*,*,#916,.F.);
#1171=ORIENTED_EDGE('',*,*,#917,.T.);
#1172=ORIENTED_EDGE('',*,*,#918,.T.);
#1173=ORIENTED_EDGE('',*,*,#919,.F.);
#1174=ORIENTED_EDGE('',*,*,#920,.F.);
#1175=ORIENTED_EDGE('',*,*,#919,.T.);
#1176=ORIENTED_EDGE('',*,*,#921,.T.);
#1177=ORIENTED_EDGE('',*,*,#922,.F.);
#1178=ORIENTED_EDGE('',*,*,#923,.F.);
#1179=ORIENTED_EDGE('',*,*,#922,.T.);
#1180=ORIENTED_EDGE('',*,*,#924,.T.);
#1181=ORIENTED_EDGE('',*,*,#925,.F.);
#1182=ORIENTED_EDGE('',*,*,#926,.F.);
#1183=ORIENTED_EDGE('',*,*,#925,.T.);
#1184=ORIENTED_EDGE('',*,*,#927,.T.);
#1185=ORIENTED_EDGE('',*,*,#928,.T.);
#1186=ORIENTED_EDGE('',*,*,#929,.F.);
#1187=ORIENTED_EDGE('',*,*,#930,.T.);
#1188=ORIENTED_EDGE('',*,*,#931,.T.);
#1189=ORIENTED_EDGE('',*,*,#917,.F.);
#1190=ORIENTED_EDGE('',*,*,#932,.F.);
#1191=ORIENTED_EDGE('',*,*,#928,.F.);
#1192=ORIENTED_EDGE('',*,*,#933,.T.);
#1193=ORIENTED_EDGE('',*,*,#930,.F.);
#1194=ORIENTED_EDGE('',*,*,#933,.F.);
#1195=ORIENTED_EDGE('',*,*,#927,.F.);
#1196=ORIENTED_EDGE('',*,*,#924,.F.);
#1197=ORIENTED_EDGE('',*,*,#921,.F.);
#1198=ORIENTED_EDGE('',*,*,#918,.F.);
#1199=ORIENTED_EDGE('',*,*,#931,.F.);
#1200=ORIENTED_EDGE('',*,*,#934,.F.);
#1201=ORIENTED_EDGE('',*,*,#934,.T.);
#1202=ORIENTED_EDGE('',*,*,#935,.T.);
#1203=ORIENTED_EDGE('',*,*,#936,.F.);
#1204=ORIENTED_EDGE('',*,*,#935,.F.);
#1205=ORIENTED_EDGE('',*,*,#915,.T.);
#1206=ORIENTED_EDGE('',*,*,#937,.T.);
#1207=ORIENTED_EDGE('',*,*,#938,.F.);
#1208=ORIENTED_EDGE('',*,*,#937,.F.);
#1209=ORIENTED_EDGE('',*,*,#939,.F.);
#1210=ORIENTED_EDGE('',*,*,#940,.F.);
#1211=ORIENTED_EDGE('',*,*,#941,.T.);
#1212=ORIENTED_EDGE('',*,*,#942,.F.);
#1213=ORIENTED_EDGE('',*,*,#943,.F.);
#1214=ORIENTED_EDGE('',*,*,#944,.F.);
#1215=ORIENTED_EDGE('',*,*,#945,.T.);
#1216=ORIENTED_EDGE('',*,*,#946,.F.);
#1217=ORIENTED_EDGE('',*,*,#936,.T.);
#1218=ORIENTED_EDGE('',*,*,#938,.T.);
#1219=ORIENTED_EDGE('',*,*,#947,.F.);
#1220=ORIENTED_EDGE('',*,*,#948,.F.);
#1221=ORIENTED_EDGE('',*,*,#949,.T.);
#1222=ORIENTED_EDGE('',*,*,#944,.T.);
#1223=ORIENTED_EDGE('',*,*,#950,.F.);
#1224=ORIENTED_EDGE('',*,*,#951,.F.);
#1225=ORIENTED_EDGE('',*,*,#945,.F.);
#1226=ORIENTED_EDGE('',*,*,#949,.F.);
#1227=ORIENTED_EDGE('',*,*,#952,.F.);
#1228=ORIENTED_EDGE('',*,*,#946,.T.);
#1229=ORIENTED_EDGE('',*,*,#951,.T.);
#1230=ORIENTED_EDGE('',*,*,#953,.F.);
#1231=ORIENTED_EDGE('',*,*,#953,.T.);
#1232=ORIENTED_EDGE('',*,*,#950,.T.);
#1233=ORIENTED_EDGE('',*,*,#948,.T.);
#1234=ORIENTED_EDGE('',*,*,#954,.F.);
#1235=ORIENTED_EDGE('',*,*,#955,.F.);
#1236=ORIENTED_EDGE('',*,*,#956,.T.);
#1237=ORIENTED_EDGE('',*,*,#957,.F.);
#1238=ORIENTED_EDGE('',*,*,#958,.F.);
#1239=ORIENTED_EDGE('',*,*,#959,.F.);
#1240=ORIENTED_EDGE('',*,*,#960,.T.);
#1241=ORIENTED_EDGE('',*,*,#961,.F.);
#1242=ORIENTED_EDGE('',*,*,#962,.F.);
#1243=ORIENTED_EDGE('',*,*,#831,.T.);
#1244=ORIENTED_EDGE('',*,*,#834,.T.);
#1245=ORIENTED_EDGE('',*,*,#837,.T.);
#1246=ORIENTED_EDGE('',*,*,#840,.T.);
#1247=ORIENTED_EDGE('',*,*,#896,.T.);
#1248=ORIENTED_EDGE('',*,*,#892,.F.);
#1249=ORIENTED_EDGE('',*,*,#889,.T.);
#1250=ORIENTED_EDGE('',*,*,#885,.F.);
#1251=ORIENTED_EDGE('',*,*,#882,.T.);
#1252=ORIENTED_EDGE('',*,*,#879,.T.);
#1253=ORIENTED_EDGE('',*,*,#876,.T.);
#1254=ORIENTED_EDGE('',*,*,#873,.T.);
#1255=ORIENTED_EDGE('',*,*,#870,.T.);
#1256=ORIENTED_EDGE('',*,*,#867,.T.);
#1257=ORIENTED_EDGE('',*,*,#864,.T.);
#1258=ORIENTED_EDGE('',*,*,#861,.T.);
#1259=ORIENTED_EDGE('',*,*,#858,.T.);
#1260=ORIENTED_EDGE('',*,*,#855,.T.);
#1261=ORIENTED_EDGE('',*,*,#852,.T.);
#1262=ORIENTED_EDGE('',*,*,#849,.T.);
#1263=ORIENTED_EDGE('',*,*,#846,.T.);
#1264=ORIENTED_EDGE('',*,*,#843,.T.);
#1265=ORIENTED_EDGE('',*,*,#827,.T.);
#1266=ORIENTED_EDGE('',*,*,#824,.T.);
#1267=ORIENTED_EDGE('',*,*,#821,.T.);
#1268=ORIENTED_EDGE('',*,*,#830,.T.);
#1269=ORIENTED_EDGE('',*,*,#815,.T.);
#1270=ORIENTED_EDGE('',*,*,#812,.T.);
#1271=ORIENTED_EDGE('',*,*,#809,.T.);
#1272=ORIENTED_EDGE('',*,*,#818,.T.);
#1273=ORIENTED_EDGE('',*,*,#803,.T.);
#1274=ORIENTED_EDGE('',*,*,#800,.T.);
#1275=ORIENTED_EDGE('',*,*,#797,.T.);
#1276=ORIENTED_EDGE('',*,*,#806,.T.);
#1277=ORIENTED_EDGE('',*,*,#791,.T.);
#1278=ORIENTED_EDGE('',*,*,#788,.T.);
#1279=ORIENTED_EDGE('',*,*,#785,.T.);
#1280=ORIENTED_EDGE('',*,*,#794,.T.);
#1281=ORIENTED_EDGE('',*,*,#963,.F.);
#1282=ORIENTED_EDGE('',*,*,#959,.T.);
#1283=ORIENTED_EDGE('',*,*,#964,.F.);
#1284=ORIENTED_EDGE('',*,*,#957,.T.);
#1285=ORIENTED_EDGE('',*,*,#940,.T.);
#1286=ORIENTED_EDGE('',*,*,#965,.F.);
#1287=ORIENTED_EDGE('',*,*,#942,.T.);
#1288=ORIENTED_EDGE('',*,*,#966,.F.);
#1289=ORIENTED_EDGE('',*,*,#952,.T.);
#1290=ORIENTED_EDGE('',*,*,#962,.T.);
#1291=ORIENTED_EDGE('',*,*,#967,.F.);
#1292=ORIENTED_EDGE('',*,*,#968,.F.);
#1293=ORIENTED_EDGE('',*,*,#969,.F.);
#1294=ORIENTED_EDGE('',*,*,#954,.T.);
#1295=ORIENTED_EDGE('',*,*,#947,.T.);
#1296=ORIENTED_EDGE('',*,*,#943,.T.);
#1297=ORIENTED_EDGE('',*,*,#965,.T.);
#1298=ORIENTED_EDGE('',*,*,#939,.T.);
#1299=ORIENTED_EDGE('',*,*,#970,.T.);
#1300=ORIENTED_EDGE('',*,*,#971,.T.);
#1301=ORIENTED_EDGE('',*,*,#972,.T.);
#1302=ORIENTED_EDGE('',*,*,#973,.T.);
#1303=ORIENTED_EDGE('',*,*,#974,.T.);
#1304=ORIENTED_EDGE('',*,*,#975,.T.);
#1305=ORIENTED_EDGE('',*,*,#955,.T.);
#1306=ORIENTED_EDGE('',*,*,#969,.T.);
#1307=ORIENTED_EDGE('',*,*,#976,.F.);
#1308=ORIENTED_EDGE('',*,*,#977,.F.);
#1309=ORIENTED_EDGE('',*,*,#978,.F.);
#1310=ORIENTED_EDGE('',*,*,#971,.F.);
#1311=ORIENTED_EDGE('',*,*,#966,.T.);
#1312=ORIENTED_EDGE('',*,*,#941,.F.);
#1313=ORIENTED_EDGE('',*,*,#978,.T.);
#1314=ORIENTED_EDGE('',*,*,#979,.F.);
#1315=ORIENTED_EDGE('',*,*,#980,.F.);
#1316=ORIENTED_EDGE('',*,*,#972,.F.);
#1317=ORIENTED_EDGE('',*,*,#833,.T.);
#1318=ORIENTED_EDGE('',*,*,#836,.T.);
#1319=ORIENTED_EDGE('',*,*,#839,.T.);
#1320=ORIENTED_EDGE('',*,*,#842,.T.);
#1321=ORIENTED_EDGE('',*,*,#926,.T.);
#1322=ORIENTED_EDGE('',*,*,#932,.T.);
#1323=ORIENTED_EDGE('',*,*,#929,.T.);
#1324=ORIENTED_EDGE('',*,*,#916,.T.);
#1325=ORIENTED_EDGE('',*,*,#920,.T.);
#1326=ORIENTED_EDGE('',*,*,#923,.T.);
#1327=ORIENTED_EDGE('',*,*,#907,.T.);
#1328=ORIENTED_EDGE('',*,*,#913,.T.);
#1329=ORIENTED_EDGE('',*,*,#910,.T.);
#1330=ORIENTED_EDGE('',*,*,#897,.T.);
#1331=ORIENTED_EDGE('',*,*,#901,.T.);
#1332=ORIENTED_EDGE('',*,*,#904,.T.);
#1333=ORIENTED_EDGE('',*,*,#895,.T.);
#1334=ORIENTED_EDGE('',*,*,#887,.F.);
#1335=ORIENTED_EDGE('',*,*,#891,.T.);
#1336=ORIENTED_EDGE('',*,*,#894,.F.);
#1337=ORIENTED_EDGE('',*,*,#884,.T.);
#1338=ORIENTED_EDGE('',*,*,#881,.T.);
#1339=ORIENTED_EDGE('',*,*,#878,.T.);
#1340=ORIENTED_EDGE('',*,*,#875,.T.);
#1341=ORIENTED_EDGE('',*,*,#872,.T.);
#1342=ORIENTED_EDGE('',*,*,#869,.T.);
#1343=ORIENTED_EDGE('',*,*,#866,.T.);
#1344=ORIENTED_EDGE('',*,*,#863,.T.);
#1345=ORIENTED_EDGE('',*,*,#860,.T.);
#1346=ORIENTED_EDGE('',*,*,#857,.T.);
#1347=ORIENTED_EDGE('',*,*,#854,.T.);
#1348=ORIENTED_EDGE('',*,*,#851,.T.);
#1349=ORIENTED_EDGE('',*,*,#848,.T.);
#1350=ORIENTED_EDGE('',*,*,#845,.T.);
#1351=ORIENTED_EDGE('',*,*,#826,.T.);
#1352=ORIENTED_EDGE('',*,*,#829,.T.);
#1353=ORIENTED_EDGE('',*,*,#819,.T.);
#1354=ORIENTED_EDGE('',*,*,#823,.T.);
#1355=ORIENTED_EDGE('',*,*,#814,.T.);
#1356=ORIENTED_EDGE('',*,*,#817,.T.);
#1357=ORIENTED_EDGE('',*,*,#807,.T.);
#1358=ORIENTED_EDGE('',*,*,#811,.T.);
#1359=ORIENTED_EDGE('',*,*,#802,.T.);
#1360=ORIENTED_EDGE('',*,*,#805,.T.);
#1361=ORIENTED_EDGE('',*,*,#795,.T.);
#1362=ORIENTED_EDGE('',*,*,#799,.T.);
#1363=ORIENTED_EDGE('',*,*,#790,.T.);
#1364=ORIENTED_EDGE('',*,*,#793,.T.);
#1365=ORIENTED_EDGE('',*,*,#783,.T.);
#1366=ORIENTED_EDGE('',*,*,#787,.T.);
#1367=ORIENTED_EDGE('',*,*,#980,.T.);
#1368=ORIENTED_EDGE('',*,*,#981,.F.);
#1369=ORIENTED_EDGE('',*,*,#982,.F.);
#1370=ORIENTED_EDGE('',*,*,#973,.F.);
#1371=ORIENTED_EDGE('',*,*,#964,.T.);
#1372=ORIENTED_EDGE('',*,*,#958,.T.);
#1373=ORIENTED_EDGE('',*,*,#982,.T.);
#1374=ORIENTED_EDGE('',*,*,#983,.F.);
#1375=ORIENTED_EDGE('',*,*,#984,.F.);
#1376=ORIENTED_EDGE('',*,*,#974,.F.);
#1377=ORIENTED_EDGE('',*,*,#963,.T.);
#1378=ORIENTED_EDGE('',*,*,#956,.F.);
#1379=ORIENTED_EDGE('',*,*,#975,.F.);
#1380=ORIENTED_EDGE('',*,*,#984,.T.);
#1381=ORIENTED_EDGE('',*,*,#985,.F.);
#1382=ORIENTED_EDGE('',*,*,#960,.F.);
#1383=ORIENTED_EDGE('',*,*,#968,.T.);
#1384=ORIENTED_EDGE('',*,*,#986,.F.);
#1385=ORIENTED_EDGE('',*,*,#976,.T.);
#1386=ORIENTED_EDGE('',*,*,#970,.F.);
#1387=ORIENTED_EDGE('',*,*,#986,.T.);
#1388=ORIENTED_EDGE('',*,*,#967,.T.);
#1389=ORIENTED_EDGE('',*,*,#961,.T.);
#1390=ORIENTED_EDGE('',*,*,#985,.T.);
#1391=ORIENTED_EDGE('',*,*,#983,.T.);
#1392=ORIENTED_EDGE('',*,*,#981,.T.);
#1393=ORIENTED_EDGE('',*,*,#979,.T.);
#1394=ORIENTED_EDGE('',*,*,#977,.T.);
#1395=PLANE('',#1525);
#1396=PLANE('',#1526);
#1397=PLANE('',#1527);
#1398=PLANE('',#1528);
#1399=PLANE('',#1529);
#1400=PLANE('',#1530);
#1401=PLANE('',#1531);
#1402=PLANE('',#1532);
#1403=PLANE('',#1533);
#1404=PLANE('',#1534);
#1405=PLANE('',#1535);
#1406=PLANE('',#1536);
#1407=PLANE('',#1537);
#1408=PLANE('',#1538);
#1409=PLANE('',#1539);
#1410=PLANE('',#1540);
#1411=PLANE('',#1598);
#1412=PLANE('',#1602);
#1413=PLANE('',#1603);
#1414=PLANE('',#1604);
#1415=PLANE('',#1605);
#1416=PLANE('',#1606);
#1417=PLANE('',#1607);
#1418=PLANE('',#1608);
#1419=PLANE('',#1609);
#1420=PLANE('',#1611);
#1421=PLANE('',#1612);
#1422=PLANE('',#1613);
#1423=PLANE('',#1614);
#1424=PLANE('',#1615);
#1425=PLANE('',#1616);
#1426=PLANE('',#1617);
#1427=PLANE('',#1623);
#1428=PLANE('',#1624);
#1429=PLANE('',#1625);
#1430=PLANE('',#1626);
#1431=PLANE('',#1627);
#1432=PLANE('',#1634);
#1433=PLANE('',#1635);
#1434=PLANE('',#1636);
#1435=PLANE('',#1637);
#1436=PLANE('',#1638);
#1437=PLANE('',#1639);
#1438=PLANE('',#1640);
#1439=PLANE('',#1641);
#1440=PLANE('',#1642);
#1441=ADVANCED_FACE('',(#141),#1395,.F.);
#1442=ADVANCED_FACE('',(#142),#1396,.F.);
#1443=ADVANCED_FACE('',(#143),#1397,.F.);
#1444=ADVANCED_FACE('',(#144),#1398,.F.);
#1445=ADVANCED_FACE('',(#145),#1399,.F.);
#1446=ADVANCED_FACE('',(#146),#1400,.F.);
#1447=ADVANCED_FACE('',(#147),#1401,.F.);
#1448=ADVANCED_FACE('',(#148),#1402,.F.);
#1449=ADVANCED_FACE('',(#149),#1403,.F.);
#1450=ADVANCED_FACE('',(#150),#1404,.F.);
#1451=ADVANCED_FACE('',(#151),#1405,.F.);
#1452=ADVANCED_FACE('',(#152),#1406,.F.);
#1453=ADVANCED_FACE('',(#153),#1407,.F.);
#1454=ADVANCED_FACE('',(#154),#1408,.F.);
#1455=ADVANCED_FACE('',(#155),#1409,.F.);
#1456=ADVANCED_FACE('',(#156),#1410,.F.);
#1457=ADVANCED_FACE('',(#157),#117,.F.);
#1458=ADVANCED_FACE('',(#158),#118,.F.);
#1459=ADVANCED_FACE('',(#159),#119,.F.);
#1460=ADVANCED_FACE('',(#160),#120,.F.);
#1461=ADVANCED_FACE('',(#161),#121,.F.);
#1462=ADVANCED_FACE('',(#162),#122,.F.);
#1463=ADVANCED_FACE('',(#163),#123,.F.);
#1464=ADVANCED_FACE('',(#164),#124,.F.);
#1465=ADVANCED_FACE('',(#165),#125,.F.);
#1466=ADVANCED_FACE('',(#166),#126,.F.);
#1467=ADVANCED_FACE('',(#167),#127,.F.);
#1468=ADVANCED_FACE('',(#168),#128,.F.);
#1469=ADVANCED_FACE('',(#169),#129,.F.);
#1470=ADVANCED_FACE('',(#170),#130,.F.);
#1471=ADVANCED_FACE('',(#171),#131,.F.);
#1472=ADVANCED_FACE('',(#172),#132,.F.);
#1473=ADVANCED_FACE('',(#173),#133,.F.);
#1474=ADVANCED_FACE('',(#174),#134,.F.);
#1475=ADVANCED_FACE('',(#175),#135,.F.);
#1476=ADVANCED_FACE('',(#176),#1411,.F.);
#1477=ADVANCED_FACE('',(#177),#136,.F.);
#1478=ADVANCED_FACE('',(#178),#1412,.F.);
#1479=ADVANCED_FACE('',(#179),#1413,.F.);
#1480=ADVANCED_FACE('',(#180),#1414,.F.);
#1481=ADVANCED_FACE('',(#181),#1415,.F.);
#1482=ADVANCED_FACE('',(#182),#1416,.F.);
#1483=ADVANCED_FACE('',(#183),#1417,.F.);
#1484=ADVANCED_FACE('',(#184),#1418,.F.);
#1485=ADVANCED_FACE('',(#185,#15),#1419,.F.);
#1486=ADVANCED_FACE('',(#186),#1420,.F.);
#1487=ADVANCED_FACE('',(#187),#1421,.F.);
#1488=ADVANCED_FACE('',(#188),#1422,.F.);
#1489=ADVANCED_FACE('',(#189),#1423,.F.);
#1490=ADVANCED_FACE('',(#190),#1424,.F.);
#1491=ADVANCED_FACE('',(#191),#1425,.F.);
#1492=ADVANCED_FACE('',(#192,#16),#1426,.F.);
#1493=ADVANCED_FACE('',(#193),#137,.F.);
#1494=ADVANCED_FACE('',(#194),#138,.F.);
#1495=ADVANCED_FACE('',(#195,#17,#18),#1427,.T.);
#1496=ADVANCED_FACE('',(#196),#1428,.T.);
#1497=ADVANCED_FACE('',(#197),#1429,.T.);
#1498=ADVANCED_FACE('',(#198),#1430,.T.);
#1499=ADVANCED_FACE('',(#199,#19,#20,#21,#22,#23,#24,#25,#26,#27,#28,#29,
#30,#31,#32,#33,#34,#35,#36,#37,#38,#39,#40,#41),#1431,.T.);
#1500=ADVANCED_FACE('',(#200),#139,.F.);
#1501=ADVANCED_FACE('',(#201),#140,.F.);
#1502=ADVANCED_FACE('',(#202),#1432,.T.);
#1503=ADVANCED_FACE('',(#203),#1433,.T.);
#1504=ADVANCED_FACE('',(#204,#42),#1434,.T.);
#1505=ADVANCED_FACE('',(#205,#43,#44,#45,#46,#47,#48,#49,#50,#51,#52,#53,
#54,#55,#56,#57,#58,#59,#60,#61,#62,#63,#64,#65,#66,#67),#1435,.T.);
#1506=ADVANCED_FACE('',(#206,#68),#1436,.T.);
#1507=ADVANCED_FACE('',(#207),#1437,.T.);
#1508=ADVANCED_FACE('',(#208),#1438,.T.);
#1509=ADVANCED_FACE('',(#209),#1439,.T.);
#1510=ADVANCED_FACE('',(#210),#1440,.T.);
#1511=CLOSED_SHELL('',(#1441,#1442,#1443,#1444,#1445,#1446,#1447,#1448,
#1449,#1450,#1451,#1452,#1453,#1454,#1455,#1456,#1457,#1458,#1459,#1460,
#1461,#1462,#1463,#1464,#1465,#1466,#1467,#1468,#1469,#1470,#1471,#1472,
#1473,#1474,#1475,#1476,#1477,#1478,#1479,#1480,#1481,#1482,#1483,#1484,
#1485,#1486,#1487,#1488,#1489,#1490,#1491,#1492,#1493,#1494,#1495,#1496,
#1497,#1498,#1499,#1500,#1501,#1502,#1503,#1504,#1505,#1506,#1507,#1508,
#1509,#1510));
#1512=DERIVED_UNIT_ELEMENT(#1514,1.);
#1513=DERIVED_UNIT_ELEMENT(#2453,-3.);
#1514=(
MASS_UNIT()
NAMED_UNIT(*)
SI_UNIT(.KILO.,.GRAM.)
);
#1515=DERIVED_UNIT((#1512,#1513));
#1516=MEASURE_REPRESENTATION_ITEM('density measure',
POSITIVE_RATIO_MEASURE(7850.),#1515);
#1517=PROPERTY_DEFINITION_REPRESENTATION(#1522,#1519);
#1518=PROPERTY_DEFINITION_REPRESENTATION(#1523,#1520);
#1519=REPRESENTATION('material name',(#1521),#2450);
#1520=REPRESENTATION('density',(#1516),#2450);
#1521=DESCRIPTIVE_REPRESENTATION_ITEM('Steel','Steel');
#1522=PROPERTY_DEFINITION('material property','material name',#2460);
#1523=PROPERTY_DEFINITION('material property','density of part',#2460);
#1524=AXIS2_PLACEMENT_3D('',#2037,#1643,#1644);
#1525=AXIS2_PLACEMENT_3D('',#2038,#1645,#1646);
#1526=AXIS2_PLACEMENT_3D('',#2047,#1651,#1652);
#1527=AXIS2_PLACEMENT_3D('',#2053,#1656,#1657);
#1528=AXIS2_PLACEMENT_3D('',#2059,#1661,#1662);
#1529=AXIS2_PLACEMENT_3D('',#2062,#1665,#1666);
#1530=AXIS2_PLACEMENT_3D('',#2071,#1671,#1672);
#1531=AXIS2_PLACEMENT_3D('',#2077,#1676,#1677);
#1532=AXIS2_PLACEMENT_3D('',#2083,#1681,#1682);
#1533=AXIS2_PLACEMENT_3D('',#2086,#1685,#1686);
#1534=AXIS2_PLACEMENT_3D('',#2095,#1691,#1692);
#1535=AXIS2_PLACEMENT_3D('',#2101,#1696,#1697);
#1536=AXIS2_PLACEMENT_3D('',#2107,#1701,#1702);
#1537=AXIS2_PLACEMENT_3D('',#2110,#1705,#1706);
#1538=AXIS2_PLACEMENT_3D('',#2119,#1711,#1712);
#1539=AXIS2_PLACEMENT_3D('',#2125,#1716,#1717);
#1540=AXIS2_PLACEMENT_3D('',#2131,#1721,#1722);
#1541=AXIS2_PLACEMENT_3D('',#2134,#1725,#1726);
#1542=AXIS2_PLACEMENT_3D('',#2136,#1727,#1728);
#1543=AXIS2_PLACEMENT_3D('',#2139,#1730,#1731);
#1544=AXIS2_PLACEMENT_3D('',#2140,#1732,#1733);
#1545=AXIS2_PLACEMENT_3D('',#2142,#1734,#1735);
#1546=AXIS2_PLACEMENT_3D('',#2145,#1737,#1738);
#1547=AXIS2_PLACEMENT_3D('',#2146,#1739,#1740);
#1548=AXIS2_PLACEMENT_3D('',#2148,#1741,#1742);
#1549=AXIS2_PLACEMENT_3D('',#2151,#1744,#1745);
#1550=AXIS2_PLACEMENT_3D('',#2152,#1746,#1747);
#1551=AXIS2_PLACEMENT_3D('',#2154,#1748,#1749);
#1552=AXIS2_PLACEMENT_3D('',#2157,#1751,#1752);
#1553=AXIS2_PLACEMENT_3D('',#2158,#1753,#1754);
#1554=AXIS2_PLACEMENT_3D('',#2160,#1755,#1756);
#1555=AXIS2_PLACEMENT_3D('',#2163,#1758,#1759);
#1556=AXIS2_PLACEMENT_3D('',#2164,#1760,#1761);
#1557=AXIS2_PLACEMENT_3D('',#2166,#1762,#1763);
#1558=AXIS2_PLACEMENT_3D('',#2169,#1765,#1766);
#1559=AXIS2_PLACEMENT_3D('',#2170,#1767,#1768);
#1560=AXIS2_PLACEMENT_3D('',#2172,#1769,#1770);
#1561=AXIS2_PLACEMENT_3D('',#2175,#1772,#1773);
#1562=AXIS2_PLACEMENT_3D('',#2176,#1774,#1775);
#1563=AXIS2_PLACEMENT_3D('',#2178,#1776,#1777);
#1564=AXIS2_PLACEMENT_3D('',#2181,#1779,#1780);
#1565=AXIS2_PLACEMENT_3D('',#2182,#1781,#1782);
#1566=AXIS2_PLACEMENT_3D('',#2184,#1783,#1784);
#1567=AXIS2_PLACEMENT_3D('',#2187,#1786,#1787);
#1568=AXIS2_PLACEMENT_3D('',#2188,#1788,#1789);
#1569=AXIS2_PLACEMENT_3D('',#2190,#1790,#1791);
#1570=AXIS2_PLACEMENT_3D('',#2193,#1793,#1794);
#1571=AXIS2_PLACEMENT_3D('',#2194,#1795,#1796);
#1572=AXIS2_PLACEMENT_3D('',#2196,#1797,#1798);
#1573=AXIS2_PLACEMENT_3D('',#2199,#1800,#1801);
#1574=AXIS2_PLACEMENT_3D('',#2200,#1802,#1803);
#1575=AXIS2_PLACEMENT_3D('',#2202,#1804,#1805);
#1576=AXIS2_PLACEMENT_3D('',#2205,#1807,#1808);
#1577=AXIS2_PLACEMENT_3D('',#2206,#1809,#1810);
#1578=AXIS2_PLACEMENT_3D('',#2208,#1811,#1812);
#1579=AXIS2_PLACEMENT_3D('',#2211,#1814,#1815);
#1580=AXIS2_PLACEMENT_3D('',#2212,#1816,#1817);
#1581=AXIS2_PLACEMENT_3D('',#2214,#1818,#1819);
#1582=AXIS2_PLACEMENT_3D('',#2217,#1821,#1822);
#1583=AXIS2_PLACEMENT_3D('',#2218,#1823,#1824);
#1584=AXIS2_PLACEMENT_3D('',#2220,#1825,#1826);
#1585=AXIS2_PLACEMENT_3D('',#2223,#1828,#1829);
#1586=AXIS2_PLACEMENT_3D('',#2224,#1830,#1831);
#1587=AXIS2_PLACEMENT_3D('',#2226,#1832,#1833);
#1588=AXIS2_PLACEMENT_3D('',#2229,#1835,#1836);
#1589=AXIS2_PLACEMENT_3D('',#2230,#1837,#1838);
#1590=AXIS2_PLACEMENT_3D('',#2232,#1839,#1840);
#1591=AXIS2_PLACEMENT_3D('',#2235,#1842,#1843);
#1592=AXIS2_PLACEMENT_3D('',#2236,#1844,#1845);
#1593=AXIS2_PLACEMENT_3D('',#2238,#1846,#1847);
#1594=AXIS2_PLACEMENT_3D('',#2241,#1849,#1850);
#1595=AXIS2_PLACEMENT_3D('',#2242,#1851,#1852);
#1596=AXIS2_PLACEMENT_3D('',#2245,#1853,#1854);
#1597=AXIS2_PLACEMENT_3D('',#2249,#1856,#1857);
#1598=AXIS2_PLACEMENT_3D('',#2251,#1859,#1860);
#1599=AXIS2_PLACEMENT_3D('',#2257,#1864,#1865);
#1600=AXIS2_PLACEMENT_3D('',#2259,#1866,#1867);
#1601=AXIS2_PLACEMENT_3D('',#2262,#1869,#1870);
#1602=AXIS2_PLACEMENT_3D('',#2263,#1871,#1872);
#1603=AXIS2_PLACEMENT_3D('',#2266,#1875,#1876);
#1604=AXIS2_PLACEMENT_3D('',#2275,#1881,#1882);
#1605=AXIS2_PLACEMENT_3D('',#2281,#1886,#1887);
#1606=AXIS2_PLACEMENT_3D('',#2287,#1891,#1892);
#1607=AXIS2_PLACEMENT_3D('',#2293,#1896,#1897);
#1608=AXIS2_PLACEMENT_3D('',#2299,#1901,#1902);
#1609=AXIS2_PLACEMENT_3D('',#2302,#1905,#1906);
#1610=AXIS2_PLACEMENT_3D('',#2304,#1907,#1908);
#1611=AXIS2_PLACEMENT_3D('',#2305,#1909,#1910);
#1612=AXIS2_PLACEMENT_3D('',#2314,#1915,#1916);
#1613=AXIS2_PLACEMENT_3D('',#2320,#1920,#1921);
#1614=AXIS2_PLACEMENT_3D('',#2326,#1925,#1926);
#1615=AXIS2_PLACEMENT_3D('',#2332,#1930,#1931);
#1616=AXIS2_PLACEMENT_3D('',#2338,#1935,#1936);
#1617=AXIS2_PLACEMENT_3D('',#2341,#1939,#1940);
#1618=AXIS2_PLACEMENT_3D('',#2343,#1941,#1942);
#1619=AXIS2_PLACEMENT_3D('',#2344,#1943,#1944);
#1620=AXIS2_PLACEMENT_3D('',#2347,#1946,#1947);
#1621=AXIS2_PLACEMENT_3D('',#2348,#1948,#1949);
#1622=AXIS2_PLACEMENT_3D('',#2351,#1951,#1952);
#1623=AXIS2_PLACEMENT_3D('',#2352,#1953,#1954);
#1624=AXIS2_PLACEMENT_3D('',#2369,#1963,#1964);
#1625=AXIS2_PLACEMENT_3D('',#2375,#1968,#1969);
#1626=AXIS2_PLACEMENT_3D('',#2379,#1972,#1973);
#1627=AXIS2_PLACEMENT_3D('',#2383,#1976,#1977);
#1628=AXIS2_PLACEMENT_3D('',#2401,#1987,#1988);
#1629=AXIS2_PLACEMENT_3D('',#2402,#1989,#1990);
#1630=AXIS2_PLACEMENT_3D('',#2403,#1991,#1992);
#1631=AXIS2_PLACEMENT_3D('',#2404,#1993,#1994);
#1632=AXIS2_PLACEMENT_3D('',#2405,#1995,#1996);
#1633=AXIS2_PLACEMENT_3D('',#2406,#1997,#1998);
#1634=AXIS2_PLACEMENT_3D('',#2407,#1999,#2000);
#1635=AXIS2_PLACEMENT_3D('',#2413,#2004,#2005);
#1636=AXIS2_PLACEMENT_3D('',#2425,#2012,#2013);
#1637=AXIS2_PLACEMENT_3D('',#2431,#2017,#2018);
#1638=AXIS2_PLACEMENT_3D('',#2435,#2021,#2022);
#1639=AXIS2_PLACEMENT_3D('',#2439,#2025,#2026);
#1640=AXIS2_PLACEMENT_3D('',#2443,#2029,#2030);
#1641=AXIS2_PLACEMENT_3D('',#2445,#2032,#2033);
#1642=AXIS2_PLACEMENT_3D('',#2447,#2035,#2036);
#1643=DIRECTION('axis',(0.,0.,1.));
#1644=DIRECTION('refdir',(1.,0.,0.));
#1645=DIRECTION('center_axis',(-1.,-3.55271355417267E-15,-1.01489187424401E-12));
#1646=DIRECTION('ref_axis',(-3.55271367880049E-15,1.,1.22799112945973E-10));
#1647=DIRECTION('',(3.55271355417273E-15,-1.,-5.20417042793042E-17));
#1648=DIRECTION('',(1.01489187424401E-12,0.,-1.));
#1649=DIRECTION('',(-3.55271355417267E-15,1.,0.));
#1650=DIRECTION('',(1.01489187424401E-12,0.,-1.));
#1651=DIRECTION('center_axis',(-3.7007433878445E-15,-1.,-3.75585439298563E-27));
#1652=DIRECTION('ref_axis',(-1.,3.7007433878445E-15,0.));
#1653=DIRECTION('',(1.,-3.7007433878445E-15,-1.92592993003794E-31));
#1654=DIRECTION('',(-1.,3.7007433878445E-15,0.));
#1655=DIRECTION('',(1.01489187424401E-12,0.,-1.));
#1656=DIRECTION('center_axis',(1.,3.55271367880049E-15,1.01489187424401E-12));
#1657=DIRECTION('ref_axis',(3.55271367880049E-15,-1.,0.));
#1658=DIRECTION('',(-3.55271367880055E-15,1.,5.20417042793042E-17));
#1659=DIRECTION('',(3.55271367880049E-15,-1.,0.));
#1660=DIRECTION('',(1.01489187424401E-12,0.,-1.));
#1661=DIRECTION('center_axis',(3.70074341541719E-16,1.,3.75585442096893E-28));
#1662=DIRECTION('ref_axis',(1.,-3.70074341541719E-16,1.01481693959231E-12));
#1663=DIRECTION('',(-1.,3.70074341541719E-16,1.92592994438724E-32));
#1664=DIRECTION('',(1.,-3.70074341541719E-16,0.));
#1665=DIRECTION('center_axis',(3.70074341541719E-16,1.,3.75585442096893E-28));
#1666=DIRECTION('ref_axis',(1.,-3.70074341541719E-16,1.01481693959231E-12));
#1667=DIRECTION('',(-1.,3.70074341541719E-16,1.92592994438724E-32));
#1668=DIRECTION('',(1.01489187424401E-12,0.,-1.));
#1669=DIRECTION('',(1.,-3.70074341541719E-16,0.));
#1670=DIRECTION('',(1.01489187424401E-12,0.,-1.));
#1671=DIRECTION('center_axis',(-1.,3.55271367880049E-15,-1.01489187424401E-12));
#1672=DIRECTION('ref_axis',(3.55271367880049E-15,1.,0.));
#1673=DIRECTION('',(-3.55271367880044E-15,-1.,-5.20417042793042E-17));
#1674=DIRECTION('',(3.55271367880049E-15,1.,0.));
#1675=DIRECTION('',(1.01489187424401E-12,0.,-1.));
#1676=DIRECTION('center_axis',(-3.7007433878445E-15,-1.,-3.75585439298563E-27));
#1677=DIRECTION('ref_axis',(-1.,3.7007433878445E-15,0.));
#1678=DIRECTION('',(1.,-3.7007433878445E-15,-1.92592993003794E-31));
#1679=DIRECTION('',(-1.,3.7007433878445E-15,0.));
#1680=DIRECTION('',(1.01489187424401E-12,0.,-1.));
#1681=DIRECTION('center_axis',(1.,-3.55271380342832E-15,1.01489187424401E-12));
#1682=DIRECTION('ref_axis',(-3.55271367880049E-15,-1.,-1.22799112945973E-10));
#1683=DIRECTION('',(3.55271380342826E-15,1.,5.20417042793042E-17));
#1684=DIRECTION('',(-3.55271380342832E-15,-1.,0.));
#1685=DIRECTION('center_axis',(-3.08395282320375E-17,1.,-3.12987866082136E-29));
#1686=DIRECTION('ref_axis',(1.,3.08395282320375E-17,0.));
#1687=DIRECTION('',(-1.,-3.08395282320375E-17,-1.60494160836495E-33));
#1688=DIRECTION('',(1.01489187424401E-12,0.,-1.));
#1689=DIRECTION('',(1.,3.08395282320375E-17,0.));
#1690=DIRECTION('',(1.01489187424401E-12,0.,-1.));
#1691=DIRECTION('center_axis',(-1.,-1.24627821893241E-22,-1.01489187424401E-12));
#1692=DIRECTION('ref_axis',(0.,1.,-1.22799112945973E-10));
#1693=DIRECTION('',(1.24627874709944E-22,-1.,-5.20417042793042E-17));
#1694=DIRECTION('',(-1.24627821893241E-22,1.,0.));
#1695=DIRECTION('',(1.01489187424401E-12,0.,-1.));
#1696=DIRECTION('center_axis',(-2.77555754088338E-16,-1.,-2.81689079473923E-28));
#1697=DIRECTION('ref_axis',(-1.,2.77555754088338E-16,-1.62432691214264E-12));
#1698=DIRECTION('',(1.,-2.77555754088338E-16,-1.44444744752846E-32));
#1699=DIRECTION('',(-1.,2.77555754088338E-16,0.));
#1700=DIRECTION('',(1.01489187424401E-12,0.,-1.));
#1701=DIRECTION('center_axis',(1.,0.,1.01489187424401E-12));
#1702=DIRECTION('ref_axis',(0.,-1.,0.));
#1703=DIRECTION('',(-5.28167027948756E-29,1.,5.20417042793042E-17));
#1704=DIRECTION('',(0.,-1.,0.));
#1705=DIRECTION('center_axis',(1.,1.24627821893241E-22,1.01489187424401E-12));
#1706=DIRECTION('ref_axis',(0.,-1.,1.22799112945973E-10));
#1707=DIRECTION('',(-1.24627874709944E-22,1.,5.20417042793042E-17));
#1708=DIRECTION('',(1.01489187424401E-12,0.,-1.));
#1709=DIRECTION('',(1.24627821893241E-22,-1.,0.));
#1710=DIRECTION('',(1.01489187424401E-12,0.,-1.));
#1711=DIRECTION('center_axis',(0.,1.,0.));
#1712=DIRECTION('ref_axis',(1.,0.,6.46234853557053E-27));
#1713=DIRECTION('',(-1.,0.,0.));
#1714=DIRECTION('',(1.,0.,0.));
#1715=DIRECTION('',(1.01489187424401E-12,0.,-1.));
#1716=DIRECTION('center_axis',(-1.,-1.31171700345664E-38,-1.01489187424401E-12));
#1717=DIRECTION('ref_axis',(0.,1.,-1.29246970711411E-26));
#1718=DIRECTION('',(5.28167028079927E-29,-1.,-5.20417042793042E-17));
#1719=DIRECTION('',(-1.31171700345664E-38,1.,0.));
#1720=DIRECTION('',(1.01489187424401E-12,0.,-1.));
#1721=DIRECTION('center_axis',(0.,-1.,0.));
#1722=DIRECTION('ref_axis',(-1.,0.,-6.13995564729867E-11));
#1723=DIRECTION('',(1.,0.,0.));
#1724=DIRECTION('',(-1.,0.,0.));
#1725=DIRECTION('center_axis',(0.,0.,-1.));
#1726=DIRECTION('ref_axis',(1.,0.,0.));
#1727=DIRECTION('center_axis',(0.,0.,-1.));
#1728=DIRECTION('ref_axis',(1.,0.,0.));
#1729=DIRECTION('',(0.,0.,-1.));
#1730=DIRECTION('center_axis',(0.,-5.20417042793042E-17,1.));
#1731=DIRECTION('ref_axis',(1.,0.,0.));
#1732=DIRECTION('center_axis',(0.,0.,-1.));
#1733=DIRECTION('ref_axis',(1.,0.,0.));
#1734=DIRECTION('center_axis',(0.,0.,-1.));
#1735=DIRECTION('ref_axis',(1.,0.,0.));
#1736=DIRECTION('',(0.,0.,-1.));
#1737=DIRECTION('center_axis',(0.,-5.20417042793042E-17,1.));
#1738=DIRECTION('ref_axis',(1.,0.,0.));
#1739=DIRECTION('center_axis',(0.,0.,-1.));
#1740=DIRECTION('ref_axis',(1.,0.,0.));
#1741=DIRECTION('center_axis',(0.,0.,-1.));
#1742=DIRECTION('ref_axis',(1.,0.,0.));
#1743=DIRECTION('',(0.,0.,-1.));
#1744=DIRECTION('center_axis',(0.,-5.20417042793042E-17,1.));
#1745=DIRECTION('ref_axis',(1.,0.,0.));
#1746=DIRECTION('center_axis',(0.,0.,-1.));
#1747=DIRECTION('ref_axis',(1.,0.,0.));
#1748=DIRECTION('center_axis',(0.,0.,-1.));
#1749=DIRECTION('ref_axis',(1.,0.,0.));
#1750=DIRECTION('',(0.,0.,-1.));
#1751=DIRECTION('center_axis',(0.,-5.20417042793042E-17,1.));
#1752=DIRECTION('ref_axis',(1.,0.,0.));
#1753=DIRECTION('center_axis',(0.,0.,-1.));
#1754=DIRECTION('ref_axis',(1.,0.,0.));
#1755=DIRECTION('center_axis',(0.,0.,-1.));
#1756=DIRECTION('ref_axis',(1.,0.,0.));
#1757=DIRECTION('',(0.,0.,-1.));
#1758=DIRECTION('center_axis',(0.,-5.20417042793042E-17,1.));
#1759=DIRECTION('ref_axis',(1.,0.,0.));
#1760=DIRECTION('center_axis',(0.,0.,-1.));
#1761=DIRECTION('ref_axis',(1.,0.,0.));
#1762=DIRECTION('center_axis',(0.,0.,-1.));
#1763=DIRECTION('ref_axis',(1.,0.,0.));
#1764=DIRECTION('',(0.,0.,-1.));
#1765=DIRECTION('center_axis',(0.,-5.20417042793042E-17,1.));
#1766=DIRECTION('ref_axis',(1.,0.,0.));
#1767=DIRECTION('center_axis',(0.,0.,-1.));
#1768=DIRECTION('ref_axis',(1.,0.,0.));
#1769=DIRECTION('center_axis',(0.,0.,-1.));
#1770=DIRECTION('ref_axis',(1.,0.,0.));
#1771=DIRECTION('',(0.,0.,-1.));
#1772=DIRECTION('center_axis',(0.,-5.20417042793042E-17,1.));
#1773=DIRECTION('ref_axis',(1.,0.,0.));
#1774=DIRECTION('center_axis',(0.,0.,-1.));
#1775=DIRECTION('ref_axis',(1.,0.,0.));
#1776=DIRECTION('center_axis',(0.,0.,-1.));
#1777=DIRECTION('ref_axis',(1.,0.,0.));
#1778=DIRECTION('',(0.,0.,-1.));
#1779=DIRECTION('center_axis',(0.,-5.20417042793042E-17,1.));
#1780=DIRECTION('ref_axis',(1.,0.,0.));
#1781=DIRECTION('center_axis',(0.,0.,-1.));
#1782=DIRECTION('ref_axis',(1.,0.,0.));
#1783=DIRECTION('center_axis',(0.,0.,-1.));
#1784=DIRECTION('ref_axis',(1.,0.,0.));
#1785=DIRECTION('',(0.,0.,-1.));
#1786=DIRECTION('center_axis',(0.,-5.20417042793042E-17,1.));
#1787=DIRECTION('ref_axis',(1.,0.,0.));
#1788=DIRECTION('center_axis',(0.,0.,-1.));
#1789=DIRECTION('ref_axis',(1.,0.,0.));
#1790=DIRECTION('center_axis',(0.,0.,-1.));
#1791=DIRECTION('ref_axis',(1.,0.,0.));
#1792=DIRECTION('',(0.,0.,-1.));
#1793=DIRECTION('center_axis',(0.,-5.20417042793042E-17,1.));
#1794=DIRECTION('ref_axis',(1.,0.,0.));
#1795=DIRECTION('center_axis',(0.,0.,-1.));
#1796=DIRECTION('ref_axis',(1.,0.,0.));
#1797=DIRECTION('center_axis',(0.,0.,-1.));
#1798=DIRECTION('ref_axis',(1.,0.,0.));
#1799=DIRECTION('',(0.,0.,-1.));
#1800=DIRECTION('center_axis',(0.,-5.20417042793042E-17,1.));
#1801=DIRECTION('ref_axis',(1.,0.,0.));
#1802=DIRECTION('center_axis',(0.,0.,-1.));
#1803=DIRECTION('ref_axis',(1.,0.,0.));
#1804=DIRECTION('center_axis',(0.,0.,-1.));
#1805=DIRECTION('ref_axis',(1.,0.,0.));
#1806=DIRECTION('',(0.,0.,-1.));
#1807=DIRECTION('center_axis',(0.,-5.20417042793042E-17,1.));
#1808=DIRECTION('ref_axis',(1.,0.,0.));
#1809=DIRECTION('center_axis',(0.,0.,-1.));
#1810=DIRECTION('ref_axis',(1.,0.,0.));
#1811=DIRECTION('center_axis',(0.,0.,-1.));
#1812=DIRECTION('ref_axis',(1.,0.,0.));
#1813=DIRECTION('',(0.,0.,-1.));
#1814=DIRECTION('center_axis',(0.,-5.20417042793042E-17,1.));
#1815=DIRECTION('ref_axis',(1.,0.,0.));
#1816=DIRECTION('center_axis',(0.,0.,-1.));
#1817=DIRECTION('ref_axis',(1.,0.,0.));
#1818=DIRECTION('center_axis',(0.,0.,-1.));
#1819=DIRECTION('ref_axis',(1.,0.,0.));
#1820=DIRECTION('',(0.,0.,-1.));
#1821=DIRECTION('center_axis',(0.,-5.20417042793042E-17,1.));
#1822=DIRECTION('ref_axis',(1.,0.,0.));
#1823=DIRECTION('center_axis',(0.,0.,-1.));
#1824=DIRECTION('ref_axis',(1.,0.,0.));
#1825=DIRECTION('center_axis',(0.,0.,-1.));
#1826=DIRECTION('ref_axis',(1.,0.,0.));
#1827=DIRECTION('',(0.,0.,-1.));
#1828=DIRECTION('center_axis',(0.,-5.20417042793042E-17,1.));
#1829=DIRECTION('ref_axis',(1.,0.,0.));
#1830=DIRECTION('center_axis',(0.,0.,-1.));
#1831=DIRECTION('ref_axis',(1.,0.,0.));
#1832=DIRECTION('center_axis',(0.,0.,-1.));
#1833=DIRECTION('ref_axis',(1.,0.,0.));
#1834=DIRECTION('',(0.,0.,-1.));
#1835=DIRECTION('center_axis',(0.,-5.20417042793042E-17,1.));
#1836=DIRECTION('ref_axis',(1.,0.,0.));
#1837=DIRECTION('center_axis',(0.,0.,-1.));
#1838=DIRECTION('ref_axis',(1.,0.,0.));
#1839=DIRECTION('center_axis',(0.,0.,-1.));
#1840=DIRECTION('ref_axis',(1.,0.,0.));
#1841=DIRECTION('',(0.,0.,-1.));
#1842=DIRECTION('center_axis',(0.,-5.20417042793042E-17,1.));
#1843=DIRECTION('ref_axis',(1.,0.,0.));
#1844=DIRECTION('center_axis',(0.,0.,-1.));
#1845=DIRECTION('ref_axis',(1.,0.,0.));
#1846=DIRECTION('center_axis',(0.,0.,-1.));
#1847=DIRECTION('ref_axis',(1.,0.,0.));
#1848=DIRECTION('',(0.,0.,-1.));
#1849=DIRECTION('center_axis',(0.,-5.20417042793042E-17,1.));
#1850=DIRECTION('ref_axis',(1.,0.,0.));
#1851=DIRECTION('center_axis',(0.,0.,-1.));
#1852=DIRECTION('ref_axis',(0.707106781186547,0.707106781186548,0.));
#1853=DIRECTION('center_axis',(0.,0.,1.));
#1854=DIRECTION('ref_axis',(0.707106781186548,-0.707106781186547,0.));
#1855=DIRECTION('',(0.,0.,-1.));
#1856=DIRECTION('center_axis',(0.,5.20417042793042E-17,-1.));
#1857=DIRECTION('ref_axis',(0.707106781186547,0.707106781186548,0.));
#1858=DIRECTION('',(0.,0.,1.));
#1859=DIRECTION('center_axis',(0.,1.,0.));
#1860=DIRECTION('ref_axis',(1.,0.,0.));
#1861=DIRECTION('',(1.,0.,0.));
#1862=DIRECTION('',(0.,0.,1.));
#1863=DIRECTION('',(-1.,0.,0.));
#1864=DIRECTION('center_axis',(0.,0.,-1.));
#1865=DIRECTION('ref_axis',(-0.707106781186547,-0.707106781186548,0.));
#1866=DIRECTION('center_axis',(0.,0.,1.));
#1867=DIRECTION('ref_axis',(-0.707106781186547,0.707106781186548,0.));
#1868=DIRECTION('',(0.,0.,-1.));
#1869=DIRECTION('center_axis',(0.,5.20417042793042E-17,-1.));
#1870=DIRECTION('ref_axis',(-0.707106781186547,-0.707106781186548,0.));
#1871=DIRECTION('center_axis',(0.,-1.,0.));
#1872=DIRECTION('ref_axis',(-1.,0.,0.));
#1873=DIRECTION('',(1.,0.,0.));
#1874=DIRECTION('',(-1.,0.,0.));
#1875=DIRECTION('center_axis',(-0.865148735111801,-0.501515369788854,0.));
#1876=DIRECTION('ref_axis',(0.501515369788854,-0.865148735111801,0.));
#1877=DIRECTION('',(0.501515369788854,-0.865148735111801,-4.50238146303024E-17));
#1878=DIRECTION('',(0.,0.,1.));
#1879=DIRECTION('',(0.501515369788854,-0.865148735111801,0.));
#1880=DIRECTION('',(0.,0.,1.));
#1881=DIRECTION('center_axis',(0.00175068306959455,-0.999998467553221,0.));
#1882=DIRECTION('ref_axis',(0.999998467553221,0.00175068306959455,0.));
#1883=DIRECTION('',(0.999998467553221,0.00175068306959455,9.11085305946241E-20));
#1884=DIRECTION('',(0.999998467553221,0.00175068306959455,0.));
#1885=DIRECTION('',(0.,0.,1.));
#1886=DIRECTION('center_axis',(0.866899418181395,-0.498483097764366,0.));
#1887=DIRECTION('ref_axis',(0.498483097764366,0.866899418181395,0.));
#1888=DIRECTION('',(0.498483097764366,0.866899418181395,4.5114923160897E-17));
#1889=DIRECTION('',(0.498483097764366,0.866899418181395,0.));
#1890=DIRECTION('',(0.,0.,1.));
#1891=DIRECTION('center_axis',(0.865148735111803,0.501515369788851,0.));
#1892=DIRECTION('ref_axis',(-0.501515369788851,0.865148735111803,0.));
#1893=DIRECTION('',(-0.501515369788851,0.865148735111803,4.50238146303025E-17));
#1894=DIRECTION('',(-0.501515369788851,0.865148735111803,0.));
#1895=DIRECTION('',(0.,0.,-1.));
#1896=DIRECTION('center_axis',(-0.866899418181397,0.498483097764362,0.));
#1897=DIRECTION('ref_axis',(-0.498483097764362,-0.866899418181397,0.));
#1898=DIRECTION('',(-0.498483097764362,-0.866899418181397,-4.51149231608972E-17));
#1899=DIRECTION('',(0.,0.,1.));
#1900=DIRECTION('',(-0.498483097764362,-0.866899418181397,0.));
#1901=DIRECTION('center_axis',(-0.00175068306959455,0.999998467553221,0.));
#1902=DIRECTION('ref_axis',(-0.999998467553221,-0.00175068306959455,0.));
#1903=DIRECTION('',(-0.999998467553221,-0.00175068306959455,-9.11085305946241E-20));
#1904=DIRECTION('',(-0.999998467553221,-0.00175068306959455,0.));
#1905=DIRECTION('center_axis',(0.,0.,1.));
#1906=DIRECTION('ref_axis',(1.,0.,0.));
#1907=DIRECTION('center_axis',(0.,0.,-1.));
#1908=DIRECTION('ref_axis',(-1.,0.,0.));
#1909=DIRECTION('center_axis',(0.865148735111802,-0.501515369788853,0.));
#1910=DIRECTION('ref_axis',(0.501515369788853,0.865148735111802,0.));
#1911=DIRECTION('',(0.501515369788853,0.865148735111802,4.50238146303025E-17));
#1912=DIRECTION('',(0.,0.,1.));
#1913=DIRECTION('',(0.501515369788853,0.865148735111802,0.));
#1914=DIRECTION('',(0.,0.,1.));
#1915=DIRECTION('center_axis',(0.866899418181395,0.498483097764367,0.));
#1916=DIRECTION('ref_axis',(-0.498483097764367,0.866899418181395,0.));
#1917=DIRECTION('',(-0.498483097764367,0.866899418181395,4.5114923160897E-17));
#1918=DIRECTION('',(-0.498483097764367,0.866899418181395,0.));
#1919=DIRECTION('',(0.,0.,1.));
#1920=DIRECTION('center_axis',(0.00175068306961184,0.999998467553221,0.));
#1921=DIRECTION('ref_axis',(-0.999998467553221,0.00175068306961184,0.));
#1922=DIRECTION('',(-0.999998467553221,0.00175068306961184,9.11085305955237E-20));
#1923=DIRECTION('',(-0.999998467553221,0.00175068306961184,0.));
#1924=DIRECTION('',(0.,0.,1.));
#1925=DIRECTION('center_axis',(-0.865148735111802,0.501515369788852,0.));
#1926=DIRECTION('ref_axis',(-0.501515369788852,-0.865148735111802,0.));
#1927=DIRECTION('',(-0.501515369788852,-0.865148735111802,-4.50238146303025E-17));
#1928=DIRECTION('',(-0.501515369788852,-0.865148735111802,0.));
#1929=DIRECTION('',(0.,0.,-1.));
#1930=DIRECTION('center_axis',(-0.0017506830695902,-0.999998467553221,0.));
#1931=DIRECTION('ref_axis',(0.999998467553221,-0.0017506830695902,0.));
#1932=DIRECTION('',(0.999998467553221,-0.0017506830695902,-9.11085305943975E-20));
#1933=DIRECTION('',(0.,0.,1.));
#1934=DIRECTION('',(0.999998467553221,-0.0017506830695902,0.));
#1935=DIRECTION('center_axis',(-0.866899418181394,-0.498483097764368,0.));
#1936=DIRECTION('ref_axis',(0.498483097764368,-0.866899418181394,0.));
#1937=DIRECTION('',(0.498483097764368,-0.866899418181394,-4.5114923160897E-17));
#1938=DIRECTION('',(0.498483097764368,-0.866899418181394,0.));
#1939=DIRECTION('center_axis',(0.,0.,1.));
#1940=DIRECTION('ref_axis',(1.,0.,0.));
#1941=DIRECTION('center_axis',(0.,0.,-1.));
#1942=DIRECTION('ref_axis',(-1.,0.,0.));
#1943=DIRECTION('center_axis',(0.,0.,1.));
#1944=DIRECTION('ref_axis',(-1.,0.,0.));
#1945=DIRECTION('',(0.,0.,1.));
#1946=DIRECTION('center_axis',(0.,0.,-1.));
#1947=DIRECTION('ref_axis',(-1.,0.,0.));
#1948=DIRECTION('center_axis',(0.,0.,1.));
#1949=DIRECTION('ref_axis',(-1.,0.,0.));
#1950=DIRECTION('',(0.,0.,1.));
#1951=DIRECTION('center_axis',(0.,0.,-1.));
#1952=DIRECTION('ref_axis',(-1.,0.,0.));
#1953=DIRECTION('center_axis',(0.,0.,1.));
#1954=DIRECTION('ref_axis',(0.,-1.,0.));
#1955=DIRECTION('',(1.,0.,0.));
#1956=DIRECTION('',(0.,-1.,0.));
#1957=DIRECTION('',(-1.,0.,0.));
#1958=DIRECTION('',(0.,1.,0.));
#1959=DIRECTION('',(1.,0.,0.));
#1960=DIRECTION('',(0.,1.,0.));
#1961=DIRECTION('',(1.,0.,0.));
#1962=DIRECTION('',(0.,-1.,0.));
#1963=DIRECTION('center_axis',(-1.,0.,0.));
#1964=DIRECTION('ref_axis',(0.,0.,1.));
#1965=DIRECTION('',(0.,0.,1.));
#1966=DIRECTION('',(0.,1.,0.));
#1967=DIRECTION('',(0.,0.,1.));
#1968=DIRECTION('center_axis',(0.,-1.,0.));
#1969=DIRECTION('ref_axis',(0.,0.,-1.));
#1970=DIRECTION('',(-1.,0.,0.));
#1971=DIRECTION('',(0.,0.,-1.));
#1972=DIRECTION('center_axis',(1.,0.,0.));
#1973=DIRECTION('ref_axis',(0.,0.,-1.));
#1974=DIRECTION('',(0.,0.,-1.));
#1975=DIRECTION('',(0.,-1.,0.));
#1976=DIRECTION('center_axis',(0.,0.,1.));
#1977=DIRECTION('ref_axis',(0.,-1.,0.));
#1978=DIRECTION('',(1.,0.,0.));
#1979=DIRECTION('',(0.,1.,0.));
#1980=DIRECTION('',(1.,0.,0.));
#1981=DIRECTION('',(0.,1.,0.));
#1982=DIRECTION('',(-1.,0.,0.));
#1983=DIRECTION('',(0.,-1.,0.));
#1984=DIRECTION('',(1.,0.,0.));
#1985=DIRECTION('',(0.,-1.,0.));
#1986=DIRECTION('',(1.,0.,0.));
#1987=DIRECTION('center_axis',(0.,1.,0.));
#1988=DIRECTION('ref_axis',(-1.83697019872103E-16,0.,1.));
#1989=DIRECTION('center_axis',(0.,-1.,0.));
#1990=DIRECTION('ref_axis',(1.,0.,0.));
#1991=DIRECTION('center_axis',(0.,1.,0.));
#1992=DIRECTION('ref_axis',(1.,0.,0.));
#1993=DIRECTION('center_axis',(0.,1.,0.));
#1994=DIRECTION('ref_axis',(6.12323399573676E-17,0.,1.));
#1995=DIRECTION('center_axis',(0.,1.,0.));
#1996=DIRECTION('ref_axis',(1.,0.,0.));
#1997=DIRECTION('center_axis',(0.,-1.,0.));
#1998=DIRECTION('ref_axis',(1.,0.,0.));
#1999=DIRECTION('center_axis',(0.,-1.,0.));
#2000=DIRECTION('ref_axis',(0.,0.,-1.));
#2001=DIRECTION('',(0.,0.,-1.));
#2002=DIRECTION('',(1.,0.,0.));
#2003=DIRECTION('',(0.,0.,1.));
#2004=DIRECTION('center_axis',(-1.,0.,0.));
#2005=DIRECTION('ref_axis',(0.,0.,1.));
#2006=DIRECTION('',(0.,1.,0.));
#2007=DIRECTION('',(0.,0.,-1.));
#2008=DIRECTION('',(0.,-1.,-5.20417042793042E-17));
#2009=DIRECTION('',(0.,0.,1.));
#2010=DIRECTION('',(0.,1.,0.));
#2011=DIRECTION('',(0.,0.,-1.));
#2012=DIRECTION('center_axis',(0.,1.,0.));
#2013=DIRECTION('ref_axis',(0.,0.,1.));
#2014=DIRECTION('',(-1.,0.,0.));
#2015=DIRECTION('',(0.,0.,1.));
#2016=DIRECTION('',(1.,0.,0.));
#2017=DIRECTION('center_axis',(0.,5.20417042793042E-17,-1.));
#2018=DIRECTION('ref_axis',(0.,1.,5.20417042793042E-17));
#2019=DIRECTION('',(0.,1.,5.20417042793042E-17));
#2020=DIRECTION('',(1.,0.,0.));
#2021=DIRECTION('center_axis',(0.,-1.,0.));
#2022=DIRECTION('ref_axis',(0.,0.,-1.));
#2023=DIRECTION('',(0.,0.,-1.));
#2024=DIRECTION('',(1.,0.,0.));
#2025=DIRECTION('center_axis',(0.,0.,1.));
#2026=DIRECTION('ref_axis',(0.,-1.,0.));
#2027=DIRECTION('',(0.,-1.,0.));
#2028=DIRECTION('',(1.,0.,0.));
#2029=DIRECTION('center_axis',(0.,1.,0.));
#2030=DIRECTION('ref_axis',(0.,0.,1.));
#2031=DIRECTION('',(0.,0.,1.));
#2032=DIRECTION('center_axis',(0.,0.,1.));
#2033=DIRECTION('ref_axis',(0.,-1.,0.));
#2034=DIRECTION('',(0.,-1.,0.));
#2035=DIRECTION('center_axis',(1.,0.,0.));
#2036=DIRECTION('ref_axis',(0.,0.,-1.));
#2037=CARTESIAN_POINT('',(0.,0.,0.));
#2038=CARTESIAN_POINT('Origin',(-30.0000005364418,47.0000013709067,-5.55519795457053E-10));
#2039=CARTESIAN_POINT('',(-30.0000005364368,52.0000013709067,-5.));
#2040=CARTESIAN_POINT('',(-30.0000005364367,47.0000013709067,-5.));
#2041=CARTESIAN_POINT('',(-30.0000005364367,21.0000006854533,-5.));
#2042=CARTESIAN_POINT('',(-30.0000005364418,52.0000013709067,5.84757692728134E-11));
#2043=CARTESIAN_POINT('',(-30.0000005364418,52.0000013709067,5.84757692728134E-11));
#2044=CARTESIAN_POINT('',(-30.0000005364418,47.0000013709067,-5.55519795457053E-10));
#2045=CARTESIAN_POINT('',(-30.000000536442,98.5000006854533,-8.56028112602073E-15));
#2046=CARTESIAN_POINT('',(-30.0000005364418,47.0000013709067,-5.55519795457053E-10));
#2047=CARTESIAN_POINT('Origin',(-20.0000005364418,47.0000007748603,1.16951538545627E-10));
#2048=CARTESIAN_POINT('',(-20.0000005364367,47.0000013709067,-5.));
#2049=CARTESIAN_POINT('',(-10.0000002682208,47.0000007748603,-5.));
#2050=CARTESIAN_POINT('',(-20.0000005364418,47.0000013709067,-5.55519795457053E-10));
#2051=CARTESIAN_POINT('',(-10.0000002682211,47.0000007748603,-8.56028112603688E-15));
#2052=CARTESIAN_POINT('',(-20.0000005364418,47.0000013709067,-5.55519795457053E-10));
#2053=CARTESIAN_POINT('Origin',(-20.0000005364418,52.0000013709067,-5.55519795457053E-10));
#2054=CARTESIAN_POINT('',(-20.0000005364368,52.0000013709067,-5.));
#2055=CARTESIAN_POINT('',(-20.0000005364367,23.5000006854533,-5.));
#2056=CARTESIAN_POINT('',(-20.0000005364418,52.0000013709067,-5.55519795457053E-10));
#2057=CARTESIAN_POINT('',(-20.000000536442,101.000000685453,-8.56028112605304E-15));
#2058=CARTESIAN_POINT('',(-20.0000005364418,52.0000013709067,-5.55519795457053E-10));
#2059=CARTESIAN_POINT('Origin',(-30.0000005364418,52.0000007748604,6.0889010931636E-12));
#2060=CARTESIAN_POINT('',(-15.0000002682209,52.0000007748604,-5.));
#2061=CARTESIAN_POINT('',(-15.0000002682209,52.0000007748604,-8.56028112603991E-15));
#2062=CARTESIAN_POINT('Origin',(20.0000005364418,52.0000007748604,5.68297491615598E-11));
#2063=CARTESIAN_POINT('',(30.0000005364469,52.0000013709067,-5.));
#2064=CARTESIAN_POINT('',(20.0000005364469,52.0000013709067,-5.));
#2065=CARTESIAN_POINT('',(10.0000002682209,52.0000007748604,-5.));
#2066=CARTESIAN_POINT('',(30.0000005364418,52.0000013709067,5.84757692728134E-11));
#2067=CARTESIAN_POINT('',(30.0000005364418,52.0000013709067,5.84757692728134E-11));
#2068=CARTESIAN_POINT('',(20.0000005364418,52.0000013709067,-5.55519795457053E-10));
#2069=CARTESIAN_POINT('',(10.0000002682209,52.0000007748604,-8.56028112604092E-15));
#2070=CARTESIAN_POINT('',(20.0000005364418,52.0000013709067,-5.55519795457053E-10));
#2071=CARTESIAN_POINT('Origin',(20.0000005364418,47.0000013709067,-5.55519795457053E-10));
#2072=CARTESIAN_POINT('',(20.0000005364469,47.0000013709067,-5.));
#2073=CARTESIAN_POINT('',(20.0000005364468,21.0000006854533,-5.));
#2074=CARTESIAN_POINT('',(20.0000005364418,47.0000013709067,-5.55519795457053E-10));
#2075=CARTESIAN_POINT('',(20.000000536442,98.5000006854533,-8.56028112605304E-15));
#2076=CARTESIAN_POINT('',(20.0000005364418,47.0000013709067,-5.55519795457053E-10));
#2077=CARTESIAN_POINT('Origin',(30.0000005364418,47.0000007748602,1.16951538545627E-10));
#2078=CARTESIAN_POINT('',(30.0000005364469,47.0000013709067,-5.));
#2079=CARTESIAN_POINT('',(15.000000268221,47.0000007748602,-5.));
#2080=CARTESIAN_POINT('',(30.0000005364418,47.0000013709067,-5.55519795457053E-10));
#2081=CARTESIAN_POINT('',(15.0000002682207,47.0000007748602,-8.56028112603688E-15));
#2082=CARTESIAN_POINT('',(30.0000005364418,47.0000013709067,-5.55519795457053E-10));
#2083=CARTESIAN_POINT('Origin',(30.0000005364418,52.0000013709067,5.84757692728134E-11));
#2084=CARTESIAN_POINT('',(30.0000005364468,23.5000006854533,-5.));
#2085=CARTESIAN_POINT('',(30.000000536442,101.000000685453,-8.56028112603688E-15));
#2086=CARTESIAN_POINT('Origin',(-30.0000005364418,17.0000007748604,1.16951538545627E-10));
#2087=CARTESIAN_POINT('',(-20.0000005364367,17.0000001788139,-5.));
#2088=CARTESIAN_POINT('',(-30.0000005364367,17.0000001788139,-5.));
#2089=CARTESIAN_POINT('',(-15.0000002682209,17.0000007748604,-5.));
#2090=CARTESIAN_POINT('',(-20.0000005364418,17.0000001788139,-5.55519795457053E-10));
#2091=CARTESIAN_POINT('',(-20.0000005364418,17.0000001788139,-5.55519795457053E-10));
#2092=CARTESIAN_POINT('',(-30.0000005364418,17.0000001788139,-5.55519795457053E-10));
#2093=CARTESIAN_POINT('',(-15.0000002682209,17.0000007748604,-8.56028112603688E-15));
#2094=CARTESIAN_POINT('',(-30.0000005364418,17.0000001788139,-5.55519795457053E-10));
#2095=CARTESIAN_POINT('Origin',(-30.0000005364418,12.0000001788139,5.84757692728134E-11));
#2096=CARTESIAN_POINT('',(-30.0000005364367,12.0000001788139,-5.));
#2097=CARTESIAN_POINT('',(-30.0000005364367,3.50000008940697,-5.));
#2098=CARTESIAN_POINT('',(-30.0000005364418,12.0000001788139,5.84757692728134E-11));
#2099=CARTESIAN_POINT('',(-30.0000005364418,81.000000089407,-8.56028112604092E-15));
#2100=CARTESIAN_POINT('',(-30.0000005364418,12.0000001788139,5.84757692728134E-11));
#2101=CARTESIAN_POINT('Origin',(-20.0000005364418,12.0000007748604,2.59892297229254E-11));
#2102=CARTESIAN_POINT('',(-20.0000005364367,12.0000001788139,-5.));
#2103=CARTESIAN_POINT('',(-10.0000002682209,12.0000007748604,-5.));
#2104=CARTESIAN_POINT('',(-20.0000005364418,12.0000001788139,-5.55519795457053E-10));
#2105=CARTESIAN_POINT('',(-10.0000002682209,12.0000007748604,-8.56028112604092E-15));
#2106=CARTESIAN_POINT('',(-20.0000005364418,12.0000001788139,-5.55519795457053E-10));
#2107=CARTESIAN_POINT('Origin',(-20.0000005364418,17.0000001788139,-5.55519795457053E-10));
#2108=CARTESIAN_POINT('',(-20.0000005364367,6.00000008940697,-5.));
#2109=CARTESIAN_POINT('',(-20.0000005364418,83.500000089407,-8.56028112605304E-15));
#2110=CARTESIAN_POINT('Origin',(30.0000005364418,17.0000001788139,-5.55519795457053E-10));
#2111=CARTESIAN_POINT('',(30.0000005364468,12.0000001788139,-5.));
#2112=CARTESIAN_POINT('',(30.0000005364468,17.0000001788139,-5.));
#2113=CARTESIAN_POINT('',(30.0000005364468,6.00000008940697,-5.));
#2114=CARTESIAN_POINT('',(30.0000005364418,12.0000001788139,5.84757692728135E-11));
#2115=CARTESIAN_POINT('',(30.0000005364418,12.0000001788139,5.84757692728135E-11));
#2116=CARTESIAN_POINT('',(30.0000005364418,17.0000001788139,-5.55519795457053E-10));
#2117=CARTESIAN_POINT('',(30.0000005364418,83.500000089407,-8.56028112605304E-15));
#2118=CARTESIAN_POINT('',(30.0000005364418,17.0000001788139,-5.55519795457053E-10));
#2119=CARTESIAN_POINT('Origin',(20.0000005364418,17.0000001788139,-5.55519795457053E-10));
#2120=CARTESIAN_POINT('',(20.0000005364468,17.0000001788139,-5.));
#2121=CARTESIAN_POINT('',(10.0000002682209,17.0000001788139,-5.));
#2122=CARTESIAN_POINT('',(20.0000005364418,17.0000001788139,-5.55519795457053E-10));
#2123=CARTESIAN_POINT('',(10.0000002682209,17.0000001788139,-8.56028112605304E-15));
#2124=CARTESIAN_POINT('',(20.0000005364418,17.0000001788139,-5.55519795457053E-10));
#2125=CARTESIAN_POINT('Origin',(20.0000005364418,12.0000001788139,-5.55519795457053E-10));
#2126=CARTESIAN_POINT('',(20.0000005364468,12.0000001788139,-5.));
#2127=CARTESIAN_POINT('',(20.0000005364468,3.50000008940697,-5.));
#2128=CARTESIAN_POINT('',(20.0000005364418,12.0000001788139,-5.55519795457053E-10));
#2129=CARTESIAN_POINT('',(20.0000005364418,81.000000089407,-8.56028112605304E-15));
#2130=CARTESIAN_POINT('',(20.0000005364418,12.0000001788139,-5.55519795457053E-10));
#2131=CARTESIAN_POINT('Origin',(30.0000005364418,12.0000001788139,5.84757692728135E-11));
#2132=CARTESIAN_POINT('',(15.0000002682209,12.0000001788139,-5.));
#2133=CARTESIAN_POINT('',(15.0000002682209,12.0000001788139,-8.56028112604092E-15));
#2134=CARTESIAN_POINT('Origin',(33.,139.3,-3.5));
#2135=CARTESIAN_POINT('',(31.75,139.3,-8.32667268468867E-15));
#2136=CARTESIAN_POINT('Origin',(33.,139.3,-8.32667268468867E-15));
#2137=CARTESIAN_POINT('',(31.75,139.3,-5.));
#2138=CARTESIAN_POINT('',(31.75,139.3,-3.5));
#2139=CARTESIAN_POINT('Origin',(33.,139.3,-5.));
#2140=CARTESIAN_POINT('Origin',(-33.,93.3,-3.5));
#2141=CARTESIAN_POINT('',(-34.25,93.3,-8.32667268468867E-15));
#2142=CARTESIAN_POINT('Origin',(-33.,93.3,-8.32667268468867E-15));
#2143=CARTESIAN_POINT('',(-34.25,93.3,-5.));
#2144=CARTESIAN_POINT('',(-34.25,93.3,-3.5));
#2145=CARTESIAN_POINT('Origin',(-33.,93.3,-5.));
#2146=CARTESIAN_POINT('Origin',(-33.,139.3,-3.5));
#2147=CARTESIAN_POINT('',(-34.25,139.3,-8.32667268468867E-15));
#2148=CARTESIAN_POINT('Origin',(-33.,139.3,-8.32667268468867E-15));
#2149=CARTESIAN_POINT('',(-34.25,139.3,-5.));
#2150=CARTESIAN_POINT('',(-34.25,139.3,-3.5));
#2151=CARTESIAN_POINT('Origin',(-33.,139.3,-5.));
#2152=CARTESIAN_POINT('Origin',(33.,93.3,-3.5));
#2153=CARTESIAN_POINT('',(31.75,93.3,-8.32667268468867E-15));
#2154=CARTESIAN_POINT('Origin',(33.,93.3,-8.32667268468867E-15));
#2155=CARTESIAN_POINT('',(31.75,93.3,-5.));
#2156=CARTESIAN_POINT('',(31.75,93.3,-3.5));
#2157=CARTESIAN_POINT('Origin',(33.,93.3,-5.));
#2158=CARTESIAN_POINT('Origin',(-15.,6.5,-10.));
#2159=CARTESIAN_POINT('',(-16.625,6.5,-8.88178419700125E-15));
#2160=CARTESIAN_POINT('Origin',(-15.,6.5,-8.88178419700125E-15));
#2161=CARTESIAN_POINT('',(-16.625,6.5,-5.));
#2162=CARTESIAN_POINT('',(-16.625,6.5,-10.));
#2163=CARTESIAN_POINT('Origin',(-15.,6.5,-5.));
#2164=CARTESIAN_POINT('Origin',(15.,30.5,-10.));
#2165=CARTESIAN_POINT('',(13.375,30.5,-8.88178419700125E-15));
#2166=CARTESIAN_POINT('Origin',(15.,30.5,-8.88178419700125E-15));
#2167=CARTESIAN_POINT('',(13.375,30.5,-5.));
#2168=CARTESIAN_POINT('',(13.375,30.5,-10.));
#2169=CARTESIAN_POINT('Origin',(15.,30.5,-5.));
#2170=CARTESIAN_POINT('Origin',(-18.25,134.55,-10.));
#2171=CARTESIAN_POINT('',(-19.875,134.55,-8.88178419700125E-15));
#2172=CARTESIAN_POINT('Origin',(-18.25,134.55,-8.88178419700125E-15));
#2173=CARTESIAN_POINT('',(-19.875,134.55,-5.));
#2174=CARTESIAN_POINT('',(-19.875,134.55,-10.));
#2175=CARTESIAN_POINT('Origin',(-18.25,134.55,-5.));
#2176=CARTESIAN_POINT('Origin',(18.25,98.05,-10.));
#2177=CARTESIAN_POINT('',(16.625,98.05,-8.88178419700125E-15));
#2178=CARTESIAN_POINT('Origin',(18.25,98.05,-8.88178419700125E-15));
#2179=CARTESIAN_POINT('',(16.625,98.05,-5.));
#2180=CARTESIAN_POINT('',(16.625,98.05,-10.));
#2181=CARTESIAN_POINT('Origin',(18.25,98.05,-5.));
#2182=CARTESIAN_POINT('Origin',(6.75000000000002,90.5,-10.));
#2183=CARTESIAN_POINT('',(5.12500000000002,90.5,-8.88178419700125E-15));
#2184=CARTESIAN_POINT('Origin',(6.75000000000002,90.5,-8.88178419700125E-15));
#2185=CARTESIAN_POINT('',(5.12500000000002,90.5,-5.));
#2186=CARTESIAN_POINT('',(5.12500000000002,90.5,-10.));
#2187=CARTESIAN_POINT('Origin',(6.75000000000002,90.5,-5.));
#2188=CARTESIAN_POINT('Origin',(20.1733937586588,67.25,-10.));
#2189=CARTESIAN_POINT('',(18.5483937586588,67.25,-8.88178419700125E-15));
#2190=CARTESIAN_POINT('Origin',(20.1733937586588,67.25,-8.88178419700125E-15));
#2191=CARTESIAN_POINT('',(18.5483937586588,67.25,-5.));
#2192=CARTESIAN_POINT('',(18.5483937586588,67.25,-10.));
#2193=CARTESIAN_POINT('Origin',(20.1733937586588,67.25,-5.));
#2194=CARTESIAN_POINT('Origin',(-6.6733937586588,67.25,-10.));
#2195=CARTESIAN_POINT('',(-8.2983937586588,67.25,-8.88178419700125E-15));
#2196=CARTESIAN_POINT('Origin',(-6.6733937586588,67.25,-8.88178419700125E-15));
#2197=CARTESIAN_POINT('',(-8.2983937586588,67.25,-5.));
#2198=CARTESIAN_POINT('',(-8.2983937586588,67.25,-10.));
#2199=CARTESIAN_POINT('Origin',(-6.6733937586588,67.25,-5.));
#2200=CARTESIAN_POINT('Origin',(6.74999999999999,59.5,-10.));
#2201=CARTESIAN_POINT('',(5.12499999999999,59.5,-8.88178419700125E-15));
#2202=CARTESIAN_POINT('Origin',(6.74999999999999,59.5,-8.88178419700125E-15));
#2203=CARTESIAN_POINT('',(5.12499999999999,59.5,-5.));
#2204=CARTESIAN_POINT('',(5.12499999999999,59.5,-10.));
#2205=CARTESIAN_POINT('Origin',(6.74999999999999,59.5,-5.));
#2206=CARTESIAN_POINT('Origin',(-6.6733937586588,82.75,-10.));
#2207=CARTESIAN_POINT('',(-8.2983937586588,82.75,-8.88178419700125E-15));
#2208=CARTESIAN_POINT('Origin',(-6.6733937586588,82.75,-8.88178419700125E-15));
#2209=CARTESIAN_POINT('',(-8.2983937586588,82.75,-5.));
#2210=CARTESIAN_POINT('',(-8.2983937586588,82.75,-10.));
#2211=CARTESIAN_POINT('Origin',(-6.6733937586588,82.75,-5.));
#2212=CARTESIAN_POINT('Origin',(20.1733937586588,82.75,-10.));
#2213=CARTESIAN_POINT('',(18.5483937586588,82.75,-8.88178419700125E-15));
#2214=CARTESIAN_POINT('Origin',(20.1733937586588,82.75,-8.88178419700125E-15));
#2215=CARTESIAN_POINT('',(18.5483937586588,82.75,-5.));
#2216=CARTESIAN_POINT('',(18.5483937586588,82.75,-10.));
#2217=CARTESIAN_POINT('Origin',(20.1733937586588,82.75,-5.));
#2218=CARTESIAN_POINT('Origin',(-18.25,98.05,-10.));
#2219=CARTESIAN_POINT('',(-19.875,98.05,-8.88178419700125E-15));
#2220=CARTESIAN_POINT('Origin',(-18.25,98.05,-8.88178419700125E-15));
#2221=CARTESIAN_POINT('',(-19.875,98.05,-5.));
#2222=CARTESIAN_POINT('',(-19.875,98.05,-10.));
#2223=CARTESIAN_POINT('Origin',(-18.25,98.05,-5.));
#2224=CARTESIAN_POINT('Origin',(18.25,134.55,-10.));
#2225=CARTESIAN_POINT('',(16.625,134.55,-8.88178419700125E-15));
#2226=CARTESIAN_POINT('Origin',(18.25,134.55,-8.88178419700125E-15));
#2227=CARTESIAN_POINT('',(16.625,134.55,-5.));
#2228=CARTESIAN_POINT('',(16.625,134.55,-10.));
#2229=CARTESIAN_POINT('Origin',(18.25,134.55,-5.));
#2230=CARTESIAN_POINT('Origin',(-15.,30.5,-10.));
#2231=CARTESIAN_POINT('',(-16.625,30.5,-8.88178419700125E-15));
#2232=CARTESIAN_POINT('Origin',(-15.,30.5,-8.88178419700125E-15));
#2233=CARTESIAN_POINT('',(-16.625,30.5,-5.));
#2234=CARTESIAN_POINT('',(-16.625,30.5,-10.));
#2235=CARTESIAN_POINT('Origin',(-15.,30.5,-5.));
#2236=CARTESIAN_POINT('Origin',(15.,6.5,-10.));
#2237=CARTESIAN_POINT('',(13.375,6.5,-8.88178419700125E-15));
#2238=CARTESIAN_POINT('Origin',(15.,6.5,-8.88178419700125E-15));
#2239=CARTESIAN_POINT('',(13.375,6.5,-5.));
#2240=CARTESIAN_POINT('',(13.375,6.5,-10.));
#2241=CARTESIAN_POINT('Origin',(15.,6.5,-5.));
#2242=CARTESIAN_POINT('Origin',(13.75,75.,0.));
#2243=CARTESIAN_POINT('',(13.75,68.5,-8.56028112604E-15));
#2244=CARTESIAN_POINT('',(13.75,81.5,-8.56028112604E-15));
#2245=CARTESIAN_POINT('Origin',(13.75,75.,-8.56028112604E-15));
#2246=CARTESIAN_POINT('',(13.75,81.5,-5.));
#2247=CARTESIAN_POINT('',(13.75,81.5,0.));
#2248=CARTESIAN_POINT('',(13.75,68.5,-5.));
#2249=CARTESIAN_POINT('Origin',(13.75,75.,-5.));
#2250=CARTESIAN_POINT('',(13.75,68.5,0.));
#2251=CARTESIAN_POINT('Origin',(-6.75000000000001,81.5,0.));
#2252=CARTESIAN_POINT('',(-0.250000000000007,81.5,-8.56028112604E-15));
#2253=CARTESIAN_POINT('',(-3.375,81.5,-8.56028112604E-15));
#2254=CARTESIAN_POINT('',(-0.250000000000007,81.5,-5.));
#2255=CARTESIAN_POINT('',(-0.250000000000007,81.5,0.));
#2256=CARTESIAN_POINT('',(-3.375,81.5,-5.));
#2257=CARTESIAN_POINT('Origin',(-0.250000000000008,75.,0.));
#2258=CARTESIAN_POINT('',(-0.250000000000008,68.5,-8.56028112604E-15));
#2259=CARTESIAN_POINT('Origin',(-0.250000000000007,75.,-8.56028112604E-15));
#2260=CARTESIAN_POINT('',(-0.250000000000008,68.5,-5.));
#2261=CARTESIAN_POINT('',(-0.250000000000008,68.5,0.));
#2262=CARTESIAN_POINT('Origin',(-0.250000000000008,75.,-5.));
#2263=CARTESIAN_POINT('Origin',(20.25,68.5,0.));
#2264=CARTESIAN_POINT('',(10.125,68.5,-5.));
#2265=CARTESIAN_POINT('',(10.125,68.5,-8.56028112604E-15));
#2266=CARTESIAN_POINT('Origin',(16.3507591117875,148.260809160775,0.));
#2267=CARTESIAN_POINT('',(16.3507591117875,148.260809160775,-4.99999999999999));
#2268=CARTESIAN_POINT('',(18.4065643514148,144.714402789523,-4.99999999999999));
#2269=CARTESIAN_POINT('',(47.5433195356742,94.4514828245041,-4.99999999999999));
#2270=CARTESIAN_POINT('',(16.3507591117875,148.260809160775,12.));
#2271=CARTESIAN_POINT('',(16.3507591117875,148.260809160775,0.));
#2272=CARTESIAN_POINT('',(18.4065643514148,144.714402789523,12.));
#2273=CARTESIAN_POINT('',(16.3507591117875,148.260809160775,12.));
#2274=CARTESIAN_POINT('',(18.4065643514148,144.714402789523,0.));
#2275=CARTESIAN_POINT('Origin',(18.4065643514148,144.714402789523,0.));
#2276=CARTESIAN_POINT('',(22.5057449808754,144.721579166648,-4.99999999999999));
#2277=CARTESIAN_POINT('',(9.07225934847607,144.698061354746,-4.99999999999999));
#2278=CARTESIAN_POINT('',(22.5057449808754,144.721579166648,12.));
#2279=CARTESIAN_POINT('',(18.4065643514148,144.714402789523,12.));
#2280=CARTESIAN_POINT('',(22.5057449808754,144.721579166648,0.));
#2281=CARTESIAN_POINT('Origin',(22.5057449808754,144.721579166648,0.));
#2282=CARTESIAN_POINT('',(24.5491203707086,148.275161915024,-4.99999999999999));
#2283=CARTESIAN_POINT('',(-12.6403749312782,83.5998459728336,-4.99999999999999));
#2284=CARTESIAN_POINT('',(24.5491203707086,148.275161915024,12.));
#2285=CARTESIAN_POINT('',(22.5057449808754,144.721579166648,12.));
#2286=CARTESIAN_POINT('',(24.5491203707086,148.275161915024,0.));
#2287=CARTESIAN_POINT('Origin',(24.5491203707086,148.275161915024,0.));
#2288=CARTESIAN_POINT('',(22.4933151310812,151.821568286276,-4.99999999999999));
#2289=CARTESIAN_POINT('',(54.7137781747814,96.2390387643788,-4.99999999999999));
#2290=CARTESIAN_POINT('',(22.4933151310812,151.821568286276,12.));
#2291=CARTESIAN_POINT('',(24.5491203707086,148.275161915024,12.));
#2292=CARTESIAN_POINT('',(22.4933151310812,151.821568286276,0.));
#2293=CARTESIAN_POINT('Origin',(18.3941345016207,151.814391909151,0.));
#2294=CARTESIAN_POINT('',(18.3941345016207,151.814391909151,-4.99999999999999));
#2295=CARTESIAN_POINT('',(-17.7736731054493,88.9158673411485,-5.));
#2296=CARTESIAN_POINT('',(18.3941345016207,151.814391909151,12.));
#2297=CARTESIAN_POINT('',(18.3941345016207,151.814391909151,0.));
#2298=CARTESIAN_POINT('',(18.3941345016207,151.814391909151,12.));
#2299=CARTESIAN_POINT('Origin',(22.4933151310812,151.821568286276,0.));
#2300=CARTESIAN_POINT('',(11.1094198134122,151.801638662936,-4.99999999999999));
#2301=CARTESIAN_POINT('',(22.4933151310812,151.821568286276,12.));
#2302=CARTESIAN_POINT('Origin',(20.449939741248,148.267985537899,12.));
#2303=CARTESIAN_POINT('',(22.574939741248,148.267985537899,12.));
#2304=CARTESIAN_POINT('Origin',(20.449939741248,148.267985537899,12.));
#2305=CARTESIAN_POINT('Origin',(-19.5066848689188,144.714402789523,0.));
#2306=CARTESIAN_POINT('',(-19.5066848689188,144.714402789523,-4.99999999999999));
#2307=CARTESIAN_POINT('',(-17.4508796292915,148.260809160775,-4.99999999999999));
#2308=CARTESIAN_POINT('',(-49.5329928004771,92.9169427475667,-4.99999999999999));
#2309=CARTESIAN_POINT('',(-19.5066848689188,144.714402789523,12.));
#2310=CARTESIAN_POINT('',(-19.5066848689188,144.714402789523,0.));
#2311=CARTESIAN_POINT('',(-17.4508796292915,148.260809160775,12.));
#2312=CARTESIAN_POINT('',(-17.4508796292915,148.260809160775,12.));
#2313=CARTESIAN_POINT('',(-17.4508796292915,148.260809160775,0.));
#2314=CARTESIAN_POINT('Origin',(-17.4508796292915,148.260809160775,0.));
#2315=CARTESIAN_POINT('',(-19.4942550191246,151.814391909151,-4.99999999999999));
#2316=CARTESIAN_POINT('',(17.8319222255985,86.9013758379787,-4.99999999999999));
#2317=CARTESIAN_POINT('',(-19.4942550191246,151.814391909151,12.));
#2318=CARTESIAN_POINT('',(-19.4942550191246,151.814391909151,12.));
#2319=CARTESIAN_POINT('',(-19.4942550191246,151.814391909151,0.));
#2320=CARTESIAN_POINT('Origin',(-19.4942550191246,151.814391909151,0.));
#2321=CARTESIAN_POINT('',(-23.5934356485853,151.821568286276,-4.99999999999999));
#2322=CARTESIAN_POINT('',(-9.60989144330741,151.797087494667,-4.99999999999999));
#2323=CARTESIAN_POINT('',(-23.5934356485853,151.821568286276,12.));
#2324=CARTESIAN_POINT('',(-23.5934356485853,151.821568286276,12.));
#2325=CARTESIAN_POINT('',(-23.5934356485853,151.821568286276,0.));
#2326=CARTESIAN_POINT('Origin',(-23.5934356485853,151.821568286276,0.));
#2327=CARTESIAN_POINT('',(-25.6492408882126,148.275161915024,-4.99999999999999));
#2328=CARTESIAN_POINT('',(-54.6476461999573,98.2509050586933,-4.99999999999999));
#2329=CARTESIAN_POINT('',(-25.6492408882126,148.275161915024,12.));
#2330=CARTESIAN_POINT('',(-25.6492408882126,148.275161915024,12.));
#2331=CARTESIAN_POINT('',(-25.6492408882126,148.275161915024,0.));
#2332=CARTESIAN_POINT('Origin',(-23.6058654983794,144.721579166648,0.));
#2333=CARTESIAN_POINT('',(-23.6058654983794,144.721579166648,-4.99999999999999));
#2334=CARTESIAN_POINT('',(-11.6719116078335,144.700686563602,-4.99999999999999));
#2335=CARTESIAN_POINT('',(-23.6058654983794,144.721579166648,12.));
#2336=CARTESIAN_POINT('',(-23.6058654983794,144.721579166648,0.));
#2337=CARTESIAN_POINT('',(-19.5066848689188,144.714402789523,12.));
#2338=CARTESIAN_POINT('Origin',(-25.6492408882126,148.275161915024,0.));
#2339=CARTESIAN_POINT('',(10.655248661594,85.13893721804,-5.));
#2340=CARTESIAN_POINT('',(-23.6058654983794,144.721579166648,12.));
#2341=CARTESIAN_POINT('Origin',(-21.550060258752,148.267985537899,12.));
#2342=CARTESIAN_POINT('',(-19.425060258752,148.267985537899,12.));
#2343=CARTESIAN_POINT('Origin',(-21.550060258752,148.267985537899,12.));
#2344=CARTESIAN_POINT('Origin',(-21.550060258752,148.267985537899,10.));
#2345=CARTESIAN_POINT('',(-19.425060258752,148.267985537899,18.75));
#2346=CARTESIAN_POINT('',(-19.425060258752,148.267985537899,10.));
#2347=CARTESIAN_POINT('Origin',(-21.550060258752,148.267985537899,18.75));
#2348=CARTESIAN_POINT('Origin',(20.449939741248,148.267985537899,10.));
#2349=CARTESIAN_POINT('',(22.574939741248,148.267985537899,18.75));
#2350=CARTESIAN_POINT('',(22.574939741248,148.267985537899,10.));
#2351=CARTESIAN_POINT('Origin',(20.449939741248,148.267985537899,18.75));
#2352=CARTESIAN_POINT('Origin',(0.,155.,18.75));
#2353=CARTESIAN_POINT('',(29.9739470207045,150.,18.75));
#2354=CARTESIAN_POINT('',(30.,150.,18.75));
#2355=CARTESIAN_POINT('',(0.,150.,18.75));
#2356=CARTESIAN_POINT('',(29.9739470207045,155.,18.75));
#2357=CARTESIAN_POINT('',(29.9739470207045,0.,18.75));
#2358=CARTESIAN_POINT('',(-29.9739470207045,155.,18.75));
#2359=CARTESIAN_POINT('',(0.,155.,18.75));
#2360=CARTESIAN_POINT('',(-29.9739470207045,150.,18.75));
#2361=CARTESIAN_POINT('',(-29.9739470207045,0.,18.75));
#2362=CARTESIAN_POINT('',(-30.,150.,18.75));
#2363=CARTESIAN_POINT('',(0.,150.,18.75));
#2364=CARTESIAN_POINT('',(-30.,141.8,18.75));
#2365=CARTESIAN_POINT('',(-30.,141.8,18.75));
#2366=CARTESIAN_POINT('',(30.,141.8,18.75));
#2367=CARTESIAN_POINT('',(0.,141.8,18.75));
#2368=CARTESIAN_POINT('',(30.,141.8,18.75));
#2369=CARTESIAN_POINT('Origin',(-30.,148.4,9.37499999999999));
#2370=CARTESIAN_POINT('',(-30.,150.,-8.56028112604E-15));
#2371=CARTESIAN_POINT('',(-30.,150.,32.1875));
#2372=CARTESIAN_POINT('',(-30.,141.8,-8.88178419700125E-15));
#2373=CARTESIAN_POINT('',(-30.,149.2,-8.32667268468867E-15));
#2374=CARTESIAN_POINT('',(-30.,141.8,-8.56028112604E-15));
#2375=CARTESIAN_POINT('Origin',(0.,141.8,18.75));
#2376=CARTESIAN_POINT('',(30.,141.8,-8.88178419700125E-15));
#2377=CARTESIAN_POINT('',(0.,141.8,-8.88178419700125E-15));
#2378=CARTESIAN_POINT('',(30.,141.8,-8.56028112604E-15));
#2379=CARTESIAN_POINT('Origin',(30.,148.4,9.37499999999999));
#2380=CARTESIAN_POINT('',(30.,150.,-8.56028112604E-15));
#2381=CARTESIAN_POINT('',(30.,150.,32.1875));
#2382=CARTESIAN_POINT('',(30.,149.2,-8.32667268468867E-15));
#2383=CARTESIAN_POINT('Origin',(0.,150.,-8.56028112604E-15));
#2384=CARTESIAN_POINT('',(-36.,150.,-8.88178419700125E-15));
#2385=CARTESIAN_POINT('',(0.,150.,-8.56028112604E-15));
#2386=CARTESIAN_POINT('',(-36.,0.,0.));
#2387=CARTESIAN_POINT('',(-36.,155.,-8.56028112604E-15));
#2388=CARTESIAN_POINT('',(-22.3606797749979,0.,0.));
#2389=CARTESIAN_POINT('',(0.,0.,0.));
#2390=CARTESIAN_POINT('',(-22.3606797749979,-5.,0.));
#2391=CARTESIAN_POINT('',(-22.3606797749979,0.,0.));
#2392=CARTESIAN_POINT('',(22.3606797749979,-5.,0.));
#2393=CARTESIAN_POINT('',(11.1803398874989,-5.,0.));
#2394=CARTESIAN_POINT('',(22.3606797749979,0.,-8.88178419700125E-15));
#2395=CARTESIAN_POINT('',(22.3606797749979,0.,-8.88178419700125E-15));
#2396=CARTESIAN_POINT('',(36.,0.,0.));
#2397=CARTESIAN_POINT('',(0.,0.,0.));
#2398=CARTESIAN_POINT('',(36.,150.,-8.88178419700125E-15));
#2399=CARTESIAN_POINT('',(36.,155.,-8.56028112604E-15));
#2400=CARTESIAN_POINT('',(0.,150.,-8.56028112604E-15));
#2401=CARTESIAN_POINT('Origin',(0.,0.,20.));
#2402=CARTESIAN_POINT('Origin',(0.,0.,20.));
#2403=CARTESIAN_POINT('Origin',(0.,-5.,20.));
#2404=CARTESIAN_POINT('Origin',(0.,0.,20.));
#2405=CARTESIAN_POINT('Origin',(0.,150.,20.));
#2406=CARTESIAN_POINT('Origin',(0.,155.,20.));
#2407=CARTESIAN_POINT('Origin',(0.,150.,55.));
#2408=CARTESIAN_POINT('',(36.,150.,55.));
#2409=CARTESIAN_POINT('',(36.,150.,-9.18485099360515E-15));
#2410=CARTESIAN_POINT('',(-36.,150.,55.));
#2411=CARTESIAN_POINT('',(0.,150.,55.));
#2412=CARTESIAN_POINT('',(-36.,150.,-9.18485099360515E-15));
#2413=CARTESIAN_POINT('Origin',(-36.,75.,25.));
#2414=CARTESIAN_POINT('',(-36.,155.,55.));
#2415=CARTESIAN_POINT('',(-36.,155.,55.));
#2416=CARTESIAN_POINT('',(-36.,155.,-4.99999999999999));
#2417=CARTESIAN_POINT('',(-36.,155.,-4.99999999999999));
#2418=CARTESIAN_POINT('',(-36.,-5.,-5.));
#2419=CARTESIAN_POINT('',(-36.,-5.,-5.));
#2420=CARTESIAN_POINT('',(-36.,-5.,55.));
#2421=CARTESIAN_POINT('',(-36.,-5.,55.));
#2422=CARTESIAN_POINT('',(-36.,0.,55.));
#2423=CARTESIAN_POINT('',(-36.,0.,55.));
#2424=CARTESIAN_POINT('',(-36.,0.,55.));
#2425=CARTESIAN_POINT('Origin',(0.,155.,-4.99999999999999));
#2426=CARTESIAN_POINT('',(36.,155.,55.));
#2427=CARTESIAN_POINT('',(0.,155.,55.));
#2428=CARTESIAN_POINT('',(36.,155.,-4.99999999999999));
#2429=CARTESIAN_POINT('',(36.,155.,-4.99999999999999));
#2430=CARTESIAN_POINT('',(0.,155.,-4.99999999999999));
#2431=CARTESIAN_POINT('Origin',(0.,-5.,-5.));
#2432=CARTESIAN_POINT('',(36.,-5.,-5.));
#2433=CARTESIAN_POINT('',(36.,-5.,-5.));
#2434=CARTESIAN_POINT('',(0.,-5.,-5.));
#2435=CARTESIAN_POINT('Origin',(0.,-5.,55.));
#2436=CARTESIAN_POINT('',(36.,-5.,55.));
#2437=CARTESIAN_POINT('',(36.,-5.,55.));
#2438=CARTESIAN_POINT('',(0.,-5.,55.));
#2439=CARTESIAN_POINT('Origin',(0.,0.,55.));
#2440=CARTESIAN_POINT('',(36.,0.,55.));
#2441=CARTESIAN_POINT('',(36.,0.,55.));
#2442=CARTESIAN_POINT('',(0.,0.,55.));
#2443=CARTESIAN_POINT('Origin',(0.,0.,0.));
#2444=CARTESIAN_POINT('',(36.,0.,55.));
#2445=CARTESIAN_POINT('Origin',(0.,155.,55.));
#2446=CARTESIAN_POINT('',(36.,155.,55.));
#2447=CARTESIAN_POINT('Origin',(36.,75.,25.));
#2448=UNCERTAINTY_MEASURE_WITH_UNIT(LENGTH_MEASURE(0.01),#2452,
'DISTANCE_ACCURACY_VALUE',
'Maximum model space distance between geometric entities at asserted c
onnectivities');
#2449=UNCERTAINTY_MEASURE_WITH_UNIT(LENGTH_MEASURE(0.01),#2452,
'DISTANCE_ACCURACY_VALUE',
'Maximum model space distance between geometric entities at asserted c
onnectivities');
#2450=(
GEOMETRIC_REPRESENTATION_CONTEXT(3)
GLOBAL_UNCERTAINTY_ASSIGNED_CONTEXT((#2448))
GLOBAL_UNIT_ASSIGNED_CONTEXT((#2452,#2454,#2455))
REPRESENTATION_CONTEXT('','3D')
);
#2451=(
GEOMETRIC_REPRESENTATION_CONTEXT(3)
GLOBAL_UNCERTAINTY_ASSIGNED_CONTEXT((#2449))
GLOBAL_UNIT_ASSIGNED_CONTEXT((#2452,#2454,#2455))
REPRESENTATION_CONTEXT('','3D')
);
#2452=(
LENGTH_UNIT()
NAMED_UNIT(*)
SI_UNIT(.MILLI.,.METRE.)
);
#2453=(
LENGTH_UNIT()
NAMED_UNIT(*)
SI_UNIT($,.METRE.)
);
#2454=(
NAMED_UNIT(*)
PLANE_ANGLE_UNIT()
SI_UNIT($,.RADIAN.)
);
#2455=(
NAMED_UNIT(*)
SI_UNIT($,.STERADIAN.)
SOLID_ANGLE_UNIT()
);
#2456=SHAPE_DEFINITION_REPRESENTATION(#2457,#2458);
#2457=PRODUCT_DEFINITION_SHAPE('',$,#2460);
#2458=SHAPE_REPRESENTATION('',(#1524),#2450);
#2459=PRODUCT_DEFINITION_CONTEXT('part definition',#2464,'design');
#2460=PRODUCT_DEFINITION('hello','hello v3',#2461,#2459);
#2461=PRODUCT_DEFINITION_FORMATION('',$,#2466);
#2462=PRODUCT_RELATED_PRODUCT_CATEGORY('hello v3','hello v3',(#2466));
#2463=APPLICATION_PROTOCOL_DEFINITION('international standard',
'automotive_design',2009,#2464);
#2464=APPLICATION_CONTEXT(
'Core Data for Automotive Mechanical Design Process');
#2465=PRODUCT_CONTEXT('part definition',#2464,'mechanical');
#2466=PRODUCT('hello','hello v3',$,(#2465));
#2467=PRESENTATION_STYLE_ASSIGNMENT((#2469));
#2468=PRESENTATION_STYLE_ASSIGNMENT((#2470));
#2469=SURFACE_STYLE_USAGE(.BOTH.,#2471);
#2470=SURFACE_STYLE_USAGE(.BOTH.,#2472);
#2471=SURFACE_SIDE_STYLE('',(#2473));
#2472=SURFACE_SIDE_STYLE('',(#2474));
#2473=SURFACE_STYLE_FILL_AREA(#2475);
#2474=SURFACE_STYLE_FILL_AREA(#2476);
#2475=FILL_AREA_STYLE('Steel - Satin',(#2477));
#2476=FILL_AREA_STYLE('Steel - Satin (1)',(#2478));
#2477=FILL_AREA_STYLE_COLOUR('Steel - Satin',#2479);
#2478=FILL_AREA_STYLE_COLOUR('Steel - Satin (1)',#2480);
#2479=COLOUR_RGB('Steel - Satin',0.627450980392157,0.627450980392157,0.627450980392157);
#2480=COLOUR_RGB('Steel - Satin (1)',0.843137254901961,0.0823529411764706,
0.0823529411764706);
ENDSEC;
END-ISO-10303-21;
