ISO-10303-21;
HEADER;
/* Generated by software containing ST-Developer
 * from STEP Tools, Inc. (www.steptools.com) 
 */

FILE_DESCRIPTION(
/* description */ (''),
/* implementation_level */ '2;1');

FILE_NAME(
/* name */ 'V31.step',
/* time_stamp */ '2026-07-20T00:46:34+07:00',
/* author */ (''),
/* organization */ (''),
/* preprocessor_version */ 'ST-DEVELOPER v20.1',
/* originating_system */ 'Autodesk Translation Framework v15.8.0.0',
/* authorisation */ '');

FILE_SCHEMA (('AUTOMOTIVE_DESIGN { 1 0 10303 214 3 1 1 }'));
ENDSEC;

DATA;
#10=MECHANICAL_DESIGN_GEOMETRIC_PRESENTATION_REPRESENTATION('',(#13,#14),
#4827);
#11=SHAPE_REPRESENTATION_RELATIONSHIP('SRR','None',#4834,#12);
#12=ADVANCED_BREP_SHAPE_REPRESENTATION('',(#15,#16),#4826);
#13=STYLED_ITEM('',(#4843),#15);
#14=STYLED_ITEM('',(#4843),#16);
#15=MANIFOLD_SOLID_BREP('Bottom',#3026);
#16=MANIFOLD_SOLID_BREP('Lid',#3027);
#17=FACE_BOUND('',#371,.T.);
#18=FACE_BOUND('',#372,.T.);
#19=FACE_BOUND('',#373,.T.);
#20=FACE_BOUND('',#374,.T.);
#21=FACE_BOUND('',#376,.T.);
#22=FACE_BOUND('',#377,.T.);
#23=FACE_BOUND('',#378,.T.);
#24=FACE_BOUND('',#379,.T.);
#25=FACE_BOUND('',#380,.T.);
#26=FACE_BOUND('',#381,.T.);
#27=FACE_BOUND('',#382,.T.);
#28=FACE_BOUND('',#383,.T.);
#29=FACE_BOUND('',#384,.T.);
#30=FACE_BOUND('',#385,.T.);
#31=FACE_BOUND('',#386,.T.);
#32=FACE_BOUND('',#387,.T.);
#33=FACE_BOUND('',#388,.T.);
#34=FACE_BOUND('',#389,.T.);
#35=FACE_BOUND('',#390,.T.);
#36=FACE_BOUND('',#391,.T.);
#37=FACE_BOUND('',#392,.T.);
#38=FACE_BOUND('',#393,.T.);
#39=FACE_BOUND('',#394,.T.);
#40=FACE_BOUND('',#395,.T.);
#41=FACE_BOUND('',#396,.T.);
#42=FACE_BOUND('',#397,.T.);
#43=FACE_BOUND('',#400,.T.);
#44=FACE_BOUND('',#401,.T.);
#45=FACE_BOUND('',#403,.T.);
#46=FACE_BOUND('',#405,.T.);
#47=FACE_BOUND('',#406,.T.);
#48=FACE_BOUND('',#407,.T.);
#49=FACE_BOUND('',#408,.T.);
#50=FACE_BOUND('',#409,.T.);
#51=FACE_BOUND('',#410,.T.);
#52=FACE_BOUND('',#411,.T.);
#53=FACE_BOUND('',#412,.T.);
#54=FACE_BOUND('',#413,.T.);
#55=FACE_BOUND('',#414,.T.);
#56=FACE_BOUND('',#415,.T.);
#57=FACE_BOUND('',#416,.T.);
#58=FACE_BOUND('',#417,.T.);
#59=FACE_BOUND('',#418,.T.);
#60=FACE_BOUND('',#419,.T.);
#61=FACE_BOUND('',#420,.T.);
#62=FACE_BOUND('',#421,.T.);
#63=FACE_BOUND('',#422,.T.);
#64=FACE_BOUND('',#423,.T.);
#65=FACE_BOUND('',#424,.T.);
#66=FACE_BOUND('',#425,.T.);
#67=FACE_BOUND('',#426,.T.);
#68=FACE_BOUND('',#427,.T.);
#69=FACE_BOUND('',#428,.T.);
#70=FACE_BOUND('',#440,.T.);
#71=FACE_BOUND('',#441,.T.);
#72=FACE_BOUND('',#442,.T.);
#73=FACE_BOUND('',#443,.T.);
#74=FACE_BOUND('',#488,.T.);
#75=FACE_BOUND('',#496,.T.);
#76=FACE_BOUND('',#503,.T.);
#77=FACE_BOUND('',#504,.T.);
#78=FACE_BOUND('',#507,.T.);
#79=FACE_BOUND('',#511,.T.);
#80=FACE_BOUND('',#512,.T.);
#81=FACE_BOUND('',#553,.T.);
#82=FACE_BOUND('',#554,.T.);
#83=FACE_BOUND('',#555,.T.);
#84=FACE_BOUND('',#556,.T.);
#85=FACE_BOUND('',#557,.T.);
#86=FACE_BOUND('',#558,.T.);
#87=FACE_BOUND('',#559,.T.);
#88=FACE_BOUND('',#560,.T.);
#89=FACE_BOUND('',#561,.T.);
#90=FACE_BOUND('',#562,.T.);
#91=FACE_BOUND('',#563,.T.);
#92=FACE_BOUND('',#564,.T.);
#93=FACE_BOUND('',#567,.T.);
#94=FACE_BOUND('',#568,.T.);
#95=FACE_BOUND('',#569,.T.);
#96=FACE_BOUND('',#570,.T.);
#97=FACE_BOUND('',#571,.T.);
#98=FACE_BOUND('',#572,.T.);
#99=FACE_BOUND('',#573,.T.);
#100=FACE_BOUND('',#574,.T.);
#101=FACE_BOUND('',#575,.T.);
#102=FACE_BOUND('',#576,.T.);
#103=FACE_BOUND('',#577,.T.);
#104=FACE_BOUND('',#578,.T.);
#105=PLANE('',#3044);
#106=PLANE('',#3048);
#107=PLANE('',#3052);
#108=PLANE('',#3056);
#109=PLANE('',#3057);
#110=PLANE('',#3058);
#111=PLANE('',#3059);
#112=PLANE('',#3060);
#113=PLANE('',#3061);
#114=PLANE('',#3062);
#115=PLANE('',#3063);
#116=PLANE('',#3064);
#117=PLANE('',#3065);
#118=PLANE('',#3066);
#119=PLANE('',#3067);
#120=PLANE('',#3068);
#121=PLANE('',#3088);
#122=PLANE('',#3090);
#123=PLANE('',#3091);
#124=PLANE('',#3093);
#125=PLANE('',#3113);
#126=PLANE('',#3114);
#127=PLANE('',#3115);
#128=PLANE('',#3116);
#129=PLANE('',#3117);
#130=PLANE('',#3118);
#131=PLANE('',#3119);
#132=PLANE('',#3120);
#133=PLANE('',#3121);
#134=PLANE('',#3122);
#135=PLANE('',#3123);
#136=PLANE('',#3124);
#137=PLANE('',#3125);
#138=PLANE('',#3126);
#139=PLANE('',#3127);
#140=PLANE('',#3128);
#141=PLANE('',#3129);
#142=PLANE('',#3130);
#143=PLANE('',#3131);
#144=PLANE('',#3132);
#145=PLANE('',#3133);
#146=PLANE('',#3134);
#147=PLANE('',#3135);
#148=PLANE('',#3136);
#149=PLANE('',#3137);
#150=PLANE('',#3138);
#151=PLANE('',#3139);
#152=PLANE('',#3157);
#153=PLANE('',#3159);
#154=PLANE('',#3161);
#155=PLANE('',#3162);
#156=PLANE('',#3163);
#157=PLANE('',#3164);
#158=PLANE('',#3165);
#159=PLANE('',#3166);
#160=PLANE('',#3167);
#161=PLANE('',#3169);
#162=PLANE('',#3170);
#163=PLANE('',#3171);
#164=PLANE('',#3172);
#165=PLANE('',#3173);
#166=PLANE('',#3174);
#167=PLANE('',#3175);
#168=PLANE('',#3181);
#169=PLANE('',#3182);
#170=PLANE('',#3183);
#171=PLANE('',#3184);
#172=PLANE('',#3188);
#173=PLANE('',#3190);
#174=PLANE('',#3191);
#175=PLANE('',#3204);
#176=PLANE('',#3205);
#177=PLANE('',#3206);
#178=PLANE('',#3207);
#179=PLANE('',#3208);
#180=PLANE('',#3209);
#181=PLANE('',#3210);
#182=PLANE('',#3211);
#183=PLANE('',#3212);
#184=PLANE('',#3213);
#185=PLANE('',#3214);
#186=PLANE('',#3215);
#187=PLANE('',#3216);
#188=PLANE('',#3217);
#189=PLANE('',#3218);
#190=PLANE('',#3219);
#191=PLANE('',#3220);
#192=PLANE('',#3221);
#193=PLANE('',#3222);
#194=PLANE('',#3223);
#195=PLANE('',#3224);
#196=PLANE('',#3225);
#197=PLANE('',#3226);
#198=PLANE('',#3227);
#199=PLANE('',#3228);
#200=PLANE('',#3229);
#201=PLANE('',#3230);
#202=PLANE('',#3231);
#203=PLANE('',#3232);
#204=PLANE('',#3233);
#205=PLANE('',#3234);
#206=PLANE('',#3235);
#207=PLANE('',#3236);
#208=PLANE('',#3237);
#209=PLANE('',#3238);
#210=PLANE('',#3239);
#211=PLANE('',#3240);
#212=PLANE('',#3241);
#213=FACE_OUTER_BOUND('',#352,.T.);
#214=FACE_OUTER_BOUND('',#353,.T.);
#215=FACE_OUTER_BOUND('',#354,.T.);
#216=FACE_OUTER_BOUND('',#355,.T.);
#217=FACE_OUTER_BOUND('',#356,.T.);
#218=FACE_OUTER_BOUND('',#357,.T.);
#219=FACE_OUTER_BOUND('',#358,.T.);
#220=FACE_OUTER_BOUND('',#359,.T.);
#221=FACE_OUTER_BOUND('',#360,.T.);
#222=FACE_OUTER_BOUND('',#361,.T.);
#223=FACE_OUTER_BOUND('',#362,.T.);
#224=FACE_OUTER_BOUND('',#363,.T.);
#225=FACE_OUTER_BOUND('',#364,.T.);
#226=FACE_OUTER_BOUND('',#365,.T.);
#227=FACE_OUTER_BOUND('',#366,.T.);
#228=FACE_OUTER_BOUND('',#367,.T.);
#229=FACE_OUTER_BOUND('',#368,.T.);
#230=FACE_OUTER_BOUND('',#369,.T.);
#231=FACE_OUTER_BOUND('',#370,.T.);
#232=FACE_OUTER_BOUND('',#375,.T.);
#233=FACE_OUTER_BOUND('',#398,.T.);
#234=FACE_OUTER_BOUND('',#399,.T.);
#235=FACE_OUTER_BOUND('',#402,.T.);
#236=FACE_OUTER_BOUND('',#404,.T.);
#237=FACE_OUTER_BOUND('',#429,.T.);
#238=FACE_OUTER_BOUND('',#430,.T.);
#239=FACE_OUTER_BOUND('',#431,.T.);
#240=FACE_OUTER_BOUND('',#432,.T.);
#241=FACE_OUTER_BOUND('',#433,.T.);
#242=FACE_OUTER_BOUND('',#434,.T.);
#243=FACE_OUTER_BOUND('',#435,.T.);
#244=FACE_OUTER_BOUND('',#436,.T.);
#245=FACE_OUTER_BOUND('',#437,.T.);
#246=FACE_OUTER_BOUND('',#438,.T.);
#247=FACE_OUTER_BOUND('',#439,.T.);
#248=FACE_OUTER_BOUND('',#444,.T.);
#249=FACE_OUTER_BOUND('',#445,.T.);
#250=FACE_OUTER_BOUND('',#446,.T.);
#251=FACE_OUTER_BOUND('',#447,.T.);
#252=FACE_OUTER_BOUND('',#448,.T.);
#253=FACE_OUTER_BOUND('',#449,.T.);
#254=FACE_OUTER_BOUND('',#450,.T.);
#255=FACE_OUTER_BOUND('',#451,.T.);
#256=FACE_OUTER_BOUND('',#452,.T.);
#257=FACE_OUTER_BOUND('',#453,.T.);
#258=FACE_OUTER_BOUND('',#454,.T.);
#259=FACE_OUTER_BOUND('',#455,.T.);
#260=FACE_OUTER_BOUND('',#456,.T.);
#261=FACE_OUTER_BOUND('',#457,.T.);
#262=FACE_OUTER_BOUND('',#458,.T.);
#263=FACE_OUTER_BOUND('',#459,.T.);
#264=FACE_OUTER_BOUND('',#460,.T.);
#265=FACE_OUTER_BOUND('',#461,.T.);
#266=FACE_OUTER_BOUND('',#462,.T.);
#267=FACE_OUTER_BOUND('',#463,.T.);
#268=FACE_OUTER_BOUND('',#464,.T.);
#269=FACE_OUTER_BOUND('',#465,.T.);
#270=FACE_OUTER_BOUND('',#466,.T.);
#271=FACE_OUTER_BOUND('',#467,.T.);
#272=FACE_OUTER_BOUND('',#468,.T.);
#273=FACE_OUTER_BOUND('',#469,.T.);
#274=FACE_OUTER_BOUND('',#470,.T.);
#275=FACE_OUTER_BOUND('',#471,.T.);
#276=FACE_OUTER_BOUND('',#472,.T.);
#277=FACE_OUTER_BOUND('',#473,.T.);
#278=FACE_OUTER_BOUND('',#474,.T.);
#279=FACE_OUTER_BOUND('',#475,.T.);
#280=FACE_OUTER_BOUND('',#476,.T.);
#281=FACE_OUTER_BOUND('',#477,.T.);
#282=FACE_OUTER_BOUND('',#478,.T.);
#283=FACE_OUTER_BOUND('',#479,.T.);
#284=FACE_OUTER_BOUND('',#480,.T.);
#285=FACE_OUTER_BOUND('',#481,.T.);
#286=FACE_OUTER_BOUND('',#482,.T.);
#287=FACE_OUTER_BOUND('',#483,.T.);
#288=FACE_OUTER_BOUND('',#484,.T.);
#289=FACE_OUTER_BOUND('',#485,.T.);
#290=FACE_OUTER_BOUND('',#486,.T.);
#291=FACE_OUTER_BOUND('',#487,.T.);
#292=FACE_OUTER_BOUND('',#489,.T.);
#293=FACE_OUTER_BOUND('',#490,.T.);
#294=FACE_OUTER_BOUND('',#491,.T.);
#295=FACE_OUTER_BOUND('',#492,.T.);
#296=FACE_OUTER_BOUND('',#493,.T.);
#297=FACE_OUTER_BOUND('',#494,.T.);
#298=FACE_OUTER_BOUND('',#495,.T.);
#299=FACE_OUTER_BOUND('',#497,.T.);
#300=FACE_OUTER_BOUND('',#498,.T.);
#301=FACE_OUTER_BOUND('',#499,.T.);
#302=FACE_OUTER_BOUND('',#500,.T.);
#303=FACE_OUTER_BOUND('',#501,.T.);
#304=FACE_OUTER_BOUND('',#502,.T.);
#305=FACE_OUTER_BOUND('',#505,.T.);
#306=FACE_OUTER_BOUND('',#506,.T.);
#307=FACE_OUTER_BOUND('',#508,.T.);
#308=FACE_OUTER_BOUND('',#509,.T.);
#309=FACE_OUTER_BOUND('',#510,.T.);
#310=FACE_OUTER_BOUND('',#513,.T.);
#311=FACE_OUTER_BOUND('',#514,.T.);
#312=FACE_OUTER_BOUND('',#515,.T.);
#313=FACE_OUTER_BOUND('',#516,.T.);
#314=FACE_OUTER_BOUND('',#517,.T.);
#315=FACE_OUTER_BOUND('',#518,.T.);
#316=FACE_OUTER_BOUND('',#519,.T.);
#317=FACE_OUTER_BOUND('',#520,.T.);
#318=FACE_OUTER_BOUND('',#521,.T.);
#319=FACE_OUTER_BOUND('',#522,.T.);
#320=FACE_OUTER_BOUND('',#523,.T.);
#321=FACE_OUTER_BOUND('',#524,.T.);
#322=FACE_OUTER_BOUND('',#525,.T.);
#323=FACE_OUTER_BOUND('',#526,.T.);
#324=FACE_OUTER_BOUND('',#527,.T.);
#325=FACE_OUTER_BOUND('',#528,.T.);
#326=FACE_OUTER_BOUND('',#529,.T.);
#327=FACE_OUTER_BOUND('',#530,.T.);
#328=FACE_OUTER_BOUND('',#531,.T.);
#329=FACE_OUTER_BOUND('',#532,.T.);
#330=FACE_OUTER_BOUND('',#533,.T.);
#331=FACE_OUTER_BOUND('',#534,.T.);
#332=FACE_OUTER_BOUND('',#535,.T.);
#333=FACE_OUTER_BOUND('',#536,.T.);
#334=FACE_OUTER_BOUND('',#537,.T.);
#335=FACE_OUTER_BOUND('',#538,.T.);
#336=FACE_OUTER_BOUND('',#539,.T.);
#337=FACE_OUTER_BOUND('',#540,.T.);
#338=FACE_OUTER_BOUND('',#541,.T.);
#339=FACE_OUTER_BOUND('',#542,.T.);
#340=FACE_OUTER_BOUND('',#543,.T.);
#341=FACE_OUTER_BOUND('',#544,.T.);
#342=FACE_OUTER_BOUND('',#545,.T.);
#343=FACE_OUTER_BOUND('',#546,.T.);
#344=FACE_OUTER_BOUND('',#547,.T.);
#345=FACE_OUTER_BOUND('',#548,.T.);
#346=FACE_OUTER_BOUND('',#549,.T.);
#347=FACE_OUTER_BOUND('',#550,.T.);
#348=FACE_OUTER_BOUND('',#551,.T.);
#349=FACE_OUTER_BOUND('',#552,.T.);
#350=FACE_OUTER_BOUND('',#565,.T.);
#351=FACE_OUTER_BOUND('',#566,.T.);
#352=EDGE_LOOP('',(#2030,#2031,#2032,#2033));
#353=EDGE_LOOP('',(#2034));
#354=EDGE_LOOP('',(#2035,#2036,#2037,#2038));
#355=EDGE_LOOP('',(#2039));
#356=EDGE_LOOP('',(#2040,#2041,#2042,#2043));
#357=EDGE_LOOP('',(#2044));
#358=EDGE_LOOP('',(#2045,#2046,#2047,#2048));
#359=EDGE_LOOP('',(#2049));
#360=EDGE_LOOP('',(#2050,#2051,#2052,#2053,#2054,#2055,#2056,#2057,#2058,
#2059,#2060,#2061,#2062,#2063,#2064,#2065,#2066,#2067));
#361=EDGE_LOOP('',(#2068,#2069,#2070,#2071));
#362=EDGE_LOOP('',(#2072,#2073,#2074,#2075));
#363=EDGE_LOOP('',(#2076,#2077,#2078,#2079));
#364=EDGE_LOOP('',(#2080,#2081,#2082,#2083));
#365=EDGE_LOOP('',(#2084,#2085,#2086,#2087));
#366=EDGE_LOOP('',(#2088,#2089,#2090,#2091));
#367=EDGE_LOOP('',(#2092,#2093,#2094,#2095));
#368=EDGE_LOOP('',(#2096,#2097,#2098,#2099));
#369=EDGE_LOOP('',(#2100,#2101,#2102,#2103));
#370=EDGE_LOOP('',(#2104,#2105,#2106,#2107));
#371=EDGE_LOOP('',(#2108,#2109,#2110));
#372=EDGE_LOOP('',(#2111,#2112,#2113));
#373=EDGE_LOOP('',(#2114,#2115,#2116));
#374=EDGE_LOOP('',(#2117,#2118,#2119));
#375=EDGE_LOOP('',(#2120,#2121,#2122,#2123,#2124,#2125,#2126,#2127,#2128,
#2129,#2130,#2131,#2132,#2133,#2134,#2135,#2136,#2137,#2138,#2139,#2140,
#2141,#2142,#2143,#2144,#2145,#2146,#2147));
#376=EDGE_LOOP('',(#2148,#2149,#2150,#2151));
#377=EDGE_LOOP('',(#2152,#2153,#2154,#2155));
#378=EDGE_LOOP('',(#2156,#2157,#2158,#2159));
#379=EDGE_LOOP('',(#2160,#2161,#2162,#2163));
#380=EDGE_LOOP('',(#2164));
#381=EDGE_LOOP('',(#2165));
#382=EDGE_LOOP('',(#2166));
#383=EDGE_LOOP('',(#2167));
#384=EDGE_LOOP('',(#2168));
#385=EDGE_LOOP('',(#2169));
#386=EDGE_LOOP('',(#2170));
#387=EDGE_LOOP('',(#2171));
#388=EDGE_LOOP('',(#2172));
#389=EDGE_LOOP('',(#2173));
#390=EDGE_LOOP('',(#2174));
#391=EDGE_LOOP('',(#2175));
#392=EDGE_LOOP('',(#2176));
#393=EDGE_LOOP('',(#2177));
#394=EDGE_LOOP('',(#2178,#2179,#2180,#2181));
#395=EDGE_LOOP('',(#2182));
#396=EDGE_LOOP('',(#2183));
#397=EDGE_LOOP('',(#2184));
#398=EDGE_LOOP('',(#2185,#2186,#2187,#2188,#2189,#2190,#2191,#2192,#2193,
#2194,#2195,#2196));
#399=EDGE_LOOP('',(#2197,#2198,#2199,#2200));
#400=EDGE_LOOP('',(#2201));
#401=EDGE_LOOP('',(#2202));
#402=EDGE_LOOP('',(#2203,#2204,#2205,#2206,#2207,#2208,#2209,#2210));
#403=EDGE_LOOP('',(#2211,#2212));
#404=EDGE_LOOP('',(#2213,#2214,#2215,#2216));
#405=EDGE_LOOP('',(#2217,#2218,#2219,#2220));
#406=EDGE_LOOP('',(#2221,#2222,#2223,#2224));
#407=EDGE_LOOP('',(#2225,#2226,#2227,#2228));
#408=EDGE_LOOP('',(#2229,#2230,#2231,#2232));
#409=EDGE_LOOP('',(#2233));
#410=EDGE_LOOP('',(#2234));
#411=EDGE_LOOP('',(#2235));
#412=EDGE_LOOP('',(#2236));
#413=EDGE_LOOP('',(#2237));
#414=EDGE_LOOP('',(#2238));
#415=EDGE_LOOP('',(#2239));
#416=EDGE_LOOP('',(#2240));
#417=EDGE_LOOP('',(#2241));
#418=EDGE_LOOP('',(#2242));
#419=EDGE_LOOP('',(#2243));
#420=EDGE_LOOP('',(#2244));
#421=EDGE_LOOP('',(#2245));
#422=EDGE_LOOP('',(#2246));
#423=EDGE_LOOP('',(#2247,#2248,#2249,#2250));
#424=EDGE_LOOP('',(#2251));
#425=EDGE_LOOP('',(#2252,#2253,#2254,#2255,#2256,#2257));
#426=EDGE_LOOP('',(#2258,#2259,#2260,#2261,#2262,#2263));
#427=EDGE_LOOP('',(#2264));
#428=EDGE_LOOP('',(#2265));
#429=EDGE_LOOP('',(#2266,#2267,#2268,#2269,#2270,#2271,#2272,#2273,#2274,
#2275,#2276,#2277,#2278,#2279,#2280,#2281,#2282,#2283));
#430=EDGE_LOOP('',(#2284,#2285,#2286,#2287));
#431=EDGE_LOOP('',(#2288,#2289,#2290,#2291));
#432=EDGE_LOOP('',(#2292,#2293,#2294,#2295));
#433=EDGE_LOOP('',(#2296,#2297,#2298,#2299));
#434=EDGE_LOOP('',(#2300,#2301,#2302,#2303));
#435=EDGE_LOOP('',(#2304,#2305,#2306,#2307));
#436=EDGE_LOOP('',(#2308,#2309,#2310,#2311));
#437=EDGE_LOOP('',(#2312,#2313,#2314,#2315));
#438=EDGE_LOOP('',(#2316,#2317,#2318,#2319));
#439=EDGE_LOOP('',(#2320,#2321,#2322,#2323));
#440=EDGE_LOOP('',(#2324,#2325,#2326));
#441=EDGE_LOOP('',(#2327,#2328,#2329));
#442=EDGE_LOOP('',(#2330,#2331,#2332));
#443=EDGE_LOOP('',(#2333,#2334,#2335));
#444=EDGE_LOOP('',(#2336,#2337,#2338,#2339));
#445=EDGE_LOOP('',(#2340,#2341,#2342,#2343));
#446=EDGE_LOOP('',(#2344,#2345,#2346,#2347));
#447=EDGE_LOOP('',(#2348,#2349,#2350,#2351));
#448=EDGE_LOOP('',(#2352,#2353,#2354,#2355));
#449=EDGE_LOOP('',(#2356,#2357,#2358,#2359));
#450=EDGE_LOOP('',(#2360,#2361,#2362,#2363));
#451=EDGE_LOOP('',(#2364,#2365,#2366,#2367));
#452=EDGE_LOOP('',(#2368,#2369,#2370,#2371));
#453=EDGE_LOOP('',(#2372,#2373,#2374,#2375));
#454=EDGE_LOOP('',(#2376,#2377,#2378,#2379));
#455=EDGE_LOOP('',(#2380,#2381,#2382,#2383));
#456=EDGE_LOOP('',(#2384,#2385,#2386,#2387));
#457=EDGE_LOOP('',(#2388,#2389,#2390,#2391));
#458=EDGE_LOOP('',(#2392,#2393,#2394,#2395));
#459=EDGE_LOOP('',(#2396,#2397,#2398,#2399));
#460=EDGE_LOOP('',(#2400,#2401,#2402,#2403));
#461=EDGE_LOOP('',(#2404,#2405,#2406,#2407));
#462=EDGE_LOOP('',(#2408,#2409,#2410,#2411));
#463=EDGE_LOOP('',(#2412,#2413,#2414,#2415));
#464=EDGE_LOOP('',(#2416,#2417,#2418,#2419));
#465=EDGE_LOOP('',(#2420,#2421,#2422,#2423));
#466=EDGE_LOOP('',(#2424,#2425,#2426,#2427));
#467=EDGE_LOOP('',(#2428,#2429,#2430,#2431));
#468=EDGE_LOOP('',(#2432,#2433,#2434,#2435));
#469=EDGE_LOOP('',(#2436,#2437,#2438,#2439));
#470=EDGE_LOOP('',(#2440,#2441,#2442,#2443));
#471=EDGE_LOOP('',(#2444,#2445,#2446,#2447));
#472=EDGE_LOOP('',(#2448,#2449,#2450,#2451));
#473=EDGE_LOOP('',(#2452,#2453,#2454,#2455));
#474=EDGE_LOOP('',(#2456,#2457,#2458,#2459));
#475=EDGE_LOOP('',(#2460,#2461,#2462,#2463));
#476=EDGE_LOOP('',(#2464,#2465,#2466,#2467));
#477=EDGE_LOOP('',(#2468,#2469,#2470,#2471));
#478=EDGE_LOOP('',(#2472,#2473,#2474,#2475));
#479=EDGE_LOOP('',(#2476,#2477,#2478,#2479));
#480=EDGE_LOOP('',(#2480,#2481,#2482,#2483));
#481=EDGE_LOOP('',(#2484,#2485,#2486,#2487));
#482=EDGE_LOOP('',(#2488,#2489,#2490,#2491));
#483=EDGE_LOOP('',(#2492,#2493,#2494,#2495));
#484=EDGE_LOOP('',(#2496,#2497,#2498,#2499));
#485=EDGE_LOOP('',(#2500,#2501,#2502,#2503));
#486=EDGE_LOOP('',(#2504,#2505,#2506,#2507));
#487=EDGE_LOOP('',(#2508,#2509,#2510,#2511,#2512,#2513));
#488=EDGE_LOOP('',(#2514));
#489=EDGE_LOOP('',(#2515,#2516,#2517,#2518));
#490=EDGE_LOOP('',(#2519,#2520,#2521,#2522));
#491=EDGE_LOOP('',(#2523,#2524,#2525,#2526));
#492=EDGE_LOOP('',(#2527,#2528,#2529,#2530));
#493=EDGE_LOOP('',(#2531,#2532,#2533,#2534));
#494=EDGE_LOOP('',(#2535,#2536,#2537,#2538));
#495=EDGE_LOOP('',(#2539,#2540,#2541,#2542,#2543,#2544));
#496=EDGE_LOOP('',(#2545));
#497=EDGE_LOOP('',(#2546,#2547,#2548,#2549));
#498=EDGE_LOOP('',(#2550,#2551,#2552,#2553));
#499=EDGE_LOOP('',(#2554,#2555,#2556,#2557,#2558,#2559));
#500=EDGE_LOOP('',(#2560,#2561,#2562,#2563,#2564,#2565));
#501=EDGE_LOOP('',(#2566,#2567,#2568,#2569));
#502=EDGE_LOOP('',(#2570,#2571,#2572,#2573));
#503=EDGE_LOOP('',(#2574));
#504=EDGE_LOOP('',(#2575));
#505=EDGE_LOOP('',(#2576,#2577,#2578,#2579));
#506=EDGE_LOOP('',(#2580,#2581,#2582,#2583,#2584,#2585,#2586,#2587));
#507=EDGE_LOOP('',(#2588,#2589,#2590,#2591));
#508=EDGE_LOOP('',(#2592,#2593,#2594,#2595));
#509=EDGE_LOOP('',(#2596,#2597,#2598,#2599,#2600,#2601,#2602,#2603,#2604,
#2605,#2606,#2607,#2608,#2609));
#510=EDGE_LOOP('',(#2610,#2611,#2612,#2613));
#511=EDGE_LOOP('',(#2614));
#512=EDGE_LOOP('',(#2615));
#513=EDGE_LOOP('',(#2616,#2617,#2618,#2619));
#514=EDGE_LOOP('',(#2620,#2621,#2622,#2623));
#515=EDGE_LOOP('',(#2624,#2625,#2626,#2627));
#516=EDGE_LOOP('',(#2628,#2629,#2630,#2631));
#517=EDGE_LOOP('',(#2632,#2633,#2634,#2635));
#518=EDGE_LOOP('',(#2636,#2637,#2638,#2639));
#519=EDGE_LOOP('',(#2640,#2641,#2642,#2643));
#520=EDGE_LOOP('',(#2644,#2645,#2646,#2647));
#521=EDGE_LOOP('',(#2648,#2649,#2650,#2651));
#522=EDGE_LOOP('',(#2652,#2653,#2654,#2655));
#523=EDGE_LOOP('',(#2656,#2657,#2658,#2659));
#524=EDGE_LOOP('',(#2660,#2661,#2662,#2663));
#525=EDGE_LOOP('',(#2664,#2665,#2666,#2667));
#526=EDGE_LOOP('',(#2668,#2669,#2670,#2671));
#527=EDGE_LOOP('',(#2672,#2673,#2674,#2675));
#528=EDGE_LOOP('',(#2676,#2677,#2678,#2679));
#529=EDGE_LOOP('',(#2680,#2681,#2682,#2683));
#530=EDGE_LOOP('',(#2684,#2685,#2686,#2687));
#531=EDGE_LOOP('',(#2688,#2689,#2690,#2691));
#532=EDGE_LOOP('',(#2692,#2693,#2694,#2695));
#533=EDGE_LOOP('',(#2696,#2697,#2698,#2699));
#534=EDGE_LOOP('',(#2700,#2701,#2702,#2703));
#535=EDGE_LOOP('',(#2704,#2705,#2706,#2707));
#536=EDGE_LOOP('',(#2708,#2709,#2710,#2711));
#537=EDGE_LOOP('',(#2712,#2713,#2714,#2715));
#538=EDGE_LOOP('',(#2716,#2717,#2718,#2719));
#539=EDGE_LOOP('',(#2720,#2721,#2722,#2723));
#540=EDGE_LOOP('',(#2724,#2725,#2726,#2727));
#541=EDGE_LOOP('',(#2728,#2729,#2730,#2731));
#542=EDGE_LOOP('',(#2732,#2733,#2734,#2735));
#543=EDGE_LOOP('',(#2736,#2737,#2738,#2739));
#544=EDGE_LOOP('',(#2740,#2741,#2742,#2743));
#545=EDGE_LOOP('',(#2744,#2745,#2746,#2747));
#546=EDGE_LOOP('',(#2748,#2749,#2750,#2751));
#547=EDGE_LOOP('',(#2752,#2753,#2754,#2755));
#548=EDGE_LOOP('',(#2756,#2757,#2758,#2759));
#549=EDGE_LOOP('',(#2760,#2761,#2762,#2763));
#550=EDGE_LOOP('',(#2764,#2765,#2766,#2767));
#551=EDGE_LOOP('',(#2768,#2769,#2770,#2771));
#552=EDGE_LOOP('',(#2772,#2773,#2774,#2775));
#553=EDGE_LOOP('',(#2776,#2777,#2778,#2779));
#554=EDGE_LOOP('',(#2780,#2781,#2782,#2783));
#555=EDGE_LOOP('',(#2784,#2785,#2786,#2787));
#556=EDGE_LOOP('',(#2788,#2789,#2790,#2791));
#557=EDGE_LOOP('',(#2792,#2793,#2794,#2795));
#558=EDGE_LOOP('',(#2796,#2797,#2798,#2799));
#559=EDGE_LOOP('',(#2800,#2801,#2802,#2803));
#560=EDGE_LOOP('',(#2804,#2805,#2806,#2807));
#561=EDGE_LOOP('',(#2808));
#562=EDGE_LOOP('',(#2809));
#563=EDGE_LOOP('',(#2810));
#564=EDGE_LOOP('',(#2811));
#565=EDGE_LOOP('',(#2812,#2813,#2814,#2815));
#566=EDGE_LOOP('',(#2816,#2817,#2818,#2819));
#567=EDGE_LOOP('',(#2820,#2821,#2822,#2823));
#568=EDGE_LOOP('',(#2824,#2825,#2826,#2827));
#569=EDGE_LOOP('',(#2828,#2829,#2830,#2831));
#570=EDGE_LOOP('',(#2832,#2833,#2834,#2835));
#571=EDGE_LOOP('',(#2836,#2837,#2838,#2839));
#572=EDGE_LOOP('',(#2840,#2841,#2842,#2843));
#573=EDGE_LOOP('',(#2844,#2845,#2846,#2847));
#574=EDGE_LOOP('',(#2848,#2849,#2850,#2851));
#575=EDGE_LOOP('',(#2852));
#576=EDGE_LOOP('',(#2853));
#577=EDGE_LOOP('',(#2854));
#578=EDGE_LOOP('',(#2855));
#579=LINE('',#4002,#930);
#580=LINE('',#4009,#931);
#581=LINE('',#4016,#932);
#582=LINE('',#4023,#933);
#583=LINE('',#4029,#934);
#584=LINE('',#4031,#935);
#585=LINE('',#4033,#936);
#586=LINE('',#4035,#937);
#587=LINE('',#4037,#938);
#588=LINE('',#4039,#939);
#589=LINE('',#4041,#940);
#590=LINE('',#4043,#941);
#591=LINE('',#4045,#942);
#592=LINE('',#4047,#943);
#593=LINE('',#4049,#944);
#594=LINE('',#4051,#945);
#595=LINE('',#4053,#946);
#596=LINE('',#4055,#947);
#597=LINE('',#4057,#948);
#598=LINE('',#4059,#949);
#599=LINE('',#4061,#950);
#600=LINE('',#4062,#951);
#601=LINE('',#4065,#952);
#602=LINE('',#4067,#953);
#603=LINE('',#4068,#954);
#604=LINE('',#4071,#955);
#605=LINE('',#4072,#956);
#606=LINE('',#4075,#957);
#607=LINE('',#4077,#958);
#608=LINE('',#4078,#959);
#609=LINE('',#4081,#960);
#610=LINE('',#4082,#961);
#611=LINE('',#4085,#962);
#612=LINE('',#4087,#963);
#613=LINE('',#4088,#964);
#614=LINE('',#4091,#965);
#615=LINE('',#4092,#966);
#616=LINE('',#4095,#967);
#617=LINE('',#4097,#968);
#618=LINE('',#4098,#969);
#619=LINE('',#4101,#970);
#620=LINE('',#4102,#971);
#621=LINE('',#4105,#972);
#622=LINE('',#4107,#973);
#623=LINE('',#4108,#974);
#624=LINE('',#4111,#975);
#625=LINE('',#4113,#976);
#626=LINE('',#4114,#977);
#627=LINE('',#4115,#978);
#628=LINE('',#4116,#979);
#629=LINE('',#4117,#980);
#630=LINE('',#4118,#981);
#631=LINE('',#4121,#982);
#632=LINE('',#4123,#983);
#633=LINE('',#4125,#984);
#634=LINE('',#4127,#985);
#635=LINE('',#4129,#986);
#636=LINE('',#4131,#987);
#637=LINE('',#4133,#988);
#638=LINE('',#4135,#989);
#639=LINE('',#4137,#990);
#640=LINE('',#4139,#991);
#641=LINE('',#4141,#992);
#642=LINE('',#4143,#993);
#643=LINE('',#4145,#994);
#644=LINE('',#4147,#995);
#645=LINE('',#4149,#996);
#646=LINE('',#4151,#997);
#647=LINE('',#4153,#998);
#648=LINE('',#4155,#999);
#649=LINE('',#4156,#1000);
#650=LINE('',#4159,#1001);
#651=LINE('',#4161,#1002);
#652=LINE('',#4163,#1003);
#653=LINE('',#4164,#1004);
#654=LINE('',#4167,#1005);
#655=LINE('',#4169,#1006);
#656=LINE('',#4171,#1007);
#657=LINE('',#4172,#1008);
#658=LINE('',#4175,#1009);
#659=LINE('',#4177,#1010);
#660=LINE('',#4179,#1011);
#661=LINE('',#4180,#1012);
#662=LINE('',#4183,#1013);
#663=LINE('',#4185,#1014);
#664=LINE('',#4187,#1015);
#665=LINE('',#4188,#1016);
#666=LINE('',#4219,#1017);
#667=LINE('',#4223,#1018);
#668=LINE('',#4233,#1019);
#669=LINE('',#4235,#1020);
#670=LINE('',#4237,#1021);
#671=LINE('',#4239,#1022);
#672=LINE('',#4240,#1023);
#673=LINE('',#4244,#1024);
#674=LINE('',#4245,#1025);
#675=LINE('',#4248,#1026);
#676=LINE('',#4250,#1027);
#677=LINE('',#4252,#1028);
#678=LINE('',#4253,#1029);
#679=LINE('',#4257,#1030);
#680=LINE('',#4258,#1031);
#681=LINE('',#4261,#1032);
#682=LINE('',#4263,#1033);
#683=LINE('',#4265,#1034);
#684=LINE('',#4266,#1035);
#685=LINE('',#4269,#1036);
#686=LINE('',#4271,#1037);
#687=LINE('',#4273,#1038);
#688=LINE('',#4274,#1039);
#689=LINE('',#4277,#1040);
#690=LINE('',#4279,#1041);
#691=LINE('',#4281,#1042);
#692=LINE('',#4282,#1043);
#693=LINE('',#4285,#1044);
#694=LINE('',#4287,#1045);
#695=LINE('',#4289,#1046);
#696=LINE('',#4290,#1047);
#697=LINE('',#4321,#1048);
#698=LINE('',#4325,#1049);
#699=LINE('',#4331,#1050);
#700=LINE('',#4333,#1051);
#701=LINE('',#4335,#1052);
#702=LINE('',#4337,#1053);
#703=LINE('',#4339,#1054);
#704=LINE('',#4340,#1055);
#705=LINE('',#4343,#1056);
#706=LINE('',#4345,#1057);
#707=LINE('',#4347,#1058);
#708=LINE('',#4349,#1059);
#709=LINE('',#4351,#1060);
#710=LINE('',#4352,#1061);
#711=LINE('',#4359,#1062);
#712=LINE('',#4360,#1063);
#713=LINE('',#4362,#1064);
#714=LINE('',#4364,#1065);
#715=LINE('',#4366,#1066);
#716=LINE('',#4368,#1067);
#717=LINE('',#4370,#1068);
#718=LINE('',#4371,#1069);
#719=LINE('',#4373,#1070);
#720=LINE('',#4374,#1071);
#721=LINE('',#4376,#1072);
#722=LINE('',#4377,#1073);
#723=LINE('',#4380,#1074);
#724=LINE('',#4382,#1075);
#725=LINE('',#4383,#1076);
#726=LINE('',#4386,#1077);
#727=LINE('',#4387,#1078);
#728=LINE('',#4390,#1079);
#729=LINE('',#4391,#1080);
#730=LINE('',#4393,#1081);
#731=LINE('',#4396,#1082);
#732=LINE('',#4397,#1083);
#733=LINE('',#4399,#1084);
#734=LINE('',#4402,#1085);
#735=LINE('',#4403,#1086);
#736=LINE('',#4405,#1087);
#737=LINE('',#4408,#1088);
#738=LINE('',#4409,#1089);
#739=LINE('',#4411,#1090);
#740=LINE('',#4412,#1091);
#741=LINE('',#4414,#1092);
#742=LINE('',#4415,#1093);
#743=LINE('',#4417,#1094);
#744=LINE('',#4419,#1095);
#745=LINE('',#4422,#1096);
#746=LINE('',#4423,#1097);
#747=LINE('',#4425,#1098);
#748=LINE('',#4427,#1099);
#749=LINE('',#4430,#1100);
#750=LINE('',#4431,#1101);
#751=LINE('',#4433,#1102);
#752=LINE('',#4435,#1103);
#753=LINE('',#4438,#1104);
#754=LINE('',#4439,#1105);
#755=LINE('',#4441,#1106);
#756=LINE('',#4443,#1107);
#757=LINE('',#4446,#1108);
#758=LINE('',#4448,#1109);
#759=LINE('',#4450,#1110);
#760=LINE('',#4452,#1111);
#761=LINE('',#4454,#1112);
#762=LINE('',#4456,#1113);
#763=LINE('',#4458,#1114);
#764=LINE('',#4460,#1115);
#765=LINE('',#4462,#1116);
#766=LINE('',#4464,#1117);
#767=LINE('',#4466,#1118);
#768=LINE('',#4468,#1119);
#769=LINE('',#4470,#1120);
#770=LINE('',#4472,#1121);
#771=LINE('',#4474,#1122);
#772=LINE('',#4476,#1123);
#773=LINE('',#4478,#1124);
#774=LINE('',#4479,#1125);
#775=LINE('',#4481,#1126);
#776=LINE('',#4483,#1127);
#777=LINE('',#4486,#1128);
#778=LINE('',#4489,#1129);
#779=LINE('',#4491,#1130);
#780=LINE('',#4492,#1131);
#781=LINE('',#4495,#1132);
#782=LINE('',#4496,#1133);
#783=LINE('',#4499,#1134);
#784=LINE('',#4500,#1135);
#785=LINE('',#4503,#1136);
#786=LINE('',#4504,#1137);
#787=LINE('',#4507,#1138);
#788=LINE('',#4508,#1139);
#789=LINE('',#4510,#1140);
#790=LINE('',#4516,#1141);
#791=LINE('',#4518,#1142);
#792=LINE('',#4519,#1143);
#793=LINE('',#4522,#1144);
#794=LINE('',#4523,#1145);
#795=LINE('',#4526,#1146);
#796=LINE('',#4527,#1147);
#797=LINE('',#4530,#1148);
#798=LINE('',#4531,#1149);
#799=LINE('',#4534,#1150);
#800=LINE('',#4535,#1151);
#801=LINE('',#4537,#1152);
#802=LINE('',#4543,#1153);
#803=LINE('',#4547,#1154);
#804=LINE('',#4551,#1155);
#805=LINE('',#4553,#1156);
#806=LINE('',#4555,#1157);
#807=LINE('',#4557,#1158);
#808=LINE('',#4558,#1159);
#809=LINE('',#4561,#1160);
#810=LINE('',#4563,#1161);
#811=LINE('',#4565,#1162);
#812=LINE('',#4567,#1163);
#813=LINE('',#4568,#1164);
#814=LINE('',#4570,#1165);
#815=LINE('',#4572,#1166);
#816=LINE('',#4577,#1167);
#817=LINE('',#4580,#1168);
#818=LINE('',#4586,#1169);
#819=LINE('',#4592,#1170);
#820=LINE('',#4598,#1171);
#821=LINE('',#4604,#1172);
#822=LINE('',#4609,#1173);
#823=LINE('',#4611,#1174);
#824=LINE('',#4613,#1175);
#825=LINE('',#4614,#1176);
#826=LINE('',#4617,#1177);
#827=LINE('',#4619,#1178);
#828=LINE('',#4620,#1179);
#829=LINE('',#4624,#1180);
#830=LINE('',#4626,#1181);
#831=LINE('',#4628,#1182);
#832=LINE('',#4629,#1183);
#833=LINE('',#4632,#1184);
#834=LINE('',#4634,#1185);
#835=LINE('',#4635,#1186);
#836=LINE('',#4639,#1187);
#837=LINE('',#4641,#1188);
#838=LINE('',#4643,#1189);
#839=LINE('',#4644,#1190);
#840=LINE('',#4647,#1191);
#841=LINE('',#4649,#1192);
#842=LINE('',#4650,#1193);
#843=LINE('',#4654,#1194);
#844=LINE('',#4656,#1195);
#845=LINE('',#4658,#1196);
#846=LINE('',#4659,#1197);
#847=LINE('',#4662,#1198);
#848=LINE('',#4664,#1199);
#849=LINE('',#4665,#1200);
#850=LINE('',#4669,#1201);
#851=LINE('',#4671,#1202);
#852=LINE('',#4673,#1203);
#853=LINE('',#4674,#1204);
#854=LINE('',#4677,#1205);
#855=LINE('',#4679,#1206);
#856=LINE('',#4680,#1207);
#857=LINE('',#4684,#1208);
#858=LINE('',#4686,#1209);
#859=LINE('',#4688,#1210);
#860=LINE('',#4689,#1211);
#861=LINE('',#4692,#1212);
#862=LINE('',#4694,#1213);
#863=LINE('',#4695,#1214);
#864=LINE('',#4699,#1215);
#865=LINE('',#4701,#1216);
#866=LINE('',#4703,#1217);
#867=LINE('',#4704,#1218);
#868=LINE('',#4707,#1219);
#869=LINE('',#4709,#1220);
#870=LINE('',#4710,#1221);
#871=LINE('',#4714,#1222);
#872=LINE('',#4716,#1223);
#873=LINE('',#4718,#1224);
#874=LINE('',#4719,#1225);
#875=LINE('',#4722,#1226);
#876=LINE('',#4724,#1227);
#877=LINE('',#4725,#1228);
#878=LINE('',#4728,#1229);
#879=LINE('',#4730,#1230);
#880=LINE('',#4731,#1231);
#881=LINE('',#4733,#1232);
#882=LINE('',#4734,#1233);
#883=LINE('',#4737,#1234);
#884=LINE('',#4739,#1235);
#885=LINE('',#4740,#1236);
#886=LINE('',#4742,#1237);
#887=LINE('',#4743,#1238);
#888=LINE('',#4746,#1239);
#889=LINE('',#4748,#1240);
#890=LINE('',#4749,#1241);
#891=LINE('',#4751,#1242);
#892=LINE('',#4752,#1243);
#893=LINE('',#4755,#1244);
#894=LINE('',#4757,#1245);
#895=LINE('',#4758,#1246);
#896=LINE('',#4760,#1247);
#897=LINE('',#4761,#1248);
#898=LINE('',#4764,#1249);
#899=LINE('',#4766,#1250);
#900=LINE('',#4767,#1251);
#901=LINE('',#4769,#1252);
#902=LINE('',#4770,#1253);
#903=LINE('',#4773,#1254);
#904=LINE('',#4775,#1255);
#905=LINE('',#4776,#1256);
#906=LINE('',#4778,#1257);
#907=LINE('',#4779,#1258);
#908=LINE('',#4782,#1259);
#909=LINE('',#4784,#1260);
#910=LINE('',#4785,#1261);
#911=LINE('',#4787,#1262);
#912=LINE('',#4788,#1263);
#913=LINE('',#4791,#1264);
#914=LINE('',#4793,#1265);
#915=LINE('',#4794,#1266);
#916=LINE('',#4796,#1267);
#917=LINE('',#4797,#1268);
#918=LINE('',#4801,#1269);
#919=LINE('',#4803,#1270);
#920=LINE('',#4805,#1271);
#921=LINE('',#4806,#1272);
#922=LINE('',#4810,#1273);
#923=LINE('',#4812,#1274);
#924=LINE('',#4814,#1275);
#925=LINE('',#4815,#1276);
#926=LINE('',#4817,#1277);
#927=LINE('',#4818,#1278);
#928=LINE('',#4820,#1279);
#929=LINE('',#4822,#1280);
#930=VECTOR('',#3248,1.8);
#931=VECTOR('',#3257,1.8);
#932=VECTOR('',#3266,1.8);
#933=VECTOR('',#3275,1.8);
#934=VECTOR('',#3282,10.);
#935=VECTOR('',#3283,10.);
#936=VECTOR('',#3284,10.);
#937=VECTOR('',#3285,10.);
#938=VECTOR('',#3286,10.);
#939=VECTOR('',#3287,10.);
#940=VECTOR('',#3288,10.);
#941=VECTOR('',#3289,10.);
#942=VECTOR('',#3290,10.);
#943=VECTOR('',#3291,10.);
#944=VECTOR('',#3292,10.);
#945=VECTOR('',#3293,10.);
#946=VECTOR('',#3294,10.);
#947=VECTOR('',#3295,10.);
#948=VECTOR('',#3296,10.);
#949=VECTOR('',#3297,10.);
#950=VECTOR('',#3298,10.);
#951=VECTOR('',#3299,10.);
#952=VECTOR('',#3302,10.);
#953=VECTOR('',#3303,10.);
#954=VECTOR('',#3304,10.);
#955=VECTOR('',#3307,10.);
#956=VECTOR('',#3308,10.);
#957=VECTOR('',#3311,10.);
#958=VECTOR('',#3312,10.);
#959=VECTOR('',#3313,10.);
#960=VECTOR('',#3316,10.);
#961=VECTOR('',#3317,10.);
#962=VECTOR('',#3320,10.);
#963=VECTOR('',#3321,10.);
#964=VECTOR('',#3322,10.);
#965=VECTOR('',#3325,10.);
#966=VECTOR('',#3326,10.);
#967=VECTOR('',#3329,10.);
#968=VECTOR('',#3330,10.);
#969=VECTOR('',#3331,10.);
#970=VECTOR('',#3334,10.);
#971=VECTOR('',#3335,10.);
#972=VECTOR('',#3338,10.);
#973=VECTOR('',#3339,10.);
#974=VECTOR('',#3340,10.);
#975=VECTOR('',#3343,10.);
#976=VECTOR('',#3344,10.);
#977=VECTOR('',#3345,10.);
#978=VECTOR('',#3346,10.);
#979=VECTOR('',#3347,10.);
#980=VECTOR('',#3348,10.);
#981=VECTOR('',#3349,10.);
#982=VECTOR('',#3352,10.);
#983=VECTOR('',#3353,10.);
#984=VECTOR('',#3354,10.);
#985=VECTOR('',#3355,10.);
#986=VECTOR('',#3356,10.);
#987=VECTOR('',#3357,10.);
#988=VECTOR('',#3358,10.);
#989=VECTOR('',#3359,10.);
#990=VECTOR('',#3360,10.);
#991=VECTOR('',#3361,10.);
#992=VECTOR('',#3362,10.);
#993=VECTOR('',#3363,10.);
#994=VECTOR('',#3364,10.);
#995=VECTOR('',#3365,10.);
#996=VECTOR('',#3366,10.);
#997=VECTOR('',#3367,10.);
#998=VECTOR('',#3368,10.);
#999=VECTOR('',#3369,10.);
#1000=VECTOR('',#3370,10.);
#1001=VECTOR('',#3371,10.);
#1002=VECTOR('',#3372,10.);
#1003=VECTOR('',#3373,10.);
#1004=VECTOR('',#3374,10.);
#1005=VECTOR('',#3375,10.);
#1006=VECTOR('',#3376,10.);
#1007=VECTOR('',#3377,10.);
#1008=VECTOR('',#3378,10.);
#1009=VECTOR('',#3379,10.);
#1010=VECTOR('',#3380,10.);
#1011=VECTOR('',#3381,10.);
#1012=VECTOR('',#3382,10.);
#1013=VECTOR('',#3383,10.);
#1014=VECTOR('',#3384,10.);
#1015=VECTOR('',#3385,10.);
#1016=VECTOR('',#3386,10.);
#1017=VECTOR('',#3415,10.);
#1018=VECTOR('',#3418,10.);
#1019=VECTOR('',#3429,10.);
#1020=VECTOR('',#3430,10.);
#1021=VECTOR('',#3431,10.);
#1022=VECTOR('',#3432,10.);
#1023=VECTOR('',#3433,10.);
#1024=VECTOR('',#3438,10.);
#1025=VECTOR('',#3439,10.);
#1026=VECTOR('',#3442,10.);
#1027=VECTOR('',#3443,10.);
#1028=VECTOR('',#3444,10.);
#1029=VECTOR('',#3445,10.);
#1030=VECTOR('',#3450,10.);
#1031=VECTOR('',#3451,10.);
#1032=VECTOR('',#3452,10.);
#1033=VECTOR('',#3453,10.);
#1034=VECTOR('',#3454,10.);
#1035=VECTOR('',#3455,10.);
#1036=VECTOR('',#3456,10.);
#1037=VECTOR('',#3457,10.);
#1038=VECTOR('',#3458,10.);
#1039=VECTOR('',#3459,10.);
#1040=VECTOR('',#3460,10.);
#1041=VECTOR('',#3461,10.);
#1042=VECTOR('',#3462,10.);
#1043=VECTOR('',#3463,10.);
#1044=VECTOR('',#3464,10.);
#1045=VECTOR('',#3465,10.);
#1046=VECTOR('',#3466,10.);
#1047=VECTOR('',#3467,10.);
#1048=VECTOR('',#3496,10.);
#1049=VECTOR('',#3499,10.);
#1050=VECTOR('',#3504,10.);
#1051=VECTOR('',#3505,10.);
#1052=VECTOR('',#3506,10.);
#1053=VECTOR('',#3507,10.);
#1054=VECTOR('',#3508,10.);
#1055=VECTOR('',#3509,10.);
#1056=VECTOR('',#3510,10.);
#1057=VECTOR('',#3511,10.);
#1058=VECTOR('',#3512,10.);
#1059=VECTOR('',#3513,10.);
#1060=VECTOR('',#3514,10.);
#1061=VECTOR('',#3515,10.);
#1062=VECTOR('',#3522,10.);
#1063=VECTOR('',#3523,10.);
#1064=VECTOR('',#3524,10.);
#1065=VECTOR('',#3525,10.);
#1066=VECTOR('',#3526,10.);
#1067=VECTOR('',#3527,10.);
#1068=VECTOR('',#3528,10.);
#1069=VECTOR('',#3529,10.);
#1070=VECTOR('',#3530,10.);
#1071=VECTOR('',#3531,10.);
#1072=VECTOR('',#3532,10.);
#1073=VECTOR('',#3533,10.);
#1074=VECTOR('',#3536,10.);
#1075=VECTOR('',#3537,10.);
#1076=VECTOR('',#3538,10.);
#1077=VECTOR('',#3541,10.);
#1078=VECTOR('',#3542,10.);
#1079=VECTOR('',#3545,10.);
#1080=VECTOR('',#3546,10.);
#1081=VECTOR('',#3549,10.);
#1082=VECTOR('',#3552,10.);
#1083=VECTOR('',#3553,10.);
#1084=VECTOR('',#3556,10.);
#1085=VECTOR('',#3559,10.);
#1086=VECTOR('',#3560,10.);
#1087=VECTOR('',#3563,10.);
#1088=VECTOR('',#3566,10.);
#1089=VECTOR('',#3567,10.);
#1090=VECTOR('',#3570,10.);
#1091=VECTOR('',#3571,10.);
#1092=VECTOR('',#3574,10.);
#1093=VECTOR('',#3575,10.);
#1094=VECTOR('',#3578,10.);
#1095=VECTOR('',#3581,10.);
#1096=VECTOR('',#3586,10.);
#1097=VECTOR('',#3587,10.);
#1098=VECTOR('',#3590,10.);
#1099=VECTOR('',#3593,10.);
#1100=VECTOR('',#3598,10.);
#1101=VECTOR('',#3599,10.);
#1102=VECTOR('',#3602,10.);
#1103=VECTOR('',#3605,10.);
#1104=VECTOR('',#3610,10.);
#1105=VECTOR('',#3611,10.);
#1106=VECTOR('',#3614,10.);
#1107=VECTOR('',#3617,10.);
#1108=VECTOR('',#3622,1.25);
#1109=VECTOR('',#3625,1.25);
#1110=VECTOR('',#3628,1.625);
#1111=VECTOR('',#3631,1.625);
#1112=VECTOR('',#3634,1.625);
#1113=VECTOR('',#3637,1.625);
#1114=VECTOR('',#3640,1.625);
#1115=VECTOR('',#3643,1.625);
#1116=VECTOR('',#3646,1.625);
#1117=VECTOR('',#3649,1.625);
#1118=VECTOR('',#3652,1.625);
#1119=VECTOR('',#3655,1.625);
#1120=VECTOR('',#3658,1.625);
#1121=VECTOR('',#3661,1.625);
#1122=VECTOR('',#3664,1.625);
#1123=VECTOR('',#3667,1.625);
#1124=VECTOR('',#3670,10.);
#1125=VECTOR('',#3671,10.);
#1126=VECTOR('',#3674,10.);
#1127=VECTOR('',#3677,10.);
#1128=VECTOR('',#3682,1.25);
#1129=VECTOR('',#3685,10.);
#1130=VECTOR('',#3686,10.);
#1131=VECTOR('',#3687,10.);
#1132=VECTOR('',#3690,10.);
#1133=VECTOR('',#3691,10.);
#1134=VECTOR('',#3694,10.);
#1135=VECTOR('',#3695,10.);
#1136=VECTOR('',#3698,10.);
#1137=VECTOR('',#3699,10.);
#1138=VECTOR('',#3702,10.);
#1139=VECTOR('',#3703,10.);
#1140=VECTOR('',#3706,10.);
#1141=VECTOR('',#3713,10.);
#1142=VECTOR('',#3714,10.);
#1143=VECTOR('',#3715,10.);
#1144=VECTOR('',#3718,10.);
#1145=VECTOR('',#3719,10.);
#1146=VECTOR('',#3722,10.);
#1147=VECTOR('',#3723,10.);
#1148=VECTOR('',#3726,10.);
#1149=VECTOR('',#3727,10.);
#1150=VECTOR('',#3730,10.);
#1151=VECTOR('',#3731,10.);
#1152=VECTOR('',#3734,10.);
#1153=VECTOR('',#3741,2.125);
#1154=VECTOR('',#3746,2.125);
#1155=VECTOR('',#3751,10.);
#1156=VECTOR('',#3752,10.);
#1157=VECTOR('',#3753,10.);
#1158=VECTOR('',#3754,10.);
#1159=VECTOR('',#3755,10.);
#1160=VECTOR('',#3758,10.);
#1161=VECTOR('',#3759,10.);
#1162=VECTOR('',#3760,10.);
#1163=VECTOR('',#3761,10.);
#1164=VECTOR('',#3762,10.);
#1165=VECTOR('',#3765,10.);
#1166=VECTOR('',#3768,10.);
#1167=VECTOR('',#3777,10.);
#1168=VECTOR('',#3782,10.);
#1169=VECTOR('',#3789,1.25);
#1170=VECTOR('',#3796,1.25);
#1171=VECTOR('',#3803,1.25);
#1172=VECTOR('',#3810,1.25);
#1173=VECTOR('',#3815,10.);
#1174=VECTOR('',#3816,10.);
#1175=VECTOR('',#3817,10.);
#1176=VECTOR('',#3818,10.);
#1177=VECTOR('',#3821,10.);
#1178=VECTOR('',#3822,10.);
#1179=VECTOR('',#3823,10.);
#1180=VECTOR('',#3826,10.);
#1181=VECTOR('',#3827,10.);
#1182=VECTOR('',#3828,10.);
#1183=VECTOR('',#3829,10.);
#1184=VECTOR('',#3832,10.);
#1185=VECTOR('',#3833,10.);
#1186=VECTOR('',#3834,10.);
#1187=VECTOR('',#3837,10.);
#1188=VECTOR('',#3838,10.);
#1189=VECTOR('',#3839,10.);
#1190=VECTOR('',#3840,10.);
#1191=VECTOR('',#3843,10.);
#1192=VECTOR('',#3844,10.);
#1193=VECTOR('',#3845,10.);
#1194=VECTOR('',#3848,10.);
#1195=VECTOR('',#3849,10.);
#1196=VECTOR('',#3850,10.);
#1197=VECTOR('',#3851,10.);
#1198=VECTOR('',#3854,10.);
#1199=VECTOR('',#3855,10.);
#1200=VECTOR('',#3856,10.);
#1201=VECTOR('',#3859,10.);
#1202=VECTOR('',#3860,10.);
#1203=VECTOR('',#3861,10.);
#1204=VECTOR('',#3862,10.);
#1205=VECTOR('',#3865,10.);
#1206=VECTOR('',#3866,10.);
#1207=VECTOR('',#3867,10.);
#1208=VECTOR('',#3870,10.);
#1209=VECTOR('',#3871,10.);
#1210=VECTOR('',#3872,10.);
#1211=VECTOR('',#3873,10.);
#1212=VECTOR('',#3876,10.);
#1213=VECTOR('',#3877,10.);
#1214=VECTOR('',#3878,10.);
#1215=VECTOR('',#3881,10.);
#1216=VECTOR('',#3882,10.);
#1217=VECTOR('',#3883,10.);
#1218=VECTOR('',#3884,10.);
#1219=VECTOR('',#3887,10.);
#1220=VECTOR('',#3888,10.);
#1221=VECTOR('',#3889,10.);
#1222=VECTOR('',#3892,10.);
#1223=VECTOR('',#3893,10.);
#1224=VECTOR('',#3894,10.);
#1225=VECTOR('',#3895,10.);
#1226=VECTOR('',#3898,10.);
#1227=VECTOR('',#3899,10.);
#1228=VECTOR('',#3900,10.);
#1229=VECTOR('',#3903,10.);
#1230=VECTOR('',#3904,10.);
#1231=VECTOR('',#3905,10.);
#1232=VECTOR('',#3908,10.);
#1233=VECTOR('',#3909,10.);
#1234=VECTOR('',#3912,10.);
#1235=VECTOR('',#3913,10.);
#1236=VECTOR('',#3914,10.);
#1237=VECTOR('',#3917,10.);
#1238=VECTOR('',#3918,10.);
#1239=VECTOR('',#3921,10.);
#1240=VECTOR('',#3922,10.);
#1241=VECTOR('',#3923,10.);
#1242=VECTOR('',#3926,10.);
#1243=VECTOR('',#3927,10.);
#1244=VECTOR('',#3930,10.);
#1245=VECTOR('',#3931,10.);
#1246=VECTOR('',#3932,10.);
#1247=VECTOR('',#3935,10.);
#1248=VECTOR('',#3936,10.);
#1249=VECTOR('',#3939,10.);
#1250=VECTOR('',#3940,10.);
#1251=VECTOR('',#3941,10.);
#1252=VECTOR('',#3944,10.);
#1253=VECTOR('',#3945,10.);
#1254=VECTOR('',#3948,10.);
#1255=VECTOR('',#3949,10.);
#1256=VECTOR('',#3950,10.);
#1257=VECTOR('',#3953,10.);
#1258=VECTOR('',#3954,10.);
#1259=VECTOR('',#3957,10.);
#1260=VECTOR('',#3958,10.);
#1261=VECTOR('',#3959,10.);
#1262=VECTOR('',#3962,10.);
#1263=VECTOR('',#3963,10.);
#1264=VECTOR('',#3966,10.);
#1265=VECTOR('',#3967,10.);
#1266=VECTOR('',#3968,10.);
#1267=VECTOR('',#3971,10.);
#1268=VECTOR('',#3972,10.);
#1269=VECTOR('',#3975,10.);
#1270=VECTOR('',#3976,10.);
#1271=VECTOR('',#3977,10.);
#1272=VECTOR('',#3978,10.);
#1273=VECTOR('',#3981,10.);
#1274=VECTOR('',#3982,10.);
#1275=VECTOR('',#3983,10.);
#1276=VECTOR('',#3984,10.);
#1277=VECTOR('',#3987,10.);
#1278=VECTOR('',#3988,10.);
#1279=VECTOR('',#3991,10.);
#1280=VECTOR('',#3994,10.);
#1281=CIRCLE('',#3042,1.8);
#1282=CIRCLE('',#3043,1.8);
#1283=CIRCLE('',#3046,1.8);
#1284=CIRCLE('',#3047,1.8);
#1285=CIRCLE('',#3050,1.8);
#1286=CIRCLE('',#3051,1.8);
#1287=CIRCLE('',#3054,1.8);
#1288=CIRCLE('',#3055,1.8);
#1289=CIRCLE('',#3069,1.625);
#1290=CIRCLE('',#3070,1.625);
#1291=CIRCLE('',#3071,1.625);
#1292=CIRCLE('',#3072,1.625);
#1293=CIRCLE('',#3073,1.625);
#1294=CIRCLE('',#3074,1.625);
#1295=CIRCLE('',#3075,1.625);
#1296=CIRCLE('',#3076,1.625);
#1297=CIRCLE('',#3077,1.625);
#1298=CIRCLE('',#3078,1.625);
#1299=CIRCLE('',#3079,1.625);
#1300=CIRCLE('',#3080,1.625);
#1301=CIRCLE('',#3081,1.625);
#1302=CIRCLE('',#3082,1.625);
#1303=CIRCLE('',#3083,6.5);
#1304=CIRCLE('',#3084,6.5);
#1305=CIRCLE('',#3085,1.25);
#1306=CIRCLE('',#3086,1.25);
#1307=CIRCLE('',#3087,1.25);
#1308=CIRCLE('',#3089,32.5);
#1309=CIRCLE('',#3092,32.5);
#1310=CIRCLE('',#3094,1.625);
#1311=CIRCLE('',#3095,1.625);
#1312=CIRCLE('',#3096,1.625);
#1313=CIRCLE('',#3097,1.625);
#1314=CIRCLE('',#3098,1.625);
#1315=CIRCLE('',#3099,1.625);
#1316=CIRCLE('',#3100,1.625);
#1317=CIRCLE('',#3101,1.625);
#1318=CIRCLE('',#3102,1.625);
#1319=CIRCLE('',#3103,1.625);
#1320=CIRCLE('',#3104,1.625);
#1321=CIRCLE('',#3105,1.625);
#1322=CIRCLE('',#3106,1.625);
#1323=CIRCLE('',#3107,1.625);
#1324=CIRCLE('',#3108,6.5);
#1325=CIRCLE('',#3109,6.5);
#1326=CIRCLE('',#3110,1.25);
#1327=CIRCLE('',#3111,1.25);
#1328=CIRCLE('',#3112,1.25);
#1329=CIRCLE('',#3168,2.125);
#1330=CIRCLE('',#3176,2.125);
#1331=CIRCLE('',#3178,2.125);
#1332=CIRCLE('',#3180,2.125);
#1333=CIRCLE('',#3186,32.5);
#1334=CIRCLE('',#3187,32.5);
#1335=CIRCLE('',#3193,1.25);
#1336=CIRCLE('',#3194,1.25);
#1337=CIRCLE('',#3196,1.25);
#1338=CIRCLE('',#3197,1.25);
#1339=CIRCLE('',#3199,1.25);
#1340=CIRCLE('',#3200,1.25);
#1341=CIRCLE('',#3202,1.25);
#1342=CIRCLE('',#3203,1.25);
#1343=VERTEX_POINT('',#3999);
#1344=VERTEX_POINT('',#4001);
#1345=VERTEX_POINT('',#4006);
#1346=VERTEX_POINT('',#4008);
#1347=VERTEX_POINT('',#4013);
#1348=VERTEX_POINT('',#4015);
#1349=VERTEX_POINT('',#4020);
#1350=VERTEX_POINT('',#4022);
#1351=VERTEX_POINT('',#4027);
#1352=VERTEX_POINT('',#4028);
#1353=VERTEX_POINT('',#4030);
#1354=VERTEX_POINT('',#4032);
#1355=VERTEX_POINT('',#4034);
#1356=VERTEX_POINT('',#4036);
#1357=VERTEX_POINT('',#4038);
#1358=VERTEX_POINT('',#4040);
#1359=VERTEX_POINT('',#4042);
#1360=VERTEX_POINT('',#4044);
#1361=VERTEX_POINT('',#4046);
#1362=VERTEX_POINT('',#4048);
#1363=VERTEX_POINT('',#4050);
#1364=VERTEX_POINT('',#4052);
#1365=VERTEX_POINT('',#4054);
#1366=VERTEX_POINT('',#4056);
#1367=VERTEX_POINT('',#4058);
#1368=VERTEX_POINT('',#4060);
#1369=VERTEX_POINT('',#4064);
#1370=VERTEX_POINT('',#4066);
#1371=VERTEX_POINT('',#4070);
#1372=VERTEX_POINT('',#4074);
#1373=VERTEX_POINT('',#4076);
#1374=VERTEX_POINT('',#4080);
#1375=VERTEX_POINT('',#4084);
#1376=VERTEX_POINT('',#4086);
#1377=VERTEX_POINT('',#4090);
#1378=VERTEX_POINT('',#4094);
#1379=VERTEX_POINT('',#4096);
#1380=VERTEX_POINT('',#4100);
#1381=VERTEX_POINT('',#4104);
#1382=VERTEX_POINT('',#4106);
#1383=VERTEX_POINT('',#4110);
#1384=VERTEX_POINT('',#4112);
#1385=VERTEX_POINT('',#4120);
#1386=VERTEX_POINT('',#4122);
#1387=VERTEX_POINT('',#4124);
#1388=VERTEX_POINT('',#4126);
#1389=VERTEX_POINT('',#4128);
#1390=VERTEX_POINT('',#4130);
#1391=VERTEX_POINT('',#4132);
#1392=VERTEX_POINT('',#4134);
#1393=VERTEX_POINT('',#4136);
#1394=VERTEX_POINT('',#4138);
#1395=VERTEX_POINT('',#4140);
#1396=VERTEX_POINT('',#4142);
#1397=VERTEX_POINT('',#4144);
#1398=VERTEX_POINT('',#4146);
#1399=VERTEX_POINT('',#4148);
#1400=VERTEX_POINT('',#4150);
#1401=VERTEX_POINT('',#4152);
#1402=VERTEX_POINT('',#4154);
#1403=VERTEX_POINT('',#4157);
#1404=VERTEX_POINT('',#4158);
#1405=VERTEX_POINT('',#4160);
#1406=VERTEX_POINT('',#4162);
#1407=VERTEX_POINT('',#4165);
#1408=VERTEX_POINT('',#4166);
#1409=VERTEX_POINT('',#4168);
#1410=VERTEX_POINT('',#4170);
#1411=VERTEX_POINT('',#4173);
#1412=VERTEX_POINT('',#4174);
#1413=VERTEX_POINT('',#4176);
#1414=VERTEX_POINT('',#4178);
#1415=VERTEX_POINT('',#4181);
#1416=VERTEX_POINT('',#4182);
#1417=VERTEX_POINT('',#4184);
#1418=VERTEX_POINT('',#4186);
#1419=VERTEX_POINT('',#4189);
#1420=VERTEX_POINT('',#4191);
#1421=VERTEX_POINT('',#4193);
#1422=VERTEX_POINT('',#4195);
#1423=VERTEX_POINT('',#4197);
#1424=VERTEX_POINT('',#4199);
#1425=VERTEX_POINT('',#4201);
#1426=VERTEX_POINT('',#4203);
#1427=VERTEX_POINT('',#4205);
#1428=VERTEX_POINT('',#4207);
#1429=VERTEX_POINT('',#4209);
#1430=VERTEX_POINT('',#4211);
#1431=VERTEX_POINT('',#4213);
#1432=VERTEX_POINT('',#4215);
#1433=VERTEX_POINT('',#4217);
#1434=VERTEX_POINT('',#4218);
#1435=VERTEX_POINT('',#4220);
#1436=VERTEX_POINT('',#4222);
#1437=VERTEX_POINT('',#4225);
#1438=VERTEX_POINT('',#4227);
#1439=VERTEX_POINT('',#4229);
#1440=VERTEX_POINT('',#4232);
#1441=VERTEX_POINT('',#4234);
#1442=VERTEX_POINT('',#4236);
#1443=VERTEX_POINT('',#4238);
#1444=VERTEX_POINT('',#4243);
#1445=VERTEX_POINT('',#4247);
#1446=VERTEX_POINT('',#4249);
#1447=VERTEX_POINT('',#4251);
#1448=VERTEX_POINT('',#4256);
#1449=VERTEX_POINT('',#4259);
#1450=VERTEX_POINT('',#4260);
#1451=VERTEX_POINT('',#4262);
#1452=VERTEX_POINT('',#4264);
#1453=VERTEX_POINT('',#4267);
#1454=VERTEX_POINT('',#4268);
#1455=VERTEX_POINT('',#4270);
#1456=VERTEX_POINT('',#4272);
#1457=VERTEX_POINT('',#4275);
#1458=VERTEX_POINT('',#4276);
#1459=VERTEX_POINT('',#4278);
#1460=VERTEX_POINT('',#4280);
#1461=VERTEX_POINT('',#4283);
#1462=VERTEX_POINT('',#4284);
#1463=VERTEX_POINT('',#4286);
#1464=VERTEX_POINT('',#4288);
#1465=VERTEX_POINT('',#4291);
#1466=VERTEX_POINT('',#4293);
#1467=VERTEX_POINT('',#4295);
#1468=VERTEX_POINT('',#4297);
#1469=VERTEX_POINT('',#4299);
#1470=VERTEX_POINT('',#4301);
#1471=VERTEX_POINT('',#4303);
#1472=VERTEX_POINT('',#4305);
#1473=VERTEX_POINT('',#4307);
#1474=VERTEX_POINT('',#4309);
#1475=VERTEX_POINT('',#4311);
#1476=VERTEX_POINT('',#4313);
#1477=VERTEX_POINT('',#4315);
#1478=VERTEX_POINT('',#4317);
#1479=VERTEX_POINT('',#4319);
#1480=VERTEX_POINT('',#4320);
#1481=VERTEX_POINT('',#4322);
#1482=VERTEX_POINT('',#4324);
#1483=VERTEX_POINT('',#4327);
#1484=VERTEX_POINT('',#4329);
#1485=VERTEX_POINT('',#4330);
#1486=VERTEX_POINT('',#4332);
#1487=VERTEX_POINT('',#4334);
#1488=VERTEX_POINT('',#4336);
#1489=VERTEX_POINT('',#4338);
#1490=VERTEX_POINT('',#4341);
#1491=VERTEX_POINT('',#4342);
#1492=VERTEX_POINT('',#4344);
#1493=VERTEX_POINT('',#4346);
#1494=VERTEX_POINT('',#4348);
#1495=VERTEX_POINT('',#4350);
#1496=VERTEX_POINT('',#4353);
#1497=VERTEX_POINT('',#4355);
#1498=VERTEX_POINT('',#4358);
#1499=VERTEX_POINT('',#4361);
#1500=VERTEX_POINT('',#4363);
#1501=VERTEX_POINT('',#4365);
#1502=VERTEX_POINT('',#4367);
#1503=VERTEX_POINT('',#4369);
#1504=VERTEX_POINT('',#4372);
#1505=VERTEX_POINT('',#4375);
#1506=VERTEX_POINT('',#4379);
#1507=VERTEX_POINT('',#4381);
#1508=VERTEX_POINT('',#4385);
#1509=VERTEX_POINT('',#4389);
#1510=VERTEX_POINT('',#4395);
#1511=VERTEX_POINT('',#4401);
#1512=VERTEX_POINT('',#4407);
#1513=VERTEX_POINT('',#4488);
#1514=VERTEX_POINT('',#4490);
#1515=VERTEX_POINT('',#4494);
#1516=VERTEX_POINT('',#4498);
#1517=VERTEX_POINT('',#4502);
#1518=VERTEX_POINT('',#4506);
#1519=VERTEX_POINT('',#4512);
#1520=VERTEX_POINT('',#4515);
#1521=VERTEX_POINT('',#4517);
#1522=VERTEX_POINT('',#4521);
#1523=VERTEX_POINT('',#4525);
#1524=VERTEX_POINT('',#4529);
#1525=VERTEX_POINT('',#4533);
#1526=VERTEX_POINT('',#4539);
#1527=VERTEX_POINT('',#4542);
#1528=VERTEX_POINT('',#4546);
#1529=VERTEX_POINT('',#4550);
#1530=VERTEX_POINT('',#4552);
#1531=VERTEX_POINT('',#4554);
#1532=VERTEX_POINT('',#4556);
#1533=VERTEX_POINT('',#4560);
#1534=VERTEX_POINT('',#4562);
#1535=VERTEX_POINT('',#4564);
#1536=VERTEX_POINT('',#4566);
#1537=VERTEX_POINT('',#4583);
#1538=VERTEX_POINT('',#4585);
#1539=VERTEX_POINT('',#4589);
#1540=VERTEX_POINT('',#4591);
#1541=VERTEX_POINT('',#4595);
#1542=VERTEX_POINT('',#4597);
#1543=VERTEX_POINT('',#4601);
#1544=VERTEX_POINT('',#4603);
#1545=VERTEX_POINT('',#4607);
#1546=VERTEX_POINT('',#4608);
#1547=VERTEX_POINT('',#4610);
#1548=VERTEX_POINT('',#4612);
#1549=VERTEX_POINT('',#4616);
#1550=VERTEX_POINT('',#4618);
#1551=VERTEX_POINT('',#4622);
#1552=VERTEX_POINT('',#4623);
#1553=VERTEX_POINT('',#4625);
#1554=VERTEX_POINT('',#4627);
#1555=VERTEX_POINT('',#4631);
#1556=VERTEX_POINT('',#4633);
#1557=VERTEX_POINT('',#4637);
#1558=VERTEX_POINT('',#4638);
#1559=VERTEX_POINT('',#4640);
#1560=VERTEX_POINT('',#4642);
#1561=VERTEX_POINT('',#4646);
#1562=VERTEX_POINT('',#4648);
#1563=VERTEX_POINT('',#4652);
#1564=VERTEX_POINT('',#4653);
#1565=VERTEX_POINT('',#4655);
#1566=VERTEX_POINT('',#4657);
#1567=VERTEX_POINT('',#4661);
#1568=VERTEX_POINT('',#4663);
#1569=VERTEX_POINT('',#4667);
#1570=VERTEX_POINT('',#4668);
#1571=VERTEX_POINT('',#4670);
#1572=VERTEX_POINT('',#4672);
#1573=VERTEX_POINT('',#4676);
#1574=VERTEX_POINT('',#4678);
#1575=VERTEX_POINT('',#4682);
#1576=VERTEX_POINT('',#4683);
#1577=VERTEX_POINT('',#4685);
#1578=VERTEX_POINT('',#4687);
#1579=VERTEX_POINT('',#4691);
#1580=VERTEX_POINT('',#4693);
#1581=VERTEX_POINT('',#4697);
#1582=VERTEX_POINT('',#4698);
#1583=VERTEX_POINT('',#4700);
#1584=VERTEX_POINT('',#4702);
#1585=VERTEX_POINT('',#4706);
#1586=VERTEX_POINT('',#4708);
#1587=VERTEX_POINT('',#4712);
#1588=VERTEX_POINT('',#4713);
#1589=VERTEX_POINT('',#4715);
#1590=VERTEX_POINT('',#4717);
#1591=VERTEX_POINT('',#4721);
#1592=VERTEX_POINT('',#4723);
#1593=VERTEX_POINT('',#4727);
#1594=VERTEX_POINT('',#4729);
#1595=VERTEX_POINT('',#4736);
#1596=VERTEX_POINT('',#4738);
#1597=VERTEX_POINT('',#4745);
#1598=VERTEX_POINT('',#4747);
#1599=VERTEX_POINT('',#4754);
#1600=VERTEX_POINT('',#4756);
#1601=VERTEX_POINT('',#4763);
#1602=VERTEX_POINT('',#4765);
#1603=VERTEX_POINT('',#4772);
#1604=VERTEX_POINT('',#4774);
#1605=VERTEX_POINT('',#4781);
#1606=VERTEX_POINT('',#4783);
#1607=VERTEX_POINT('',#4790);
#1608=VERTEX_POINT('',#4792);
#1609=VERTEX_POINT('',#4799);
#1610=VERTEX_POINT('',#4800);
#1611=VERTEX_POINT('',#4802);
#1612=VERTEX_POINT('',#4804);
#1613=VERTEX_POINT('',#4808);
#1614=VERTEX_POINT('',#4809);
#1615=VERTEX_POINT('',#4811);
#1616=VERTEX_POINT('',#4813);
#1617=EDGE_CURVE('',#1343,#1343,#1281,.T.);
#1618=EDGE_CURVE('',#1343,#1344,#579,.T.);
#1619=EDGE_CURVE('',#1344,#1344,#1282,.T.);
#1620=EDGE_CURVE('',#1345,#1345,#1283,.T.);
#1621=EDGE_CURVE('',#1345,#1346,#580,.T.);
#1622=EDGE_CURVE('',#1346,#1346,#1284,.T.);
#1623=EDGE_CURVE('',#1347,#1347,#1285,.T.);
#1624=EDGE_CURVE('',#1347,#1348,#581,.T.);
#1625=EDGE_CURVE('',#1348,#1348,#1286,.T.);
#1626=EDGE_CURVE('',#1349,#1349,#1287,.T.);
#1627=EDGE_CURVE('',#1349,#1350,#582,.T.);
#1628=EDGE_CURVE('',#1350,#1350,#1288,.T.);
#1629=EDGE_CURVE('',#1351,#1352,#583,.T.);
#1630=EDGE_CURVE('',#1351,#1353,#584,.T.);
#1631=EDGE_CURVE('',#1353,#1354,#585,.T.);
#1632=EDGE_CURVE('',#1355,#1354,#586,.T.);
#1633=EDGE_CURVE('',#1356,#1355,#587,.T.);
#1634=EDGE_CURVE('',#1356,#1357,#588,.T.);
#1635=EDGE_CURVE('',#1357,#1358,#589,.T.);
#1636=EDGE_CURVE('',#1359,#1358,#590,.T.);
#1637=EDGE_CURVE('',#1359,#1360,#591,.T.);
#1638=EDGE_CURVE('',#1360,#1361,#592,.T.);
#1639=EDGE_CURVE('',#1361,#1362,#593,.T.);
#1640=EDGE_CURVE('',#1363,#1362,#594,.T.);
#1641=EDGE_CURVE('',#1363,#1364,#595,.T.);
#1642=EDGE_CURVE('',#1364,#1365,#596,.T.);
#1643=EDGE_CURVE('',#1366,#1365,#597,.T.);
#1644=EDGE_CURVE('',#1367,#1366,#598,.T.);
#1645=EDGE_CURVE('',#1367,#1368,#599,.T.);
#1646=EDGE_CURVE('',#1368,#1352,#600,.T.);
#1647=EDGE_CURVE('',#1369,#1356,#601,.T.);
#1648=EDGE_CURVE('',#1370,#1369,#602,.T.);
#1649=EDGE_CURVE('',#1357,#1370,#603,.T.);
#1650=EDGE_CURVE('',#1371,#1370,#604,.T.);
#1651=EDGE_CURVE('',#1371,#1358,#605,.T.);
#1652=EDGE_CURVE('',#1372,#1363,#606,.T.);
#1653=EDGE_CURVE('',#1373,#1372,#607,.T.);
#1654=EDGE_CURVE('',#1364,#1373,#608,.T.);
#1655=EDGE_CURVE('',#1374,#1373,#609,.T.);
#1656=EDGE_CURVE('',#1365,#1374,#610,.T.);
#1657=EDGE_CURVE('',#1375,#1351,#611,.T.);
#1658=EDGE_CURVE('',#1376,#1375,#612,.T.);
#1659=EDGE_CURVE('',#1353,#1376,#613,.T.);
#1660=EDGE_CURVE('',#1377,#1376,#614,.T.);
#1661=EDGE_CURVE('',#1354,#1377,#615,.T.);
#1662=EDGE_CURVE('',#1378,#1367,#616,.T.);
#1663=EDGE_CURVE('',#1379,#1378,#617,.T.);
#1664=EDGE_CURVE('',#1368,#1379,#618,.T.);
#1665=EDGE_CURVE('',#1380,#1379,#619,.T.);
#1666=EDGE_CURVE('',#1352,#1380,#620,.T.);
#1667=EDGE_CURVE('',#1360,#1381,#621,.T.);
#1668=EDGE_CURVE('',#1382,#1381,#622,.T.);
#1669=EDGE_CURVE('',#1361,#1382,#623,.T.);
#1670=EDGE_CURVE('',#1383,#1382,#624,.T.);
#1671=EDGE_CURVE('',#1381,#1384,#625,.T.);
#1672=EDGE_CURVE('',#1384,#1383,#626,.T.);
#1673=EDGE_CURVE('',#1378,#1380,#627,.T.);
#1674=EDGE_CURVE('',#1375,#1377,#628,.T.);
#1675=EDGE_CURVE('',#1372,#1374,#629,.T.);
#1676=EDGE_CURVE('',#1369,#1371,#630,.T.);
#1677=EDGE_CURVE('',#1366,#1385,#631,.T.);
#1678=EDGE_CURVE('',#1386,#1385,#632,.T.);
#1679=EDGE_CURVE('',#1387,#1386,#633,.T.);
#1680=EDGE_CURVE('',#1388,#1387,#634,.T.);
#1681=EDGE_CURVE('',#1388,#1389,#635,.T.);
#1682=EDGE_CURVE('',#1390,#1389,#636,.T.);
#1683=EDGE_CURVE('',#1390,#1391,#637,.T.);
#1684=EDGE_CURVE('',#1392,#1391,#638,.T.);
#1685=EDGE_CURVE('',#1393,#1392,#639,.T.);
#1686=EDGE_CURVE('',#1394,#1393,#640,.T.);
#1687=EDGE_CURVE('',#1394,#1395,#641,.T.);
#1688=EDGE_CURVE('',#1396,#1395,#642,.T.);
#1689=EDGE_CURVE('',#1397,#1396,#643,.T.);
#1690=EDGE_CURVE('',#1398,#1397,#644,.T.);
#1691=EDGE_CURVE('',#1399,#1398,#645,.T.);
#1692=EDGE_CURVE('',#1399,#1400,#646,.T.);
#1693=EDGE_CURVE('',#1400,#1401,#647,.T.);
#1694=EDGE_CURVE('',#1401,#1402,#648,.T.);
#1695=EDGE_CURVE('',#1355,#1402,#649,.T.);
#1696=EDGE_CURVE('',#1403,#1404,#650,.T.);
#1697=EDGE_CURVE('',#1404,#1405,#651,.T.);
#1698=EDGE_CURVE('',#1405,#1406,#652,.T.);
#1699=EDGE_CURVE('',#1406,#1403,#653,.T.);
#1700=EDGE_CURVE('',#1407,#1408,#654,.T.);
#1701=EDGE_CURVE('',#1408,#1409,#655,.T.);
#1702=EDGE_CURVE('',#1409,#1410,#656,.T.);
#1703=EDGE_CURVE('',#1410,#1407,#657,.T.);
#1704=EDGE_CURVE('',#1411,#1412,#658,.T.);
#1705=EDGE_CURVE('',#1412,#1413,#659,.T.);
#1706=EDGE_CURVE('',#1413,#1414,#660,.T.);
#1707=EDGE_CURVE('',#1414,#1411,#661,.T.);
#1708=EDGE_CURVE('',#1415,#1416,#662,.T.);
#1709=EDGE_CURVE('',#1416,#1417,#663,.T.);
#1710=EDGE_CURVE('',#1417,#1418,#664,.T.);
#1711=EDGE_CURVE('',#1418,#1415,#665,.T.);
#1712=EDGE_CURVE('',#1419,#1419,#1289,.T.);
#1713=EDGE_CURVE('',#1420,#1420,#1290,.T.);
#1714=EDGE_CURVE('',#1421,#1421,#1291,.T.);
#1715=EDGE_CURVE('',#1422,#1422,#1292,.T.);
#1716=EDGE_CURVE('',#1423,#1423,#1293,.T.);
#1717=EDGE_CURVE('',#1424,#1424,#1294,.T.);
#1718=EDGE_CURVE('',#1425,#1425,#1295,.T.);
#1719=EDGE_CURVE('',#1426,#1426,#1296,.T.);
#1720=EDGE_CURVE('',#1427,#1427,#1297,.T.);
#1721=EDGE_CURVE('',#1428,#1428,#1298,.T.);
#1722=EDGE_CURVE('',#1429,#1429,#1299,.T.);
#1723=EDGE_CURVE('',#1430,#1430,#1300,.T.);
#1724=EDGE_CURVE('',#1431,#1431,#1301,.T.);
#1725=EDGE_CURVE('',#1432,#1432,#1302,.T.);
#1726=EDGE_CURVE('',#1433,#1434,#666,.T.);
#1727=EDGE_CURVE('',#1435,#1434,#1303,.T.);
#1728=EDGE_CURVE('',#1435,#1436,#667,.T.);
#1729=EDGE_CURVE('',#1433,#1436,#1304,.T.);
#1730=EDGE_CURVE('',#1437,#1437,#1305,.T.);
#1731=EDGE_CURVE('',#1438,#1438,#1306,.T.);
#1732=EDGE_CURVE('',#1439,#1439,#1307,.T.);
#1733=EDGE_CURVE('',#1363,#1440,#668,.T.);
#1734=EDGE_CURVE('',#1440,#1441,#669,.T.);
#1735=EDGE_CURVE('',#1442,#1441,#670,.T.);
#1736=EDGE_CURVE('',#1443,#1442,#671,.T.);
#1737=EDGE_CURVE('',#1389,#1443,#672,.T.);
#1738=EDGE_CURVE('',#1388,#1385,#1308,.T.);
#1739=EDGE_CURVE('',#1362,#1444,#673,.T.);
#1740=EDGE_CURVE('',#1440,#1444,#674,.T.);
#1741=EDGE_CURVE('',#1383,#1445,#675,.T.);
#1742=EDGE_CURVE('',#1446,#1445,#676,.T.);
#1743=EDGE_CURVE('',#1447,#1446,#677,.T.);
#1744=EDGE_CURVE('',#1447,#1444,#678,.T.);
#1745=EDGE_CURVE('',#1386,#1387,#1309,.T.);
#1746=EDGE_CURVE('',#1384,#1448,#679,.T.);
#1747=EDGE_CURVE('',#1445,#1448,#680,.T.);
#1748=EDGE_CURVE('',#1449,#1450,#681,.T.);
#1749=EDGE_CURVE('',#1450,#1451,#682,.T.);
#1750=EDGE_CURVE('',#1451,#1452,#683,.T.);
#1751=EDGE_CURVE('',#1452,#1449,#684,.T.);
#1752=EDGE_CURVE('',#1453,#1454,#685,.T.);
#1753=EDGE_CURVE('',#1454,#1455,#686,.T.);
#1754=EDGE_CURVE('',#1455,#1456,#687,.T.);
#1755=EDGE_CURVE('',#1456,#1453,#688,.T.);
#1756=EDGE_CURVE('',#1457,#1458,#689,.T.);
#1757=EDGE_CURVE('',#1458,#1459,#690,.T.);
#1758=EDGE_CURVE('',#1459,#1460,#691,.T.);
#1759=EDGE_CURVE('',#1460,#1457,#692,.T.);
#1760=EDGE_CURVE('',#1461,#1462,#693,.T.);
#1761=EDGE_CURVE('',#1462,#1463,#694,.T.);
#1762=EDGE_CURVE('',#1463,#1464,#695,.T.);
#1763=EDGE_CURVE('',#1464,#1461,#696,.T.);
#1764=EDGE_CURVE('',#1465,#1465,#1310,.T.);
#1765=EDGE_CURVE('',#1466,#1466,#1311,.T.);
#1766=EDGE_CURVE('',#1467,#1467,#1312,.T.);
#1767=EDGE_CURVE('',#1468,#1468,#1313,.T.);
#1768=EDGE_CURVE('',#1469,#1469,#1314,.T.);
#1769=EDGE_CURVE('',#1470,#1470,#1315,.T.);
#1770=EDGE_CURVE('',#1471,#1471,#1316,.T.);
#1771=EDGE_CURVE('',#1472,#1472,#1317,.T.);
#1772=EDGE_CURVE('',#1473,#1473,#1318,.T.);
#1773=EDGE_CURVE('',#1474,#1474,#1319,.T.);
#1774=EDGE_CURVE('',#1475,#1475,#1320,.T.);
#1775=EDGE_CURVE('',#1476,#1476,#1321,.T.);
#1776=EDGE_CURVE('',#1477,#1477,#1322,.T.);
#1777=EDGE_CURVE('',#1478,#1478,#1323,.T.);
#1778=EDGE_CURVE('',#1479,#1480,#697,.T.);
#1779=EDGE_CURVE('',#1481,#1480,#1324,.T.);
#1780=EDGE_CURVE('',#1481,#1482,#698,.T.);
#1781=EDGE_CURVE('',#1479,#1482,#1325,.T.);
#1782=EDGE_CURVE('',#1483,#1483,#1326,.T.);
#1783=EDGE_CURVE('',#1484,#1485,#699,.T.);
#1784=EDGE_CURVE('',#1485,#1486,#700,.T.);
#1785=EDGE_CURVE('',#1486,#1487,#701,.T.);
#1786=EDGE_CURVE('',#1487,#1488,#702,.T.);
#1787=EDGE_CURVE('',#1488,#1489,#703,.T.);
#1788=EDGE_CURVE('',#1489,#1484,#704,.T.);
#1789=EDGE_CURVE('',#1490,#1491,#705,.T.);
#1790=EDGE_CURVE('',#1491,#1492,#706,.T.);
#1791=EDGE_CURVE('',#1492,#1493,#707,.T.);
#1792=EDGE_CURVE('',#1493,#1494,#708,.T.);
#1793=EDGE_CURVE('',#1494,#1495,#709,.T.);
#1794=EDGE_CURVE('',#1495,#1490,#710,.T.);
#1795=EDGE_CURVE('',#1496,#1496,#1327,.T.);
#1796=EDGE_CURVE('',#1497,#1497,#1328,.T.);
#1797=EDGE_CURVE('',#1498,#1443,#711,.T.);
#1798=EDGE_CURVE('',#1440,#1498,#712,.T.);
#1799=EDGE_CURVE('',#1499,#1447,#713,.T.);
#1800=EDGE_CURVE('',#1500,#1499,#714,.T.);
#1801=EDGE_CURVE('',#1500,#1501,#715,.T.);
#1802=EDGE_CURVE('',#1502,#1501,#716,.T.);
#1803=EDGE_CURVE('',#1503,#1502,#717,.T.);
#1804=EDGE_CURVE('',#1503,#1398,#718,.T.);
#1805=EDGE_CURVE('',#1504,#1397,#719,.T.);
#1806=EDGE_CURVE('',#1394,#1504,#720,.T.);
#1807=EDGE_CURVE('',#1505,#1393,#721,.T.);
#1808=EDGE_CURVE('',#1390,#1505,#722,.T.);
#1809=EDGE_CURVE('',#1501,#1506,#723,.T.);
#1810=EDGE_CURVE('',#1507,#1506,#724,.T.);
#1811=EDGE_CURVE('',#1502,#1507,#725,.T.);
#1812=EDGE_CURVE('',#1508,#1507,#726,.T.);
#1813=EDGE_CURVE('',#1503,#1508,#727,.T.);
#1814=EDGE_CURVE('',#1509,#1442,#728,.T.);
#1815=EDGE_CURVE('',#1498,#1509,#729,.T.);
#1816=EDGE_CURVE('',#1441,#1509,#730,.T.);
#1817=EDGE_CURVE('',#1510,#1396,#731,.T.);
#1818=EDGE_CURVE('',#1504,#1510,#732,.T.);
#1819=EDGE_CURVE('',#1395,#1510,#733,.T.);
#1820=EDGE_CURVE('',#1511,#1392,#734,.T.);
#1821=EDGE_CURVE('',#1505,#1511,#735,.T.);
#1822=EDGE_CURVE('',#1391,#1511,#736,.T.);
#1823=EDGE_CURVE('',#1512,#1446,#737,.T.);
#1824=EDGE_CURVE('',#1499,#1512,#738,.T.);
#1825=EDGE_CURVE('',#1448,#1512,#739,.T.);
#1826=EDGE_CURVE('',#1506,#1508,#740,.T.);
#1827=EDGE_CURVE('',#1406,#1451,#741,.T.);
#1828=EDGE_CURVE('',#1405,#1452,#742,.T.);
#1829=EDGE_CURVE('',#1404,#1449,#743,.T.);
#1830=EDGE_CURVE('',#1403,#1450,#744,.T.);
#1831=EDGE_CURVE('',#1410,#1455,#745,.T.);
#1832=EDGE_CURVE('',#1409,#1456,#746,.T.);
#1833=EDGE_CURVE('',#1408,#1453,#747,.T.);
#1834=EDGE_CURVE('',#1407,#1454,#748,.T.);
#1835=EDGE_CURVE('',#1414,#1459,#749,.T.);
#1836=EDGE_CURVE('',#1413,#1460,#750,.T.);
#1837=EDGE_CURVE('',#1412,#1457,#751,.T.);
#1838=EDGE_CURVE('',#1411,#1458,#752,.T.);
#1839=EDGE_CURVE('',#1418,#1463,#753,.T.);
#1840=EDGE_CURVE('',#1417,#1464,#754,.T.);
#1841=EDGE_CURVE('',#1416,#1461,#755,.T.);
#1842=EDGE_CURVE('',#1415,#1462,#756,.T.);
#1843=EDGE_CURVE('',#1439,#1497,#757,.T.);
#1844=EDGE_CURVE('',#1438,#1496,#758,.T.);
#1845=EDGE_CURVE('',#1419,#1465,#759,.T.);
#1846=EDGE_CURVE('',#1420,#1466,#760,.T.);
#1847=EDGE_CURVE('',#1421,#1467,#761,.T.);
#1848=EDGE_CURVE('',#1422,#1468,#762,.T.);
#1849=EDGE_CURVE('',#1423,#1469,#763,.T.);
#1850=EDGE_CURVE('',#1424,#1470,#764,.T.);
#1851=EDGE_CURVE('',#1425,#1471,#765,.T.);
#1852=EDGE_CURVE('',#1426,#1472,#766,.T.);
#1853=EDGE_CURVE('',#1427,#1473,#767,.T.);
#1854=EDGE_CURVE('',#1428,#1474,#768,.T.);
#1855=EDGE_CURVE('',#1429,#1475,#769,.T.);
#1856=EDGE_CURVE('',#1430,#1476,#770,.T.);
#1857=EDGE_CURVE('',#1431,#1477,#771,.T.);
#1858=EDGE_CURVE('',#1432,#1478,#772,.T.);
#1859=EDGE_CURVE('',#1436,#1481,#773,.T.);
#1860=EDGE_CURVE('',#1480,#1433,#774,.T.);
#1861=EDGE_CURVE('',#1482,#1435,#775,.T.);
#1862=EDGE_CURVE('',#1434,#1479,#776,.T.);
#1863=EDGE_CURVE('',#1437,#1483,#777,.T.);
#1864=EDGE_CURVE('',#1487,#1513,#778,.T.);
#1865=EDGE_CURVE('',#1513,#1514,#779,.T.);
#1866=EDGE_CURVE('',#1488,#1514,#780,.T.);
#1867=EDGE_CURVE('',#1514,#1515,#781,.T.);
#1868=EDGE_CURVE('',#1489,#1515,#782,.T.);
#1869=EDGE_CURVE('',#1515,#1516,#783,.T.);
#1870=EDGE_CURVE('',#1484,#1516,#784,.T.);
#1871=EDGE_CURVE('',#1516,#1517,#785,.T.);
#1872=EDGE_CURVE('',#1517,#1485,#786,.T.);
#1873=EDGE_CURVE('',#1486,#1518,#787,.T.);
#1874=EDGE_CURVE('',#1518,#1513,#788,.T.);
#1875=EDGE_CURVE('',#1517,#1518,#789,.T.);
#1876=EDGE_CURVE('',#1519,#1519,#1329,.T.);
#1877=EDGE_CURVE('',#1493,#1520,#790,.T.);
#1878=EDGE_CURVE('',#1520,#1521,#791,.T.);
#1879=EDGE_CURVE('',#1494,#1521,#792,.T.);
#1880=EDGE_CURVE('',#1521,#1522,#793,.T.);
#1881=EDGE_CURVE('',#1495,#1522,#794,.T.);
#1882=EDGE_CURVE('',#1522,#1523,#795,.T.);
#1883=EDGE_CURVE('',#1490,#1523,#796,.T.);
#1884=EDGE_CURVE('',#1523,#1524,#797,.T.);
#1885=EDGE_CURVE('',#1524,#1491,#798,.T.);
#1886=EDGE_CURVE('',#1492,#1525,#799,.T.);
#1887=EDGE_CURVE('',#1525,#1520,#800,.T.);
#1888=EDGE_CURVE('',#1524,#1525,#801,.T.);
#1889=EDGE_CURVE('',#1526,#1526,#1330,.T.);
#1890=EDGE_CURVE('',#1526,#1527,#802,.T.);
#1891=EDGE_CURVE('',#1527,#1527,#1331,.T.);
#1892=EDGE_CURVE('',#1519,#1528,#803,.T.);
#1893=EDGE_CURVE('',#1528,#1528,#1332,.T.);
#1894=EDGE_CURVE('',#1529,#1399,#804,.T.);
#1895=EDGE_CURVE('',#1530,#1529,#805,.T.);
#1896=EDGE_CURVE('',#1530,#1531,#806,.T.);
#1897=EDGE_CURVE('',#1531,#1532,#807,.T.);
#1898=EDGE_CURVE('',#1532,#1400,#808,.T.);
#1899=EDGE_CURVE('',#1402,#1533,#809,.T.);
#1900=EDGE_CURVE('',#1401,#1534,#810,.T.);
#1901=EDGE_CURVE('',#1534,#1535,#811,.T.);
#1902=EDGE_CURVE('',#1535,#1536,#812,.T.);
#1903=EDGE_CURVE('',#1533,#1536,#813,.T.);
#1904=EDGE_CURVE('',#1534,#1532,#814,.T.);
#1905=EDGE_CURVE('',#1531,#1535,#815,.T.);
#1906=EDGE_CURVE('',#1530,#1536,#1333,.T.);
#1907=EDGE_CURVE('',#1533,#1529,#1334,.T.);
#1908=EDGE_CURVE('',#1500,#1359,#816,.T.);
#1909=EDGE_CURVE('',#1358,#1501,#817,.T.);
#1910=EDGE_CURVE('',#1537,#1537,#1335,.T.);
#1911=EDGE_CURVE('',#1537,#1538,#818,.T.);
#1912=EDGE_CURVE('',#1538,#1538,#1336,.T.);
#1913=EDGE_CURVE('',#1539,#1539,#1337,.T.);
#1914=EDGE_CURVE('',#1539,#1540,#819,.T.);
#1915=EDGE_CURVE('',#1540,#1540,#1338,.T.);
#1916=EDGE_CURVE('',#1541,#1541,#1339,.T.);
#1917=EDGE_CURVE('',#1541,#1542,#820,.T.);
#1918=EDGE_CURVE('',#1542,#1542,#1340,.T.);
#1919=EDGE_CURVE('',#1543,#1543,#1341,.T.);
#1920=EDGE_CURVE('',#1543,#1544,#821,.T.);
#1921=EDGE_CURVE('',#1544,#1544,#1342,.T.);
#1922=EDGE_CURVE('',#1545,#1546,#822,.T.);
#1923=EDGE_CURVE('',#1547,#1546,#823,.T.);
#1924=EDGE_CURVE('',#1547,#1548,#824,.T.);
#1925=EDGE_CURVE('',#1548,#1545,#825,.T.);
#1926=EDGE_CURVE('',#1546,#1549,#826,.T.);
#1927=EDGE_CURVE('',#1550,#1549,#827,.T.);
#1928=EDGE_CURVE('',#1550,#1547,#828,.T.);
#1929=EDGE_CURVE('',#1551,#1552,#829,.T.);
#1930=EDGE_CURVE('',#1553,#1552,#830,.T.);
#1931=EDGE_CURVE('',#1553,#1554,#831,.T.);
#1932=EDGE_CURVE('',#1554,#1551,#832,.T.);
#1933=EDGE_CURVE('',#1552,#1555,#833,.T.);
#1934=EDGE_CURVE('',#1556,#1555,#834,.T.);
#1935=EDGE_CURVE('',#1556,#1553,#835,.T.);
#1936=EDGE_CURVE('',#1557,#1558,#836,.T.);
#1937=EDGE_CURVE('',#1559,#1558,#837,.T.);
#1938=EDGE_CURVE('',#1559,#1560,#838,.T.);
#1939=EDGE_CURVE('',#1560,#1557,#839,.T.);
#1940=EDGE_CURVE('',#1558,#1561,#840,.T.);
#1941=EDGE_CURVE('',#1562,#1561,#841,.T.);
#1942=EDGE_CURVE('',#1562,#1559,#842,.T.);
#1943=EDGE_CURVE('',#1563,#1564,#843,.T.);
#1944=EDGE_CURVE('',#1565,#1564,#844,.T.);
#1945=EDGE_CURVE('',#1565,#1566,#845,.T.);
#1946=EDGE_CURVE('',#1566,#1563,#846,.T.);
#1947=EDGE_CURVE('',#1564,#1567,#847,.T.);
#1948=EDGE_CURVE('',#1568,#1567,#848,.T.);
#1949=EDGE_CURVE('',#1568,#1565,#849,.T.);
#1950=EDGE_CURVE('',#1569,#1570,#850,.T.);
#1951=EDGE_CURVE('',#1571,#1570,#851,.T.);
#1952=EDGE_CURVE('',#1571,#1572,#852,.T.);
#1953=EDGE_CURVE('',#1572,#1569,#853,.T.);
#1954=EDGE_CURVE('',#1570,#1573,#854,.T.);
#1955=EDGE_CURVE('',#1574,#1573,#855,.T.);
#1956=EDGE_CURVE('',#1574,#1571,#856,.T.);
#1957=EDGE_CURVE('',#1575,#1576,#857,.T.);
#1958=EDGE_CURVE('',#1577,#1576,#858,.T.);
#1959=EDGE_CURVE('',#1577,#1578,#859,.T.);
#1960=EDGE_CURVE('',#1578,#1575,#860,.T.);
#1961=EDGE_CURVE('',#1576,#1579,#861,.T.);
#1962=EDGE_CURVE('',#1580,#1579,#862,.T.);
#1963=EDGE_CURVE('',#1580,#1577,#863,.T.);
#1964=EDGE_CURVE('',#1581,#1582,#864,.T.);
#1965=EDGE_CURVE('',#1583,#1582,#865,.T.);
#1966=EDGE_CURVE('',#1583,#1584,#866,.T.);
#1967=EDGE_CURVE('',#1584,#1581,#867,.T.);
#1968=EDGE_CURVE('',#1582,#1585,#868,.T.);
#1969=EDGE_CURVE('',#1586,#1585,#869,.T.);
#1970=EDGE_CURVE('',#1586,#1583,#870,.T.);
#1971=EDGE_CURVE('',#1587,#1588,#871,.T.);
#1972=EDGE_CURVE('',#1589,#1588,#872,.T.);
#1973=EDGE_CURVE('',#1589,#1590,#873,.T.);
#1974=EDGE_CURVE('',#1590,#1587,#874,.T.);
#1975=EDGE_CURVE('',#1588,#1591,#875,.T.);
#1976=EDGE_CURVE('',#1592,#1591,#876,.T.);
#1977=EDGE_CURVE('',#1592,#1589,#877,.T.);
#1978=EDGE_CURVE('',#1549,#1593,#878,.T.);
#1979=EDGE_CURVE('',#1594,#1593,#879,.T.);
#1980=EDGE_CURVE('',#1594,#1550,#880,.T.);
#1981=EDGE_CURVE('',#1593,#1545,#881,.T.);
#1982=EDGE_CURVE('',#1548,#1594,#882,.T.);
#1983=EDGE_CURVE('',#1555,#1595,#883,.T.);
#1984=EDGE_CURVE('',#1596,#1595,#884,.T.);
#1985=EDGE_CURVE('',#1596,#1556,#885,.T.);
#1986=EDGE_CURVE('',#1595,#1551,#886,.T.);
#1987=EDGE_CURVE('',#1554,#1596,#887,.T.);
#1988=EDGE_CURVE('',#1561,#1597,#888,.T.);
#1989=EDGE_CURVE('',#1598,#1597,#889,.T.);
#1990=EDGE_CURVE('',#1598,#1562,#890,.T.);
#1991=EDGE_CURVE('',#1597,#1557,#891,.T.);
#1992=EDGE_CURVE('',#1560,#1598,#892,.T.);
#1993=EDGE_CURVE('',#1567,#1599,#893,.T.);
#1994=EDGE_CURVE('',#1600,#1599,#894,.T.);
#1995=EDGE_CURVE('',#1600,#1568,#895,.T.);
#1996=EDGE_CURVE('',#1599,#1563,#896,.T.);
#1997=EDGE_CURVE('',#1566,#1600,#897,.T.);
#1998=EDGE_CURVE('',#1573,#1601,#898,.T.);
#1999=EDGE_CURVE('',#1602,#1601,#899,.T.);
#2000=EDGE_CURVE('',#1602,#1574,#900,.T.);
#2001=EDGE_CURVE('',#1601,#1569,#901,.T.);
#2002=EDGE_CURVE('',#1572,#1602,#902,.T.);
#2003=EDGE_CURVE('',#1579,#1603,#903,.T.);
#2004=EDGE_CURVE('',#1604,#1603,#904,.T.);
#2005=EDGE_CURVE('',#1604,#1580,#905,.T.);
#2006=EDGE_CURVE('',#1603,#1575,#906,.T.);
#2007=EDGE_CURVE('',#1578,#1604,#907,.T.);
#2008=EDGE_CURVE('',#1585,#1605,#908,.T.);
#2009=EDGE_CURVE('',#1606,#1605,#909,.T.);
#2010=EDGE_CURVE('',#1606,#1586,#910,.T.);
#2011=EDGE_CURVE('',#1605,#1581,#911,.T.);
#2012=EDGE_CURVE('',#1584,#1606,#912,.T.);
#2013=EDGE_CURVE('',#1591,#1607,#913,.T.);
#2014=EDGE_CURVE('',#1608,#1607,#914,.T.);
#2015=EDGE_CURVE('',#1608,#1592,#915,.T.);
#2016=EDGE_CURVE('',#1607,#1587,#916,.T.);
#2017=EDGE_CURVE('',#1590,#1608,#917,.T.);
#2018=EDGE_CURVE('',#1609,#1610,#918,.T.);
#2019=EDGE_CURVE('',#1611,#1609,#919,.T.);
#2020=EDGE_CURVE('',#1612,#1611,#920,.T.);
#2021=EDGE_CURVE('',#1610,#1612,#921,.T.);
#2022=EDGE_CURVE('',#1613,#1614,#922,.T.);
#2023=EDGE_CURVE('',#1615,#1613,#923,.T.);
#2024=EDGE_CURVE('',#1616,#1615,#924,.T.);
#2025=EDGE_CURVE('',#1614,#1616,#925,.T.);
#2026=EDGE_CURVE('',#1614,#1609,#926,.T.);
#2027=EDGE_CURVE('',#1616,#1611,#927,.T.);
#2028=EDGE_CURVE('',#1613,#1610,#928,.T.);
#2029=EDGE_CURVE('',#1615,#1612,#929,.T.);
#2030=ORIENTED_EDGE('',*,*,#1617,.F.);
#2031=ORIENTED_EDGE('',*,*,#1618,.T.);
#2032=ORIENTED_EDGE('',*,*,#1619,.T.);
#2033=ORIENTED_EDGE('',*,*,#1618,.F.);
#2034=ORIENTED_EDGE('',*,*,#1619,.F.);
#2035=ORIENTED_EDGE('',*,*,#1620,.F.);
#2036=ORIENTED_EDGE('',*,*,#1621,.T.);
#2037=ORIENTED_EDGE('',*,*,#1622,.T.);
#2038=ORIENTED_EDGE('',*,*,#1621,.F.);
#2039=ORIENTED_EDGE('',*,*,#1622,.F.);
#2040=ORIENTED_EDGE('',*,*,#1623,.F.);
#2041=ORIENTED_EDGE('',*,*,#1624,.T.);
#2042=ORIENTED_EDGE('',*,*,#1625,.T.);
#2043=ORIENTED_EDGE('',*,*,#1624,.F.);
#2044=ORIENTED_EDGE('',*,*,#1625,.F.);
#2045=ORIENTED_EDGE('',*,*,#1626,.F.);
#2046=ORIENTED_EDGE('',*,*,#1627,.T.);
#2047=ORIENTED_EDGE('',*,*,#1628,.T.);
#2048=ORIENTED_EDGE('',*,*,#1627,.F.);
#2049=ORIENTED_EDGE('',*,*,#1628,.F.);
#2050=ORIENTED_EDGE('',*,*,#1629,.F.);
#2051=ORIENTED_EDGE('',*,*,#1630,.T.);
#2052=ORIENTED_EDGE('',*,*,#1631,.T.);
#2053=ORIENTED_EDGE('',*,*,#1632,.F.);
#2054=ORIENTED_EDGE('',*,*,#1633,.F.);
#2055=ORIENTED_EDGE('',*,*,#1634,.T.);
#2056=ORIENTED_EDGE('',*,*,#1635,.T.);
#2057=ORIENTED_EDGE('',*,*,#1636,.F.);
#2058=ORIENTED_EDGE('',*,*,#1637,.T.);
#2059=ORIENTED_EDGE('',*,*,#1638,.T.);
#2060=ORIENTED_EDGE('',*,*,#1639,.T.);
#2061=ORIENTED_EDGE('',*,*,#1640,.F.);
#2062=ORIENTED_EDGE('',*,*,#1641,.T.);
#2063=ORIENTED_EDGE('',*,*,#1642,.T.);
#2064=ORIENTED_EDGE('',*,*,#1643,.F.);
#2065=ORIENTED_EDGE('',*,*,#1644,.F.);
#2066=ORIENTED_EDGE('',*,*,#1645,.T.);
#2067=ORIENTED_EDGE('',*,*,#1646,.T.);
#2068=ORIENTED_EDGE('',*,*,#1634,.F.);
#2069=ORIENTED_EDGE('',*,*,#1647,.F.);
#2070=ORIENTED_EDGE('',*,*,#1648,.F.);
#2071=ORIENTED_EDGE('',*,*,#1649,.F.);
#2072=ORIENTED_EDGE('',*,*,#1635,.F.);
#2073=ORIENTED_EDGE('',*,*,#1649,.T.);
#2074=ORIENTED_EDGE('',*,*,#1650,.F.);
#2075=ORIENTED_EDGE('',*,*,#1651,.T.);
#2076=ORIENTED_EDGE('',*,*,#1641,.F.);
#2077=ORIENTED_EDGE('',*,*,#1652,.F.);
#2078=ORIENTED_EDGE('',*,*,#1653,.F.);
#2079=ORIENTED_EDGE('',*,*,#1654,.F.);
#2080=ORIENTED_EDGE('',*,*,#1642,.F.);
#2081=ORIENTED_EDGE('',*,*,#1654,.T.);
#2082=ORIENTED_EDGE('',*,*,#1655,.F.);
#2083=ORIENTED_EDGE('',*,*,#1656,.F.);
#2084=ORIENTED_EDGE('',*,*,#1630,.F.);
#2085=ORIENTED_EDGE('',*,*,#1657,.F.);
#2086=ORIENTED_EDGE('',*,*,#1658,.F.);
#2087=ORIENTED_EDGE('',*,*,#1659,.F.);
#2088=ORIENTED_EDGE('',*,*,#1631,.F.);
#2089=ORIENTED_EDGE('',*,*,#1659,.T.);
#2090=ORIENTED_EDGE('',*,*,#1660,.F.);
#2091=ORIENTED_EDGE('',*,*,#1661,.F.);
#2092=ORIENTED_EDGE('',*,*,#1645,.F.);
#2093=ORIENTED_EDGE('',*,*,#1662,.F.);
#2094=ORIENTED_EDGE('',*,*,#1663,.F.);
#2095=ORIENTED_EDGE('',*,*,#1664,.F.);
#2096=ORIENTED_EDGE('',*,*,#1646,.F.);
#2097=ORIENTED_EDGE('',*,*,#1664,.T.);
#2098=ORIENTED_EDGE('',*,*,#1665,.F.);
#2099=ORIENTED_EDGE('',*,*,#1666,.F.);
#2100=ORIENTED_EDGE('',*,*,#1638,.F.);
#2101=ORIENTED_EDGE('',*,*,#1667,.T.);
#2102=ORIENTED_EDGE('',*,*,#1668,.F.);
#2103=ORIENTED_EDGE('',*,*,#1669,.F.);
#2104=ORIENTED_EDGE('',*,*,#1670,.T.);
#2105=ORIENTED_EDGE('',*,*,#1668,.T.);
#2106=ORIENTED_EDGE('',*,*,#1671,.T.);
#2107=ORIENTED_EDGE('',*,*,#1672,.T.);
#2108=ORIENTED_EDGE('',*,*,#1673,.T.);
#2109=ORIENTED_EDGE('',*,*,#1665,.T.);
#2110=ORIENTED_EDGE('',*,*,#1663,.T.);
#2111=ORIENTED_EDGE('',*,*,#1674,.T.);
#2112=ORIENTED_EDGE('',*,*,#1660,.T.);
#2113=ORIENTED_EDGE('',*,*,#1658,.T.);
#2114=ORIENTED_EDGE('',*,*,#1675,.T.);
#2115=ORIENTED_EDGE('',*,*,#1655,.T.);
#2116=ORIENTED_EDGE('',*,*,#1653,.T.);
#2117=ORIENTED_EDGE('',*,*,#1676,.T.);
#2118=ORIENTED_EDGE('',*,*,#1650,.T.);
#2119=ORIENTED_EDGE('',*,*,#1648,.T.);
#2120=ORIENTED_EDGE('',*,*,#1644,.T.);
#2121=ORIENTED_EDGE('',*,*,#1677,.T.);
#2122=ORIENTED_EDGE('',*,*,#1678,.F.);
#2123=ORIENTED_EDGE('',*,*,#1679,.F.);
#2124=ORIENTED_EDGE('',*,*,#1680,.F.);
#2125=ORIENTED_EDGE('',*,*,#1681,.T.);
#2126=ORIENTED_EDGE('',*,*,#1682,.F.);
#2127=ORIENTED_EDGE('',*,*,#1683,.T.);
#2128=ORIENTED_EDGE('',*,*,#1684,.F.);
#2129=ORIENTED_EDGE('',*,*,#1685,.F.);
#2130=ORIENTED_EDGE('',*,*,#1686,.F.);
#2131=ORIENTED_EDGE('',*,*,#1687,.T.);
#2132=ORIENTED_EDGE('',*,*,#1688,.F.);
#2133=ORIENTED_EDGE('',*,*,#1689,.F.);
#2134=ORIENTED_EDGE('',*,*,#1690,.F.);
#2135=ORIENTED_EDGE('',*,*,#1691,.F.);
#2136=ORIENTED_EDGE('',*,*,#1692,.T.);
#2137=ORIENTED_EDGE('',*,*,#1693,.T.);
#2138=ORIENTED_EDGE('',*,*,#1694,.T.);
#2139=ORIENTED_EDGE('',*,*,#1695,.F.);
#2140=ORIENTED_EDGE('',*,*,#1632,.T.);
#2141=ORIENTED_EDGE('',*,*,#1661,.T.);
#2142=ORIENTED_EDGE('',*,*,#1674,.F.);
#2143=ORIENTED_EDGE('',*,*,#1657,.T.);
#2144=ORIENTED_EDGE('',*,*,#1629,.T.);
#2145=ORIENTED_EDGE('',*,*,#1666,.T.);
#2146=ORIENTED_EDGE('',*,*,#1673,.F.);
#2147=ORIENTED_EDGE('',*,*,#1662,.T.);
#2148=ORIENTED_EDGE('',*,*,#1696,.T.);
#2149=ORIENTED_EDGE('',*,*,#1697,.T.);
#2150=ORIENTED_EDGE('',*,*,#1698,.T.);
#2151=ORIENTED_EDGE('',*,*,#1699,.T.);
#2152=ORIENTED_EDGE('',*,*,#1700,.T.);
#2153=ORIENTED_EDGE('',*,*,#1701,.T.);
#2154=ORIENTED_EDGE('',*,*,#1702,.T.);
#2155=ORIENTED_EDGE('',*,*,#1703,.T.);
#2156=ORIENTED_EDGE('',*,*,#1704,.T.);
#2157=ORIENTED_EDGE('',*,*,#1705,.T.);
#2158=ORIENTED_EDGE('',*,*,#1706,.T.);
#2159=ORIENTED_EDGE('',*,*,#1707,.T.);
#2160=ORIENTED_EDGE('',*,*,#1708,.T.);
#2161=ORIENTED_EDGE('',*,*,#1709,.T.);
#2162=ORIENTED_EDGE('',*,*,#1710,.T.);
#2163=ORIENTED_EDGE('',*,*,#1711,.T.);
#2164=ORIENTED_EDGE('',*,*,#1712,.T.);
#2165=ORIENTED_EDGE('',*,*,#1713,.T.);
#2166=ORIENTED_EDGE('',*,*,#1714,.T.);
#2167=ORIENTED_EDGE('',*,*,#1715,.T.);
#2168=ORIENTED_EDGE('',*,*,#1716,.T.);
#2169=ORIENTED_EDGE('',*,*,#1717,.T.);
#2170=ORIENTED_EDGE('',*,*,#1718,.T.);
#2171=ORIENTED_EDGE('',*,*,#1719,.T.);
#2172=ORIENTED_EDGE('',*,*,#1720,.T.);
#2173=ORIENTED_EDGE('',*,*,#1721,.T.);
#2174=ORIENTED_EDGE('',*,*,#1722,.T.);
#2175=ORIENTED_EDGE('',*,*,#1723,.T.);
#2176=ORIENTED_EDGE('',*,*,#1724,.T.);
#2177=ORIENTED_EDGE('',*,*,#1725,.T.);
#2178=ORIENTED_EDGE('',*,*,#1726,.T.);
#2179=ORIENTED_EDGE('',*,*,#1727,.F.);
#2180=ORIENTED_EDGE('',*,*,#1728,.T.);
#2181=ORIENTED_EDGE('',*,*,#1729,.F.);
#2182=ORIENTED_EDGE('',*,*,#1730,.T.);
#2183=ORIENTED_EDGE('',*,*,#1731,.T.);
#2184=ORIENTED_EDGE('',*,*,#1732,.T.);
#2185=ORIENTED_EDGE('',*,*,#1643,.T.);
#2186=ORIENTED_EDGE('',*,*,#1656,.T.);
#2187=ORIENTED_EDGE('',*,*,#1675,.F.);
#2188=ORIENTED_EDGE('',*,*,#1652,.T.);
#2189=ORIENTED_EDGE('',*,*,#1733,.T.);
#2190=ORIENTED_EDGE('',*,*,#1734,.T.);
#2191=ORIENTED_EDGE('',*,*,#1735,.F.);
#2192=ORIENTED_EDGE('',*,*,#1736,.F.);
#2193=ORIENTED_EDGE('',*,*,#1737,.F.);
#2194=ORIENTED_EDGE('',*,*,#1681,.F.);
#2195=ORIENTED_EDGE('',*,*,#1738,.T.);
#2196=ORIENTED_EDGE('',*,*,#1677,.F.);
#2197=ORIENTED_EDGE('',*,*,#1640,.T.);
#2198=ORIENTED_EDGE('',*,*,#1739,.T.);
#2199=ORIENTED_EDGE('',*,*,#1740,.F.);
#2200=ORIENTED_EDGE('',*,*,#1733,.F.);
#2201=ORIENTED_EDGE('',*,*,#1620,.T.);
#2202=ORIENTED_EDGE('',*,*,#1626,.T.);
#2203=ORIENTED_EDGE('',*,*,#1741,.T.);
#2204=ORIENTED_EDGE('',*,*,#1742,.F.);
#2205=ORIENTED_EDGE('',*,*,#1743,.F.);
#2206=ORIENTED_EDGE('',*,*,#1744,.T.);
#2207=ORIENTED_EDGE('',*,*,#1739,.F.);
#2208=ORIENTED_EDGE('',*,*,#1639,.F.);
#2209=ORIENTED_EDGE('',*,*,#1669,.T.);
#2210=ORIENTED_EDGE('',*,*,#1670,.F.);
#2211=ORIENTED_EDGE('',*,*,#1745,.T.);
#2212=ORIENTED_EDGE('',*,*,#1679,.T.);
#2213=ORIENTED_EDGE('',*,*,#1746,.T.);
#2214=ORIENTED_EDGE('',*,*,#1747,.F.);
#2215=ORIENTED_EDGE('',*,*,#1741,.F.);
#2216=ORIENTED_EDGE('',*,*,#1672,.F.);
#2217=ORIENTED_EDGE('',*,*,#1748,.T.);
#2218=ORIENTED_EDGE('',*,*,#1749,.T.);
#2219=ORIENTED_EDGE('',*,*,#1750,.T.);
#2220=ORIENTED_EDGE('',*,*,#1751,.T.);
#2221=ORIENTED_EDGE('',*,*,#1752,.T.);
#2222=ORIENTED_EDGE('',*,*,#1753,.T.);
#2223=ORIENTED_EDGE('',*,*,#1754,.T.);
#2224=ORIENTED_EDGE('',*,*,#1755,.T.);
#2225=ORIENTED_EDGE('',*,*,#1756,.T.);
#2226=ORIENTED_EDGE('',*,*,#1757,.T.);
#2227=ORIENTED_EDGE('',*,*,#1758,.T.);
#2228=ORIENTED_EDGE('',*,*,#1759,.T.);
#2229=ORIENTED_EDGE('',*,*,#1760,.T.);
#2230=ORIENTED_EDGE('',*,*,#1761,.T.);
#2231=ORIENTED_EDGE('',*,*,#1762,.T.);
#2232=ORIENTED_EDGE('',*,*,#1763,.T.);
#2233=ORIENTED_EDGE('',*,*,#1764,.T.);
#2234=ORIENTED_EDGE('',*,*,#1765,.T.);
#2235=ORIENTED_EDGE('',*,*,#1766,.T.);
#2236=ORIENTED_EDGE('',*,*,#1767,.T.);
#2237=ORIENTED_EDGE('',*,*,#1768,.T.);
#2238=ORIENTED_EDGE('',*,*,#1769,.T.);
#2239=ORIENTED_EDGE('',*,*,#1770,.T.);
#2240=ORIENTED_EDGE('',*,*,#1771,.T.);
#2241=ORIENTED_EDGE('',*,*,#1772,.T.);
#2242=ORIENTED_EDGE('',*,*,#1773,.T.);
#2243=ORIENTED_EDGE('',*,*,#1774,.T.);
#2244=ORIENTED_EDGE('',*,*,#1775,.T.);
#2245=ORIENTED_EDGE('',*,*,#1776,.T.);
#2246=ORIENTED_EDGE('',*,*,#1777,.T.);
#2247=ORIENTED_EDGE('',*,*,#1778,.T.);
#2248=ORIENTED_EDGE('',*,*,#1779,.F.);
#2249=ORIENTED_EDGE('',*,*,#1780,.T.);
#2250=ORIENTED_EDGE('',*,*,#1781,.F.);
#2251=ORIENTED_EDGE('',*,*,#1782,.T.);
#2252=ORIENTED_EDGE('',*,*,#1783,.T.);
#2253=ORIENTED_EDGE('',*,*,#1784,.T.);
#2254=ORIENTED_EDGE('',*,*,#1785,.T.);
#2255=ORIENTED_EDGE('',*,*,#1786,.T.);
#2256=ORIENTED_EDGE('',*,*,#1787,.T.);
#2257=ORIENTED_EDGE('',*,*,#1788,.T.);
#2258=ORIENTED_EDGE('',*,*,#1789,.T.);
#2259=ORIENTED_EDGE('',*,*,#1790,.T.);
#2260=ORIENTED_EDGE('',*,*,#1791,.T.);
#2261=ORIENTED_EDGE('',*,*,#1792,.T.);
#2262=ORIENTED_EDGE('',*,*,#1793,.T.);
#2263=ORIENTED_EDGE('',*,*,#1794,.T.);
#2264=ORIENTED_EDGE('',*,*,#1795,.T.);
#2265=ORIENTED_EDGE('',*,*,#1796,.T.);
#2266=ORIENTED_EDGE('',*,*,#1682,.T.);
#2267=ORIENTED_EDGE('',*,*,#1737,.T.);
#2268=ORIENTED_EDGE('',*,*,#1797,.F.);
#2269=ORIENTED_EDGE('',*,*,#1798,.F.);
#2270=ORIENTED_EDGE('',*,*,#1740,.T.);
#2271=ORIENTED_EDGE('',*,*,#1744,.F.);
#2272=ORIENTED_EDGE('',*,*,#1799,.F.);
#2273=ORIENTED_EDGE('',*,*,#1800,.F.);
#2274=ORIENTED_EDGE('',*,*,#1801,.T.);
#2275=ORIENTED_EDGE('',*,*,#1802,.F.);
#2276=ORIENTED_EDGE('',*,*,#1803,.F.);
#2277=ORIENTED_EDGE('',*,*,#1804,.T.);
#2278=ORIENTED_EDGE('',*,*,#1690,.T.);
#2279=ORIENTED_EDGE('',*,*,#1805,.F.);
#2280=ORIENTED_EDGE('',*,*,#1806,.F.);
#2281=ORIENTED_EDGE('',*,*,#1686,.T.);
#2282=ORIENTED_EDGE('',*,*,#1807,.F.);
#2283=ORIENTED_EDGE('',*,*,#1808,.F.);
#2284=ORIENTED_EDGE('',*,*,#1802,.T.);
#2285=ORIENTED_EDGE('',*,*,#1809,.T.);
#2286=ORIENTED_EDGE('',*,*,#1810,.F.);
#2287=ORIENTED_EDGE('',*,*,#1811,.F.);
#2288=ORIENTED_EDGE('',*,*,#1803,.T.);
#2289=ORIENTED_EDGE('',*,*,#1811,.T.);
#2290=ORIENTED_EDGE('',*,*,#1812,.F.);
#2291=ORIENTED_EDGE('',*,*,#1813,.F.);
#2292=ORIENTED_EDGE('',*,*,#1797,.T.);
#2293=ORIENTED_EDGE('',*,*,#1736,.T.);
#2294=ORIENTED_EDGE('',*,*,#1814,.F.);
#2295=ORIENTED_EDGE('',*,*,#1815,.F.);
#2296=ORIENTED_EDGE('',*,*,#1798,.T.);
#2297=ORIENTED_EDGE('',*,*,#1815,.T.);
#2298=ORIENTED_EDGE('',*,*,#1816,.F.);
#2299=ORIENTED_EDGE('',*,*,#1734,.F.);
#2300=ORIENTED_EDGE('',*,*,#1805,.T.);
#2301=ORIENTED_EDGE('',*,*,#1689,.T.);
#2302=ORIENTED_EDGE('',*,*,#1817,.F.);
#2303=ORIENTED_EDGE('',*,*,#1818,.F.);
#2304=ORIENTED_EDGE('',*,*,#1806,.T.);
#2305=ORIENTED_EDGE('',*,*,#1818,.T.);
#2306=ORIENTED_EDGE('',*,*,#1819,.F.);
#2307=ORIENTED_EDGE('',*,*,#1687,.F.);
#2308=ORIENTED_EDGE('',*,*,#1807,.T.);
#2309=ORIENTED_EDGE('',*,*,#1685,.T.);
#2310=ORIENTED_EDGE('',*,*,#1820,.F.);
#2311=ORIENTED_EDGE('',*,*,#1821,.F.);
#2312=ORIENTED_EDGE('',*,*,#1808,.T.);
#2313=ORIENTED_EDGE('',*,*,#1821,.T.);
#2314=ORIENTED_EDGE('',*,*,#1822,.F.);
#2315=ORIENTED_EDGE('',*,*,#1683,.F.);
#2316=ORIENTED_EDGE('',*,*,#1799,.T.);
#2317=ORIENTED_EDGE('',*,*,#1743,.T.);
#2318=ORIENTED_EDGE('',*,*,#1823,.F.);
#2319=ORIENTED_EDGE('',*,*,#1824,.F.);
#2320=ORIENTED_EDGE('',*,*,#1742,.T.);
#2321=ORIENTED_EDGE('',*,*,#1747,.T.);
#2322=ORIENTED_EDGE('',*,*,#1825,.T.);
#2323=ORIENTED_EDGE('',*,*,#1823,.T.);
#2324=ORIENTED_EDGE('',*,*,#1684,.T.);
#2325=ORIENTED_EDGE('',*,*,#1822,.T.);
#2326=ORIENTED_EDGE('',*,*,#1820,.T.);
#2327=ORIENTED_EDGE('',*,*,#1688,.T.);
#2328=ORIENTED_EDGE('',*,*,#1819,.T.);
#2329=ORIENTED_EDGE('',*,*,#1817,.T.);
#2330=ORIENTED_EDGE('',*,*,#1735,.T.);
#2331=ORIENTED_EDGE('',*,*,#1816,.T.);
#2332=ORIENTED_EDGE('',*,*,#1814,.T.);
#2333=ORIENTED_EDGE('',*,*,#1826,.T.);
#2334=ORIENTED_EDGE('',*,*,#1812,.T.);
#2335=ORIENTED_EDGE('',*,*,#1810,.T.);
#2336=ORIENTED_EDGE('',*,*,#1750,.F.);
#2337=ORIENTED_EDGE('',*,*,#1827,.F.);
#2338=ORIENTED_EDGE('',*,*,#1698,.F.);
#2339=ORIENTED_EDGE('',*,*,#1828,.T.);
#2340=ORIENTED_EDGE('',*,*,#1751,.F.);
#2341=ORIENTED_EDGE('',*,*,#1828,.F.);
#2342=ORIENTED_EDGE('',*,*,#1697,.F.);
#2343=ORIENTED_EDGE('',*,*,#1829,.T.);
#2344=ORIENTED_EDGE('',*,*,#1748,.F.);
#2345=ORIENTED_EDGE('',*,*,#1829,.F.);
#2346=ORIENTED_EDGE('',*,*,#1696,.F.);
#2347=ORIENTED_EDGE('',*,*,#1830,.T.);
#2348=ORIENTED_EDGE('',*,*,#1749,.F.);
#2349=ORIENTED_EDGE('',*,*,#1830,.F.);
#2350=ORIENTED_EDGE('',*,*,#1699,.F.);
#2351=ORIENTED_EDGE('',*,*,#1827,.T.);
#2352=ORIENTED_EDGE('',*,*,#1754,.F.);
#2353=ORIENTED_EDGE('',*,*,#1831,.F.);
#2354=ORIENTED_EDGE('',*,*,#1702,.F.);
#2355=ORIENTED_EDGE('',*,*,#1832,.T.);
#2356=ORIENTED_EDGE('',*,*,#1755,.F.);
#2357=ORIENTED_EDGE('',*,*,#1832,.F.);
#2358=ORIENTED_EDGE('',*,*,#1701,.F.);
#2359=ORIENTED_EDGE('',*,*,#1833,.T.);
#2360=ORIENTED_EDGE('',*,*,#1752,.F.);
#2361=ORIENTED_EDGE('',*,*,#1833,.F.);
#2362=ORIENTED_EDGE('',*,*,#1700,.F.);
#2363=ORIENTED_EDGE('',*,*,#1834,.T.);
#2364=ORIENTED_EDGE('',*,*,#1753,.F.);
#2365=ORIENTED_EDGE('',*,*,#1834,.F.);
#2366=ORIENTED_EDGE('',*,*,#1703,.F.);
#2367=ORIENTED_EDGE('',*,*,#1831,.T.);
#2368=ORIENTED_EDGE('',*,*,#1758,.F.);
#2369=ORIENTED_EDGE('',*,*,#1835,.F.);
#2370=ORIENTED_EDGE('',*,*,#1706,.F.);
#2371=ORIENTED_EDGE('',*,*,#1836,.T.);
#2372=ORIENTED_EDGE('',*,*,#1759,.F.);
#2373=ORIENTED_EDGE('',*,*,#1836,.F.);
#2374=ORIENTED_EDGE('',*,*,#1705,.F.);
#2375=ORIENTED_EDGE('',*,*,#1837,.T.);
#2376=ORIENTED_EDGE('',*,*,#1756,.F.);
#2377=ORIENTED_EDGE('',*,*,#1837,.F.);
#2378=ORIENTED_EDGE('',*,*,#1704,.F.);
#2379=ORIENTED_EDGE('',*,*,#1838,.T.);
#2380=ORIENTED_EDGE('',*,*,#1757,.F.);
#2381=ORIENTED_EDGE('',*,*,#1838,.F.);
#2382=ORIENTED_EDGE('',*,*,#1707,.F.);
#2383=ORIENTED_EDGE('',*,*,#1835,.T.);
#2384=ORIENTED_EDGE('',*,*,#1762,.F.);
#2385=ORIENTED_EDGE('',*,*,#1839,.F.);
#2386=ORIENTED_EDGE('',*,*,#1710,.F.);
#2387=ORIENTED_EDGE('',*,*,#1840,.T.);
#2388=ORIENTED_EDGE('',*,*,#1763,.F.);
#2389=ORIENTED_EDGE('',*,*,#1840,.F.);
#2390=ORIENTED_EDGE('',*,*,#1709,.F.);
#2391=ORIENTED_EDGE('',*,*,#1841,.T.);
#2392=ORIENTED_EDGE('',*,*,#1760,.F.);
#2393=ORIENTED_EDGE('',*,*,#1841,.F.);
#2394=ORIENTED_EDGE('',*,*,#1708,.F.);
#2395=ORIENTED_EDGE('',*,*,#1842,.T.);
#2396=ORIENTED_EDGE('',*,*,#1761,.F.);
#2397=ORIENTED_EDGE('',*,*,#1842,.F.);
#2398=ORIENTED_EDGE('',*,*,#1711,.F.);
#2399=ORIENTED_EDGE('',*,*,#1839,.T.);
#2400=ORIENTED_EDGE('',*,*,#1732,.F.);
#2401=ORIENTED_EDGE('',*,*,#1843,.T.);
#2402=ORIENTED_EDGE('',*,*,#1796,.F.);
#2403=ORIENTED_EDGE('',*,*,#1843,.F.);
#2404=ORIENTED_EDGE('',*,*,#1731,.F.);
#2405=ORIENTED_EDGE('',*,*,#1844,.T.);
#2406=ORIENTED_EDGE('',*,*,#1795,.F.);
#2407=ORIENTED_EDGE('',*,*,#1844,.F.);
#2408=ORIENTED_EDGE('',*,*,#1712,.F.);
#2409=ORIENTED_EDGE('',*,*,#1845,.T.);
#2410=ORIENTED_EDGE('',*,*,#1764,.F.);
#2411=ORIENTED_EDGE('',*,*,#1845,.F.);
#2412=ORIENTED_EDGE('',*,*,#1713,.F.);
#2413=ORIENTED_EDGE('',*,*,#1846,.T.);
#2414=ORIENTED_EDGE('',*,*,#1765,.F.);
#2415=ORIENTED_EDGE('',*,*,#1846,.F.);
#2416=ORIENTED_EDGE('',*,*,#1714,.F.);
#2417=ORIENTED_EDGE('',*,*,#1847,.T.);
#2418=ORIENTED_EDGE('',*,*,#1766,.F.);
#2419=ORIENTED_EDGE('',*,*,#1847,.F.);
#2420=ORIENTED_EDGE('',*,*,#1715,.F.);
#2421=ORIENTED_EDGE('',*,*,#1848,.T.);
#2422=ORIENTED_EDGE('',*,*,#1767,.F.);
#2423=ORIENTED_EDGE('',*,*,#1848,.F.);
#2424=ORIENTED_EDGE('',*,*,#1716,.F.);
#2425=ORIENTED_EDGE('',*,*,#1849,.T.);
#2426=ORIENTED_EDGE('',*,*,#1768,.F.);
#2427=ORIENTED_EDGE('',*,*,#1849,.F.);
#2428=ORIENTED_EDGE('',*,*,#1717,.F.);
#2429=ORIENTED_EDGE('',*,*,#1850,.T.);
#2430=ORIENTED_EDGE('',*,*,#1769,.F.);
#2431=ORIENTED_EDGE('',*,*,#1850,.F.);
#2432=ORIENTED_EDGE('',*,*,#1718,.F.);
#2433=ORIENTED_EDGE('',*,*,#1851,.T.);
#2434=ORIENTED_EDGE('',*,*,#1770,.F.);
#2435=ORIENTED_EDGE('',*,*,#1851,.F.);
#2436=ORIENTED_EDGE('',*,*,#1719,.F.);
#2437=ORIENTED_EDGE('',*,*,#1852,.T.);
#2438=ORIENTED_EDGE('',*,*,#1771,.F.);
#2439=ORIENTED_EDGE('',*,*,#1852,.F.);
#2440=ORIENTED_EDGE('',*,*,#1720,.F.);
#2441=ORIENTED_EDGE('',*,*,#1853,.T.);
#2442=ORIENTED_EDGE('',*,*,#1772,.F.);
#2443=ORIENTED_EDGE('',*,*,#1853,.F.);
#2444=ORIENTED_EDGE('',*,*,#1721,.F.);
#2445=ORIENTED_EDGE('',*,*,#1854,.T.);
#2446=ORIENTED_EDGE('',*,*,#1773,.F.);
#2447=ORIENTED_EDGE('',*,*,#1854,.F.);
#2448=ORIENTED_EDGE('',*,*,#1722,.F.);
#2449=ORIENTED_EDGE('',*,*,#1855,.T.);
#2450=ORIENTED_EDGE('',*,*,#1774,.F.);
#2451=ORIENTED_EDGE('',*,*,#1855,.F.);
#2452=ORIENTED_EDGE('',*,*,#1723,.F.);
#2453=ORIENTED_EDGE('',*,*,#1856,.T.);
#2454=ORIENTED_EDGE('',*,*,#1775,.F.);
#2455=ORIENTED_EDGE('',*,*,#1856,.F.);
#2456=ORIENTED_EDGE('',*,*,#1724,.F.);
#2457=ORIENTED_EDGE('',*,*,#1857,.T.);
#2458=ORIENTED_EDGE('',*,*,#1776,.F.);
#2459=ORIENTED_EDGE('',*,*,#1857,.F.);
#2460=ORIENTED_EDGE('',*,*,#1725,.F.);
#2461=ORIENTED_EDGE('',*,*,#1858,.T.);
#2462=ORIENTED_EDGE('',*,*,#1777,.F.);
#2463=ORIENTED_EDGE('',*,*,#1858,.F.);
#2464=ORIENTED_EDGE('',*,*,#1729,.T.);
#2465=ORIENTED_EDGE('',*,*,#1859,.T.);
#2466=ORIENTED_EDGE('',*,*,#1779,.T.);
#2467=ORIENTED_EDGE('',*,*,#1860,.T.);
#2468=ORIENTED_EDGE('',*,*,#1859,.F.);
#2469=ORIENTED_EDGE('',*,*,#1728,.F.);
#2470=ORIENTED_EDGE('',*,*,#1861,.F.);
#2471=ORIENTED_EDGE('',*,*,#1780,.F.);
#2472=ORIENTED_EDGE('',*,*,#1727,.T.);
#2473=ORIENTED_EDGE('',*,*,#1862,.T.);
#2474=ORIENTED_EDGE('',*,*,#1781,.T.);
#2475=ORIENTED_EDGE('',*,*,#1861,.T.);
#2476=ORIENTED_EDGE('',*,*,#1860,.F.);
#2477=ORIENTED_EDGE('',*,*,#1778,.F.);
#2478=ORIENTED_EDGE('',*,*,#1862,.F.);
#2479=ORIENTED_EDGE('',*,*,#1726,.F.);
#2480=ORIENTED_EDGE('',*,*,#1730,.F.);
#2481=ORIENTED_EDGE('',*,*,#1863,.T.);
#2482=ORIENTED_EDGE('',*,*,#1782,.F.);
#2483=ORIENTED_EDGE('',*,*,#1863,.F.);
#2484=ORIENTED_EDGE('',*,*,#1786,.F.);
#2485=ORIENTED_EDGE('',*,*,#1864,.T.);
#2486=ORIENTED_EDGE('',*,*,#1865,.T.);
#2487=ORIENTED_EDGE('',*,*,#1866,.F.);
#2488=ORIENTED_EDGE('',*,*,#1787,.F.);
#2489=ORIENTED_EDGE('',*,*,#1866,.T.);
#2490=ORIENTED_EDGE('',*,*,#1867,.T.);
#2491=ORIENTED_EDGE('',*,*,#1868,.F.);
#2492=ORIENTED_EDGE('',*,*,#1788,.F.);
#2493=ORIENTED_EDGE('',*,*,#1868,.T.);
#2494=ORIENTED_EDGE('',*,*,#1869,.T.);
#2495=ORIENTED_EDGE('',*,*,#1870,.F.);
#2496=ORIENTED_EDGE('',*,*,#1783,.F.);
#2497=ORIENTED_EDGE('',*,*,#1870,.T.);
#2498=ORIENTED_EDGE('',*,*,#1871,.T.);
#2499=ORIENTED_EDGE('',*,*,#1872,.T.);
#2500=ORIENTED_EDGE('',*,*,#1785,.F.);
#2501=ORIENTED_EDGE('',*,*,#1873,.T.);
#2502=ORIENTED_EDGE('',*,*,#1874,.T.);
#2503=ORIENTED_EDGE('',*,*,#1864,.F.);
#2504=ORIENTED_EDGE('',*,*,#1784,.F.);
#2505=ORIENTED_EDGE('',*,*,#1872,.F.);
#2506=ORIENTED_EDGE('',*,*,#1875,.T.);
#2507=ORIENTED_EDGE('',*,*,#1873,.F.);
#2508=ORIENTED_EDGE('',*,*,#1875,.F.);
#2509=ORIENTED_EDGE('',*,*,#1871,.F.);
#2510=ORIENTED_EDGE('',*,*,#1869,.F.);
#2511=ORIENTED_EDGE('',*,*,#1867,.F.);
#2512=ORIENTED_EDGE('',*,*,#1865,.F.);
#2513=ORIENTED_EDGE('',*,*,#1874,.F.);
#2514=ORIENTED_EDGE('',*,*,#1876,.F.);
#2515=ORIENTED_EDGE('',*,*,#1792,.F.);
#2516=ORIENTED_EDGE('',*,*,#1877,.T.);
#2517=ORIENTED_EDGE('',*,*,#1878,.T.);
#2518=ORIENTED_EDGE('',*,*,#1879,.F.);
#2519=ORIENTED_EDGE('',*,*,#1793,.F.);
#2520=ORIENTED_EDGE('',*,*,#1879,.T.);
#2521=ORIENTED_EDGE('',*,*,#1880,.T.);
#2522=ORIENTED_EDGE('',*,*,#1881,.F.);
#2523=ORIENTED_EDGE('',*,*,#1794,.F.);
#2524=ORIENTED_EDGE('',*,*,#1881,.T.);
#2525=ORIENTED_EDGE('',*,*,#1882,.T.);
#2526=ORIENTED_EDGE('',*,*,#1883,.F.);
#2527=ORIENTED_EDGE('',*,*,#1789,.F.);
#2528=ORIENTED_EDGE('',*,*,#1883,.T.);
#2529=ORIENTED_EDGE('',*,*,#1884,.T.);
#2530=ORIENTED_EDGE('',*,*,#1885,.T.);
#2531=ORIENTED_EDGE('',*,*,#1791,.F.);
#2532=ORIENTED_EDGE('',*,*,#1886,.T.);
#2533=ORIENTED_EDGE('',*,*,#1887,.T.);
#2534=ORIENTED_EDGE('',*,*,#1877,.F.);
#2535=ORIENTED_EDGE('',*,*,#1790,.F.);
#2536=ORIENTED_EDGE('',*,*,#1885,.F.);
#2537=ORIENTED_EDGE('',*,*,#1888,.T.);
#2538=ORIENTED_EDGE('',*,*,#1886,.F.);
#2539=ORIENTED_EDGE('',*,*,#1888,.F.);
#2540=ORIENTED_EDGE('',*,*,#1884,.F.);
#2541=ORIENTED_EDGE('',*,*,#1882,.F.);
#2542=ORIENTED_EDGE('',*,*,#1880,.F.);
#2543=ORIENTED_EDGE('',*,*,#1878,.F.);
#2544=ORIENTED_EDGE('',*,*,#1887,.F.);
#2545=ORIENTED_EDGE('',*,*,#1889,.F.);
#2546=ORIENTED_EDGE('',*,*,#1889,.T.);
#2547=ORIENTED_EDGE('',*,*,#1890,.T.);
#2548=ORIENTED_EDGE('',*,*,#1891,.F.);
#2549=ORIENTED_EDGE('',*,*,#1890,.F.);
#2550=ORIENTED_EDGE('',*,*,#1876,.T.);
#2551=ORIENTED_EDGE('',*,*,#1892,.T.);
#2552=ORIENTED_EDGE('',*,*,#1893,.F.);
#2553=ORIENTED_EDGE('',*,*,#1892,.F.);
#2554=ORIENTED_EDGE('',*,*,#1894,.F.);
#2555=ORIENTED_EDGE('',*,*,#1895,.F.);
#2556=ORIENTED_EDGE('',*,*,#1896,.T.);
#2557=ORIENTED_EDGE('',*,*,#1897,.T.);
#2558=ORIENTED_EDGE('',*,*,#1898,.T.);
#2559=ORIENTED_EDGE('',*,*,#1692,.F.);
#2560=ORIENTED_EDGE('',*,*,#1899,.F.);
#2561=ORIENTED_EDGE('',*,*,#1694,.F.);
#2562=ORIENTED_EDGE('',*,*,#1900,.T.);
#2563=ORIENTED_EDGE('',*,*,#1901,.T.);
#2564=ORIENTED_EDGE('',*,*,#1902,.T.);
#2565=ORIENTED_EDGE('',*,*,#1903,.F.);
#2566=ORIENTED_EDGE('',*,*,#1693,.F.);
#2567=ORIENTED_EDGE('',*,*,#1898,.F.);
#2568=ORIENTED_EDGE('',*,*,#1904,.F.);
#2569=ORIENTED_EDGE('',*,*,#1900,.F.);
#2570=ORIENTED_EDGE('',*,*,#1904,.T.);
#2571=ORIENTED_EDGE('',*,*,#1897,.F.);
#2572=ORIENTED_EDGE('',*,*,#1905,.T.);
#2573=ORIENTED_EDGE('',*,*,#1901,.F.);
#2574=ORIENTED_EDGE('',*,*,#1891,.T.);
#2575=ORIENTED_EDGE('',*,*,#1893,.T.);
#2576=ORIENTED_EDGE('',*,*,#1903,.T.);
#2577=ORIENTED_EDGE('',*,*,#1906,.F.);
#2578=ORIENTED_EDGE('',*,*,#1895,.T.);
#2579=ORIENTED_EDGE('',*,*,#1907,.F.);
#2580=ORIENTED_EDGE('',*,*,#1908,.F.);
#2581=ORIENTED_EDGE('',*,*,#1800,.T.);
#2582=ORIENTED_EDGE('',*,*,#1824,.T.);
#2583=ORIENTED_EDGE('',*,*,#1825,.F.);
#2584=ORIENTED_EDGE('',*,*,#1746,.F.);
#2585=ORIENTED_EDGE('',*,*,#1671,.F.);
#2586=ORIENTED_EDGE('',*,*,#1667,.F.);
#2587=ORIENTED_EDGE('',*,*,#1637,.F.);
#2588=ORIENTED_EDGE('',*,*,#1902,.F.);
#2589=ORIENTED_EDGE('',*,*,#1905,.F.);
#2590=ORIENTED_EDGE('',*,*,#1896,.F.);
#2591=ORIENTED_EDGE('',*,*,#1906,.T.);
#2592=ORIENTED_EDGE('',*,*,#1738,.F.);
#2593=ORIENTED_EDGE('',*,*,#1680,.T.);
#2594=ORIENTED_EDGE('',*,*,#1745,.F.);
#2595=ORIENTED_EDGE('',*,*,#1678,.T.);
#2596=ORIENTED_EDGE('',*,*,#1633,.T.);
#2597=ORIENTED_EDGE('',*,*,#1695,.T.);
#2598=ORIENTED_EDGE('',*,*,#1899,.T.);
#2599=ORIENTED_EDGE('',*,*,#1907,.T.);
#2600=ORIENTED_EDGE('',*,*,#1894,.T.);
#2601=ORIENTED_EDGE('',*,*,#1691,.T.);
#2602=ORIENTED_EDGE('',*,*,#1804,.F.);
#2603=ORIENTED_EDGE('',*,*,#1813,.T.);
#2604=ORIENTED_EDGE('',*,*,#1826,.F.);
#2605=ORIENTED_EDGE('',*,*,#1809,.F.);
#2606=ORIENTED_EDGE('',*,*,#1909,.F.);
#2607=ORIENTED_EDGE('',*,*,#1651,.F.);
#2608=ORIENTED_EDGE('',*,*,#1676,.F.);
#2609=ORIENTED_EDGE('',*,*,#1647,.T.);
#2610=ORIENTED_EDGE('',*,*,#1636,.T.);
#2611=ORIENTED_EDGE('',*,*,#1909,.T.);
#2612=ORIENTED_EDGE('',*,*,#1801,.F.);
#2613=ORIENTED_EDGE('',*,*,#1908,.T.);
#2614=ORIENTED_EDGE('',*,*,#1617,.T.);
#2615=ORIENTED_EDGE('',*,*,#1623,.T.);
#2616=ORIENTED_EDGE('',*,*,#1910,.F.);
#2617=ORIENTED_EDGE('',*,*,#1911,.T.);
#2618=ORIENTED_EDGE('',*,*,#1912,.F.);
#2619=ORIENTED_EDGE('',*,*,#1911,.F.);
#2620=ORIENTED_EDGE('',*,*,#1913,.F.);
#2621=ORIENTED_EDGE('',*,*,#1914,.T.);
#2622=ORIENTED_EDGE('',*,*,#1915,.F.);
#2623=ORIENTED_EDGE('',*,*,#1914,.F.);
#2624=ORIENTED_EDGE('',*,*,#1916,.F.);
#2625=ORIENTED_EDGE('',*,*,#1917,.T.);
#2626=ORIENTED_EDGE('',*,*,#1918,.F.);
#2627=ORIENTED_EDGE('',*,*,#1917,.F.);
#2628=ORIENTED_EDGE('',*,*,#1919,.F.);
#2629=ORIENTED_EDGE('',*,*,#1920,.T.);
#2630=ORIENTED_EDGE('',*,*,#1921,.F.);
#2631=ORIENTED_EDGE('',*,*,#1920,.F.);
#2632=ORIENTED_EDGE('',*,*,#1922,.T.);
#2633=ORIENTED_EDGE('',*,*,#1923,.F.);
#2634=ORIENTED_EDGE('',*,*,#1924,.T.);
#2635=ORIENTED_EDGE('',*,*,#1925,.T.);
#2636=ORIENTED_EDGE('',*,*,#1926,.T.);
#2637=ORIENTED_EDGE('',*,*,#1927,.F.);
#2638=ORIENTED_EDGE('',*,*,#1928,.T.);
#2639=ORIENTED_EDGE('',*,*,#1923,.T.);
#2640=ORIENTED_EDGE('',*,*,#1929,.T.);
#2641=ORIENTED_EDGE('',*,*,#1930,.F.);
#2642=ORIENTED_EDGE('',*,*,#1931,.T.);
#2643=ORIENTED_EDGE('',*,*,#1932,.T.);
#2644=ORIENTED_EDGE('',*,*,#1933,.T.);
#2645=ORIENTED_EDGE('',*,*,#1934,.F.);
#2646=ORIENTED_EDGE('',*,*,#1935,.T.);
#2647=ORIENTED_EDGE('',*,*,#1930,.T.);
#2648=ORIENTED_EDGE('',*,*,#1936,.T.);
#2649=ORIENTED_EDGE('',*,*,#1937,.F.);
#2650=ORIENTED_EDGE('',*,*,#1938,.T.);
#2651=ORIENTED_EDGE('',*,*,#1939,.T.);
#2652=ORIENTED_EDGE('',*,*,#1940,.T.);
#2653=ORIENTED_EDGE('',*,*,#1941,.F.);
#2654=ORIENTED_EDGE('',*,*,#1942,.T.);
#2655=ORIENTED_EDGE('',*,*,#1937,.T.);
#2656=ORIENTED_EDGE('',*,*,#1943,.T.);
#2657=ORIENTED_EDGE('',*,*,#1944,.F.);
#2658=ORIENTED_EDGE('',*,*,#1945,.T.);
#2659=ORIENTED_EDGE('',*,*,#1946,.T.);
#2660=ORIENTED_EDGE('',*,*,#1947,.T.);
#2661=ORIENTED_EDGE('',*,*,#1948,.F.);
#2662=ORIENTED_EDGE('',*,*,#1949,.T.);
#2663=ORIENTED_EDGE('',*,*,#1944,.T.);
#2664=ORIENTED_EDGE('',*,*,#1950,.T.);
#2665=ORIENTED_EDGE('',*,*,#1951,.F.);
#2666=ORIENTED_EDGE('',*,*,#1952,.T.);
#2667=ORIENTED_EDGE('',*,*,#1953,.T.);
#2668=ORIENTED_EDGE('',*,*,#1954,.T.);
#2669=ORIENTED_EDGE('',*,*,#1955,.F.);
#2670=ORIENTED_EDGE('',*,*,#1956,.T.);
#2671=ORIENTED_EDGE('',*,*,#1951,.T.);
#2672=ORIENTED_EDGE('',*,*,#1957,.T.);
#2673=ORIENTED_EDGE('',*,*,#1958,.F.);
#2674=ORIENTED_EDGE('',*,*,#1959,.T.);
#2675=ORIENTED_EDGE('',*,*,#1960,.T.);
#2676=ORIENTED_EDGE('',*,*,#1961,.T.);
#2677=ORIENTED_EDGE('',*,*,#1962,.F.);
#2678=ORIENTED_EDGE('',*,*,#1963,.T.);
#2679=ORIENTED_EDGE('',*,*,#1958,.T.);
#2680=ORIENTED_EDGE('',*,*,#1964,.T.);
#2681=ORIENTED_EDGE('',*,*,#1965,.F.);
#2682=ORIENTED_EDGE('',*,*,#1966,.T.);
#2683=ORIENTED_EDGE('',*,*,#1967,.T.);
#2684=ORIENTED_EDGE('',*,*,#1968,.T.);
#2685=ORIENTED_EDGE('',*,*,#1969,.F.);
#2686=ORIENTED_EDGE('',*,*,#1970,.T.);
#2687=ORIENTED_EDGE('',*,*,#1965,.T.);
#2688=ORIENTED_EDGE('',*,*,#1971,.T.);
#2689=ORIENTED_EDGE('',*,*,#1972,.F.);
#2690=ORIENTED_EDGE('',*,*,#1973,.T.);
#2691=ORIENTED_EDGE('',*,*,#1974,.T.);
#2692=ORIENTED_EDGE('',*,*,#1975,.T.);
#2693=ORIENTED_EDGE('',*,*,#1976,.F.);
#2694=ORIENTED_EDGE('',*,*,#1977,.T.);
#2695=ORIENTED_EDGE('',*,*,#1972,.T.);
#2696=ORIENTED_EDGE('',*,*,#1978,.T.);
#2697=ORIENTED_EDGE('',*,*,#1979,.F.);
#2698=ORIENTED_EDGE('',*,*,#1980,.T.);
#2699=ORIENTED_EDGE('',*,*,#1927,.T.);
#2700=ORIENTED_EDGE('',*,*,#1981,.T.);
#2701=ORIENTED_EDGE('',*,*,#1925,.F.);
#2702=ORIENTED_EDGE('',*,*,#1982,.T.);
#2703=ORIENTED_EDGE('',*,*,#1979,.T.);
#2704=ORIENTED_EDGE('',*,*,#1983,.T.);
#2705=ORIENTED_EDGE('',*,*,#1984,.F.);
#2706=ORIENTED_EDGE('',*,*,#1985,.T.);
#2707=ORIENTED_EDGE('',*,*,#1934,.T.);
#2708=ORIENTED_EDGE('',*,*,#1986,.T.);
#2709=ORIENTED_EDGE('',*,*,#1932,.F.);
#2710=ORIENTED_EDGE('',*,*,#1987,.T.);
#2711=ORIENTED_EDGE('',*,*,#1984,.T.);
#2712=ORIENTED_EDGE('',*,*,#1988,.T.);
#2713=ORIENTED_EDGE('',*,*,#1989,.F.);
#2714=ORIENTED_EDGE('',*,*,#1990,.T.);
#2715=ORIENTED_EDGE('',*,*,#1941,.T.);
#2716=ORIENTED_EDGE('',*,*,#1991,.T.);
#2717=ORIENTED_EDGE('',*,*,#1939,.F.);
#2718=ORIENTED_EDGE('',*,*,#1992,.T.);
#2719=ORIENTED_EDGE('',*,*,#1989,.T.);
#2720=ORIENTED_EDGE('',*,*,#1993,.T.);
#2721=ORIENTED_EDGE('',*,*,#1994,.F.);
#2722=ORIENTED_EDGE('',*,*,#1995,.T.);
#2723=ORIENTED_EDGE('',*,*,#1948,.T.);
#2724=ORIENTED_EDGE('',*,*,#1996,.T.);
#2725=ORIENTED_EDGE('',*,*,#1946,.F.);
#2726=ORIENTED_EDGE('',*,*,#1997,.T.);
#2727=ORIENTED_EDGE('',*,*,#1994,.T.);
#2728=ORIENTED_EDGE('',*,*,#1998,.T.);
#2729=ORIENTED_EDGE('',*,*,#1999,.F.);
#2730=ORIENTED_EDGE('',*,*,#2000,.T.);
#2731=ORIENTED_EDGE('',*,*,#1955,.T.);
#2732=ORIENTED_EDGE('',*,*,#2001,.T.);
#2733=ORIENTED_EDGE('',*,*,#1953,.F.);
#2734=ORIENTED_EDGE('',*,*,#2002,.T.);
#2735=ORIENTED_EDGE('',*,*,#1999,.T.);
#2736=ORIENTED_EDGE('',*,*,#2003,.T.);
#2737=ORIENTED_EDGE('',*,*,#2004,.F.);
#2738=ORIENTED_EDGE('',*,*,#2005,.T.);
#2739=ORIENTED_EDGE('',*,*,#1962,.T.);
#2740=ORIENTED_EDGE('',*,*,#2006,.T.);
#2741=ORIENTED_EDGE('',*,*,#1960,.F.);
#2742=ORIENTED_EDGE('',*,*,#2007,.T.);
#2743=ORIENTED_EDGE('',*,*,#2004,.T.);
#2744=ORIENTED_EDGE('',*,*,#2008,.T.);
#2745=ORIENTED_EDGE('',*,*,#2009,.F.);
#2746=ORIENTED_EDGE('',*,*,#2010,.T.);
#2747=ORIENTED_EDGE('',*,*,#1969,.T.);
#2748=ORIENTED_EDGE('',*,*,#2011,.T.);
#2749=ORIENTED_EDGE('',*,*,#1967,.F.);
#2750=ORIENTED_EDGE('',*,*,#2012,.T.);
#2751=ORIENTED_EDGE('',*,*,#2009,.T.);
#2752=ORIENTED_EDGE('',*,*,#2013,.T.);
#2753=ORIENTED_EDGE('',*,*,#2014,.F.);
#2754=ORIENTED_EDGE('',*,*,#2015,.T.);
#2755=ORIENTED_EDGE('',*,*,#1976,.T.);
#2756=ORIENTED_EDGE('',*,*,#2016,.T.);
#2757=ORIENTED_EDGE('',*,*,#1974,.F.);
#2758=ORIENTED_EDGE('',*,*,#2017,.T.);
#2759=ORIENTED_EDGE('',*,*,#2014,.T.);
#2760=ORIENTED_EDGE('',*,*,#2018,.F.);
#2761=ORIENTED_EDGE('',*,*,#2019,.F.);
#2762=ORIENTED_EDGE('',*,*,#2020,.F.);
#2763=ORIENTED_EDGE('',*,*,#2021,.F.);
#2764=ORIENTED_EDGE('',*,*,#2022,.F.);
#2765=ORIENTED_EDGE('',*,*,#2023,.F.);
#2766=ORIENTED_EDGE('',*,*,#2024,.F.);
#2767=ORIENTED_EDGE('',*,*,#2025,.F.);
#2768=ORIENTED_EDGE('',*,*,#2019,.T.);
#2769=ORIENTED_EDGE('',*,*,#2026,.F.);
#2770=ORIENTED_EDGE('',*,*,#2025,.T.);
#2771=ORIENTED_EDGE('',*,*,#2027,.T.);
#2772=ORIENTED_EDGE('',*,*,#2018,.T.);
#2773=ORIENTED_EDGE('',*,*,#2028,.F.);
#2774=ORIENTED_EDGE('',*,*,#2022,.T.);
#2775=ORIENTED_EDGE('',*,*,#2026,.T.);
#2776=ORIENTED_EDGE('',*,*,#1978,.F.);
#2777=ORIENTED_EDGE('',*,*,#1926,.F.);
#2778=ORIENTED_EDGE('',*,*,#1922,.F.);
#2779=ORIENTED_EDGE('',*,*,#1981,.F.);
#2780=ORIENTED_EDGE('',*,*,#1983,.F.);
#2781=ORIENTED_EDGE('',*,*,#1933,.F.);
#2782=ORIENTED_EDGE('',*,*,#1929,.F.);
#2783=ORIENTED_EDGE('',*,*,#1986,.F.);
#2784=ORIENTED_EDGE('',*,*,#1988,.F.);
#2785=ORIENTED_EDGE('',*,*,#1940,.F.);
#2786=ORIENTED_EDGE('',*,*,#1936,.F.);
#2787=ORIENTED_EDGE('',*,*,#1991,.F.);
#2788=ORIENTED_EDGE('',*,*,#1993,.F.);
#2789=ORIENTED_EDGE('',*,*,#1947,.F.);
#2790=ORIENTED_EDGE('',*,*,#1943,.F.);
#2791=ORIENTED_EDGE('',*,*,#1996,.F.);
#2792=ORIENTED_EDGE('',*,*,#1998,.F.);
#2793=ORIENTED_EDGE('',*,*,#1954,.F.);
#2794=ORIENTED_EDGE('',*,*,#1950,.F.);
#2795=ORIENTED_EDGE('',*,*,#2001,.F.);
#2796=ORIENTED_EDGE('',*,*,#2003,.F.);
#2797=ORIENTED_EDGE('',*,*,#1961,.F.);
#2798=ORIENTED_EDGE('',*,*,#1957,.F.);
#2799=ORIENTED_EDGE('',*,*,#2006,.F.);
#2800=ORIENTED_EDGE('',*,*,#2008,.F.);
#2801=ORIENTED_EDGE('',*,*,#1968,.F.);
#2802=ORIENTED_EDGE('',*,*,#1964,.F.);
#2803=ORIENTED_EDGE('',*,*,#2011,.F.);
#2804=ORIENTED_EDGE('',*,*,#2013,.F.);
#2805=ORIENTED_EDGE('',*,*,#1975,.F.);
#2806=ORIENTED_EDGE('',*,*,#1971,.F.);
#2807=ORIENTED_EDGE('',*,*,#2016,.F.);
#2808=ORIENTED_EDGE('',*,*,#1921,.T.);
#2809=ORIENTED_EDGE('',*,*,#1918,.T.);
#2810=ORIENTED_EDGE('',*,*,#1915,.T.);
#2811=ORIENTED_EDGE('',*,*,#1912,.T.);
#2812=ORIENTED_EDGE('',*,*,#2021,.T.);
#2813=ORIENTED_EDGE('',*,*,#2029,.F.);
#2814=ORIENTED_EDGE('',*,*,#2023,.T.);
#2815=ORIENTED_EDGE('',*,*,#2028,.T.);
#2816=ORIENTED_EDGE('',*,*,#2020,.T.);
#2817=ORIENTED_EDGE('',*,*,#2027,.F.);
#2818=ORIENTED_EDGE('',*,*,#2024,.T.);
#2819=ORIENTED_EDGE('',*,*,#2029,.T.);
#2820=ORIENTED_EDGE('',*,*,#1980,.F.);
#2821=ORIENTED_EDGE('',*,*,#1982,.F.);
#2822=ORIENTED_EDGE('',*,*,#1924,.F.);
#2823=ORIENTED_EDGE('',*,*,#1928,.F.);
#2824=ORIENTED_EDGE('',*,*,#1985,.F.);
#2825=ORIENTED_EDGE('',*,*,#1987,.F.);
#2826=ORIENTED_EDGE('',*,*,#1931,.F.);
#2827=ORIENTED_EDGE('',*,*,#1935,.F.);
#2828=ORIENTED_EDGE('',*,*,#1990,.F.);
#2829=ORIENTED_EDGE('',*,*,#1992,.F.);
#2830=ORIENTED_EDGE('',*,*,#1938,.F.);
#2831=ORIENTED_EDGE('',*,*,#1942,.F.);
#2832=ORIENTED_EDGE('',*,*,#1995,.F.);
#2833=ORIENTED_EDGE('',*,*,#1997,.F.);
#2834=ORIENTED_EDGE('',*,*,#1945,.F.);
#2835=ORIENTED_EDGE('',*,*,#1949,.F.);
#2836=ORIENTED_EDGE('',*,*,#2000,.F.);
#2837=ORIENTED_EDGE('',*,*,#2002,.F.);
#2838=ORIENTED_EDGE('',*,*,#1952,.F.);
#2839=ORIENTED_EDGE('',*,*,#1956,.F.);
#2840=ORIENTED_EDGE('',*,*,#2005,.F.);
#2841=ORIENTED_EDGE('',*,*,#2007,.F.);
#2842=ORIENTED_EDGE('',*,*,#1959,.F.);
#2843=ORIENTED_EDGE('',*,*,#1963,.F.);
#2844=ORIENTED_EDGE('',*,*,#2010,.F.);
#2845=ORIENTED_EDGE('',*,*,#2012,.F.);
#2846=ORIENTED_EDGE('',*,*,#1966,.F.);
#2847=ORIENTED_EDGE('',*,*,#1970,.F.);
#2848=ORIENTED_EDGE('',*,*,#2015,.F.);
#2849=ORIENTED_EDGE('',*,*,#2017,.F.);
#2850=ORIENTED_EDGE('',*,*,#1973,.F.);
#2851=ORIENTED_EDGE('',*,*,#1977,.F.);
#2852=ORIENTED_EDGE('',*,*,#1919,.T.);
#2853=ORIENTED_EDGE('',*,*,#1916,.T.);
#2854=ORIENTED_EDGE('',*,*,#1913,.T.);
#2855=ORIENTED_EDGE('',*,*,#1910,.T.);
#2856=CYLINDRICAL_SURFACE('',#3041,1.8);
#2857=CYLINDRICAL_SURFACE('',#3045,1.8);
#2858=CYLINDRICAL_SURFACE('',#3049,1.8);
#2859=CYLINDRICAL_SURFACE('',#3053,1.8);
#2860=CYLINDRICAL_SURFACE('',#3140,1.25);
#2861=CYLINDRICAL_SURFACE('',#3141,1.25);
#2862=CYLINDRICAL_SURFACE('',#3142,1.625);
#2863=CYLINDRICAL_SURFACE('',#3143,1.625);
#2864=CYLINDRICAL_SURFACE('',#3144,1.625);
#2865=CYLINDRICAL_SURFACE('',#3145,1.625);
#2866=CYLINDRICAL_SURFACE('',#3146,1.625);
#2867=CYLINDRICAL_SURFACE('',#3147,1.625);
#2868=CYLINDRICAL_SURFACE('',#3148,1.625);
#2869=CYLINDRICAL_SURFACE('',#3149,1.625);
#2870=CYLINDRICAL_SURFACE('',#3150,1.625);
#2871=CYLINDRICAL_SURFACE('',#3151,1.625);
#2872=CYLINDRICAL_SURFACE('',#3152,1.625);
#2873=CYLINDRICAL_SURFACE('',#3153,1.625);
#2874=CYLINDRICAL_SURFACE('',#3154,1.625);
#2875=CYLINDRICAL_SURFACE('',#3155,1.625);
#2876=CYLINDRICAL_SURFACE('',#3156,6.5);
#2877=CYLINDRICAL_SURFACE('',#3158,6.5);
#2878=CYLINDRICAL_SURFACE('',#3160,1.25);
#2879=CYLINDRICAL_SURFACE('',#3177,2.125);
#2880=CYLINDRICAL_SURFACE('',#3179,2.125);
#2881=CYLINDRICAL_SURFACE('',#3185,32.5);
#2882=CYLINDRICAL_SURFACE('',#3189,32.5);
#2883=CYLINDRICAL_SURFACE('',#3192,1.25);
#2884=CYLINDRICAL_SURFACE('',#3195,1.25);
#2885=CYLINDRICAL_SURFACE('',#3198,1.25);
#2886=CYLINDRICAL_SURFACE('',#3201,1.25);
#2887=ADVANCED_FACE('',(#213),#2856,.F.);
#2888=ADVANCED_FACE('',(#214),#105,.T.);
#2889=ADVANCED_FACE('',(#215),#2857,.F.);
#2890=ADVANCED_FACE('',(#216),#106,.T.);
#2891=ADVANCED_FACE('',(#217),#2858,.F.);
#2892=ADVANCED_FACE('',(#218),#107,.T.);
#2893=ADVANCED_FACE('',(#219),#2859,.F.);
#2894=ADVANCED_FACE('',(#220),#108,.T.);
#2895=ADVANCED_FACE('',(#221),#109,.T.);
#2896=ADVANCED_FACE('',(#222),#110,.T.);
#2897=ADVANCED_FACE('',(#223),#111,.T.);
#2898=ADVANCED_FACE('',(#224),#112,.T.);
#2899=ADVANCED_FACE('',(#225),#113,.T.);
#2900=ADVANCED_FACE('',(#226),#114,.T.);
#2901=ADVANCED_FACE('',(#227),#115,.T.);
#2902=ADVANCED_FACE('',(#228),#116,.T.);
#2903=ADVANCED_FACE('',(#229),#117,.T.);
#2904=ADVANCED_FACE('',(#230),#118,.T.);
#2905=ADVANCED_FACE('',(#231,#17,#18,#19,#20),#119,.T.);
#2906=ADVANCED_FACE('',(#232,#21,#22,#23,#24,#25,#26,#27,#28,#29,#30,#31,
#32,#33,#34,#35,#36,#37,#38,#39,#40,#41,#42),#120,.T.);
#2907=ADVANCED_FACE('',(#233),#121,.T.);
#2908=ADVANCED_FACE('',(#234,#43,#44),#122,.T.);
#2909=ADVANCED_FACE('',(#235,#45),#123,.T.);
#2910=ADVANCED_FACE('',(#236,#46,#47,#48,#49,#50,#51,#52,#53,#54,#55,#56,
#57,#58,#59,#60,#61,#62,#63,#64,#65,#66,#67,#68,#69),#124,.T.);
#2911=ADVANCED_FACE('',(#237),#125,.F.);
#2912=ADVANCED_FACE('',(#238),#126,.T.);
#2913=ADVANCED_FACE('',(#239),#127,.T.);
#2914=ADVANCED_FACE('',(#240),#128,.T.);
#2915=ADVANCED_FACE('',(#241),#129,.T.);
#2916=ADVANCED_FACE('',(#242),#130,.T.);
#2917=ADVANCED_FACE('',(#243),#131,.T.);
#2918=ADVANCED_FACE('',(#244),#132,.T.);
#2919=ADVANCED_FACE('',(#245),#133,.T.);
#2920=ADVANCED_FACE('',(#246),#134,.T.);
#2921=ADVANCED_FACE('',(#247,#70,#71,#72,#73),#135,.T.);
#2922=ADVANCED_FACE('',(#248),#136,.F.);
#2923=ADVANCED_FACE('',(#249),#137,.F.);
#2924=ADVANCED_FACE('',(#250),#138,.F.);
#2925=ADVANCED_FACE('',(#251),#139,.F.);
#2926=ADVANCED_FACE('',(#252),#140,.F.);
#2927=ADVANCED_FACE('',(#253),#141,.F.);
#2928=ADVANCED_FACE('',(#254),#142,.F.);
#2929=ADVANCED_FACE('',(#255),#143,.F.);
#2930=ADVANCED_FACE('',(#256),#144,.F.);
#2931=ADVANCED_FACE('',(#257),#145,.F.);
#2932=ADVANCED_FACE('',(#258),#146,.F.);
#2933=ADVANCED_FACE('',(#259),#147,.F.);
#2934=ADVANCED_FACE('',(#260),#148,.F.);
#2935=ADVANCED_FACE('',(#261),#149,.F.);
#2936=ADVANCED_FACE('',(#262),#150,.F.);
#2937=ADVANCED_FACE('',(#263),#151,.F.);
#2938=ADVANCED_FACE('',(#264),#2860,.F.);
#2939=ADVANCED_FACE('',(#265),#2861,.F.);
#2940=ADVANCED_FACE('',(#266),#2862,.F.);
#2941=ADVANCED_FACE('',(#267),#2863,.F.);
#2942=ADVANCED_FACE('',(#268),#2864,.F.);
#2943=ADVANCED_FACE('',(#269),#2865,.F.);
#2944=ADVANCED_FACE('',(#270),#2866,.F.);
#2945=ADVANCED_FACE('',(#271),#2867,.F.);
#2946=ADVANCED_FACE('',(#272),#2868,.F.);
#2947=ADVANCED_FACE('',(#273),#2869,.F.);
#2948=ADVANCED_FACE('',(#274),#2870,.F.);
#2949=ADVANCED_FACE('',(#275),#2871,.F.);
#2950=ADVANCED_FACE('',(#276),#2872,.F.);
#2951=ADVANCED_FACE('',(#277),#2873,.F.);
#2952=ADVANCED_FACE('',(#278),#2874,.F.);
#2953=ADVANCED_FACE('',(#279),#2875,.F.);
#2954=ADVANCED_FACE('',(#280),#2876,.F.);
#2955=ADVANCED_FACE('',(#281),#152,.F.);
#2956=ADVANCED_FACE('',(#282),#2877,.F.);
#2957=ADVANCED_FACE('',(#283),#153,.F.);
#2958=ADVANCED_FACE('',(#284),#2878,.F.);
#2959=ADVANCED_FACE('',(#285),#154,.F.);
#2960=ADVANCED_FACE('',(#286),#155,.F.);
#2961=ADVANCED_FACE('',(#287),#156,.F.);
#2962=ADVANCED_FACE('',(#288),#157,.F.);
#2963=ADVANCED_FACE('',(#289),#158,.F.);
#2964=ADVANCED_FACE('',(#290),#159,.F.);
#2965=ADVANCED_FACE('',(#291,#74),#160,.F.);
#2966=ADVANCED_FACE('',(#292),#161,.F.);
#2967=ADVANCED_FACE('',(#293),#162,.F.);
#2968=ADVANCED_FACE('',(#294),#163,.F.);
#2969=ADVANCED_FACE('',(#295),#164,.F.);
#2970=ADVANCED_FACE('',(#296),#165,.F.);
#2971=ADVANCED_FACE('',(#297),#166,.F.);
#2972=ADVANCED_FACE('',(#298,#75),#167,.F.);
#2973=ADVANCED_FACE('',(#299),#2879,.F.);
#2974=ADVANCED_FACE('',(#300),#2880,.F.);
#2975=ADVANCED_FACE('',(#301),#168,.T.);
#2976=ADVANCED_FACE('',(#302),#169,.T.);
#2977=ADVANCED_FACE('',(#303),#170,.T.);
#2978=ADVANCED_FACE('',(#304,#76,#77),#171,.T.);
#2979=ADVANCED_FACE('',(#305),#2881,.F.);
#2980=ADVANCED_FACE('',(#306,#78),#172,.T.);
#2981=ADVANCED_FACE('',(#307),#2882,.F.);
#2982=ADVANCED_FACE('',(#308),#173,.T.);
#2983=ADVANCED_FACE('',(#309,#79,#80),#174,.T.);
#2984=ADVANCED_FACE('',(#310),#2883,.F.);
#2985=ADVANCED_FACE('',(#311),#2884,.F.);
#2986=ADVANCED_FACE('',(#312),#2885,.F.);
#2987=ADVANCED_FACE('',(#313),#2886,.F.);
#2988=ADVANCED_FACE('',(#314),#175,.T.);
#2989=ADVANCED_FACE('',(#315),#176,.T.);
#2990=ADVANCED_FACE('',(#316),#177,.T.);
#2991=ADVANCED_FACE('',(#317),#178,.T.);
#2992=ADVANCED_FACE('',(#318),#179,.T.);
#2993=ADVANCED_FACE('',(#319),#180,.T.);
#2994=ADVANCED_FACE('',(#320),#181,.T.);
#2995=ADVANCED_FACE('',(#321),#182,.T.);
#2996=ADVANCED_FACE('',(#322),#183,.T.);
#2997=ADVANCED_FACE('',(#323),#184,.T.);
#2998=ADVANCED_FACE('',(#324),#185,.T.);
#2999=ADVANCED_FACE('',(#325),#186,.T.);
#3000=ADVANCED_FACE('',(#326),#187,.T.);
#3001=ADVANCED_FACE('',(#327),#188,.T.);
#3002=ADVANCED_FACE('',(#328),#189,.T.);
#3003=ADVANCED_FACE('',(#329),#190,.T.);
#3004=ADVANCED_FACE('',(#330),#191,.T.);
#3005=ADVANCED_FACE('',(#331),#192,.T.);
#3006=ADVANCED_FACE('',(#332),#193,.T.);
#3007=ADVANCED_FACE('',(#333),#194,.T.);
#3008=ADVANCED_FACE('',(#334),#195,.T.);
#3009=ADVANCED_FACE('',(#335),#196,.T.);
#3010=ADVANCED_FACE('',(#336),#197,.T.);
#3011=ADVANCED_FACE('',(#337),#198,.T.);
#3012=ADVANCED_FACE('',(#338),#199,.T.);
#3013=ADVANCED_FACE('',(#339),#200,.T.);
#3014=ADVANCED_FACE('',(#340),#201,.T.);
#3015=ADVANCED_FACE('',(#341),#202,.T.);
#3016=ADVANCED_FACE('',(#342),#203,.T.);
#3017=ADVANCED_FACE('',(#343),#204,.T.);
#3018=ADVANCED_FACE('',(#344),#205,.T.);
#3019=ADVANCED_FACE('',(#345),#206,.T.);
#3020=ADVANCED_FACE('',(#346),#207,.F.);
#3021=ADVANCED_FACE('',(#347),#208,.F.);
#3022=ADVANCED_FACE('',(#348),#209,.T.);
#3023=ADVANCED_FACE('',(#349,#81,#82,#83,#84,#85,#86,#87,#88,#89,#90,#91,
#92),#210,.T.);
#3024=ADVANCED_FACE('',(#350),#211,.T.);
#3025=ADVANCED_FACE('',(#351,#93,#94,#95,#96,#97,#98,#99,#100,#101,#102,
#103,#104),#212,.T.);
#3026=CLOSED_SHELL('',(#2887,#2888,#2889,#2890,#2891,#2892,#2893,#2894,
#2895,#2896,#2897,#2898,#2899,#2900,#2901,#2902,#2903,#2904,#2905,#2906,
#2907,#2908,#2909,#2910,#2911,#2912,#2913,#2914,#2915,#2916,#2917,#2918,
#2919,#2920,#2921,#2922,#2923,#2924,#2925,#2926,#2927,#2928,#2929,#2930,
#2931,#2932,#2933,#2934,#2935,#2936,#2937,#2938,#2939,#2940,#2941,#2942,
#2943,#2944,#2945,#2946,#2947,#2948,#2949,#2950,#2951,#2952,#2953,#2954,
#2955,#2956,#2957,#2958,#2959,#2960,#2961,#2962,#2963,#2964,#2965,#2966,
#2967,#2968,#2969,#2970,#2971,#2972,#2973,#2974,#2975,#2976,#2977,#2978,
#2979,#2980,#2981,#2982,#2983));
#3027=CLOSED_SHELL('',(#2984,#2985,#2986,#2987,#2988,#2989,#2990,#2991,
#2992,#2993,#2994,#2995,#2996,#2997,#2998,#2999,#3000,#3001,#3002,#3003,
#3004,#3005,#3006,#3007,#3008,#3009,#3010,#3011,#3012,#3013,#3014,#3015,
#3016,#3017,#3018,#3019,#3020,#3021,#3022,#3023,#3024,#3025));
#3028=DERIVED_UNIT_ELEMENT(#3030,1.);
#3029=DERIVED_UNIT_ELEMENT(#4829,-3.);
#3030=(
MASS_UNIT()
NAMED_UNIT(*)
SI_UNIT(.KILO.,.GRAM.)
);
#3031=DERIVED_UNIT((#3028,#3029));
#3032=MEASURE_REPRESENTATION_ITEM('density measure',
POSITIVE_RATIO_MEASURE(7850.),#3031);
#3033=PROPERTY_DEFINITION_REPRESENTATION(#3038,#3035);
#3034=PROPERTY_DEFINITION_REPRESENTATION(#3039,#3036);
#3035=REPRESENTATION('material name',(#3037),#4826);
#3036=REPRESENTATION('density',(#3032),#4826);
#3037=DESCRIPTIVE_REPRESENTATION_ITEM('Steel','Steel');
#3038=PROPERTY_DEFINITION('material property','material name',#4836);
#3039=PROPERTY_DEFINITION('material property','density of part',#4836);
#3040=AXIS2_PLACEMENT_3D('',#3997,#3242,#3243);
#3041=AXIS2_PLACEMENT_3D('',#3998,#3244,#3245);
#3042=AXIS2_PLACEMENT_3D('',#4000,#3246,#3247);
#3043=AXIS2_PLACEMENT_3D('',#4003,#3249,#3250);
#3044=AXIS2_PLACEMENT_3D('',#4004,#3251,#3252);
#3045=AXIS2_PLACEMENT_3D('',#4005,#3253,#3254);
#3046=AXIS2_PLACEMENT_3D('',#4007,#3255,#3256);
#3047=AXIS2_PLACEMENT_3D('',#4010,#3258,#3259);
#3048=AXIS2_PLACEMENT_3D('',#4011,#3260,#3261);
#3049=AXIS2_PLACEMENT_3D('',#4012,#3262,#3263);
#3050=AXIS2_PLACEMENT_3D('',#4014,#3264,#3265);
#3051=AXIS2_PLACEMENT_3D('',#4017,#3267,#3268);
#3052=AXIS2_PLACEMENT_3D('',#4018,#3269,#3270);
#3053=AXIS2_PLACEMENT_3D('',#4019,#3271,#3272);
#3054=AXIS2_PLACEMENT_3D('',#4021,#3273,#3274);
#3055=AXIS2_PLACEMENT_3D('',#4024,#3276,#3277);
#3056=AXIS2_PLACEMENT_3D('',#4025,#3278,#3279);
#3057=AXIS2_PLACEMENT_3D('',#4026,#3280,#3281);
#3058=AXIS2_PLACEMENT_3D('',#4063,#3300,#3301);
#3059=AXIS2_PLACEMENT_3D('',#4069,#3305,#3306);
#3060=AXIS2_PLACEMENT_3D('',#4073,#3309,#3310);
#3061=AXIS2_PLACEMENT_3D('',#4079,#3314,#3315);
#3062=AXIS2_PLACEMENT_3D('',#4083,#3318,#3319);
#3063=AXIS2_PLACEMENT_3D('',#4089,#3323,#3324);
#3064=AXIS2_PLACEMENT_3D('',#4093,#3327,#3328);
#3065=AXIS2_PLACEMENT_3D('',#4099,#3332,#3333);
#3066=AXIS2_PLACEMENT_3D('',#4103,#3336,#3337);
#3067=AXIS2_PLACEMENT_3D('',#4109,#3341,#3342);
#3068=AXIS2_PLACEMENT_3D('',#4119,#3350,#3351);
#3069=AXIS2_PLACEMENT_3D('',#4190,#3387,#3388);
#3070=AXIS2_PLACEMENT_3D('',#4192,#3389,#3390);
#3071=AXIS2_PLACEMENT_3D('',#4194,#3391,#3392);
#3072=AXIS2_PLACEMENT_3D('',#4196,#3393,#3394);
#3073=AXIS2_PLACEMENT_3D('',#4198,#3395,#3396);
#3074=AXIS2_PLACEMENT_3D('',#4200,#3397,#3398);
#3075=AXIS2_PLACEMENT_3D('',#4202,#3399,#3400);
#3076=AXIS2_PLACEMENT_3D('',#4204,#3401,#3402);
#3077=AXIS2_PLACEMENT_3D('',#4206,#3403,#3404);
#3078=AXIS2_PLACEMENT_3D('',#4208,#3405,#3406);
#3079=AXIS2_PLACEMENT_3D('',#4210,#3407,#3408);
#3080=AXIS2_PLACEMENT_3D('',#4212,#3409,#3410);
#3081=AXIS2_PLACEMENT_3D('',#4214,#3411,#3412);
#3082=AXIS2_PLACEMENT_3D('',#4216,#3413,#3414);
#3083=AXIS2_PLACEMENT_3D('',#4221,#3416,#3417);
#3084=AXIS2_PLACEMENT_3D('',#4224,#3419,#3420);
#3085=AXIS2_PLACEMENT_3D('',#4226,#3421,#3422);
#3086=AXIS2_PLACEMENT_3D('',#4228,#3423,#3424);
#3087=AXIS2_PLACEMENT_3D('',#4230,#3425,#3426);
#3088=AXIS2_PLACEMENT_3D('',#4231,#3427,#3428);
#3089=AXIS2_PLACEMENT_3D('',#4241,#3434,#3435);
#3090=AXIS2_PLACEMENT_3D('',#4242,#3436,#3437);
#3091=AXIS2_PLACEMENT_3D('',#4246,#3440,#3441);
#3092=AXIS2_PLACEMENT_3D('',#4254,#3446,#3447);
#3093=AXIS2_PLACEMENT_3D('',#4255,#3448,#3449);
#3094=AXIS2_PLACEMENT_3D('',#4292,#3468,#3469);
#3095=AXIS2_PLACEMENT_3D('',#4294,#3470,#3471);
#3096=AXIS2_PLACEMENT_3D('',#4296,#3472,#3473);
#3097=AXIS2_PLACEMENT_3D('',#4298,#3474,#3475);
#3098=AXIS2_PLACEMENT_3D('',#4300,#3476,#3477);
#3099=AXIS2_PLACEMENT_3D('',#4302,#3478,#3479);
#3100=AXIS2_PLACEMENT_3D('',#4304,#3480,#3481);
#3101=AXIS2_PLACEMENT_3D('',#4306,#3482,#3483);
#3102=AXIS2_PLACEMENT_3D('',#4308,#3484,#3485);
#3103=AXIS2_PLACEMENT_3D('',#4310,#3486,#3487);
#3104=AXIS2_PLACEMENT_3D('',#4312,#3488,#3489);
#3105=AXIS2_PLACEMENT_3D('',#4314,#3490,#3491);
#3106=AXIS2_PLACEMENT_3D('',#4316,#3492,#3493);
#3107=AXIS2_PLACEMENT_3D('',#4318,#3494,#3495);
#3108=AXIS2_PLACEMENT_3D('',#4323,#3497,#3498);
#3109=AXIS2_PLACEMENT_3D('',#4326,#3500,#3501);
#3110=AXIS2_PLACEMENT_3D('',#4328,#3502,#3503);
#3111=AXIS2_PLACEMENT_3D('',#4354,#3516,#3517);
#3112=AXIS2_PLACEMENT_3D('',#4356,#3518,#3519);
#3113=AXIS2_PLACEMENT_3D('',#4357,#3520,#3521);
#3114=AXIS2_PLACEMENT_3D('',#4378,#3534,#3535);
#3115=AXIS2_PLACEMENT_3D('',#4384,#3539,#3540);
#3116=AXIS2_PLACEMENT_3D('',#4388,#3543,#3544);
#3117=AXIS2_PLACEMENT_3D('',#4392,#3547,#3548);
#3118=AXIS2_PLACEMENT_3D('',#4394,#3550,#3551);
#3119=AXIS2_PLACEMENT_3D('',#4398,#3554,#3555);
#3120=AXIS2_PLACEMENT_3D('',#4400,#3557,#3558);
#3121=AXIS2_PLACEMENT_3D('',#4404,#3561,#3562);
#3122=AXIS2_PLACEMENT_3D('',#4406,#3564,#3565);
#3123=AXIS2_PLACEMENT_3D('',#4410,#3568,#3569);
#3124=AXIS2_PLACEMENT_3D('',#4413,#3572,#3573);
#3125=AXIS2_PLACEMENT_3D('',#4416,#3576,#3577);
#3126=AXIS2_PLACEMENT_3D('',#4418,#3579,#3580);
#3127=AXIS2_PLACEMENT_3D('',#4420,#3582,#3583);
#3128=AXIS2_PLACEMENT_3D('',#4421,#3584,#3585);
#3129=AXIS2_PLACEMENT_3D('',#4424,#3588,#3589);
#3130=AXIS2_PLACEMENT_3D('',#4426,#3591,#3592);
#3131=AXIS2_PLACEMENT_3D('',#4428,#3594,#3595);
#3132=AXIS2_PLACEMENT_3D('',#4429,#3596,#3597);
#3133=AXIS2_PLACEMENT_3D('',#4432,#3600,#3601);
#3134=AXIS2_PLACEMENT_3D('',#4434,#3603,#3604);
#3135=AXIS2_PLACEMENT_3D('',#4436,#3606,#3607);
#3136=AXIS2_PLACEMENT_3D('',#4437,#3608,#3609);
#3137=AXIS2_PLACEMENT_3D('',#4440,#3612,#3613);
#3138=AXIS2_PLACEMENT_3D('',#4442,#3615,#3616);
#3139=AXIS2_PLACEMENT_3D('',#4444,#3618,#3619);
#3140=AXIS2_PLACEMENT_3D('',#4445,#3620,#3621);
#3141=AXIS2_PLACEMENT_3D('',#4447,#3623,#3624);
#3142=AXIS2_PLACEMENT_3D('',#4449,#3626,#3627);
#3143=AXIS2_PLACEMENT_3D('',#4451,#3629,#3630);
#3144=AXIS2_PLACEMENT_3D('',#4453,#3632,#3633);
#3145=AXIS2_PLACEMENT_3D('',#4455,#3635,#3636);
#3146=AXIS2_PLACEMENT_3D('',#4457,#3638,#3639);
#3147=AXIS2_PLACEMENT_3D('',#4459,#3641,#3642);
#3148=AXIS2_PLACEMENT_3D('',#4461,#3644,#3645);
#3149=AXIS2_PLACEMENT_3D('',#4463,#3647,#3648);
#3150=AXIS2_PLACEMENT_3D('',#4465,#3650,#3651);
#3151=AXIS2_PLACEMENT_3D('',#4467,#3653,#3654);
#3152=AXIS2_PLACEMENT_3D('',#4469,#3656,#3657);
#3153=AXIS2_PLACEMENT_3D('',#4471,#3659,#3660);
#3154=AXIS2_PLACEMENT_3D('',#4473,#3662,#3663);
#3155=AXIS2_PLACEMENT_3D('',#4475,#3665,#3666);
#3156=AXIS2_PLACEMENT_3D('',#4477,#3668,#3669);
#3157=AXIS2_PLACEMENT_3D('',#4480,#3672,#3673);
#3158=AXIS2_PLACEMENT_3D('',#4482,#3675,#3676);
#3159=AXIS2_PLACEMENT_3D('',#4484,#3678,#3679);
#3160=AXIS2_PLACEMENT_3D('',#4485,#3680,#3681);
#3161=AXIS2_PLACEMENT_3D('',#4487,#3683,#3684);
#3162=AXIS2_PLACEMENT_3D('',#4493,#3688,#3689);
#3163=AXIS2_PLACEMENT_3D('',#4497,#3692,#3693);
#3164=AXIS2_PLACEMENT_3D('',#4501,#3696,#3697);
#3165=AXIS2_PLACEMENT_3D('',#4505,#3700,#3701);
#3166=AXIS2_PLACEMENT_3D('',#4509,#3704,#3705);
#3167=AXIS2_PLACEMENT_3D('',#4511,#3707,#3708);
#3168=AXIS2_PLACEMENT_3D('',#4513,#3709,#3710);
#3169=AXIS2_PLACEMENT_3D('',#4514,#3711,#3712);
#3170=AXIS2_PLACEMENT_3D('',#4520,#3716,#3717);
#3171=AXIS2_PLACEMENT_3D('',#4524,#3720,#3721);
#3172=AXIS2_PLACEMENT_3D('',#4528,#3724,#3725);
#3173=AXIS2_PLACEMENT_3D('',#4532,#3728,#3729);
#3174=AXIS2_PLACEMENT_3D('',#4536,#3732,#3733);
#3175=AXIS2_PLACEMENT_3D('',#4538,#3735,#3736);
#3176=AXIS2_PLACEMENT_3D('',#4540,#3737,#3738);
#3177=AXIS2_PLACEMENT_3D('',#4541,#3739,#3740);
#3178=AXIS2_PLACEMENT_3D('',#4544,#3742,#3743);
#3179=AXIS2_PLACEMENT_3D('',#4545,#3744,#3745);
#3180=AXIS2_PLACEMENT_3D('',#4548,#3747,#3748);
#3181=AXIS2_PLACEMENT_3D('',#4549,#3749,#3750);
#3182=AXIS2_PLACEMENT_3D('',#4559,#3756,#3757);
#3183=AXIS2_PLACEMENT_3D('',#4569,#3763,#3764);
#3184=AXIS2_PLACEMENT_3D('',#4571,#3766,#3767);
#3185=AXIS2_PLACEMENT_3D('',#4573,#3769,#3770);
#3186=AXIS2_PLACEMENT_3D('',#4574,#3771,#3772);
#3187=AXIS2_PLACEMENT_3D('',#4575,#3773,#3774);
#3188=AXIS2_PLACEMENT_3D('',#4576,#3775,#3776);
#3189=AXIS2_PLACEMENT_3D('',#4578,#3778,#3779);
#3190=AXIS2_PLACEMENT_3D('',#4579,#3780,#3781);
#3191=AXIS2_PLACEMENT_3D('',#4581,#3783,#3784);
#3192=AXIS2_PLACEMENT_3D('',#4582,#3785,#3786);
#3193=AXIS2_PLACEMENT_3D('',#4584,#3787,#3788);
#3194=AXIS2_PLACEMENT_3D('',#4587,#3790,#3791);
#3195=AXIS2_PLACEMENT_3D('',#4588,#3792,#3793);
#3196=AXIS2_PLACEMENT_3D('',#4590,#3794,#3795);
#3197=AXIS2_PLACEMENT_3D('',#4593,#3797,#3798);
#3198=AXIS2_PLACEMENT_3D('',#4594,#3799,#3800);
#3199=AXIS2_PLACEMENT_3D('',#4596,#3801,#3802);
#3200=AXIS2_PLACEMENT_3D('',#4599,#3804,#3805);
#3201=AXIS2_PLACEMENT_3D('',#4600,#3806,#3807);
#3202=AXIS2_PLACEMENT_3D('',#4602,#3808,#3809);
#3203=AXIS2_PLACEMENT_3D('',#4605,#3811,#3812);
#3204=AXIS2_PLACEMENT_3D('',#4606,#3813,#3814);
#3205=AXIS2_PLACEMENT_3D('',#4615,#3819,#3820);
#3206=AXIS2_PLACEMENT_3D('',#4621,#3824,#3825);
#3207=AXIS2_PLACEMENT_3D('',#4630,#3830,#3831);
#3208=AXIS2_PLACEMENT_3D('',#4636,#3835,#3836);
#3209=AXIS2_PLACEMENT_3D('',#4645,#3841,#3842);
#3210=AXIS2_PLACEMENT_3D('',#4651,#3846,#3847);
#3211=AXIS2_PLACEMENT_3D('',#4660,#3852,#3853);
#3212=AXIS2_PLACEMENT_3D('',#4666,#3857,#3858);
#3213=AXIS2_PLACEMENT_3D('',#4675,#3863,#3864);
#3214=AXIS2_PLACEMENT_3D('',#4681,#3868,#3869);
#3215=AXIS2_PLACEMENT_3D('',#4690,#3874,#3875);
#3216=AXIS2_PLACEMENT_3D('',#4696,#3879,#3880);
#3217=AXIS2_PLACEMENT_3D('',#4705,#3885,#3886);
#3218=AXIS2_PLACEMENT_3D('',#4711,#3890,#3891);
#3219=AXIS2_PLACEMENT_3D('',#4720,#3896,#3897);
#3220=AXIS2_PLACEMENT_3D('',#4726,#3901,#3902);
#3221=AXIS2_PLACEMENT_3D('',#4732,#3906,#3907);
#3222=AXIS2_PLACEMENT_3D('',#4735,#3910,#3911);
#3223=AXIS2_PLACEMENT_3D('',#4741,#3915,#3916);
#3224=AXIS2_PLACEMENT_3D('',#4744,#3919,#3920);
#3225=AXIS2_PLACEMENT_3D('',#4750,#3924,#3925);
#3226=AXIS2_PLACEMENT_3D('',#4753,#3928,#3929);
#3227=AXIS2_PLACEMENT_3D('',#4759,#3933,#3934);
#3228=AXIS2_PLACEMENT_3D('',#4762,#3937,#3938);
#3229=AXIS2_PLACEMENT_3D('',#4768,#3942,#3943);
#3230=AXIS2_PLACEMENT_3D('',#4771,#3946,#3947);
#3231=AXIS2_PLACEMENT_3D('',#4777,#3951,#3952);
#3232=AXIS2_PLACEMENT_3D('',#4780,#3955,#3956);
#3233=AXIS2_PLACEMENT_3D('',#4786,#3960,#3961);
#3234=AXIS2_PLACEMENT_3D('',#4789,#3964,#3965);
#3235=AXIS2_PLACEMENT_3D('',#4795,#3969,#3970);
#3236=AXIS2_PLACEMENT_3D('',#4798,#3973,#3974);
#3237=AXIS2_PLACEMENT_3D('',#4807,#3979,#3980);
#3238=AXIS2_PLACEMENT_3D('',#4816,#3985,#3986);
#3239=AXIS2_PLACEMENT_3D('',#4819,#3989,#3990);
#3240=AXIS2_PLACEMENT_3D('',#4821,#3992,#3993);
#3241=AXIS2_PLACEMENT_3D('',#4823,#3995,#3996);
#3242=DIRECTION('axis',(0.,0.,1.));
#3243=DIRECTION('refdir',(1.,0.,0.));
#3244=DIRECTION('center_axis',(0.,0.,-1.));
#3245=DIRECTION('ref_axis',(-1.,0.,0.));
#3246=DIRECTION('center_axis',(0.,0.,-1.));
#3247=DIRECTION('ref_axis',(-1.,0.,0.));
#3248=DIRECTION('',(0.,0.,-1.));
#3249=DIRECTION('center_axis',(0.,0.,-1.));
#3250=DIRECTION('ref_axis',(-1.,0.,0.));
#3251=DIRECTION('center_axis',(0.,0.,1.));
#3252=DIRECTION('ref_axis',(-1.,0.,0.));
#3253=DIRECTION('center_axis',(0.,0.,-1.));
#3254=DIRECTION('ref_axis',(-1.,0.,0.));
#3255=DIRECTION('center_axis',(0.,0.,-1.));
#3256=DIRECTION('ref_axis',(-1.,0.,0.));
#3257=DIRECTION('',(0.,0.,-1.));
#3258=DIRECTION('center_axis',(0.,0.,-1.));
#3259=DIRECTION('ref_axis',(-1.,0.,0.));
#3260=DIRECTION('center_axis',(0.,0.,1.));
#3261=DIRECTION('ref_axis',(-1.,0.,0.));
#3262=DIRECTION('center_axis',(0.,0.,-1.));
#3263=DIRECTION('ref_axis',(-1.,0.,0.));
#3264=DIRECTION('center_axis',(0.,0.,-1.));
#3265=DIRECTION('ref_axis',(-1.,0.,0.));
#3266=DIRECTION('',(0.,0.,-1.));
#3267=DIRECTION('center_axis',(0.,0.,-1.));
#3268=DIRECTION('ref_axis',(-1.,0.,0.));
#3269=DIRECTION('center_axis',(0.,0.,1.));
#3270=DIRECTION('ref_axis',(-1.,0.,0.));
#3271=DIRECTION('center_axis',(0.,0.,-1.));
#3272=DIRECTION('ref_axis',(-1.,0.,0.));
#3273=DIRECTION('center_axis',(0.,0.,-1.));
#3274=DIRECTION('ref_axis',(-1.,0.,0.));
#3275=DIRECTION('',(0.,0.,-1.));
#3276=DIRECTION('center_axis',(0.,0.,-1.));
#3277=DIRECTION('ref_axis',(-1.,0.,0.));
#3278=DIRECTION('center_axis',(0.,0.,1.));
#3279=DIRECTION('ref_axis',(-1.,0.,0.));
#3280=DIRECTION('center_axis',(1.,0.,0.));
#3281=DIRECTION('ref_axis',(0.,0.,-1.));
#3282=DIRECTION('',(0.,-1.,0.));
#3283=DIRECTION('',(0.,0.,1.));
#3284=DIRECTION('',(0.,0.806404995855706,-0.591363663627517));
#3285=DIRECTION('',(0.,-1.,0.));
#3286=DIRECTION('',(0.,0.,-1.));
#3287=DIRECTION('',(0.,-0.806404995855706,0.591363663627517));
#3288=DIRECTION('',(0.,1.,0.));
#3289=DIRECTION('',(0.,-1.,0.));
#3290=DIRECTION('',(0.,0.,1.));
#3291=DIRECTION('',(0.,-1.,0.));
#3292=DIRECTION('',(0.,0.,-1.));
#3293=DIRECTION('',(0.,-1.,0.));
#3294=DIRECTION('',(0.,1.,0.));
#3295=DIRECTION('',(0.,-0.806404995855706,-0.591363663627517));
#3296=DIRECTION('',(0.,0.,1.));
#3297=DIRECTION('',(0.,-1.,0.));
#3298=DIRECTION('',(0.,0.806404995855706,0.591363663627517));
#3299=DIRECTION('',(0.,0.,-1.));
#3300=DIRECTION('center_axis',(0.,0.591363663627517,0.806404995855706));
#3301=DIRECTION('ref_axis',(0.,0.806404995855706,-0.591363663627517));
#3302=DIRECTION('',(1.,0.,0.));
#3303=DIRECTION('',(0.,0.806404995855706,-0.591363663627517));
#3304=DIRECTION('',(-1.,0.,0.));
#3305=DIRECTION('center_axis',(0.,0.,-1.));
#3306=DIRECTION('ref_axis',(0.,-1.,0.));
#3307=DIRECTION('',(0.,-1.,0.));
#3308=DIRECTION('',(1.,0.,0.));
#3309=DIRECTION('center_axis',(0.,0.,-1.));
#3310=DIRECTION('ref_axis',(0.,-1.,0.));
#3311=DIRECTION('',(1.,0.,0.));
#3312=DIRECTION('',(0.,-1.,0.));
#3313=DIRECTION('',(-1.,0.,0.));
#3314=DIRECTION('center_axis',(0.,-0.591363663627517,0.806404995855706));
#3315=DIRECTION('ref_axis',(0.,0.806404995855706,0.591363663627517));
#3316=DIRECTION('',(0.,0.806404995855706,0.591363663627517));
#3317=DIRECTION('',(-1.,0.,0.));
#3318=DIRECTION('center_axis',(0.,1.,0.));
#3319=DIRECTION('ref_axis',(0.,0.,-1.));
#3320=DIRECTION('',(1.,0.,0.));
#3321=DIRECTION('',(0.,0.,-1.));
#3322=DIRECTION('',(-1.,0.,0.));
#3323=DIRECTION('center_axis',(0.,-0.591363663627517,-0.806404995855706));
#3324=DIRECTION('ref_axis',(0.,-0.806404995855706,0.591363663627517));
#3325=DIRECTION('',(0.,-0.806404995855706,0.591363663627517));
#3326=DIRECTION('',(-1.,0.,0.));
#3327=DIRECTION('center_axis',(0.,0.591363663627517,-0.806404995855706));
#3328=DIRECTION('ref_axis',(0.,-0.806404995855706,-0.591363663627517));
#3329=DIRECTION('',(1.,0.,0.));
#3330=DIRECTION('',(0.,-0.806404995855706,-0.591363663627517));
#3331=DIRECTION('',(-1.,0.,0.));
#3332=DIRECTION('center_axis',(0.,-1.,0.));
#3333=DIRECTION('ref_axis',(0.,0.,1.));
#3334=DIRECTION('',(0.,0.,1.));
#3335=DIRECTION('',(-1.,0.,0.));
#3336=DIRECTION('center_axis',(0.,0.,1.));
#3337=DIRECTION('ref_axis',(0.,1.,0.));
#3338=DIRECTION('',(-1.,0.,0.));
#3339=DIRECTION('',(0.,1.,0.));
#3340=DIRECTION('',(-1.,0.,0.));
#3341=DIRECTION('center_axis',(-1.,0.,0.));
#3342=DIRECTION('ref_axis',(0.,0.,1.));
#3343=DIRECTION('',(0.,0.,1.));
#3344=DIRECTION('',(0.,0.,-1.));
#3345=DIRECTION('',(0.,-1.,0.));
#3346=DIRECTION('',(0.,1.,0.));
#3347=DIRECTION('',(0.,1.,0.));
#3348=DIRECTION('',(0.,0.,-1.));
#3349=DIRECTION('',(0.,0.,1.));
#3350=DIRECTION('center_axis',(0.,0.,1.));
#3351=DIRECTION('ref_axis',(0.,-1.,0.));
#3352=DIRECTION('',(1.,0.,0.));
#3353=DIRECTION('',(0.,1.,0.));
#3354=DIRECTION('',(-1.,0.,0.));
#3355=DIRECTION('',(0.,-1.,0.));
#3356=DIRECTION('',(1.,0.,0.));
#3357=DIRECTION('',(0.,-1.,0.));
#3358=DIRECTION('',(1.,0.,0.));
#3359=DIRECTION('',(0.,-1.,0.));
#3360=DIRECTION('',(1.,0.,0.));
#3361=DIRECTION('',(0.,-1.,0.));
#3362=DIRECTION('',(1.,0.,0.));
#3363=DIRECTION('',(0.,-1.,0.));
#3364=DIRECTION('',(1.,0.,0.));
#3365=DIRECTION('',(0.,-1.,0.));
#3366=DIRECTION('',(1.,0.,0.));
#3367=DIRECTION('',(0.,-1.,0.));
#3368=DIRECTION('',(-1.,0.,0.));
#3369=DIRECTION('',(0.,1.,0.));
#3370=DIRECTION('',(1.,0.,0.));
#3371=DIRECTION('',(3.55271367880049E-15,-1.,0.));
#3372=DIRECTION('',(-1.,3.7007433878445E-15,0.));
#3373=DIRECTION('',(-3.55271355417267E-15,1.,0.));
#3374=DIRECTION('',(1.,-3.70074341541719E-16,0.));
#3375=DIRECTION('',(-1.,3.7007433878445E-15,0.));
#3376=DIRECTION('',(3.55271367880049E-15,1.,0.));
#3377=DIRECTION('',(1.,-3.70074341541719E-16,0.));
#3378=DIRECTION('',(-3.55271380342832E-15,-1.,0.));
#3379=DIRECTION('',(-1.,2.77555754088338E-16,0.));
#3380=DIRECTION('',(-1.24627821893241E-22,1.,0.));
#3381=DIRECTION('',(1.,3.08395282320375E-17,0.));
#3382=DIRECTION('',(0.,-1.,0.));
#3383=DIRECTION('',(-1.31171700345664E-38,1.,0.));
#3384=DIRECTION('',(1.,0.,0.));
#3385=DIRECTION('',(1.24627821893241E-22,-1.,0.));
#3386=DIRECTION('',(-1.,0.,0.));
#3387=DIRECTION('center_axis',(0.,0.,-1.));
#3388=DIRECTION('ref_axis',(1.,0.,0.));
#3389=DIRECTION('center_axis',(0.,0.,-1.));
#3390=DIRECTION('ref_axis',(1.,0.,0.));
#3391=DIRECTION('center_axis',(0.,0.,-1.));
#3392=DIRECTION('ref_axis',(1.,0.,0.));
#3393=DIRECTION('center_axis',(0.,0.,-1.));
#3394=DIRECTION('ref_axis',(1.,0.,0.));
#3395=DIRECTION('center_axis',(0.,0.,-1.));
#3396=DIRECTION('ref_axis',(1.,0.,0.));
#3397=DIRECTION('center_axis',(0.,0.,-1.));
#3398=DIRECTION('ref_axis',(1.,0.,0.));
#3399=DIRECTION('center_axis',(0.,0.,-1.));
#3400=DIRECTION('ref_axis',(1.,0.,0.));
#3401=DIRECTION('center_axis',(0.,0.,-1.));
#3402=DIRECTION('ref_axis',(1.,0.,0.));
#3403=DIRECTION('center_axis',(0.,0.,-1.));
#3404=DIRECTION('ref_axis',(1.,0.,0.));
#3405=DIRECTION('center_axis',(0.,0.,-1.));
#3406=DIRECTION('ref_axis',(1.,0.,0.));
#3407=DIRECTION('center_axis',(0.,0.,-1.));
#3408=DIRECTION('ref_axis',(1.,0.,0.));
#3409=DIRECTION('center_axis',(0.,0.,-1.));
#3410=DIRECTION('ref_axis',(1.,0.,0.));
#3411=DIRECTION('center_axis',(0.,0.,-1.));
#3412=DIRECTION('ref_axis',(1.,0.,0.));
#3413=DIRECTION('center_axis',(0.,0.,-1.));
#3414=DIRECTION('ref_axis',(1.,0.,0.));
#3415=DIRECTION('',(-1.,0.,0.));
#3416=DIRECTION('center_axis',(0.,0.,1.));
#3417=DIRECTION('ref_axis',(-0.707106781186547,0.707106781186548,0.));
#3418=DIRECTION('',(1.,0.,0.));
#3419=DIRECTION('center_axis',(0.,0.,1.));
#3420=DIRECTION('ref_axis',(0.707106781186548,-0.707106781186547,0.));
#3421=DIRECTION('center_axis',(0.,0.,-1.));
#3422=DIRECTION('ref_axis',(1.,0.,0.));
#3423=DIRECTION('center_axis',(0.,0.,-1.));
#3424=DIRECTION('ref_axis',(1.,0.,0.));
#3425=DIRECTION('center_axis',(0.,0.,-1.));
#3426=DIRECTION('ref_axis',(1.,0.,0.));
#3427=DIRECTION('center_axis',(0.,1.,0.));
#3428=DIRECTION('ref_axis',(0.,0.,1.));
#3429=DIRECTION('',(1.,0.,0.));
#3430=DIRECTION('',(1.,0.,0.));
#3431=DIRECTION('',(0.,0.,1.));
#3432=DIRECTION('',(1.,0.,0.));
#3433=DIRECTION('',(0.,0.,1.));
#3434=DIRECTION('center_axis',(0.,-1.,0.));
#3435=DIRECTION('ref_axis',(1.,0.,0.));
#3436=DIRECTION('center_axis',(0.,0.,1.));
#3437=DIRECTION('ref_axis',(0.,-1.,0.));
#3438=DIRECTION('',(1.,0.,0.));
#3439=DIRECTION('',(0.,-1.,0.));
#3440=DIRECTION('center_axis',(0.,-1.,0.));
#3441=DIRECTION('ref_axis',(0.,0.,-1.));
#3442=DIRECTION('',(1.,0.,0.));
#3443=DIRECTION('',(0.,0.,-1.));
#3444=DIRECTION('',(1.,0.,0.));
#3445=DIRECTION('',(0.,0.,-1.));
#3446=DIRECTION('center_axis',(0.,1.,0.));
#3447=DIRECTION('ref_axis',(1.,0.,0.));
#3448=DIRECTION('center_axis',(0.,5.20417042793042E-17,-1.));
#3449=DIRECTION('ref_axis',(0.,1.,5.20417042793042E-17));
#3450=DIRECTION('',(1.,0.,0.));
#3451=DIRECTION('',(0.,1.,0.));
#3452=DIRECTION('',(-3.55271367880055E-15,1.,5.20417042793042E-17));
#3453=DIRECTION('',(-1.,3.70074341541719E-16,1.92592994438724E-32));
#3454=DIRECTION('',(3.55271355417273E-15,-1.,-5.20417042793042E-17));
#3455=DIRECTION('',(1.,-3.7007433878445E-15,-1.92592993003794E-31));
#3456=DIRECTION('',(1.,-3.7007433878445E-15,-1.92592993003794E-31));
#3457=DIRECTION('',(3.55271380342826E-15,1.,5.20417042793042E-17));
#3458=DIRECTION('',(-1.,3.70074341541719E-16,1.92592994438724E-32));
#3459=DIRECTION('',(-3.55271367880044E-15,-1.,-5.20417042793042E-17));
#3460=DIRECTION('',(1.,-2.77555754088338E-16,-1.44444744752846E-32));
#3461=DIRECTION('',(-5.28167027948756E-29,1.,5.20417042793042E-17));
#3462=DIRECTION('',(-1.,-3.08395282320375E-17,-1.60494160836495E-33));
#3463=DIRECTION('',(1.24627874709944E-22,-1.,-5.20417042793042E-17));
#3464=DIRECTION('',(5.28167028079927E-29,-1.,-5.20417042793042E-17));
#3465=DIRECTION('',(1.,0.,0.));
#3466=DIRECTION('',(-1.24627874709944E-22,1.,5.20417042793042E-17));
#3467=DIRECTION('',(-1.,0.,0.));
#3468=DIRECTION('center_axis',(0.,-5.20417042793042E-17,1.));
#3469=DIRECTION('ref_axis',(1.,0.,0.));
#3470=DIRECTION('center_axis',(0.,-5.20417042793042E-17,1.));
#3471=DIRECTION('ref_axis',(1.,0.,0.));
#3472=DIRECTION('center_axis',(0.,-5.20417042793042E-17,1.));
#3473=DIRECTION('ref_axis',(1.,0.,0.));
#3474=DIRECTION('center_axis',(0.,-5.20417042793042E-17,1.));
#3475=DIRECTION('ref_axis',(1.,0.,0.));
#3476=DIRECTION('center_axis',(0.,-5.20417042793042E-17,1.));
#3477=DIRECTION('ref_axis',(1.,0.,0.));
#3478=DIRECTION('center_axis',(0.,-5.20417042793042E-17,1.));
#3479=DIRECTION('ref_axis',(1.,0.,0.));
#3480=DIRECTION('center_axis',(0.,-5.20417042793042E-17,1.));
#3481=DIRECTION('ref_axis',(1.,0.,0.));
#3482=DIRECTION('center_axis',(0.,-5.20417042793042E-17,1.));
#3483=DIRECTION('ref_axis',(1.,0.,0.));
#3484=DIRECTION('center_axis',(0.,-5.20417042793042E-17,1.));
#3485=DIRECTION('ref_axis',(1.,0.,0.));
#3486=DIRECTION('center_axis',(0.,-5.20417042793042E-17,1.));
#3487=DIRECTION('ref_axis',(1.,0.,0.));
#3488=DIRECTION('center_axis',(0.,-5.20417042793042E-17,1.));
#3489=DIRECTION('ref_axis',(1.,0.,0.));
#3490=DIRECTION('center_axis',(0.,-5.20417042793042E-17,1.));
#3491=DIRECTION('ref_axis',(1.,0.,0.));
#3492=DIRECTION('center_axis',(0.,-5.20417042793042E-17,1.));
#3493=DIRECTION('ref_axis',(1.,0.,0.));
#3494=DIRECTION('center_axis',(0.,-5.20417042793042E-17,1.));
#3495=DIRECTION('ref_axis',(1.,0.,0.));
#3496=DIRECTION('',(1.,0.,0.));
#3497=DIRECTION('center_axis',(0.,5.20417042793042E-17,-1.));
#3498=DIRECTION('ref_axis',(0.707106781186547,0.707106781186548,0.));
#3499=DIRECTION('',(-1.,0.,0.));
#3500=DIRECTION('center_axis',(0.,5.20417042793042E-17,-1.));
#3501=DIRECTION('ref_axis',(-0.707106781186547,-0.707106781186548,0.));
#3502=DIRECTION('center_axis',(0.,-5.20417042793042E-17,1.));
#3503=DIRECTION('ref_axis',(1.,0.,0.));
#3504=DIRECTION('',(-0.501515369788851,0.865148735111803,4.50238146303025E-17));
#3505=DIRECTION('',(-0.999998467553221,-0.00175068306959455,-9.11085305946241E-20));
#3506=DIRECTION('',(-0.498483097764362,-0.866899418181397,-4.51149231608972E-17));
#3507=DIRECTION('',(0.501515369788854,-0.865148735111801,-4.50238146303024E-17));
#3508=DIRECTION('',(0.999998467553221,0.00175068306959455,9.11085305946241E-20));
#3509=DIRECTION('',(0.498483097764366,0.866899418181395,4.5114923160897E-17));
#3510=DIRECTION('',(-0.501515369788852,-0.865148735111802,-4.50238146303025E-17));
#3511=DIRECTION('',(0.498483097764368,-0.866899418181394,-4.5114923160897E-17));
#3512=DIRECTION('',(0.999998467553221,-0.0017506830695902,-9.11085305943975E-20));
#3513=DIRECTION('',(0.501515369788853,0.865148735111802,4.50238146303025E-17));
#3514=DIRECTION('',(-0.498483097764367,0.866899418181395,4.5114923160897E-17));
#3515=DIRECTION('',(-0.999998467553221,0.00175068306961184,9.11085305955237E-20));
#3516=DIRECTION('center_axis',(0.,-5.20417042793042E-17,1.));
#3517=DIRECTION('ref_axis',(1.,0.,0.));
#3518=DIRECTION('center_axis',(0.,-5.20417042793042E-17,1.));
#3519=DIRECTION('ref_axis',(1.,0.,0.));
#3520=DIRECTION('center_axis',(1.,0.,0.));
#3521=DIRECTION('ref_axis',(0.,1.,0.));
#3522=DIRECTION('',(0.,-0.806404995855706,-0.591363663627517));
#3523=DIRECTION('',(0.,1.,0.));
#3524=DIRECTION('',(0.,-1.,0.));
#3525=DIRECTION('',(0.,0.,1.));
#3526=DIRECTION('',(0.,-1.,0.));
#3527=DIRECTION('',(0.,1.,0.));
#3528=DIRECTION('',(0.,-0.806404995855706,0.591363663627517));
#3529=DIRECTION('',(0.,0.,-1.));
#3530=DIRECTION('',(0.,0.806404995855706,-0.591363663627517));
#3531=DIRECTION('',(0.,0.,1.));
#3532=DIRECTION('',(0.,0.,-1.));
#3533=DIRECTION('',(0.,0.806404995855706,0.591363663627517));
#3534=DIRECTION('center_axis',(0.,0.,-1.));
#3535=DIRECTION('ref_axis',(0.,1.,0.));
#3536=DIRECTION('',(1.,0.,0.));
#3537=DIRECTION('',(0.,1.,0.));
#3538=DIRECTION('',(1.,0.,0.));
#3539=DIRECTION('center_axis',(0.,0.591363663627517,0.806404995855706));
#3540=DIRECTION('ref_axis',(0.,-0.806404995855706,0.591363663627517));
#3541=DIRECTION('',(0.,-0.806404995855706,0.591363663627517));
#3542=DIRECTION('',(1.,0.,0.));
#3543=DIRECTION('center_axis',(0.,-0.591363663627517,0.806404995855706));
#3544=DIRECTION('ref_axis',(0.,-0.806404995855706,-0.591363663627517));
#3545=DIRECTION('',(0.,-0.806404995855706,-0.591363663627517));
#3546=DIRECTION('',(1.,0.,0.));
#3547=DIRECTION('center_axis',(0.,0.,-1.));
#3548=DIRECTION('ref_axis',(0.,1.,0.));
#3549=DIRECTION('',(0.,1.,0.));
#3550=DIRECTION('center_axis',(0.,-0.591363663627517,-0.806404995855706));
#3551=DIRECTION('ref_axis',(0.,0.806404995855706,-0.591363663627517));
#3552=DIRECTION('',(0.,0.806404995855706,-0.591363663627517));
#3553=DIRECTION('',(1.,0.,0.));
#3554=DIRECTION('center_axis',(0.,1.,0.));
#3555=DIRECTION('ref_axis',(0.,0.,1.));
#3556=DIRECTION('',(0.,0.,1.));
#3557=DIRECTION('center_axis',(0.,-1.,0.));
#3558=DIRECTION('ref_axis',(0.,0.,-1.));
#3559=DIRECTION('',(0.,0.,-1.));
#3560=DIRECTION('',(1.,0.,0.));
#3561=DIRECTION('center_axis',(0.,0.591363663627517,-0.806404995855706));
#3562=DIRECTION('ref_axis',(0.,0.806404995855706,0.591363663627517));
#3563=DIRECTION('',(0.,0.806404995855706,0.591363663627517));
#3564=DIRECTION('center_axis',(0.,0.,1.));
#3565=DIRECTION('ref_axis',(0.,-1.,0.));
#3566=DIRECTION('',(0.,-1.,0.));
#3567=DIRECTION('',(1.,0.,0.));
#3568=DIRECTION('center_axis',(1.,0.,0.));
#3569=DIRECTION('ref_axis',(0.,0.,-1.));
#3570=DIRECTION('',(0.,0.,1.));
#3571=DIRECTION('',(0.,0.,-1.));
#3572=DIRECTION('center_axis',(-1.,-3.55271355417267E-15,-1.01489187424401E-12));
#3573=DIRECTION('ref_axis',(-3.55271367880049E-15,1.,1.22799112945973E-10));
#3574=DIRECTION('',(1.01489187424401E-12,0.,-1.));
#3575=DIRECTION('',(1.01489187424401E-12,0.,-1.));
#3576=DIRECTION('center_axis',(-3.7007433878445E-15,-1.,-3.75585439298563E-27));
#3577=DIRECTION('ref_axis',(-1.,3.7007433878445E-15,0.));
#3578=DIRECTION('',(1.01489187424401E-12,0.,-1.));
#3579=DIRECTION('center_axis',(1.,3.55271367880049E-15,1.01489187424401E-12));
#3580=DIRECTION('ref_axis',(3.55271367880049E-15,-1.,0.));
#3581=DIRECTION('',(1.01489187424401E-12,0.,-1.));
#3582=DIRECTION('center_axis',(3.70074341541719E-16,1.,3.75585442096893E-28));
#3583=DIRECTION('ref_axis',(1.,-3.70074341541719E-16,1.01481693959231E-12));
#3584=DIRECTION('center_axis',(3.70074341541719E-16,1.,3.75585442096893E-28));
#3585=DIRECTION('ref_axis',(1.,-3.70074341541719E-16,1.01481693959231E-12));
#3586=DIRECTION('',(1.01489187424401E-12,0.,-1.));
#3587=DIRECTION('',(1.01489187424401E-12,0.,-1.));
#3588=DIRECTION('center_axis',(-1.,3.55271367880049E-15,-1.01489187424401E-12));
#3589=DIRECTION('ref_axis',(3.55271367880049E-15,1.,0.));
#3590=DIRECTION('',(1.01489187424401E-12,0.,-1.));
#3591=DIRECTION('center_axis',(-3.7007433878445E-15,-1.,-3.75585439298563E-27));
#3592=DIRECTION('ref_axis',(-1.,3.7007433878445E-15,0.));
#3593=DIRECTION('',(1.01489187424401E-12,0.,-1.));
#3594=DIRECTION('center_axis',(1.,-3.55271380342832E-15,1.01489187424401E-12));
#3595=DIRECTION('ref_axis',(-3.55271367880049E-15,-1.,-1.22799112945973E-10));
#3596=DIRECTION('center_axis',(-3.08395282320375E-17,1.,-3.12987866082136E-29));
#3597=DIRECTION('ref_axis',(1.,3.08395282320375E-17,0.));
#3598=DIRECTION('',(1.01489187424401E-12,0.,-1.));
#3599=DIRECTION('',(1.01489187424401E-12,0.,-1.));
#3600=DIRECTION('center_axis',(-1.,-1.24627821893241E-22,-1.01489187424401E-12));
#3601=DIRECTION('ref_axis',(0.,1.,-1.22799112945973E-10));
#3602=DIRECTION('',(1.01489187424401E-12,0.,-1.));
#3603=DIRECTION('center_axis',(-2.77555754088338E-16,-1.,-2.81689079473923E-28));
#3604=DIRECTION('ref_axis',(-1.,2.77555754088338E-16,-1.62432691214264E-12));
#3605=DIRECTION('',(1.01489187424401E-12,0.,-1.));
#3606=DIRECTION('center_axis',(1.,0.,1.01489187424401E-12));
#3607=DIRECTION('ref_axis',(0.,-1.,0.));
#3608=DIRECTION('center_axis',(1.,1.24627821893241E-22,1.01489187424401E-12));
#3609=DIRECTION('ref_axis',(0.,-1.,1.22799112945973E-10));
#3610=DIRECTION('',(1.01489187424401E-12,0.,-1.));
#3611=DIRECTION('',(1.01489187424401E-12,0.,-1.));
#3612=DIRECTION('center_axis',(0.,1.,0.));
#3613=DIRECTION('ref_axis',(1.,0.,6.46234853557053E-27));
#3614=DIRECTION('',(1.01489187424401E-12,0.,-1.));
#3615=DIRECTION('center_axis',(-1.,-1.31171700345664E-38,-1.01489187424401E-12));
#3616=DIRECTION('ref_axis',(0.,1.,-1.29246970711411E-26));
#3617=DIRECTION('',(1.01489187424401E-12,0.,-1.));
#3618=DIRECTION('center_axis',(0.,-1.,0.));
#3619=DIRECTION('ref_axis',(-1.,0.,-6.13995564729867E-11));
#3620=DIRECTION('center_axis',(0.,0.,-1.));
#3621=DIRECTION('ref_axis',(1.,0.,0.));
#3622=DIRECTION('',(0.,0.,-1.));
#3623=DIRECTION('center_axis',(0.,0.,-1.));
#3624=DIRECTION('ref_axis',(1.,0.,0.));
#3625=DIRECTION('',(0.,0.,-1.));
#3626=DIRECTION('center_axis',(0.,0.,-1.));
#3627=DIRECTION('ref_axis',(1.,0.,0.));
#3628=DIRECTION('',(0.,0.,-1.));
#3629=DIRECTION('center_axis',(0.,0.,-1.));
#3630=DIRECTION('ref_axis',(1.,0.,0.));
#3631=DIRECTION('',(0.,0.,-1.));
#3632=DIRECTION('center_axis',(0.,0.,-1.));
#3633=DIRECTION('ref_axis',(1.,0.,0.));
#3634=DIRECTION('',(0.,0.,-1.));
#3635=DIRECTION('center_axis',(0.,0.,-1.));
#3636=DIRECTION('ref_axis',(1.,0.,0.));
#3637=DIRECTION('',(0.,0.,-1.));
#3638=DIRECTION('center_axis',(0.,0.,-1.));
#3639=DIRECTION('ref_axis',(1.,0.,0.));
#3640=DIRECTION('',(0.,0.,-1.));
#3641=DIRECTION('center_axis',(0.,0.,-1.));
#3642=DIRECTION('ref_axis',(1.,0.,0.));
#3643=DIRECTION('',(0.,0.,-1.));
#3644=DIRECTION('center_axis',(0.,0.,-1.));
#3645=DIRECTION('ref_axis',(1.,0.,0.));
#3646=DIRECTION('',(0.,0.,-1.));
#3647=DIRECTION('center_axis',(0.,0.,-1.));
#3648=DIRECTION('ref_axis',(1.,0.,0.));
#3649=DIRECTION('',(0.,0.,-1.));
#3650=DIRECTION('center_axis',(0.,0.,-1.));
#3651=DIRECTION('ref_axis',(1.,0.,0.));
#3652=DIRECTION('',(0.,0.,-1.));
#3653=DIRECTION('center_axis',(0.,0.,-1.));
#3654=DIRECTION('ref_axis',(1.,0.,0.));
#3655=DIRECTION('',(0.,0.,-1.));
#3656=DIRECTION('center_axis',(0.,0.,-1.));
#3657=DIRECTION('ref_axis',(1.,0.,0.));
#3658=DIRECTION('',(0.,0.,-1.));
#3659=DIRECTION('center_axis',(0.,0.,-1.));
#3660=DIRECTION('ref_axis',(1.,0.,0.));
#3661=DIRECTION('',(0.,0.,-1.));
#3662=DIRECTION('center_axis',(0.,0.,-1.));
#3663=DIRECTION('ref_axis',(1.,0.,0.));
#3664=DIRECTION('',(0.,0.,-1.));
#3665=DIRECTION('center_axis',(0.,0.,-1.));
#3666=DIRECTION('ref_axis',(1.,0.,0.));
#3667=DIRECTION('',(0.,0.,-1.));
#3668=DIRECTION('center_axis',(0.,0.,-1.));
#3669=DIRECTION('ref_axis',(0.707106781186547,0.707106781186548,0.));
#3670=DIRECTION('',(0.,0.,-1.));
#3671=DIRECTION('',(0.,0.,1.));
#3672=DIRECTION('center_axis',(0.,1.,0.));
#3673=DIRECTION('ref_axis',(1.,0.,0.));
#3674=DIRECTION('',(0.,0.,1.));
#3675=DIRECTION('center_axis',(0.,0.,-1.));
#3676=DIRECTION('ref_axis',(-0.707106781186547,-0.707106781186548,0.));
#3677=DIRECTION('',(0.,0.,-1.));
#3678=DIRECTION('center_axis',(0.,-1.,0.));
#3679=DIRECTION('ref_axis',(-1.,0.,0.));
#3680=DIRECTION('center_axis',(0.,0.,-1.));
#3681=DIRECTION('ref_axis',(1.,0.,0.));
#3682=DIRECTION('',(0.,0.,-1.));
#3683=DIRECTION('center_axis',(-0.865148735111801,-0.501515369788854,0.));
#3684=DIRECTION('ref_axis',(0.501515369788854,-0.865148735111801,0.));
#3685=DIRECTION('',(0.,0.,1.));
#3686=DIRECTION('',(0.501515369788854,-0.865148735111801,0.));
#3687=DIRECTION('',(0.,0.,1.));
#3688=DIRECTION('center_axis',(0.00175068306959455,-0.999998467553221,0.));
#3689=DIRECTION('ref_axis',(0.999998467553221,0.00175068306959455,0.));
#3690=DIRECTION('',(0.999998467553221,0.00175068306959455,0.));
#3691=DIRECTION('',(0.,0.,1.));
#3692=DIRECTION('center_axis',(0.866899418181395,-0.498483097764366,0.));
#3693=DIRECTION('ref_axis',(0.498483097764366,0.866899418181395,0.));
#3694=DIRECTION('',(0.498483097764366,0.866899418181395,0.));
#3695=DIRECTION('',(0.,0.,1.));
#3696=DIRECTION('center_axis',(0.865148735111803,0.501515369788851,0.));
#3697=DIRECTION('ref_axis',(-0.501515369788851,0.865148735111803,0.));
#3698=DIRECTION('',(-0.501515369788851,0.865148735111803,0.));
#3699=DIRECTION('',(0.,0.,-1.));
#3700=DIRECTION('center_axis',(-0.866899418181397,0.498483097764362,0.));
#3701=DIRECTION('ref_axis',(-0.498483097764362,-0.866899418181397,0.));
#3702=DIRECTION('',(0.,0.,1.));
#3703=DIRECTION('',(-0.498483097764362,-0.866899418181397,0.));
#3704=DIRECTION('center_axis',(-0.00175068306959455,0.999998467553221,0.));
#3705=DIRECTION('ref_axis',(-0.999998467553221,-0.00175068306959455,0.));
#3706=DIRECTION('',(-0.999998467553221,-0.00175068306959455,0.));
#3707=DIRECTION('center_axis',(0.,0.,1.));
#3708=DIRECTION('ref_axis',(1.,0.,0.));
#3709=DIRECTION('center_axis',(0.,0.,-1.));
#3710=DIRECTION('ref_axis',(-1.,0.,0.));
#3711=DIRECTION('center_axis',(0.865148735111802,-0.501515369788853,0.));
#3712=DIRECTION('ref_axis',(0.501515369788853,0.865148735111802,0.));
#3713=DIRECTION('',(0.,0.,1.));
#3714=DIRECTION('',(0.501515369788853,0.865148735111802,0.));
#3715=DIRECTION('',(0.,0.,1.));
#3716=DIRECTION('center_axis',(0.866899418181395,0.498483097764367,0.));
#3717=DIRECTION('ref_axis',(-0.498483097764367,0.866899418181395,0.));
#3718=DIRECTION('',(-0.498483097764367,0.866899418181395,0.));
#3719=DIRECTION('',(0.,0.,1.));
#3720=DIRECTION('center_axis',(0.00175068306961184,0.999998467553221,0.));
#3721=DIRECTION('ref_axis',(-0.999998467553221,0.00175068306961184,0.));
#3722=DIRECTION('',(-0.999998467553221,0.00175068306961184,0.));
#3723=DIRECTION('',(0.,0.,1.));
#3724=DIRECTION('center_axis',(-0.865148735111802,0.501515369788852,0.));
#3725=DIRECTION('ref_axis',(-0.501515369788852,-0.865148735111802,0.));
#3726=DIRECTION('',(-0.501515369788852,-0.865148735111802,0.));
#3727=DIRECTION('',(0.,0.,-1.));
#3728=DIRECTION('center_axis',(-0.0017506830695902,-0.999998467553221,0.));
#3729=DIRECTION('ref_axis',(0.999998467553221,-0.0017506830695902,0.));
#3730=DIRECTION('',(0.,0.,1.));
#3731=DIRECTION('',(0.999998467553221,-0.0017506830695902,0.));
#3732=DIRECTION('center_axis',(-0.866899418181394,-0.498483097764368,0.));
#3733=DIRECTION('ref_axis',(0.498483097764368,-0.866899418181394,0.));
#3734=DIRECTION('',(0.498483097764368,-0.866899418181394,0.));
#3735=DIRECTION('center_axis',(0.,0.,1.));
#3736=DIRECTION('ref_axis',(1.,0.,0.));
#3737=DIRECTION('center_axis',(0.,0.,-1.));
#3738=DIRECTION('ref_axis',(-1.,0.,0.));
#3739=DIRECTION('center_axis',(0.,0.,1.));
#3740=DIRECTION('ref_axis',(-1.,0.,0.));
#3741=DIRECTION('',(0.,0.,1.));
#3742=DIRECTION('center_axis',(0.,0.,-1.));
#3743=DIRECTION('ref_axis',(-1.,0.,0.));
#3744=DIRECTION('center_axis',(0.,0.,1.));
#3745=DIRECTION('ref_axis',(-1.,0.,0.));
#3746=DIRECTION('',(0.,0.,1.));
#3747=DIRECTION('center_axis',(0.,0.,-1.));
#3748=DIRECTION('ref_axis',(-1.,0.,0.));
#3749=DIRECTION('center_axis',(1.,0.,0.));
#3750=DIRECTION('ref_axis',(0.,0.,-1.));
#3751=DIRECTION('',(0.,0.,-1.));
#3752=DIRECTION('',(0.,-1.,0.));
#3753=DIRECTION('',(0.,0.,1.));
#3754=DIRECTION('',(0.,-1.,0.));
#3755=DIRECTION('',(0.,0.,-1.));
#3756=DIRECTION('center_axis',(-1.,0.,0.));
#3757=DIRECTION('ref_axis',(0.,0.,1.));
#3758=DIRECTION('',(0.,0.,1.));
#3759=DIRECTION('',(0.,0.,1.));
#3760=DIRECTION('',(0.,1.,0.));
#3761=DIRECTION('',(0.,0.,-1.));
#3762=DIRECTION('',(0.,1.,0.));
#3763=DIRECTION('center_axis',(0.,-1.,0.));
#3764=DIRECTION('ref_axis',(0.,0.,-1.));
#3765=DIRECTION('',(1.,0.,0.));
#3766=DIRECTION('center_axis',(0.,0.,1.));
#3767=DIRECTION('ref_axis',(0.,-1.,0.));
#3768=DIRECTION('',(-1.,0.,0.));
#3769=DIRECTION('center_axis',(0.,1.,0.));
#3770=DIRECTION('ref_axis',(-1.83697019872103E-16,0.,1.));
#3771=DIRECTION('center_axis',(0.,-1.,0.));
#3772=DIRECTION('ref_axis',(1.,0.,0.));
#3773=DIRECTION('center_axis',(0.,1.,0.));
#3774=DIRECTION('ref_axis',(1.,0.,0.));
#3775=DIRECTION('center_axis',(0.,1.,0.));
#3776=DIRECTION('ref_axis',(0.,0.,1.));
#3777=DIRECTION('',(-1.,0.,0.));
#3778=DIRECTION('center_axis',(0.,1.,0.));
#3779=DIRECTION('ref_axis',(-1.83697019872103E-16,0.,1.));
#3780=DIRECTION('center_axis',(0.,-1.,0.));
#3781=DIRECTION('ref_axis',(0.,0.,-1.));
#3782=DIRECTION('',(1.,0.,0.));
#3783=DIRECTION('center_axis',(0.,0.,1.));
#3784=DIRECTION('ref_axis',(0.,-1.,0.));
#3785=DIRECTION('center_axis',(0.,0.,-1.));
#3786=DIRECTION('ref_axis',(1.,0.,0.));
#3787=DIRECTION('center_axis',(0.,0.,-1.));
#3788=DIRECTION('ref_axis',(1.,0.,0.));
#3789=DIRECTION('',(0.,0.,-1.));
#3790=DIRECTION('center_axis',(0.,0.,1.));
#3791=DIRECTION('ref_axis',(1.,0.,0.));
#3792=DIRECTION('center_axis',(0.,0.,-1.));
#3793=DIRECTION('ref_axis',(1.,0.,0.));
#3794=DIRECTION('center_axis',(0.,0.,-1.));
#3795=DIRECTION('ref_axis',(1.,0.,0.));
#3796=DIRECTION('',(0.,0.,-1.));
#3797=DIRECTION('center_axis',(0.,0.,1.));
#3798=DIRECTION('ref_axis',(1.,0.,0.));
#3799=DIRECTION('center_axis',(0.,0.,-1.));
#3800=DIRECTION('ref_axis',(1.,0.,0.));
#3801=DIRECTION('center_axis',(0.,0.,-1.));
#3802=DIRECTION('ref_axis',(1.,0.,0.));
#3803=DIRECTION('',(0.,0.,-1.));
#3804=DIRECTION('center_axis',(0.,0.,1.));
#3805=DIRECTION('ref_axis',(1.,0.,0.));
#3806=DIRECTION('center_axis',(0.,0.,-1.));
#3807=DIRECTION('ref_axis',(1.,0.,0.));
#3808=DIRECTION('center_axis',(0.,0.,-1.));
#3809=DIRECTION('ref_axis',(1.,0.,0.));
#3810=DIRECTION('',(0.,0.,-1.));
#3811=DIRECTION('center_axis',(0.,0.,1.));
#3812=DIRECTION('ref_axis',(1.,0.,0.));
#3813=DIRECTION('center_axis',(1.,0.,0.));
#3814=DIRECTION('ref_axis',(0.,-1.,0.));
#3815=DIRECTION('',(0.,1.,0.));
#3816=DIRECTION('',(0.,0.,-1.));
#3817=DIRECTION('',(0.,-1.,0.));
#3818=DIRECTION('',(0.,0.,-1.));
#3819=DIRECTION('center_axis',(0.,-1.,0.));
#3820=DIRECTION('ref_axis',(-1.,0.,0.));
#3821=DIRECTION('',(1.,0.,0.));
#3822=DIRECTION('',(0.,0.,-1.));
#3823=DIRECTION('',(-1.,0.,0.));
#3824=DIRECTION('center_axis',(0.,-1.,0.));
#3825=DIRECTION('ref_axis',(-1.,0.,0.));
#3826=DIRECTION('',(1.,0.,0.));
#3827=DIRECTION('',(0.,0.,-1.));
#3828=DIRECTION('',(-1.,0.,0.));
#3829=DIRECTION('',(0.,0.,-1.));
#3830=DIRECTION('center_axis',(-1.,0.,0.));
#3831=DIRECTION('ref_axis',(0.,1.,0.));
#3832=DIRECTION('',(0.,-1.,0.));
#3833=DIRECTION('',(0.,0.,-1.));
#3834=DIRECTION('',(0.,1.,0.));
#3835=DIRECTION('center_axis',(0.,-1.,0.));
#3836=DIRECTION('ref_axis',(-1.,0.,0.));
#3837=DIRECTION('',(1.,0.,0.));
#3838=DIRECTION('',(0.,0.,-1.));
#3839=DIRECTION('',(-1.,0.,0.));
#3840=DIRECTION('',(0.,0.,-1.));
#3841=DIRECTION('center_axis',(-1.,0.,0.));
#3842=DIRECTION('ref_axis',(0.,1.,0.));
#3843=DIRECTION('',(0.,-1.,0.));
#3844=DIRECTION('',(0.,0.,-1.));
#3845=DIRECTION('',(0.,1.,0.));
#3846=DIRECTION('center_axis',(0.,-1.,0.));
#3847=DIRECTION('ref_axis',(-1.,0.,0.));
#3848=DIRECTION('',(1.,0.,0.));
#3849=DIRECTION('',(0.,0.,-1.));
#3850=DIRECTION('',(-1.,0.,0.));
#3851=DIRECTION('',(0.,0.,-1.));
#3852=DIRECTION('center_axis',(-1.,0.,0.));
#3853=DIRECTION('ref_axis',(0.,1.,0.));
#3854=DIRECTION('',(0.,-1.,0.));
#3855=DIRECTION('',(0.,0.,-1.));
#3856=DIRECTION('',(0.,1.,0.));
#3857=DIRECTION('center_axis',(0.,1.,0.));
#3858=DIRECTION('ref_axis',(1.,0.,0.));
#3859=DIRECTION('',(-1.,0.,0.));
#3860=DIRECTION('',(0.,0.,-1.));
#3861=DIRECTION('',(1.,0.,0.));
#3862=DIRECTION('',(0.,0.,-1.));
#3863=DIRECTION('center_axis',(1.,0.,0.));
#3864=DIRECTION('ref_axis',(0.,-1.,0.));
#3865=DIRECTION('',(0.,1.,0.));
#3866=DIRECTION('',(0.,0.,-1.));
#3867=DIRECTION('',(0.,-1.,0.));
#3868=DIRECTION('center_axis',(1.,0.,0.));
#3869=DIRECTION('ref_axis',(0.,-1.,0.));
#3870=DIRECTION('',(0.,1.,0.));
#3871=DIRECTION('',(0.,0.,-1.));
#3872=DIRECTION('',(0.,-1.,0.));
#3873=DIRECTION('',(0.,0.,-1.));
#3874=DIRECTION('center_axis',(0.,-1.,0.));
#3875=DIRECTION('ref_axis',(-1.,0.,0.));
#3876=DIRECTION('',(1.,0.,0.));
#3877=DIRECTION('',(0.,0.,-1.));
#3878=DIRECTION('',(-1.,0.,0.));
#3879=DIRECTION('center_axis',(0.,-1.,0.));
#3880=DIRECTION('ref_axis',(-1.,0.,0.));
#3881=DIRECTION('',(1.,0.,0.));
#3882=DIRECTION('',(0.,0.,-1.));
#3883=DIRECTION('',(-1.,0.,0.));
#3884=DIRECTION('',(0.,0.,-1.));
#3885=DIRECTION('center_axis',(-1.,0.,0.));
#3886=DIRECTION('ref_axis',(0.,1.,0.));
#3887=DIRECTION('',(0.,-1.,0.));
#3888=DIRECTION('',(0.,0.,-1.));
#3889=DIRECTION('',(0.,1.,0.));
#3890=DIRECTION('center_axis',(0.,-1.,0.));
#3891=DIRECTION('ref_axis',(-1.,0.,0.));
#3892=DIRECTION('',(1.,0.,0.));
#3893=DIRECTION('',(0.,0.,-1.));
#3894=DIRECTION('',(-1.,0.,0.));
#3895=DIRECTION('',(0.,0.,-1.));
#3896=DIRECTION('center_axis',(-1.,0.,0.));
#3897=DIRECTION('ref_axis',(0.,1.,0.));
#3898=DIRECTION('',(0.,-1.,0.));
#3899=DIRECTION('',(0.,0.,-1.));
#3900=DIRECTION('',(0.,1.,0.));
#3901=DIRECTION('center_axis',(-1.,0.,0.));
#3902=DIRECTION('ref_axis',(0.,1.,0.));
#3903=DIRECTION('',(0.,-1.,0.));
#3904=DIRECTION('',(0.,0.,-1.));
#3905=DIRECTION('',(0.,1.,0.));
#3906=DIRECTION('center_axis',(0.,1.,0.));
#3907=DIRECTION('ref_axis',(1.,0.,0.));
#3908=DIRECTION('',(-1.,0.,0.));
#3909=DIRECTION('',(1.,0.,0.));
#3910=DIRECTION('center_axis',(0.,1.,0.));
#3911=DIRECTION('ref_axis',(1.,0.,0.));
#3912=DIRECTION('',(-1.,0.,0.));
#3913=DIRECTION('',(0.,0.,-1.));
#3914=DIRECTION('',(1.,0.,0.));
#3915=DIRECTION('center_axis',(1.,0.,0.));
#3916=DIRECTION('ref_axis',(0.,-1.,0.));
#3917=DIRECTION('',(0.,1.,0.));
#3918=DIRECTION('',(0.,-1.,0.));
#3919=DIRECTION('center_axis',(0.,1.,0.));
#3920=DIRECTION('ref_axis',(1.,0.,0.));
#3921=DIRECTION('',(-1.,0.,0.));
#3922=DIRECTION('',(0.,0.,-1.));
#3923=DIRECTION('',(1.,0.,0.));
#3924=DIRECTION('center_axis',(1.,0.,0.));
#3925=DIRECTION('ref_axis',(0.,-1.,0.));
#3926=DIRECTION('',(0.,1.,0.));
#3927=DIRECTION('',(0.,-1.,0.));
#3928=DIRECTION('center_axis',(0.,1.,0.));
#3929=DIRECTION('ref_axis',(1.,0.,0.));
#3930=DIRECTION('',(-1.,0.,0.));
#3931=DIRECTION('',(0.,0.,-1.));
#3932=DIRECTION('',(1.,0.,0.));
#3933=DIRECTION('center_axis',(1.,0.,0.));
#3934=DIRECTION('ref_axis',(0.,-1.,0.));
#3935=DIRECTION('',(0.,1.,0.));
#3936=DIRECTION('',(0.,-1.,0.));
#3937=DIRECTION('center_axis',(0.,-1.,0.));
#3938=DIRECTION('ref_axis',(-1.,0.,0.));
#3939=DIRECTION('',(1.,0.,0.));
#3940=DIRECTION('',(0.,0.,-1.));
#3941=DIRECTION('',(-1.,0.,0.));
#3942=DIRECTION('center_axis',(-1.,0.,0.));
#3943=DIRECTION('ref_axis',(0.,1.,0.));
#3944=DIRECTION('',(0.,-1.,0.));
#3945=DIRECTION('',(0.,1.,0.));
#3946=DIRECTION('center_axis',(-1.,0.,0.));
#3947=DIRECTION('ref_axis',(0.,1.,0.));
#3948=DIRECTION('',(0.,-1.,0.));
#3949=DIRECTION('',(0.,0.,-1.));
#3950=DIRECTION('',(0.,1.,0.));
#3951=DIRECTION('center_axis',(0.,1.,0.));
#3952=DIRECTION('ref_axis',(1.,0.,0.));
#3953=DIRECTION('',(-1.,0.,0.));
#3954=DIRECTION('',(1.,0.,0.));
#3955=DIRECTION('center_axis',(0.,1.,0.));
#3956=DIRECTION('ref_axis',(1.,0.,0.));
#3957=DIRECTION('',(-1.,0.,0.));
#3958=DIRECTION('',(0.,0.,-1.));
#3959=DIRECTION('',(1.,0.,0.));
#3960=DIRECTION('center_axis',(1.,0.,0.));
#3961=DIRECTION('ref_axis',(0.,-1.,0.));
#3962=DIRECTION('',(0.,1.,0.));
#3963=DIRECTION('',(0.,-1.,0.));
#3964=DIRECTION('center_axis',(0.,1.,0.));
#3965=DIRECTION('ref_axis',(1.,0.,0.));
#3966=DIRECTION('',(-1.,0.,0.));
#3967=DIRECTION('',(0.,0.,-1.));
#3968=DIRECTION('',(1.,0.,0.));
#3969=DIRECTION('center_axis',(1.,0.,0.));
#3970=DIRECTION('ref_axis',(0.,-1.,0.));
#3971=DIRECTION('',(0.,1.,0.));
#3972=DIRECTION('',(0.,-1.,0.));
#3973=DIRECTION('center_axis',(1.,0.,0.));
#3974=DIRECTION('ref_axis',(0.,-1.,0.));
#3975=DIRECTION('',(0.,1.,0.));
#3976=DIRECTION('',(0.,0.,-1.));
#3977=DIRECTION('',(0.,-1.,0.));
#3978=DIRECTION('',(0.,0.,1.));
#3979=DIRECTION('center_axis',(-1.,0.,0.));
#3980=DIRECTION('ref_axis',(0.,1.,0.));
#3981=DIRECTION('',(0.,-1.,0.));
#3982=DIRECTION('',(0.,0.,-1.));
#3983=DIRECTION('',(0.,1.,0.));
#3984=DIRECTION('',(0.,0.,1.));
#3985=DIRECTION('center_axis',(0.,-1.,0.));
#3986=DIRECTION('ref_axis',(0.,0.,1.));
#3987=DIRECTION('',(-1.,0.,0.));
#3988=DIRECTION('',(-1.,0.,0.));
#3989=DIRECTION('center_axis',(0.,0.,-1.));
#3990=DIRECTION('ref_axis',(0.,-1.,0.));
#3991=DIRECTION('',(-1.,0.,0.));
#3992=DIRECTION('center_axis',(0.,1.,0.));
#3993=DIRECTION('ref_axis',(0.,0.,-1.));
#3994=DIRECTION('',(-1.,0.,0.));
#3995=DIRECTION('center_axis',(0.,0.,1.));
#3996=DIRECTION('ref_axis',(0.,1.,0.));
#3997=CARTESIAN_POINT('',(0.,0.,0.));
#3998=CARTESIAN_POINT('Origin',(-35.,152.5,70.));
#3999=CARTESIAN_POINT('',(-33.2,152.5,55.));
#4000=CARTESIAN_POINT('Origin',(-35.,152.5,55.));
#4001=CARTESIAN_POINT('',(-33.2,152.5,40.));
#4002=CARTESIAN_POINT('',(-33.2,152.5,70.));
#4003=CARTESIAN_POINT('Origin',(-35.,152.5,40.));
#4004=CARTESIAN_POINT('Origin',(-35.,152.5,40.));
#4005=CARTESIAN_POINT('Origin',(-35.,-2.50000000000001,70.));
#4006=CARTESIAN_POINT('',(-33.2,-2.50000000000001,55.));
#4007=CARTESIAN_POINT('Origin',(-35.,-2.50000000000001,55.));
#4008=CARTESIAN_POINT('',(-33.2,-2.50000000000001,40.));
#4009=CARTESIAN_POINT('',(-33.2,-2.50000000000001,70.));
#4010=CARTESIAN_POINT('Origin',(-35.,-2.50000000000001,40.));
#4011=CARTESIAN_POINT('Origin',(-35.,-2.50000000000001,40.));
#4012=CARTESIAN_POINT('Origin',(35.,152.5,70.));
#4013=CARTESIAN_POINT('',(36.8,152.5,55.));
#4014=CARTESIAN_POINT('Origin',(35.,152.5,55.));
#4015=CARTESIAN_POINT('',(36.8,152.5,40.));
#4016=CARTESIAN_POINT('',(36.8,152.5,70.));
#4017=CARTESIAN_POINT('Origin',(35.,152.5,40.));
#4018=CARTESIAN_POINT('Origin',(35.,152.5,40.));
#4019=CARTESIAN_POINT('Origin',(35.,-2.50000000000001,70.));
#4020=CARTESIAN_POINT('',(36.8,-2.50000000000001,55.));
#4021=CARTESIAN_POINT('Origin',(35.,-2.50000000000001,55.));
#4022=CARTESIAN_POINT('',(36.8,-2.50000000000001,40.));
#4023=CARTESIAN_POINT('',(36.8,-2.50000000000001,70.));
#4024=CARTESIAN_POINT('Origin',(35.,-2.50000000000001,40.));
#4025=CARTESIAN_POINT('Origin',(35.,-2.50000000000001,40.));
#4026=CARTESIAN_POINT('Origin',(-38.,75.,27.5));
#4027=CARTESIAN_POINT('',(-38.,77.5,0.));
#4028=CARTESIAN_POINT('',(-38.,72.5,0.));
#4029=CARTESIAN_POINT('',(-38.,112.5,-8.88178419700125E-15));
#4030=CARTESIAN_POINT('',(-38.,77.5,49.446451619119));
#4031=CARTESIAN_POINT('',(-38.,77.5,-2.5));
#4032=CARTESIAN_POINT('',(-38.,144.926979480617,9.43689570931383E-15));
#4033=CARTESIAN_POINT('',(-38.,146.679646306507,-1.28528900565299));
#4034=CARTESIAN_POINT('',(-38.,150.,-8.56028112604E-15));
#4035=CARTESIAN_POINT('',(-38.,112.5,-8.88178419700125E-15));
#4036=CARTESIAN_POINT('',(-38.,150.,3.72021504754768));
#4037=CARTESIAN_POINT('',(-38.,150.,41.25));
#4038=CARTESIAN_POINT('',(-38.,80.0730205193831,55.));
#4039=CARTESIAN_POINT('',(-38.,151.937752521407,2.29919653184937));
#4040=CARTESIAN_POINT('',(-38.,150.,55.));
#4041=CARTESIAN_POINT('',(-38.,150.,55.));
#4042=CARTESIAN_POINT('',(-38.,155.,55.));
#4043=CARTESIAN_POINT('',(-38.,115.,55.));
#4044=CARTESIAN_POINT('',(-38.,155.,60.));
#4045=CARTESIAN_POINT('',(-38.,155.,-5.));
#4046=CARTESIAN_POINT('',(-38.,-5.,60.));
#4047=CARTESIAN_POINT('',(-38.,155.,60.));
#4048=CARTESIAN_POINT('',(-38.,-5.,55.));
#4049=CARTESIAN_POINT('',(-38.,-5.,60.));
#4050=CARTESIAN_POINT('',(-38.,0.,55.));
#4051=CARTESIAN_POINT('',(-38.,37.5,55.));
#4052=CARTESIAN_POINT('',(-38.,69.9269794806169,55.));
#4053=CARTESIAN_POINT('',(-38.,150.,55.));
#4054=CARTESIAN_POINT('',(-38.,0.,3.72021504754768));
#4055=CARTESIAN_POINT('',(-38.,-1.93775252140679,2.29919653184937));
#4056=CARTESIAN_POINT('',(-38.,0.,0.));
#4057=CARTESIAN_POINT('',(-38.,0.,13.75));
#4058=CARTESIAN_POINT('',(-38.,5.07302051938316,0.));
#4059=CARTESIAN_POINT('',(-38.,112.5,-8.88178419700125E-15));
#4060=CARTESIAN_POINT('',(-38.,72.5,49.446451619119));
#4061=CARTESIAN_POINT('',(-38.,3.32035369349272,-1.28528900565299));
#4062=CARTESIAN_POINT('',(-38.,72.5,57.5));
#4063=CARTESIAN_POINT('Origin',(-38.,80.0730205193831,55.));
#4064=CARTESIAN_POINT('',(-41.,150.,3.72021504754768));
#4065=CARTESIAN_POINT('',(-19.,150.,3.72021504754768));
#4066=CARTESIAN_POINT('',(-41.,80.0730205193831,55.));
#4067=CARTESIAN_POINT('',(-41.,151.937752521407,2.29919653184937));
#4068=CARTESIAN_POINT('',(-38.,80.0730205193831,55.));
#4069=CARTESIAN_POINT('Origin',(-38.,150.,55.));
#4070=CARTESIAN_POINT('',(-41.,150.,55.));
#4071=CARTESIAN_POINT('',(-41.,150.,55.));
#4072=CARTESIAN_POINT('',(0.,150.,55.));
#4073=CARTESIAN_POINT('Origin',(-38.,69.9269794806169,55.));
#4074=CARTESIAN_POINT('',(-41.,0.,55.));
#4075=CARTESIAN_POINT('',(0.,0.,55.));
#4076=CARTESIAN_POINT('',(-41.,69.9269794806169,55.));
#4077=CARTESIAN_POINT('',(-41.,150.,55.));
#4078=CARTESIAN_POINT('',(-38.,69.9269794806169,55.));
#4079=CARTESIAN_POINT('Origin',(-38.,8.32667268468867E-16,3.72021504754768));
#4080=CARTESIAN_POINT('',(-41.,0.,3.72021504754768));
#4081=CARTESIAN_POINT('',(-41.,-1.93775252140679,2.29919653184937));
#4082=CARTESIAN_POINT('',(-19.,0.,3.72021504754768));
#4083=CARTESIAN_POINT('Origin',(-38.,77.5,49.446451619119));
#4084=CARTESIAN_POINT('',(-41.,77.5,0.));
#4085=CARTESIAN_POINT('',(-19.,77.5,-8.88178419700125E-15));
#4086=CARTESIAN_POINT('',(-41.,77.5,49.446451619119));
#4087=CARTESIAN_POINT('',(-41.,77.5,-2.5));
#4088=CARTESIAN_POINT('',(-38.,77.5,49.446451619119));
#4089=CARTESIAN_POINT('Origin',(-38.,144.926979480617,1.27675647831893E-14));
#4090=CARTESIAN_POINT('',(-41.,144.926979480617,9.43689570931383E-15));
#4091=CARTESIAN_POINT('',(-41.,146.679646306507,-1.28528900565299));
#4092=CARTESIAN_POINT('',(-19.,144.926979480617,-8.60422844084496E-15));
#4093=CARTESIAN_POINT('Origin',(-38.,72.5,49.446451619119));
#4094=CARTESIAN_POINT('',(-41.,5.07302051938316,0.));
#4095=CARTESIAN_POINT('',(-19.,5.07302051938314,-8.88178419700125E-15));
#4096=CARTESIAN_POINT('',(-41.,72.5,49.446451619119));
#4097=CARTESIAN_POINT('',(-41.,3.32035369349272,-1.28528900565299));
#4098=CARTESIAN_POINT('',(-38.,72.5,49.446451619119));
#4099=CARTESIAN_POINT('Origin',(-38.,72.5,0.));
#4100=CARTESIAN_POINT('',(-41.,72.5,0.));
#4101=CARTESIAN_POINT('',(-41.,72.5,57.5));
#4102=CARTESIAN_POINT('',(-19.,72.5,-8.56028112604E-15));
#4103=CARTESIAN_POINT('Origin',(-38.,-5.,60.));
#4104=CARTESIAN_POINT('',(-41.,155.,60.));
#4105=CARTESIAN_POINT('',(-38.,155.,60.));
#4106=CARTESIAN_POINT('',(-41.,-5.,60.));
#4107=CARTESIAN_POINT('',(-41.,155.,60.));
#4108=CARTESIAN_POINT('',(-38.,-5.,60.));
#4109=CARTESIAN_POINT('Origin',(-41.,75.,27.5));
#4110=CARTESIAN_POINT('',(-41.,-5.,-5.));
#4111=CARTESIAN_POINT('',(-41.,-5.,60.));
#4112=CARTESIAN_POINT('',(-41.,155.,-5.));
#4113=CARTESIAN_POINT('',(-41.,155.,-5.));
#4114=CARTESIAN_POINT('',(-41.,-5.,-5.));
#4115=CARTESIAN_POINT('',(-41.,0.,0.));
#4116=CARTESIAN_POINT('',(-41.,0.,0.));
#4117=CARTESIAN_POINT('',(-41.,0.,55.));
#4118=CARTESIAN_POINT('',(-41.,150.,0.));
#4119=CARTESIAN_POINT('Origin',(0.,150.,-8.56028112604E-15));
#4120=CARTESIAN_POINT('',(-25.617376914899,0.,0.));
#4121=CARTESIAN_POINT('',(0.,0.,0.));
#4122=CARTESIAN_POINT('',(-25.617376914899,-5.,0.));
#4123=CARTESIAN_POINT('',(-25.617376914899,0.,0.));
#4124=CARTESIAN_POINT('',(25.617376914899,-5.,0.));
#4125=CARTESIAN_POINT('',(12.8086884574495,-5.,0.));
#4126=CARTESIAN_POINT('',(25.617376914899,0.,-8.88178419700125E-15));
#4127=CARTESIAN_POINT('',(25.617376914899,0.,-8.88178419700125E-15));
#4128=CARTESIAN_POINT('',(39.,0.,0.));
#4129=CARTESIAN_POINT('',(0.,0.,0.));
#4130=CARTESIAN_POINT('',(39.,5.07302051938316,0.));
#4131=CARTESIAN_POINT('',(39.,155.,-8.56028112604E-15));
#4132=CARTESIAN_POINT('',(42.,5.07302051938316,0.));
#4133=CARTESIAN_POINT('',(39.,5.07302051938316,0.));
#4134=CARTESIAN_POINT('',(42.,72.5,0.));
#4135=CARTESIAN_POINT('',(42.,0.,0.));
#4136=CARTESIAN_POINT('',(39.,72.5,0.));
#4137=CARTESIAN_POINT('',(39.,72.5,0.));
#4138=CARTESIAN_POINT('',(39.,77.5,0.));
#4139=CARTESIAN_POINT('',(39.,155.,-8.56028112604E-15));
#4140=CARTESIAN_POINT('',(42.,77.5,0.));
#4141=CARTESIAN_POINT('',(39.,77.5,0.));
#4142=CARTESIAN_POINT('',(42.,144.926979480617,9.43689570931383E-15));
#4143=CARTESIAN_POINT('',(42.,0.,0.));
#4144=CARTESIAN_POINT('',(39.,144.926979480617,9.43689570931383E-15));
#4145=CARTESIAN_POINT('',(39.,144.926979480617,9.43689570931383E-15));
#4146=CARTESIAN_POINT('',(39.,150.,-8.88178419700125E-15));
#4147=CARTESIAN_POINT('',(39.,155.,-8.56028112604E-15));
#4148=CARTESIAN_POINT('',(30.,150.,-8.56028112604E-15));
#4149=CARTESIAN_POINT('',(0.,150.,-8.56028112604E-15));
#4150=CARTESIAN_POINT('',(30.,141.8,-8.88178419700125E-15));
#4151=CARTESIAN_POINT('',(30.,149.2,-8.32667268468867E-15));
#4152=CARTESIAN_POINT('',(-30.,141.8,-8.88178419700125E-15));
#4153=CARTESIAN_POINT('',(0.,141.8,-8.88178419700125E-15));
#4154=CARTESIAN_POINT('',(-30.,150.,-8.56028112604E-15));
#4155=CARTESIAN_POINT('',(-30.,149.2,-8.32667268468867E-15));
#4156=CARTESIAN_POINT('',(0.,150.,-8.56028112604E-15));
#4157=CARTESIAN_POINT('',(-20.0000005364418,52.0000013709067,-5.55519795457053E-10));
#4158=CARTESIAN_POINT('',(-20.0000005364418,47.0000013709067,-5.55519795457053E-10));
#4159=CARTESIAN_POINT('',(-20.000000536442,101.000000685453,-8.56028112605304E-15));
#4160=CARTESIAN_POINT('',(-30.0000005364418,47.0000013709067,-5.55519795457053E-10));
#4161=CARTESIAN_POINT('',(-10.0000002682211,47.0000007748603,-8.56028112603688E-15));
#4162=CARTESIAN_POINT('',(-30.0000005364418,52.0000013709067,5.84757692728134E-11));
#4163=CARTESIAN_POINT('',(-30.000000536442,98.5000006854533,-8.56028112602073E-15));
#4164=CARTESIAN_POINT('',(-15.0000002682209,52.0000007748604,-8.56028112603991E-15));
#4165=CARTESIAN_POINT('',(30.0000005364418,47.0000013709067,-5.55519795457053E-10));
#4166=CARTESIAN_POINT('',(20.0000005364418,47.0000013709067,-5.55519795457053E-10));
#4167=CARTESIAN_POINT('',(15.0000002682207,47.0000007748602,-8.56028112603688E-15));
#4168=CARTESIAN_POINT('',(20.0000005364418,52.0000013709067,-5.55519795457053E-10));
#4169=CARTESIAN_POINT('',(20.000000536442,98.5000006854533,-8.56028112605304E-15));
#4170=CARTESIAN_POINT('',(30.0000005364418,52.0000013709067,5.84757692728134E-11));
#4171=CARTESIAN_POINT('',(10.0000002682209,52.0000007748604,-8.56028112604092E-15));
#4172=CARTESIAN_POINT('',(30.000000536442,101.000000685453,-8.56028112603688E-15));
#4173=CARTESIAN_POINT('',(-20.0000005364418,12.0000001788139,-5.55519795457053E-10));
#4174=CARTESIAN_POINT('',(-30.0000005364418,12.0000001788139,5.84757692728134E-11));
#4175=CARTESIAN_POINT('',(-10.0000002682209,12.0000007748604,-8.56028112604092E-15));
#4176=CARTESIAN_POINT('',(-30.0000005364418,17.0000001788139,-5.55519795457053E-10));
#4177=CARTESIAN_POINT('',(-30.0000005364418,81.000000089407,-8.56028112604092E-15));
#4178=CARTESIAN_POINT('',(-20.0000005364418,17.0000001788139,-5.55519795457053E-10));
#4179=CARTESIAN_POINT('',(-15.0000002682209,17.0000007748604,-8.56028112603688E-15));
#4180=CARTESIAN_POINT('',(-20.0000005364418,83.500000089407,-8.56028112605304E-15));
#4181=CARTESIAN_POINT('',(20.0000005364418,12.0000001788139,-5.55519795457053E-10));
#4182=CARTESIAN_POINT('',(20.0000005364418,17.0000001788139,-5.55519795457053E-10));
#4183=CARTESIAN_POINT('',(20.0000005364418,81.000000089407,-8.56028112605304E-15));
#4184=CARTESIAN_POINT('',(30.0000005364418,17.0000001788139,-5.55519795457053E-10));
#4185=CARTESIAN_POINT('',(10.0000002682209,17.0000001788139,-8.56028112605304E-15));
#4186=CARTESIAN_POINT('',(30.0000005364418,12.0000001788139,5.84757692728135E-11));
#4187=CARTESIAN_POINT('',(30.0000005364418,83.500000089407,-8.56028112605304E-15));
#4188=CARTESIAN_POINT('',(15.0000002682209,12.0000001788139,-8.56028112604092E-15));
#4189=CARTESIAN_POINT('',(-16.625,6.5,-8.88178419700125E-15));
#4190=CARTESIAN_POINT('Origin',(-15.,6.5,-8.88178419700125E-15));
#4191=CARTESIAN_POINT('',(13.375,30.5,-8.88178419700125E-15));
#4192=CARTESIAN_POINT('Origin',(15.,30.5,-8.88178419700125E-15));
#4193=CARTESIAN_POINT('',(-19.875,134.55,-8.88178419700125E-15));
#4194=CARTESIAN_POINT('Origin',(-18.25,134.55,-8.88178419700125E-15));
#4195=CARTESIAN_POINT('',(16.625,98.05,-8.88178419700125E-15));
#4196=CARTESIAN_POINT('Origin',(18.25,98.05,-8.88178419700125E-15));
#4197=CARTESIAN_POINT('',(5.12500000000002,90.5,-8.88178419700125E-15));
#4198=CARTESIAN_POINT('Origin',(6.75000000000002,90.5,-8.88178419700125E-15));
#4199=CARTESIAN_POINT('',(18.5483937586588,67.25,-8.88178419700125E-15));
#4200=CARTESIAN_POINT('Origin',(20.1733937586588,67.25,-8.88178419700125E-15));
#4201=CARTESIAN_POINT('',(-8.2983937586588,67.25,-8.88178419700125E-15));
#4202=CARTESIAN_POINT('Origin',(-6.6733937586588,67.25,-8.88178419700125E-15));
#4203=CARTESIAN_POINT('',(5.12499999999999,59.5,-8.88178419700125E-15));
#4204=CARTESIAN_POINT('Origin',(6.74999999999999,59.5,-8.88178419700125E-15));
#4205=CARTESIAN_POINT('',(-8.2983937586588,82.75,-8.88178419700125E-15));
#4206=CARTESIAN_POINT('Origin',(-6.6733937586588,82.75,-8.88178419700125E-15));
#4207=CARTESIAN_POINT('',(18.5483937586588,82.75,-8.88178419700125E-15));
#4208=CARTESIAN_POINT('Origin',(20.1733937586588,82.75,-8.88178419700125E-15));
#4209=CARTESIAN_POINT('',(-19.875,98.05,-8.88178419700125E-15));
#4210=CARTESIAN_POINT('Origin',(-18.25,98.05,-8.88178419700125E-15));
#4211=CARTESIAN_POINT('',(16.625,134.55,-8.88178419700125E-15));
#4212=CARTESIAN_POINT('Origin',(18.25,134.55,-8.88178419700125E-15));
#4213=CARTESIAN_POINT('',(-16.625,30.5,-8.88178419700125E-15));
#4214=CARTESIAN_POINT('Origin',(-15.,30.5,-8.88178419700125E-15));
#4215=CARTESIAN_POINT('',(13.375,6.5,-8.88178419700125E-15));
#4216=CARTESIAN_POINT('Origin',(15.,6.5,-8.88178419700125E-15));
#4217=CARTESIAN_POINT('',(13.75,68.5,-8.56028112604E-15));
#4218=CARTESIAN_POINT('',(-0.250000000000008,68.5,-8.56028112604E-15));
#4219=CARTESIAN_POINT('',(10.125,68.5,-8.56028112604E-15));
#4220=CARTESIAN_POINT('',(-0.250000000000007,81.5,-8.56028112604E-15));
#4221=CARTESIAN_POINT('Origin',(-0.250000000000007,75.,-8.56028112604E-15));
#4222=CARTESIAN_POINT('',(13.75,81.5,-8.56028112604E-15));
#4223=CARTESIAN_POINT('',(-3.375,81.5,-8.56028112604E-15));
#4224=CARTESIAN_POINT('Origin',(13.75,75.,-8.56028112604E-15));
#4225=CARTESIAN_POINT('',(-37.5,116.3,0.));
#4226=CARTESIAN_POINT('Origin',(-36.25,116.3,-8.56028112604E-15));
#4227=CARTESIAN_POINT('',(31.75,93.3,-8.32667268468867E-15));
#4228=CARTESIAN_POINT('Origin',(33.,93.3,-8.32667268468867E-15));
#4229=CARTESIAN_POINT('',(31.75,139.3,-8.32667268468867E-15));
#4230=CARTESIAN_POINT('Origin',(33.,139.3,-8.32667268468867E-15));
#4231=CARTESIAN_POINT('Origin',(0.,0.,0.));
#4232=CARTESIAN_POINT('',(39.,0.,55.));
#4233=CARTESIAN_POINT('',(0.,0.,55.));
#4234=CARTESIAN_POINT('',(42.,0.,55.));
#4235=CARTESIAN_POINT('',(39.,0.,55.));
#4236=CARTESIAN_POINT('',(42.,0.,3.72021504754768));
#4237=CARTESIAN_POINT('',(42.,0.,55.));
#4238=CARTESIAN_POINT('',(39.,5.55111512312578E-16,3.72021504754768));
#4239=CARTESIAN_POINT('',(39.,5.55111512312578E-16,3.72021504754768));
#4240=CARTESIAN_POINT('',(39.,0.,55.));
#4241=CARTESIAN_POINT('Origin',(0.,0.,20.));
#4242=CARTESIAN_POINT('Origin',(0.,0.,55.));
#4243=CARTESIAN_POINT('',(39.,-5.,55.));
#4244=CARTESIAN_POINT('',(0.,-5.,55.));
#4245=CARTESIAN_POINT('',(39.,0.,55.));
#4246=CARTESIAN_POINT('Origin',(0.,-5.,55.));
#4247=CARTESIAN_POINT('',(42.,-5.,-5.));
#4248=CARTESIAN_POINT('',(0.,-5.,-5.));
#4249=CARTESIAN_POINT('',(42.,-5.,60.));
#4250=CARTESIAN_POINT('',(42.,-5.,60.));
#4251=CARTESIAN_POINT('',(39.,-5.,60.));
#4252=CARTESIAN_POINT('',(39.,-5.,60.));
#4253=CARTESIAN_POINT('',(39.,-5.,60.));
#4254=CARTESIAN_POINT('Origin',(0.,-5.,20.));
#4255=CARTESIAN_POINT('Origin',(0.,-5.,-5.));
#4256=CARTESIAN_POINT('',(42.,155.,-5.));
#4257=CARTESIAN_POINT('',(0.,155.,-4.99999999999999));
#4258=CARTESIAN_POINT('',(42.,-5.,-5.));
#4259=CARTESIAN_POINT('',(-20.0000005364367,47.0000013709067,-5.));
#4260=CARTESIAN_POINT('',(-20.0000005364368,52.0000013709067,-5.));
#4261=CARTESIAN_POINT('',(-20.0000005364367,23.5000006854533,-5.));
#4262=CARTESIAN_POINT('',(-30.0000005364368,52.0000013709067,-5.));
#4263=CARTESIAN_POINT('',(-15.0000002682209,52.0000007748604,-5.));
#4264=CARTESIAN_POINT('',(-30.0000005364367,47.0000013709067,-5.));
#4265=CARTESIAN_POINT('',(-30.0000005364367,21.0000006854533,-5.));
#4266=CARTESIAN_POINT('',(-10.0000002682208,47.0000007748603,-5.));
#4267=CARTESIAN_POINT('',(20.0000005364469,47.0000013709067,-5.));
#4268=CARTESIAN_POINT('',(30.0000005364469,47.0000013709067,-5.));
#4269=CARTESIAN_POINT('',(15.000000268221,47.0000007748602,-5.));
#4270=CARTESIAN_POINT('',(30.0000005364469,52.0000013709067,-5.));
#4271=CARTESIAN_POINT('',(30.0000005364468,23.5000006854533,-5.));
#4272=CARTESIAN_POINT('',(20.0000005364469,52.0000013709067,-5.));
#4273=CARTESIAN_POINT('',(10.0000002682209,52.0000007748604,-5.));
#4274=CARTESIAN_POINT('',(20.0000005364468,21.0000006854533,-5.));
#4275=CARTESIAN_POINT('',(-30.0000005364367,12.0000001788139,-5.));
#4276=CARTESIAN_POINT('',(-20.0000005364367,12.0000001788139,-5.));
#4277=CARTESIAN_POINT('',(-10.0000002682209,12.0000007748604,-5.));
#4278=CARTESIAN_POINT('',(-20.0000005364367,17.0000001788139,-5.));
#4279=CARTESIAN_POINT('',(-20.0000005364367,6.00000008940697,-5.));
#4280=CARTESIAN_POINT('',(-30.0000005364367,17.0000001788139,-5.));
#4281=CARTESIAN_POINT('',(-15.0000002682209,17.0000007748604,-5.));
#4282=CARTESIAN_POINT('',(-30.0000005364367,3.50000008940697,-5.));
#4283=CARTESIAN_POINT('',(20.0000005364468,17.0000001788139,-5.));
#4284=CARTESIAN_POINT('',(20.0000005364468,12.0000001788139,-5.));
#4285=CARTESIAN_POINT('',(20.0000005364468,3.50000008940697,-5.));
#4286=CARTESIAN_POINT('',(30.0000005364468,12.0000001788139,-5.));
#4287=CARTESIAN_POINT('',(15.0000002682209,12.0000001788139,-5.));
#4288=CARTESIAN_POINT('',(30.0000005364468,17.0000001788139,-5.));
#4289=CARTESIAN_POINT('',(30.0000005364468,6.00000008940697,-5.));
#4290=CARTESIAN_POINT('',(10.0000002682209,17.0000001788139,-5.));
#4291=CARTESIAN_POINT('',(-16.625,6.5,-5.));
#4292=CARTESIAN_POINT('Origin',(-15.,6.5,-5.));
#4293=CARTESIAN_POINT('',(13.375,30.5,-5.));
#4294=CARTESIAN_POINT('Origin',(15.,30.5,-5.));
#4295=CARTESIAN_POINT('',(-19.875,134.55,-5.));
#4296=CARTESIAN_POINT('Origin',(-18.25,134.55,-5.));
#4297=CARTESIAN_POINT('',(16.625,98.05,-5.));
#4298=CARTESIAN_POINT('Origin',(18.25,98.05,-5.));
#4299=CARTESIAN_POINT('',(5.12500000000002,90.5,-5.));
#4300=CARTESIAN_POINT('Origin',(6.75000000000002,90.5,-5.));
#4301=CARTESIAN_POINT('',(18.5483937586588,67.25,-5.));
#4302=CARTESIAN_POINT('Origin',(20.1733937586588,67.25,-5.));
#4303=CARTESIAN_POINT('',(-8.2983937586588,67.25,-5.));
#4304=CARTESIAN_POINT('Origin',(-6.6733937586588,67.25,-5.));
#4305=CARTESIAN_POINT('',(5.12499999999999,59.5,-5.));
#4306=CARTESIAN_POINT('Origin',(6.74999999999999,59.5,-5.));
#4307=CARTESIAN_POINT('',(-8.2983937586588,82.75,-5.));
#4308=CARTESIAN_POINT('Origin',(-6.6733937586588,82.75,-5.));
#4309=CARTESIAN_POINT('',(18.5483937586588,82.75,-5.));
#4310=CARTESIAN_POINT('Origin',(20.1733937586588,82.75,-5.));
#4311=CARTESIAN_POINT('',(-19.875,98.05,-5.));
#4312=CARTESIAN_POINT('Origin',(-18.25,98.05,-5.));
#4313=CARTESIAN_POINT('',(16.625,134.55,-5.));
#4314=CARTESIAN_POINT('Origin',(18.25,134.55,-5.));
#4315=CARTESIAN_POINT('',(-16.625,30.5,-5.));
#4316=CARTESIAN_POINT('Origin',(-15.,30.5,-5.));
#4317=CARTESIAN_POINT('',(13.375,6.5,-5.));
#4318=CARTESIAN_POINT('Origin',(15.,6.5,-5.));
#4319=CARTESIAN_POINT('',(-0.250000000000008,68.5,-5.));
#4320=CARTESIAN_POINT('',(13.75,68.5,-5.));
#4321=CARTESIAN_POINT('',(10.125,68.5,-5.));
#4322=CARTESIAN_POINT('',(13.75,81.5,-5.));
#4323=CARTESIAN_POINT('Origin',(13.75,75.,-5.));
#4324=CARTESIAN_POINT('',(-0.250000000000007,81.5,-5.));
#4325=CARTESIAN_POINT('',(-3.375,81.5,-5.));
#4326=CARTESIAN_POINT('Origin',(-0.250000000000008,75.,-5.));
#4327=CARTESIAN_POINT('',(-37.5,116.3,-5.));
#4328=CARTESIAN_POINT('Origin',(-36.25,116.3,-5.));
#4329=CARTESIAN_POINT('',(24.5491203707086,148.275161915024,-4.99999999999999));
#4330=CARTESIAN_POINT('',(22.4933151310812,151.821568286276,-4.99999999999999));
#4331=CARTESIAN_POINT('',(54.7137781747814,96.2390387643788,-4.99999999999999));
#4332=CARTESIAN_POINT('',(18.3941345016207,151.814391909151,-4.99999999999999));
#4333=CARTESIAN_POINT('',(11.1094198134122,151.801638662936,-4.99999999999999));
#4334=CARTESIAN_POINT('',(16.3507591117875,148.260809160775,-4.99999999999999));
#4335=CARTESIAN_POINT('',(-17.7736731054493,88.9158673411485,-5.));
#4336=CARTESIAN_POINT('',(18.4065643514148,144.714402789523,-4.99999999999999));
#4337=CARTESIAN_POINT('',(47.5433195356742,94.4514828245041,-4.99999999999999));
#4338=CARTESIAN_POINT('',(22.5057449808754,144.721579166648,-4.99999999999999));
#4339=CARTESIAN_POINT('',(9.07225934847607,144.698061354746,-4.99999999999999));
#4340=CARTESIAN_POINT('',(-12.6403749312782,83.5998459728336,-4.99999999999999));
#4341=CARTESIAN_POINT('',(-23.5934356485853,151.821568286276,-4.99999999999999));
#4342=CARTESIAN_POINT('',(-25.6492408882126,148.275161915024,-4.99999999999999));
#4343=CARTESIAN_POINT('',(-54.6476461999573,98.2509050586933,-4.99999999999999));
#4344=CARTESIAN_POINT('',(-23.6058654983794,144.721579166648,-4.99999999999999));
#4345=CARTESIAN_POINT('',(10.655248661594,85.13893721804,-5.));
#4346=CARTESIAN_POINT('',(-19.5066848689188,144.714402789523,-4.99999999999999));
#4347=CARTESIAN_POINT('',(-11.6719116078335,144.700686563602,-4.99999999999999));
#4348=CARTESIAN_POINT('',(-17.4508796292915,148.260809160775,-4.99999999999999));
#4349=CARTESIAN_POINT('',(-49.5329928004771,92.9169427475667,-4.99999999999999));
#4350=CARTESIAN_POINT('',(-19.4942550191246,151.814391909151,-4.99999999999999));
#4351=CARTESIAN_POINT('',(17.8319222255985,86.9013758379787,-4.99999999999999));
#4352=CARTESIAN_POINT('',(-9.60989144330741,151.797087494667,-4.99999999999999));
#4353=CARTESIAN_POINT('',(31.75,93.3,-5.));
#4354=CARTESIAN_POINT('Origin',(33.,93.3,-5.));
#4355=CARTESIAN_POINT('',(31.75,139.3,-5.));
#4356=CARTESIAN_POINT('Origin',(33.,139.3,-5.));
#4357=CARTESIAN_POINT('Origin',(39.,75.,27.5));
#4358=CARTESIAN_POINT('',(39.,69.9269794806169,55.));
#4359=CARTESIAN_POINT('',(39.,-1.93775252140679,2.29919653184937));
#4360=CARTESIAN_POINT('',(39.,150.,55.));
#4361=CARTESIAN_POINT('',(39.,155.,60.));
#4362=CARTESIAN_POINT('',(39.,155.,60.));
#4363=CARTESIAN_POINT('',(39.,155.,55.));
#4364=CARTESIAN_POINT('',(39.,155.,-5.));
#4365=CARTESIAN_POINT('',(39.,150.,55.));
#4366=CARTESIAN_POINT('',(39.,155.,55.));
#4367=CARTESIAN_POINT('',(39.,80.0730205193831,55.));
#4368=CARTESIAN_POINT('',(39.,150.,55.));
#4369=CARTESIAN_POINT('',(39.,150.,3.72021504754768));
#4370=CARTESIAN_POINT('',(39.,151.937752521407,2.29919653184937));
#4371=CARTESIAN_POINT('',(39.,150.,-9.18485099360515E-15));
#4372=CARTESIAN_POINT('',(39.,77.5,49.446451619119));
#4373=CARTESIAN_POINT('',(39.,146.679646306507,-1.28528900565299));
#4374=CARTESIAN_POINT('',(39.,77.5,-2.5));
#4375=CARTESIAN_POINT('',(39.,72.5,49.446451619119));
#4376=CARTESIAN_POINT('',(39.,72.5,57.5));
#4377=CARTESIAN_POINT('',(39.,3.32035369349272,-1.28528900565299));
#4378=CARTESIAN_POINT('Origin',(39.,80.0730205193831,55.));
#4379=CARTESIAN_POINT('',(42.,150.,55.));
#4380=CARTESIAN_POINT('',(39.,150.,55.));
#4381=CARTESIAN_POINT('',(42.,80.0730205193831,55.));
#4382=CARTESIAN_POINT('',(42.,150.,55.));
#4383=CARTESIAN_POINT('',(39.,80.0730205193831,55.));
#4384=CARTESIAN_POINT('Origin',(39.,150.,3.72021504754768));
#4385=CARTESIAN_POINT('',(42.,150.,3.72021504754768));
#4386=CARTESIAN_POINT('',(42.,151.937752521407,2.29919653184937));
#4387=CARTESIAN_POINT('',(39.,150.,3.72021504754768));
#4388=CARTESIAN_POINT('Origin',(39.,69.9269794806169,55.));
#4389=CARTESIAN_POINT('',(42.,69.9269794806169,55.));
#4390=CARTESIAN_POINT('',(42.,-1.93775252140679,2.29919653184937));
#4391=CARTESIAN_POINT('',(39.,69.9269794806169,55.));
#4392=CARTESIAN_POINT('Origin',(39.,0.,55.));
#4393=CARTESIAN_POINT('',(42.,150.,55.));
#4394=CARTESIAN_POINT('Origin',(39.,77.5,49.446451619119));
#4395=CARTESIAN_POINT('',(42.,77.5,49.446451619119));
#4396=CARTESIAN_POINT('',(42.,146.679646306507,-1.28528900565299));
#4397=CARTESIAN_POINT('',(39.,77.5,49.446451619119));
#4398=CARTESIAN_POINT('Origin',(39.,77.5,0.));
#4399=CARTESIAN_POINT('',(42.,77.5,-2.5));
#4400=CARTESIAN_POINT('Origin',(39.,72.5,49.446451619119));
#4401=CARTESIAN_POINT('',(42.,72.5,49.446451619119));
#4402=CARTESIAN_POINT('',(42.,72.5,57.5));
#4403=CARTESIAN_POINT('',(39.,72.5,49.446451619119));
#4404=CARTESIAN_POINT('Origin',(39.,5.07302051938316,0.));
#4405=CARTESIAN_POINT('',(42.,3.32035369349272,-1.28528900565299));
#4406=CARTESIAN_POINT('Origin',(39.,155.,60.));
#4407=CARTESIAN_POINT('',(42.,155.,60.));
#4408=CARTESIAN_POINT('',(42.,155.,60.));
#4409=CARTESIAN_POINT('',(39.,155.,60.));
#4410=CARTESIAN_POINT('Origin',(42.,75.,27.5));
#4411=CARTESIAN_POINT('',(42.,155.,-5.));
#4412=CARTESIAN_POINT('',(42.,150.,0.));
#4413=CARTESIAN_POINT('Origin',(-30.0000005364418,47.0000013709067,-5.55519795457053E-10));
#4414=CARTESIAN_POINT('',(-30.0000005364418,52.0000013709067,5.84757692728134E-11));
#4415=CARTESIAN_POINT('',(-30.0000005364418,47.0000013709067,-5.55519795457053E-10));
#4416=CARTESIAN_POINT('Origin',(-20.0000005364418,47.0000007748603,1.16951538545627E-10));
#4417=CARTESIAN_POINT('',(-20.0000005364418,47.0000013709067,-5.55519795457053E-10));
#4418=CARTESIAN_POINT('Origin',(-20.0000005364418,52.0000013709067,-5.55519795457053E-10));
#4419=CARTESIAN_POINT('',(-20.0000005364418,52.0000013709067,-5.55519795457053E-10));
#4420=CARTESIAN_POINT('Origin',(-30.0000005364418,52.0000007748604,6.0889010931636E-12));
#4421=CARTESIAN_POINT('Origin',(20.0000005364418,52.0000007748604,5.68297491615598E-11));
#4422=CARTESIAN_POINT('',(30.0000005364418,52.0000013709067,5.84757692728134E-11));
#4423=CARTESIAN_POINT('',(20.0000005364418,52.0000013709067,-5.55519795457053E-10));
#4424=CARTESIAN_POINT('Origin',(20.0000005364418,47.0000013709067,-5.55519795457053E-10));
#4425=CARTESIAN_POINT('',(20.0000005364418,47.0000013709067,-5.55519795457053E-10));
#4426=CARTESIAN_POINT('Origin',(30.0000005364418,47.0000007748602,1.16951538545627E-10));
#4427=CARTESIAN_POINT('',(30.0000005364418,47.0000013709067,-5.55519795457053E-10));
#4428=CARTESIAN_POINT('Origin',(30.0000005364418,52.0000013709067,5.84757692728134E-11));
#4429=CARTESIAN_POINT('Origin',(-30.0000005364418,17.0000007748604,1.16951538545627E-10));
#4430=CARTESIAN_POINT('',(-20.0000005364418,17.0000001788139,-5.55519795457053E-10));
#4431=CARTESIAN_POINT('',(-30.0000005364418,17.0000001788139,-5.55519795457053E-10));
#4432=CARTESIAN_POINT('Origin',(-30.0000005364418,12.0000001788139,5.84757692728134E-11));
#4433=CARTESIAN_POINT('',(-30.0000005364418,12.0000001788139,5.84757692728134E-11));
#4434=CARTESIAN_POINT('Origin',(-20.0000005364418,12.0000007748604,2.59892297229254E-11));
#4435=CARTESIAN_POINT('',(-20.0000005364418,12.0000001788139,-5.55519795457053E-10));
#4436=CARTESIAN_POINT('Origin',(-20.0000005364418,17.0000001788139,-5.55519795457053E-10));
#4437=CARTESIAN_POINT('Origin',(30.0000005364418,17.0000001788139,-5.55519795457053E-10));
#4438=CARTESIAN_POINT('',(30.0000005364418,12.0000001788139,5.84757692728135E-11));
#4439=CARTESIAN_POINT('',(30.0000005364418,17.0000001788139,-5.55519795457053E-10));
#4440=CARTESIAN_POINT('Origin',(20.0000005364418,17.0000001788139,-5.55519795457053E-10));
#4441=CARTESIAN_POINT('',(20.0000005364418,17.0000001788139,-5.55519795457053E-10));
#4442=CARTESIAN_POINT('Origin',(20.0000005364418,12.0000001788139,-5.55519795457053E-10));
#4443=CARTESIAN_POINT('',(20.0000005364418,12.0000001788139,-5.55519795457053E-10));
#4444=CARTESIAN_POINT('Origin',(30.0000005364418,12.0000001788139,5.84757692728135E-11));
#4445=CARTESIAN_POINT('Origin',(33.,139.3,-3.5));
#4446=CARTESIAN_POINT('',(31.75,139.3,-3.5));
#4447=CARTESIAN_POINT('Origin',(33.,93.3,-3.5));
#4448=CARTESIAN_POINT('',(31.75,93.3,-3.5));
#4449=CARTESIAN_POINT('Origin',(-15.,6.5,-10.));
#4450=CARTESIAN_POINT('',(-16.625,6.5,-10.));
#4451=CARTESIAN_POINT('Origin',(15.,30.5,-10.));
#4452=CARTESIAN_POINT('',(13.375,30.5,-10.));
#4453=CARTESIAN_POINT('Origin',(-18.25,134.55,-10.));
#4454=CARTESIAN_POINT('',(-19.875,134.55,-10.));
#4455=CARTESIAN_POINT('Origin',(18.25,98.05,-10.));
#4456=CARTESIAN_POINT('',(16.625,98.05,-10.));
#4457=CARTESIAN_POINT('Origin',(6.75000000000002,90.5,-10.));
#4458=CARTESIAN_POINT('',(5.12500000000002,90.5,-10.));
#4459=CARTESIAN_POINT('Origin',(20.1733937586588,67.25,-10.));
#4460=CARTESIAN_POINT('',(18.5483937586588,67.25,-10.));
#4461=CARTESIAN_POINT('Origin',(-6.6733937586588,67.25,-10.));
#4462=CARTESIAN_POINT('',(-8.2983937586588,67.25,-10.));
#4463=CARTESIAN_POINT('Origin',(6.74999999999999,59.5,-10.));
#4464=CARTESIAN_POINT('',(5.12499999999999,59.5,-10.));
#4465=CARTESIAN_POINT('Origin',(-6.6733937586588,82.75,-10.));
#4466=CARTESIAN_POINT('',(-8.2983937586588,82.75,-10.));
#4467=CARTESIAN_POINT('Origin',(20.1733937586588,82.75,-10.));
#4468=CARTESIAN_POINT('',(18.5483937586588,82.75,-10.));
#4469=CARTESIAN_POINT('Origin',(-18.25,98.05,-10.));
#4470=CARTESIAN_POINT('',(-19.875,98.05,-10.));
#4471=CARTESIAN_POINT('Origin',(18.25,134.55,-10.));
#4472=CARTESIAN_POINT('',(16.625,134.55,-10.));
#4473=CARTESIAN_POINT('Origin',(-15.,30.5,-10.));
#4474=CARTESIAN_POINT('',(-16.625,30.5,-10.));
#4475=CARTESIAN_POINT('Origin',(15.,6.5,-10.));
#4476=CARTESIAN_POINT('',(13.375,6.5,-10.));
#4477=CARTESIAN_POINT('Origin',(13.75,75.,0.));
#4478=CARTESIAN_POINT('',(13.75,81.5,0.));
#4479=CARTESIAN_POINT('',(13.75,68.5,0.));
#4480=CARTESIAN_POINT('Origin',(-6.75000000000001,81.5,0.));
#4481=CARTESIAN_POINT('',(-0.250000000000007,81.5,0.));
#4482=CARTESIAN_POINT('Origin',(-0.250000000000008,75.,0.));
#4483=CARTESIAN_POINT('',(-0.250000000000008,68.5,0.));
#4484=CARTESIAN_POINT('Origin',(20.25,68.5,0.));
#4485=CARTESIAN_POINT('Origin',(-36.25,116.3,0.));
#4486=CARTESIAN_POINT('',(-37.5,116.3,0.));
#4487=CARTESIAN_POINT('Origin',(16.3507591117875,148.260809160775,0.));
#4488=CARTESIAN_POINT('',(16.3507591117875,148.260809160775,12.));
#4489=CARTESIAN_POINT('',(16.3507591117875,148.260809160775,0.));
#4490=CARTESIAN_POINT('',(18.4065643514148,144.714402789523,12.));
#4491=CARTESIAN_POINT('',(16.3507591117875,148.260809160775,12.));
#4492=CARTESIAN_POINT('',(18.4065643514148,144.714402789523,0.));
#4493=CARTESIAN_POINT('Origin',(18.4065643514148,144.714402789523,0.));
#4494=CARTESIAN_POINT('',(22.5057449808754,144.721579166648,12.));
#4495=CARTESIAN_POINT('',(18.4065643514148,144.714402789523,12.));
#4496=CARTESIAN_POINT('',(22.5057449808754,144.721579166648,0.));
#4497=CARTESIAN_POINT('Origin',(22.5057449808754,144.721579166648,0.));
#4498=CARTESIAN_POINT('',(24.5491203707086,148.275161915024,12.));
#4499=CARTESIAN_POINT('',(22.5057449808754,144.721579166648,12.));
#4500=CARTESIAN_POINT('',(24.5491203707086,148.275161915024,0.));
#4501=CARTESIAN_POINT('Origin',(24.5491203707086,148.275161915024,0.));
#4502=CARTESIAN_POINT('',(22.4933151310812,151.821568286276,12.));
#4503=CARTESIAN_POINT('',(24.5491203707086,148.275161915024,12.));
#4504=CARTESIAN_POINT('',(22.4933151310812,151.821568286276,0.));
#4505=CARTESIAN_POINT('Origin',(18.3941345016207,151.814391909151,0.));
#4506=CARTESIAN_POINT('',(18.3941345016207,151.814391909151,12.));
#4507=CARTESIAN_POINT('',(18.3941345016207,151.814391909151,0.));
#4508=CARTESIAN_POINT('',(18.3941345016207,151.814391909151,12.));
#4509=CARTESIAN_POINT('Origin',(22.4933151310812,151.821568286276,0.));
#4510=CARTESIAN_POINT('',(22.4933151310812,151.821568286276,12.));
#4511=CARTESIAN_POINT('Origin',(20.449939741248,148.267985537899,12.));
#4512=CARTESIAN_POINT('',(22.574939741248,148.267985537899,12.));
#4513=CARTESIAN_POINT('Origin',(20.449939741248,148.267985537899,12.));
#4514=CARTESIAN_POINT('Origin',(-19.5066848689188,144.714402789523,0.));
#4515=CARTESIAN_POINT('',(-19.5066848689188,144.714402789523,12.));
#4516=CARTESIAN_POINT('',(-19.5066848689188,144.714402789523,0.));
#4517=CARTESIAN_POINT('',(-17.4508796292915,148.260809160775,12.));
#4518=CARTESIAN_POINT('',(-17.4508796292915,148.260809160775,12.));
#4519=CARTESIAN_POINT('',(-17.4508796292915,148.260809160775,0.));
#4520=CARTESIAN_POINT('Origin',(-17.4508796292915,148.260809160775,0.));
#4521=CARTESIAN_POINT('',(-19.4942550191246,151.814391909151,12.));
#4522=CARTESIAN_POINT('',(-19.4942550191246,151.814391909151,12.));
#4523=CARTESIAN_POINT('',(-19.4942550191246,151.814391909151,0.));
#4524=CARTESIAN_POINT('Origin',(-19.4942550191246,151.814391909151,0.));
#4525=CARTESIAN_POINT('',(-23.5934356485853,151.821568286276,12.));
#4526=CARTESIAN_POINT('',(-23.5934356485853,151.821568286276,12.));
#4527=CARTESIAN_POINT('',(-23.5934356485853,151.821568286276,0.));
#4528=CARTESIAN_POINT('Origin',(-23.5934356485853,151.821568286276,0.));
#4529=CARTESIAN_POINT('',(-25.6492408882126,148.275161915024,12.));
#4530=CARTESIAN_POINT('',(-25.6492408882126,148.275161915024,12.));
#4531=CARTESIAN_POINT('',(-25.6492408882126,148.275161915024,0.));
#4532=CARTESIAN_POINT('Origin',(-23.6058654983794,144.721579166648,0.));
#4533=CARTESIAN_POINT('',(-23.6058654983794,144.721579166648,12.));
#4534=CARTESIAN_POINT('',(-23.6058654983794,144.721579166648,0.));
#4535=CARTESIAN_POINT('',(-19.5066848689188,144.714402789523,12.));
#4536=CARTESIAN_POINT('Origin',(-25.6492408882126,148.275161915024,0.));
#4537=CARTESIAN_POINT('',(-23.6058654983794,144.721579166648,12.));
#4538=CARTESIAN_POINT('Origin',(-21.550060258752,148.267985537899,12.));
#4539=CARTESIAN_POINT('',(-19.425060258752,148.267985537899,12.));
#4540=CARTESIAN_POINT('Origin',(-21.550060258752,148.267985537899,12.));
#4541=CARTESIAN_POINT('Origin',(-21.550060258752,148.267985537899,10.));
#4542=CARTESIAN_POINT('',(-19.425060258752,148.267985537899,18.75));
#4543=CARTESIAN_POINT('',(-19.425060258752,148.267985537899,10.));
#4544=CARTESIAN_POINT('Origin',(-21.550060258752,148.267985537899,18.75));
#4545=CARTESIAN_POINT('Origin',(20.449939741248,148.267985537899,10.));
#4546=CARTESIAN_POINT('',(22.574939741248,148.267985537899,18.75));
#4547=CARTESIAN_POINT('',(22.574939741248,148.267985537899,10.));
#4548=CARTESIAN_POINT('Origin',(20.449939741248,148.267985537899,18.75));
#4549=CARTESIAN_POINT('Origin',(30.,148.4,9.37499999999999));
#4550=CARTESIAN_POINT('',(30.,150.,7.5));
#4551=CARTESIAN_POINT('',(30.,150.,32.1875));
#4552=CARTESIAN_POINT('',(30.,155.,7.5));
#4553=CARTESIAN_POINT('',(30.,0.,7.5));
#4554=CARTESIAN_POINT('',(30.,155.,18.75));
#4555=CARTESIAN_POINT('',(30.,155.,18.75));
#4556=CARTESIAN_POINT('',(30.,141.8,18.75));
#4557=CARTESIAN_POINT('',(30.,141.8,18.75));
#4558=CARTESIAN_POINT('',(30.,141.8,-8.56028112604E-15));
#4559=CARTESIAN_POINT('Origin',(-30.,148.4,9.37499999999999));
#4560=CARTESIAN_POINT('',(-30.,150.,7.5));
#4561=CARTESIAN_POINT('',(-30.,150.,32.1875));
#4562=CARTESIAN_POINT('',(-30.,141.8,18.75));
#4563=CARTESIAN_POINT('',(-30.,141.8,-8.56028112604E-15));
#4564=CARTESIAN_POINT('',(-30.,155.,18.75));
#4565=CARTESIAN_POINT('',(-30.,141.8,18.75));
#4566=CARTESIAN_POINT('',(-30.,155.,7.5));
#4567=CARTESIAN_POINT('',(-30.,155.,18.75));
#4568=CARTESIAN_POINT('',(-30.,0.,7.5));
#4569=CARTESIAN_POINT('Origin',(0.,141.8,18.75));
#4570=CARTESIAN_POINT('',(0.,141.8,18.75));
#4571=CARTESIAN_POINT('Origin',(0.,155.,18.75));
#4572=CARTESIAN_POINT('',(0.,155.,18.75));
#4573=CARTESIAN_POINT('Origin',(0.,0.,20.));
#4574=CARTESIAN_POINT('Origin',(0.,155.,20.));
#4575=CARTESIAN_POINT('Origin',(0.,150.,20.));
#4576=CARTESIAN_POINT('Origin',(0.,155.,-4.99999999999999));
#4577=CARTESIAN_POINT('',(0.,155.,55.));
#4578=CARTESIAN_POINT('Origin',(0.,0.,20.));
#4579=CARTESIAN_POINT('Origin',(0.,150.,55.));
#4580=CARTESIAN_POINT('',(0.,150.,55.));
#4581=CARTESIAN_POINT('Origin',(0.,155.,55.));
#4582=CARTESIAN_POINT('Origin',(35.,-2.50000000000001,60.));
#4583=CARTESIAN_POINT('',(33.75,-2.50000000000001,80.));
#4584=CARTESIAN_POINT('Origin',(35.,-2.50000000000001,80.));
#4585=CARTESIAN_POINT('',(33.75,-2.50000000000001,75.));
#4586=CARTESIAN_POINT('',(33.75,-2.50000000000001,60.));
#4587=CARTESIAN_POINT('Origin',(35.,-2.50000000000001,75.));
#4588=CARTESIAN_POINT('Origin',(35.,152.5,60.));
#4589=CARTESIAN_POINT('',(33.75,152.5,80.));
#4590=CARTESIAN_POINT('Origin',(35.,152.5,80.));
#4591=CARTESIAN_POINT('',(33.75,152.5,75.));
#4592=CARTESIAN_POINT('',(33.75,152.5,60.));
#4593=CARTESIAN_POINT('Origin',(35.,152.5,75.));
#4594=CARTESIAN_POINT('Origin',(-35.,152.5,60.));
#4595=CARTESIAN_POINT('',(-36.25,152.5,80.));
#4596=CARTESIAN_POINT('Origin',(-35.,152.5,80.));
#4597=CARTESIAN_POINT('',(-36.25,152.5,75.));
#4598=CARTESIAN_POINT('',(-36.25,152.5,60.));
#4599=CARTESIAN_POINT('Origin',(-35.,152.5,75.));
#4600=CARTESIAN_POINT('Origin',(-35.,-2.50000000000001,60.));
#4601=CARTESIAN_POINT('',(-36.25,-2.50000000000001,80.));
#4602=CARTESIAN_POINT('Origin',(-35.,-2.50000000000001,80.));
#4603=CARTESIAN_POINT('',(-36.25,-2.50000000000001,75.));
#4604=CARTESIAN_POINT('',(-36.25,-2.50000000000001,60.));
#4605=CARTESIAN_POINT('Origin',(-35.,-2.50000000000001,75.));
#4606=CARTESIAN_POINT('Origin',(-25.,150.,80.));
#4607=CARTESIAN_POINT('',(-25.,0.,75.));
#4608=CARTESIAN_POINT('',(-25.,150.,75.));
#4609=CARTESIAN_POINT('',(-25.,152.50000115484,75.));
#4610=CARTESIAN_POINT('',(-25.,150.,80.));
#4611=CARTESIAN_POINT('',(-25.,150.,80.));
#4612=CARTESIAN_POINT('',(-25.,0.,80.));
#4613=CARTESIAN_POINT('',(-25.,72.5,80.));
#4614=CARTESIAN_POINT('',(-25.,0.,80.));
#4615=CARTESIAN_POINT('Origin',(-20.,150.,80.));
#4616=CARTESIAN_POINT('',(-20.,150.,75.));
#4617=CARTESIAN_POINT('',(9.50000000000001,150.,75.));
#4618=CARTESIAN_POINT('',(-20.,150.,80.));
#4619=CARTESIAN_POINT('',(-20.,150.,80.));
#4620=CARTESIAN_POINT('',(9.50000000000001,150.,80.));
#4621=CARTESIAN_POINT('Origin',(10.0000001490116,121.000000074506,80.));
#4622=CARTESIAN_POINT('',(-10.0000001490116,121.000000074506,75.));
#4623=CARTESIAN_POINT('',(10.0000001490116,121.000000074506,75.));
#4624=CARTESIAN_POINT('',(24.5000000745058,121.000000074506,75.));
#4625=CARTESIAN_POINT('',(10.0000001490116,121.000000074506,80.));
#4626=CARTESIAN_POINT('',(10.0000001490116,121.000000074506,80.));
#4627=CARTESIAN_POINT('',(-10.0000001490116,121.000000074506,80.));
#4628=CARTESIAN_POINT('',(24.5000000745058,121.000000074506,80.));
#4629=CARTESIAN_POINT('',(-10.0000001490116,121.000000074506,80.));
#4630=CARTESIAN_POINT('Origin',(10.0000001490116,116.,80.));
#4631=CARTESIAN_POINT('',(10.0000001490116,116.,75.));
#4632=CARTESIAN_POINT('',(10.0000001490116,135.50000115484,75.));
#4633=CARTESIAN_POINT('',(10.0000001490116,116.,80.));
#4634=CARTESIAN_POINT('',(10.0000001490116,116.,80.));
#4635=CARTESIAN_POINT('',(10.0000001490116,55.5,80.));
#4636=CARTESIAN_POINT('Origin',(10.0000001490116,34.0000000745058,80.));
#4637=CARTESIAN_POINT('',(-10.0000001490116,34.0000000745058,75.));
#4638=CARTESIAN_POINT('',(10.0000001490116,34.0000000745058,75.));
#4639=CARTESIAN_POINT('',(24.5000000745058,34.0000000745058,75.));
#4640=CARTESIAN_POINT('',(10.0000001490116,34.0000000745058,80.));
#4641=CARTESIAN_POINT('',(10.0000001490116,34.0000000745058,80.));
#4642=CARTESIAN_POINT('',(-10.0000001490116,34.0000000745058,80.));
#4643=CARTESIAN_POINT('',(24.5000000745058,34.0000000745058,80.));
#4644=CARTESIAN_POINT('',(-10.0000001490116,34.0000000745058,80.));
#4645=CARTESIAN_POINT('Origin',(10.0000001490116,29.,80.));
#4646=CARTESIAN_POINT('',(10.0000001490116,29.,75.));
#4647=CARTESIAN_POINT('',(10.0000001490116,92.00000115484,75.));
#4648=CARTESIAN_POINT('',(10.0000001490116,29.,80.));
#4649=CARTESIAN_POINT('',(10.0000001490116,29.,80.));
#4650=CARTESIAN_POINT('',(10.0000001490116,12.,80.));
#4651=CARTESIAN_POINT('Origin',(10.0000001490116,63.0000000745058,80.));
#4652=CARTESIAN_POINT('',(-10.0000001490116,63.0000000745058,75.));
#4653=CARTESIAN_POINT('',(10.0000001490116,63.0000000745058,75.));
#4654=CARTESIAN_POINT('',(24.5000000745058,63.0000000745058,75.));
#4655=CARTESIAN_POINT('',(10.0000001490116,63.0000000745058,80.));
#4656=CARTESIAN_POINT('',(10.0000001490116,63.0000000745058,80.));
#4657=CARTESIAN_POINT('',(-10.0000001490116,63.0000000745058,80.));
#4658=CARTESIAN_POINT('',(24.5000000745058,63.0000000745058,80.));
#4659=CARTESIAN_POINT('',(-10.0000001490116,63.0000000745058,80.));
#4660=CARTESIAN_POINT('Origin',(10.0000001490116,58.,80.));
#4661=CARTESIAN_POINT('',(10.0000001490116,58.,75.));
#4662=CARTESIAN_POINT('',(10.0000001490116,106.50000115484,75.));
#4663=CARTESIAN_POINT('',(10.0000001490116,58.,80.));
#4664=CARTESIAN_POINT('',(10.0000001490116,58.,80.));
#4665=CARTESIAN_POINT('',(10.0000001490116,26.5,80.));
#4666=CARTESIAN_POINT('Origin',(-10.0000001490116,0.,80.));
#4667=CARTESIAN_POINT('',(10.0000001490116,0.,75.));
#4668=CARTESIAN_POINT('',(-10.0000001490116,0.,75.));
#4669=CARTESIAN_POINT('',(14.4999999254942,0.,75.));
#4670=CARTESIAN_POINT('',(-10.0000001490116,0.,80.));
#4671=CARTESIAN_POINT('',(-10.0000001490116,0.,80.));
#4672=CARTESIAN_POINT('',(10.0000001490116,0.,80.));
#4673=CARTESIAN_POINT('',(14.4999999254942,0.,80.));
#4674=CARTESIAN_POINT('',(10.0000001490116,0.,80.));
#4675=CARTESIAN_POINT('Origin',(-10.0000001490116,5.00000007450581,80.));
#4676=CARTESIAN_POINT('',(-10.0000001490116,5.00000007450581,75.));
#4677=CARTESIAN_POINT('',(-10.0000001490116,80.0000011920929,75.));
#4678=CARTESIAN_POINT('',(-10.0000001490116,5.00000007450581,80.));
#4679=CARTESIAN_POINT('',(-10.0000001490116,5.00000007450581,80.));
#4680=CARTESIAN_POINT('',(-10.0000001490116,3.72529029846191E-8,80.));
#4681=CARTESIAN_POINT('Origin',(20.,150.,80.));
#4682=CARTESIAN_POINT('',(20.,1.01033362435171E-15,75.));
#4683=CARTESIAN_POINT('',(20.,150.,75.));
#4684=CARTESIAN_POINT('',(20.,152.50000115484,75.));
#4685=CARTESIAN_POINT('',(20.,150.,80.));
#4686=CARTESIAN_POINT('',(20.,150.,80.));
#4687=CARTESIAN_POINT('',(20.,1.01033362435171E-15,80.));
#4688=CARTESIAN_POINT('',(20.,72.5,80.));
#4689=CARTESIAN_POINT('',(20.,1.01033362435171E-15,80.));
#4690=CARTESIAN_POINT('Origin',(25.,150.,80.));
#4691=CARTESIAN_POINT('',(25.,150.,75.));
#4692=CARTESIAN_POINT('',(32.,150.,75.));
#4693=CARTESIAN_POINT('',(25.,150.,80.));
#4694=CARTESIAN_POINT('',(25.,150.,80.));
#4695=CARTESIAN_POINT('',(32.,150.,80.));
#4696=CARTESIAN_POINT('Origin',(10.0000001490116,150.000000074506,80.));
#4697=CARTESIAN_POINT('',(-10.0000001490116,150.000000074506,75.));
#4698=CARTESIAN_POINT('',(10.0000001490116,150.000000074506,75.));
#4699=CARTESIAN_POINT('',(24.5000000745058,150.000000074506,75.));
#4700=CARTESIAN_POINT('',(10.0000001490116,150.000000074506,80.));
#4701=CARTESIAN_POINT('',(10.0000001490116,150.000000074506,80.));
#4702=CARTESIAN_POINT('',(-10.0000001490116,150.000000074506,80.));
#4703=CARTESIAN_POINT('',(24.5000000745058,150.000000074506,80.));
#4704=CARTESIAN_POINT('',(-10.0000001490116,150.000000074506,80.));
#4705=CARTESIAN_POINT('Origin',(10.0000001490116,145.,80.));
#4706=CARTESIAN_POINT('',(10.0000001490116,145.,75.));
#4707=CARTESIAN_POINT('',(10.0000001490116,150.00000115484,75.));
#4708=CARTESIAN_POINT('',(10.0000001490116,145.,80.));
#4709=CARTESIAN_POINT('',(10.0000001490116,145.,80.));
#4710=CARTESIAN_POINT('',(10.0000001490116,70.,80.));
#4711=CARTESIAN_POINT('Origin',(10.0000001490116,92.0000000745058,80.));
#4712=CARTESIAN_POINT('',(-10.0000001490116,92.0000000745058,75.));
#4713=CARTESIAN_POINT('',(10.0000001490116,92.0000000745058,75.));
#4714=CARTESIAN_POINT('',(24.5000000745058,92.0000000745058,75.));
#4715=CARTESIAN_POINT('',(10.0000001490116,92.0000000745058,80.));
#4716=CARTESIAN_POINT('',(10.0000001490116,92.0000000745058,80.));
#4717=CARTESIAN_POINT('',(-10.0000001490116,92.0000000745058,80.));
#4718=CARTESIAN_POINT('',(24.5000000745058,92.0000000745058,80.));
#4719=CARTESIAN_POINT('',(-10.0000001490116,92.0000000745058,80.));
#4720=CARTESIAN_POINT('Origin',(10.0000001490116,87.,80.));
#4721=CARTESIAN_POINT('',(10.0000001490116,87.,75.));
#4722=CARTESIAN_POINT('',(10.0000001490116,121.00000115484,75.));
#4723=CARTESIAN_POINT('',(10.0000001490116,87.,80.));
#4724=CARTESIAN_POINT('',(10.0000001490116,87.,80.));
#4725=CARTESIAN_POINT('',(10.0000001490116,41.,80.));
#4726=CARTESIAN_POINT('Origin',(-20.,1.01033362435171E-15,80.));
#4727=CARTESIAN_POINT('',(-20.,1.01033362435171E-15,75.));
#4728=CARTESIAN_POINT('',(-20.,77.50000115484,75.));
#4729=CARTESIAN_POINT('',(-20.,1.01033362435171E-15,80.));
#4730=CARTESIAN_POINT('',(-20.,1.01033362435171E-15,80.));
#4731=CARTESIAN_POINT('',(-20.,-2.5,80.));
#4732=CARTESIAN_POINT('Origin',(-25.,1.01033362435171E-15,80.));
#4733=CARTESIAN_POINT('',(7.00000000000001,0.,75.));
#4734=CARTESIAN_POINT('',(7.00000000000001,1.11022302462516E-15,80.));
#4735=CARTESIAN_POINT('Origin',(-10.0000001490116,116.,80.));
#4736=CARTESIAN_POINT('',(-10.0000001490116,116.,75.));
#4737=CARTESIAN_POINT('',(14.4999999254942,116.,75.));
#4738=CARTESIAN_POINT('',(-10.0000001490116,116.,80.));
#4739=CARTESIAN_POINT('',(-10.0000001490116,116.,80.));
#4740=CARTESIAN_POINT('',(14.4999999254942,116.,80.));
#4741=CARTESIAN_POINT('Origin',(-10.0000001490116,121.000000074506,80.));
#4742=CARTESIAN_POINT('',(-10.0000001490116,138.000001192093,75.));
#4743=CARTESIAN_POINT('',(-10.0000001490116,58.0000000372529,80.));
#4744=CARTESIAN_POINT('Origin',(-10.0000001490116,29.,80.));
#4745=CARTESIAN_POINT('',(-10.0000001490116,29.,75.));
#4746=CARTESIAN_POINT('',(14.4999999254942,29.,75.));
#4747=CARTESIAN_POINT('',(-10.0000001490116,29.,80.));
#4748=CARTESIAN_POINT('',(-10.0000001490116,29.,80.));
#4749=CARTESIAN_POINT('',(14.4999999254942,29.,80.));
#4750=CARTESIAN_POINT('Origin',(-10.0000001490116,34.0000000745058,80.));
#4751=CARTESIAN_POINT('',(-10.0000001490116,94.5000011920929,75.));
#4752=CARTESIAN_POINT('',(-10.0000001490116,14.5000000372529,80.));
#4753=CARTESIAN_POINT('Origin',(-10.0000001490116,58.,80.));
#4754=CARTESIAN_POINT('',(-10.0000001490116,58.,75.));
#4755=CARTESIAN_POINT('',(14.4999999254942,58.,75.));
#4756=CARTESIAN_POINT('',(-10.0000001490116,58.,80.));
#4757=CARTESIAN_POINT('',(-10.0000001490116,58.,80.));
#4758=CARTESIAN_POINT('',(14.4999999254942,58.,80.));
#4759=CARTESIAN_POINT('Origin',(-10.0000001490116,63.0000000745058,80.));
#4760=CARTESIAN_POINT('',(-10.0000001490116,109.000001192093,75.));
#4761=CARTESIAN_POINT('',(-10.0000001490116,29.0000000372529,80.));
#4762=CARTESIAN_POINT('Origin',(10.0000001490116,5.00000007450581,80.));
#4763=CARTESIAN_POINT('',(10.0000001490116,5.00000007450581,75.));
#4764=CARTESIAN_POINT('',(24.5000000745058,5.00000007450581,75.));
#4765=CARTESIAN_POINT('',(10.0000001490116,5.00000007450581,80.));
#4766=CARTESIAN_POINT('',(10.0000001490116,5.00000007450581,80.));
#4767=CARTESIAN_POINT('',(24.5000000745058,5.00000007450581,80.));
#4768=CARTESIAN_POINT('Origin',(10.0000001490116,0.,80.));
#4769=CARTESIAN_POINT('',(10.0000001490116,77.50000115484,75.));
#4770=CARTESIAN_POINT('',(10.0000001490116,-2.5,80.));
#4771=CARTESIAN_POINT('Origin',(25.,0.,80.));
#4772=CARTESIAN_POINT('',(25.,0.,75.));
#4773=CARTESIAN_POINT('',(25.,77.50000115484,75.));
#4774=CARTESIAN_POINT('',(25.,0.,80.));
#4775=CARTESIAN_POINT('',(25.,0.,80.));
#4776=CARTESIAN_POINT('',(25.,-2.5,80.));
#4777=CARTESIAN_POINT('Origin',(20.,1.01033362435171E-15,80.));
#4778=CARTESIAN_POINT('',(29.5,0.,75.));
#4779=CARTESIAN_POINT('',(29.5,1.11022302462516E-15,80.));
#4780=CARTESIAN_POINT('Origin',(-10.0000001490116,145.,80.));
#4781=CARTESIAN_POINT('',(-10.0000001490116,145.,75.));
#4782=CARTESIAN_POINT('',(14.4999999254942,145.,75.));
#4783=CARTESIAN_POINT('',(-10.0000001490116,145.,80.));
#4784=CARTESIAN_POINT('',(-10.0000001490116,145.,80.));
#4785=CARTESIAN_POINT('',(14.4999999254942,145.,80.));
#4786=CARTESIAN_POINT('Origin',(-10.0000001490116,150.000000074506,80.));
#4787=CARTESIAN_POINT('',(-10.0000001490116,152.500001192093,75.));
#4788=CARTESIAN_POINT('',(-10.0000001490116,72.5000000372529,80.));
#4789=CARTESIAN_POINT('Origin',(-10.0000001490116,87.,80.));
#4790=CARTESIAN_POINT('',(-10.0000001490116,87.,75.));
#4791=CARTESIAN_POINT('',(14.4999999254942,87.,75.));
#4792=CARTESIAN_POINT('',(-10.0000001490116,87.,80.));
#4793=CARTESIAN_POINT('',(-10.0000001490116,87.,80.));
#4794=CARTESIAN_POINT('',(14.4999999254942,87.,80.));
#4795=CARTESIAN_POINT('Origin',(-10.0000001490116,92.0000000745058,80.));
#4796=CARTESIAN_POINT('',(-10.0000001490116,123.500001192093,75.));
#4797=CARTESIAN_POINT('',(-10.0000001490116,43.5000000372529,80.));
#4798=CARTESIAN_POINT('Origin',(-38.5,155.,80.));
#4799=CARTESIAN_POINT('',(-38.5,-5.,75.));
#4800=CARTESIAN_POINT('',(-38.5,155.,75.));
#4801=CARTESIAN_POINT('',(-38.5,155.00000115484,75.));
#4802=CARTESIAN_POINT('',(-38.5,-5.,80.));
#4803=CARTESIAN_POINT('',(-38.5,-5.,77.5));
#4804=CARTESIAN_POINT('',(-38.5,155.,80.));
#4805=CARTESIAN_POINT('',(-38.5,75.,80.));
#4806=CARTESIAN_POINT('',(-38.5,155.,80.));
#4807=CARTESIAN_POINT('Origin',(38.5,-5.,80.));
#4808=CARTESIAN_POINT('',(38.5,155.,75.));
#4809=CARTESIAN_POINT('',(38.5,-5.,75.));
#4810=CARTESIAN_POINT('',(38.5,75.00000115484,75.));
#4811=CARTESIAN_POINT('',(38.5,155.,80.));
#4812=CARTESIAN_POINT('',(38.5,155.,80.));
#4813=CARTESIAN_POINT('',(38.5,-5.,80.));
#4814=CARTESIAN_POINT('',(38.5,-5.,80.));
#4815=CARTESIAN_POINT('',(38.5,-5.,77.5));
#4816=CARTESIAN_POINT('Origin',(39.,-5.,75.));
#4817=CARTESIAN_POINT('',(39.,-5.00000007450581,75.));
#4818=CARTESIAN_POINT('',(39.,-5.,80.));
#4819=CARTESIAN_POINT('Origin',(39.,155.00000230968,75.));
#4820=CARTESIAN_POINT('',(39.,155.00000230968,75.));
#4821=CARTESIAN_POINT('Origin',(39.,155.,80.));
#4822=CARTESIAN_POINT('',(39.,155.,80.));
#4823=CARTESIAN_POINT('Origin',(39.,-5.,80.));
#4824=UNCERTAINTY_MEASURE_WITH_UNIT(LENGTH_MEASURE(0.01),#4828,
'DISTANCE_ACCURACY_VALUE',
'Maximum model space distance between geometric entities at asserted c
onnectivities');
#4825=UNCERTAINTY_MEASURE_WITH_UNIT(LENGTH_MEASURE(0.01),#4828,
'DISTANCE_ACCURACY_VALUE',
'Maximum model space distance between geometric entities at asserted c
onnectivities');
#4826=(
GEOMETRIC_REPRESENTATION_CONTEXT(3)
GLOBAL_UNCERTAINTY_ASSIGNED_CONTEXT((#4824))
GLOBAL_UNIT_ASSIGNED_CONTEXT((#4828,#4830,#4831))
REPRESENTATION_CONTEXT('','3D')
);
#4827=(
GEOMETRIC_REPRESENTATION_CONTEXT(3)
GLOBAL_UNCERTAINTY_ASSIGNED_CONTEXT((#4825))
GLOBAL_UNIT_ASSIGNED_CONTEXT((#4828,#4830,#4831))
REPRESENTATION_CONTEXT('','3D')
);
#4828=(
LENGTH_UNIT()
NAMED_UNIT(*)
SI_UNIT(.MILLI.,.METRE.)
);
#4829=(
LENGTH_UNIT()
NAMED_UNIT(*)
SI_UNIT($,.METRE.)
);
#4830=(
NAMED_UNIT(*)
PLANE_ANGLE_UNIT()
SI_UNIT($,.RADIAN.)
);
#4831=(
NAMED_UNIT(*)
SI_UNIT($,.STERADIAN.)
SOLID_ANGLE_UNIT()
);
#4832=SHAPE_DEFINITION_REPRESENTATION(#4833,#4834);
#4833=PRODUCT_DEFINITION_SHAPE('',$,#4836);
#4834=SHAPE_REPRESENTATION('',(#3040),#4826);
#4835=PRODUCT_DEFINITION_CONTEXT('part definition',#4840,'design');
#4836=PRODUCT_DEFINITION('V31','V31 v3',#4837,#4835);
#4837=PRODUCT_DEFINITION_FORMATION('',$,#4842);
#4838=PRODUCT_RELATED_PRODUCT_CATEGORY('V31 v3','V31 v3',(#4842));
#4839=APPLICATION_PROTOCOL_DEFINITION('international standard',
'automotive_design',2009,#4840);
#4840=APPLICATION_CONTEXT(
'Core Data for Automotive Mechanical Design Process');
#4841=PRODUCT_CONTEXT('part definition',#4840,'mechanical');
#4842=PRODUCT('V31','V31 v3',$,(#4841));
#4843=PRESENTATION_STYLE_ASSIGNMENT((#4845));
#4844=PRESENTATION_STYLE_ASSIGNMENT((#4846));
#4845=SURFACE_STYLE_USAGE(.BOTH.,#4847);
#4846=SURFACE_STYLE_USAGE(.BOTH.,#4848);
#4847=SURFACE_SIDE_STYLE('',(#4849));
#4848=SURFACE_SIDE_STYLE('',(#4850));
#4849=SURFACE_STYLE_FILL_AREA(#4851);
#4850=SURFACE_STYLE_FILL_AREA(#4852);
#4851=FILL_AREA_STYLE('Steel - Satin',(#4853));
#4852=FILL_AREA_STYLE('Steel - Satin (1)',(#4854));
#4853=FILL_AREA_STYLE_COLOUR('Steel - Satin',#4855);
#4854=FILL_AREA_STYLE_COLOUR('Steel - Satin (1)',#4856);
#4855=COLOUR_RGB('Steel - Satin',0.627450980392157,0.627450980392157,0.627450980392157);
#4856=COLOUR_RGB('Steel - Satin (1)',0.843137254901961,0.0823529411764706,
0.0823529411764706);
ENDSEC;
END-ISO-10303-21;
