ISO-10303-21;
HEADER;
/* Generated by software containing ST-Developer
 * from STEP Tools, Inc. (www.steptools.com) 
 */

FILE_DESCRIPTION(
/* description */ (''),
/* implementation_level */ '2;1');

FILE_NAME(
/* name */ 'V4.step',
/* time_stamp */ '2026-07-21T20:20:39+07:00',
/* author */ (''),
/* organization */ (''),
/* preprocessor_version */ 'ST-DEVELOPER v20.1',
/* originating_system */ 'Autodesk Translation Framework v15.8.0.0',
/* authorisation */ '');

FILE_SCHEMA (('AUTOMOTIVE_DESIGN { 1 0 10303 214 3 1 1 }'));
ENDSEC;

DATA;
#10=MECHANICAL_DESIGN_GEOMETRIC_PRESENTATION_REPRESENTATION('',(#13,#14),
#7013);
#11=SHAPE_REPRESENTATION_RELATIONSHIP('SRR','None',#7020,#12);
#12=ADVANCED_BREP_SHAPE_REPRESENTATION('',(#15,#16),#7012);
#13=STYLED_ITEM('',(#7029),#15);
#14=STYLED_ITEM('',(#7029),#16);
#15=MANIFOLD_SOLID_BREP('Body',#4416);
#16=MANIFOLD_SOLID_BREP('Lid',#4417);
#17=CONICAL_SURFACE('',#4480,0.9,1.02974425867665);
#18=CONICAL_SURFACE('',#4484,0.9,1.02974425867665);
#19=CONICAL_SURFACE('',#4488,0.9,1.02974425867665);
#20=CONICAL_SURFACE('',#4492,0.9,1.02974425867665);
#21=CYLINDRICAL_SURFACE('',#4472,1.25);
#22=CYLINDRICAL_SURFACE('',#4475,1.25);
#23=CYLINDRICAL_SURFACE('',#4482,1.8);
#24=CYLINDRICAL_SURFACE('',#4486,1.8);
#25=CYLINDRICAL_SURFACE('',#4490,1.8);
#26=CYLINDRICAL_SURFACE('',#4494,1.8);
#27=CYLINDRICAL_SURFACE('',#4538,1.62500000000001);
#28=CYLINDRICAL_SURFACE('',#4540,1.25);
#29=CYLINDRICAL_SURFACE('',#4542,1.25);
#30=CYLINDRICAL_SURFACE('',#4560,2.125);
#31=CYLINDRICAL_SURFACE('',#4562,2.125);
#32=CYLINDRICAL_SURFACE('',#4568,1.625);
#33=CYLINDRICAL_SURFACE('',#4570,1.625);
#34=CYLINDRICAL_SURFACE('',#4572,1.625);
#35=CYLINDRICAL_SURFACE('',#4574,1.625);
#36=CYLINDRICAL_SURFACE('',#4576,1.625);
#37=CYLINDRICAL_SURFACE('',#4578,1.625);
#38=CYLINDRICAL_SURFACE('',#4580,1.625);
#39=CYLINDRICAL_SURFACE('',#4582,1.625);
#40=CYLINDRICAL_SURFACE('',#4584,1.625);
#41=CYLINDRICAL_SURFACE('',#4586,1.625);
#42=CYLINDRICAL_SURFACE('',#4588,1.625);
#43=CYLINDRICAL_SURFACE('',#4590,1.625);
#44=CYLINDRICAL_SURFACE('',#4592,1.625);
#45=CYLINDRICAL_SURFACE('',#4594,1.625);
#46=CYLINDRICAL_SURFACE('',#4596,1.625);
#47=CYLINDRICAL_SURFACE('',#4598,1.625);
#48=CYLINDRICAL_SURFACE('',#4600,1.625);
#49=CYLINDRICAL_SURFACE('',#4602,1.625);
#50=CYLINDRICAL_SURFACE('',#4604,6.5);
#51=CYLINDRICAL_SURFACE('',#4607,6.5);
#52=CYLINDRICAL_SURFACE('',#4610,33.75);
#53=CYLINDRICAL_SURFACE('',#4611,33.75);
#54=CYLINDRICAL_SURFACE('',#4619,1.25);
#55=CYLINDRICAL_SURFACE('',#4636,1.25);
#56=CYLINDRICAL_SURFACE('',#4693,1.25);
#57=CYLINDRICAL_SURFACE('',#4696,1.25);
#58=CYLINDRICAL_SURFACE('',#4699,1.25);
#59=CYLINDRICAL_SURFACE('',#4702,1.25);
#60=CIRCLE('',#4438,1.25);
#61=CIRCLE('',#4446,1.62500000000001);
#62=CIRCLE('',#4447,1.625);
#63=CIRCLE('',#4448,1.625);
#64=CIRCLE('',#4449,1.625);
#65=CIRCLE('',#4450,1.625);
#66=CIRCLE('',#4451,6.5);
#67=CIRCLE('',#4452,6.5);
#68=CIRCLE('',#4453,1.625);
#69=CIRCLE('',#4454,1.625);
#70=CIRCLE('',#4455,1.625);
#71=CIRCLE('',#4456,1.625);
#72=CIRCLE('',#4457,1.625);
#73=CIRCLE('',#4458,1.625);
#74=CIRCLE('',#4459,1.625);
#75=CIRCLE('',#4460,1.625);
#76=CIRCLE('',#4461,1.625);
#77=CIRCLE('',#4462,1.625);
#78=CIRCLE('',#4463,1.625);
#79=CIRCLE('',#4464,1.625);
#80=CIRCLE('',#4465,1.625);
#81=CIRCLE('',#4466,1.625);
#82=CIRCLE('',#4467,1.25);
#83=CIRCLE('',#4468,1.25);
#84=CIRCLE('',#4470,1.25);
#85=CIRCLE('',#4473,1.25);
#86=CIRCLE('',#4474,1.25);
#87=CIRCLE('',#4481,1.8);
#88=CIRCLE('',#4483,1.8);
#89=CIRCLE('',#4485,1.8);
#90=CIRCLE('',#4487,1.8);
#91=CIRCLE('',#4489,1.8);
#92=CIRCLE('',#4491,1.8);
#93=CIRCLE('',#4493,1.8);
#94=CIRCLE('',#4495,1.8);
#95=CIRCLE('',#4535,33.75);
#96=CIRCLE('',#4537,33.75);
#97=CIRCLE('',#4539,1.62500000000001);
#98=CIRCLE('',#4541,1.25);
#99=CIRCLE('',#4543,1.25);
#100=CIRCLE('',#4551,2.125);
#101=CIRCLE('',#4559,2.125);
#102=CIRCLE('',#4561,2.125);
#103=CIRCLE('',#4563,2.125);
#104=CIRCLE('',#4569,1.625);
#105=CIRCLE('',#4571,1.625);
#106=CIRCLE('',#4573,1.625);
#107=CIRCLE('',#4575,1.625);
#108=CIRCLE('',#4577,1.625);
#109=CIRCLE('',#4579,1.625);
#110=CIRCLE('',#4581,1.625);
#111=CIRCLE('',#4583,1.625);
#112=CIRCLE('',#4585,1.625);
#113=CIRCLE('',#4587,1.625);
#114=CIRCLE('',#4589,1.625);
#115=CIRCLE('',#4591,1.625);
#116=CIRCLE('',#4593,1.625);
#117=CIRCLE('',#4595,1.625);
#118=CIRCLE('',#4597,1.625);
#119=CIRCLE('',#4599,1.625);
#120=CIRCLE('',#4601,1.625);
#121=CIRCLE('',#4603,1.625);
#122=CIRCLE('',#4605,6.5);
#123=CIRCLE('',#4608,6.5);
#124=CIRCLE('',#4612,33.75);
#125=CIRCLE('',#4613,33.75);
#126=CIRCLE('',#4620,1.25);
#127=CIRCLE('',#4621,1.25);
#128=CIRCLE('',#4637,1.25);
#129=CIRCLE('',#4638,1.25);
#130=CIRCLE('',#4694,1.25);
#131=CIRCLE('',#4695,1.25);
#132=CIRCLE('',#4697,1.25);
#133=CIRCLE('',#4698,1.25);
#134=CIRCLE('',#4700,1.25);
#135=CIRCLE('',#4701,1.25);
#136=CIRCLE('',#4703,1.25);
#137=CIRCLE('',#4704,1.25);
#138=FACE_BOUND('',#468,.T.);
#139=FACE_BOUND('',#469,.T.);
#140=FACE_BOUND('',#470,.T.);
#141=FACE_BOUND('',#471,.T.);
#142=FACE_BOUND('',#472,.T.);
#143=FACE_BOUND('',#480,.T.);
#144=FACE_BOUND('',#481,.T.);
#145=FACE_BOUND('',#482,.T.);
#146=FACE_BOUND('',#483,.T.);
#147=FACE_BOUND('',#484,.T.);
#148=FACE_BOUND('',#485,.T.);
#149=FACE_BOUND('',#486,.T.);
#150=FACE_BOUND('',#487,.T.);
#151=FACE_BOUND('',#488,.T.);
#152=FACE_BOUND('',#489,.T.);
#153=FACE_BOUND('',#490,.T.);
#154=FACE_BOUND('',#491,.T.);
#155=FACE_BOUND('',#492,.T.);
#156=FACE_BOUND('',#493,.T.);
#157=FACE_BOUND('',#494,.T.);
#158=FACE_BOUND('',#495,.T.);
#159=FACE_BOUND('',#496,.T.);
#160=FACE_BOUND('',#497,.T.);
#161=FACE_BOUND('',#498,.T.);
#162=FACE_BOUND('',#499,.T.);
#163=FACE_BOUND('',#500,.T.);
#164=FACE_BOUND('',#501,.T.);
#165=FACE_BOUND('',#503,.T.);
#166=FACE_BOUND('',#504,.T.);
#167=FACE_BOUND('',#505,.T.);
#168=FACE_BOUND('',#506,.T.);
#169=FACE_BOUND('',#507,.T.);
#170=FACE_BOUND('',#508,.T.);
#171=FACE_BOUND('',#509,.T.);
#172=FACE_BOUND('',#510,.T.);
#173=FACE_BOUND('',#511,.T.);
#174=FACE_BOUND('',#512,.T.);
#175=FACE_BOUND('',#544,.T.);
#176=FACE_BOUND('',#545,.T.);
#177=FACE_BOUND('',#546,.T.);
#178=FACE_BOUND('',#547,.T.);
#179=FACE_BOUND('',#548,.T.);
#180=FACE_BOUND('',#569,.T.);
#181=FACE_BOUND('',#570,.T.);
#182=FACE_BOUND('',#571,.T.);
#183=FACE_BOUND('',#572,.T.);
#184=FACE_BOUND('',#573,.T.);
#185=FACE_BOUND('',#574,.T.);
#186=FACE_BOUND('',#575,.T.);
#187=FACE_BOUND('',#576,.T.);
#188=FACE_BOUND('',#577,.T.);
#189=FACE_BOUND('',#581,.T.);
#190=FACE_BOUND('',#593,.T.);
#191=FACE_BOUND('',#601,.T.);
#192=FACE_BOUND('',#608,.T.);
#193=FACE_BOUND('',#609,.T.);
#194=FACE_BOUND('',#636,.T.);
#195=FACE_BOUND('',#637,.T.);
#196=FACE_BOUND('',#639,.T.);
#197=FACE_BOUND('',#641,.T.);
#198=FACE_BOUND('',#642,.T.);
#199=FACE_BOUND('',#643,.T.);
#200=FACE_BOUND('',#644,.T.);
#201=FACE_BOUND('',#645,.T.);
#202=FACE_BOUND('',#646,.T.);
#203=FACE_BOUND('',#647,.T.);
#204=FACE_BOUND('',#648,.T.);
#205=FACE_BOUND('',#649,.T.);
#206=FACE_BOUND('',#650,.T.);
#207=FACE_BOUND('',#651,.T.);
#208=FACE_BOUND('',#652,.T.);
#209=FACE_BOUND('',#653,.T.);
#210=FACE_BOUND('',#654,.T.);
#211=FACE_BOUND('',#655,.T.);
#212=FACE_BOUND('',#656,.T.);
#213=FACE_BOUND('',#657,.T.);
#214=FACE_BOUND('',#658,.T.);
#215=FACE_BOUND('',#659,.T.);
#216=FACE_BOUND('',#660,.T.);
#217=FACE_BOUND('',#661,.T.);
#218=FACE_BOUND('',#662,.T.);
#219=FACE_BOUND('',#663,.T.);
#220=FACE_BOUND('',#664,.T.);
#221=FACE_BOUND('',#666,.T.);
#222=FACE_BOUND('',#667,.T.);
#223=FACE_BOUND('',#677,.T.);
#224=FACE_BOUND('',#694,.T.);
#225=FACE_BOUND('',#745,.T.);
#226=FACE_BOUND('',#748,.T.);
#227=FACE_BOUND('',#751,.T.);
#228=FACE_BOUND('',#752,.T.);
#229=FACE_BOUND('',#753,.T.);
#230=FACE_BOUND('',#754,.T.);
#231=FACE_BOUND('',#755,.T.);
#232=FACE_BOUND('',#756,.T.);
#233=FACE_BOUND('',#757,.T.);
#234=FACE_BOUND('',#758,.T.);
#235=FACE_BOUND('',#759,.T.);
#236=FACE_BOUND('',#760,.T.);
#237=FACE_BOUND('',#761,.T.);
#238=FACE_BOUND('',#762,.T.);
#239=FACE_BOUND('',#763,.T.);
#240=FACE_BOUND('',#764,.T.);
#241=FACE_BOUND('',#765,.T.);
#242=FACE_BOUND('',#766,.T.);
#243=FACE_BOUND('',#768,.T.);
#244=FACE_BOUND('',#769,.T.);
#245=FACE_BOUND('',#770,.T.);
#246=FACE_BOUND('',#771,.T.);
#247=FACE_BOUND('',#772,.T.);
#248=FACE_BOUND('',#773,.T.);
#249=FACE_BOUND('',#774,.T.);
#250=FACE_BOUND('',#775,.T.);
#251=FACE_BOUND('',#776,.T.);
#252=FACE_BOUND('',#777,.T.);
#253=FACE_BOUND('',#778,.T.);
#254=FACE_BOUND('',#779,.T.);
#255=FACE_BOUND('',#780,.T.);
#256=FACE_BOUND('',#781,.T.);
#257=FACE_BOUND('',#782,.T.);
#258=FACE_BOUND('',#783,.T.);
#259=FACE_OUTER_BOUND('',#461,.T.);
#260=FACE_OUTER_BOUND('',#462,.T.);
#261=FACE_OUTER_BOUND('',#463,.T.);
#262=FACE_OUTER_BOUND('',#464,.T.);
#263=FACE_OUTER_BOUND('',#465,.T.);
#264=FACE_OUTER_BOUND('',#466,.T.);
#265=FACE_OUTER_BOUND('',#467,.T.);
#266=FACE_OUTER_BOUND('',#473,.T.);
#267=FACE_OUTER_BOUND('',#474,.T.);
#268=FACE_OUTER_BOUND('',#475,.T.);
#269=FACE_OUTER_BOUND('',#476,.T.);
#270=FACE_OUTER_BOUND('',#477,.T.);
#271=FACE_OUTER_BOUND('',#478,.T.);
#272=FACE_OUTER_BOUND('',#479,.T.);
#273=FACE_OUTER_BOUND('',#502,.T.);
#274=FACE_OUTER_BOUND('',#513,.T.);
#275=FACE_OUTER_BOUND('',#514,.T.);
#276=FACE_OUTER_BOUND('',#515,.T.);
#277=FACE_OUTER_BOUND('',#516,.T.);
#278=FACE_OUTER_BOUND('',#517,.T.);
#279=FACE_OUTER_BOUND('',#518,.T.);
#280=FACE_OUTER_BOUND('',#519,.T.);
#281=FACE_OUTER_BOUND('',#520,.T.);
#282=FACE_OUTER_BOUND('',#521,.T.);
#283=FACE_OUTER_BOUND('',#522,.T.);
#284=FACE_OUTER_BOUND('',#523,.T.);
#285=FACE_OUTER_BOUND('',#524,.T.);
#286=FACE_OUTER_BOUND('',#525,.T.);
#287=FACE_OUTER_BOUND('',#526,.T.);
#288=FACE_OUTER_BOUND('',#527,.T.);
#289=FACE_OUTER_BOUND('',#528,.T.);
#290=FACE_OUTER_BOUND('',#529,.T.);
#291=FACE_OUTER_BOUND('',#530,.T.);
#292=FACE_OUTER_BOUND('',#531,.T.);
#293=FACE_OUTER_BOUND('',#532,.T.);
#294=FACE_OUTER_BOUND('',#533,.T.);
#295=FACE_OUTER_BOUND('',#534,.T.);
#296=FACE_OUTER_BOUND('',#535,.T.);
#297=FACE_OUTER_BOUND('',#536,.T.);
#298=FACE_OUTER_BOUND('',#537,.T.);
#299=FACE_OUTER_BOUND('',#538,.T.);
#300=FACE_OUTER_BOUND('',#539,.T.);
#301=FACE_OUTER_BOUND('',#540,.T.);
#302=FACE_OUTER_BOUND('',#541,.T.);
#303=FACE_OUTER_BOUND('',#542,.T.);
#304=FACE_OUTER_BOUND('',#543,.T.);
#305=FACE_OUTER_BOUND('',#549,.T.);
#306=FACE_OUTER_BOUND('',#550,.T.);
#307=FACE_OUTER_BOUND('',#551,.T.);
#308=FACE_OUTER_BOUND('',#552,.T.);
#309=FACE_OUTER_BOUND('',#553,.T.);
#310=FACE_OUTER_BOUND('',#554,.T.);
#311=FACE_OUTER_BOUND('',#555,.T.);
#312=FACE_OUTER_BOUND('',#556,.T.);
#313=FACE_OUTER_BOUND('',#557,.T.);
#314=FACE_OUTER_BOUND('',#558,.T.);
#315=FACE_OUTER_BOUND('',#559,.T.);
#316=FACE_OUTER_BOUND('',#560,.T.);
#317=FACE_OUTER_BOUND('',#561,.T.);
#318=FACE_OUTER_BOUND('',#562,.T.);
#319=FACE_OUTER_BOUND('',#563,.T.);
#320=FACE_OUTER_BOUND('',#564,.T.);
#321=FACE_OUTER_BOUND('',#565,.T.);
#322=FACE_OUTER_BOUND('',#566,.T.);
#323=FACE_OUTER_BOUND('',#567,.T.);
#324=FACE_OUTER_BOUND('',#568,.T.);
#325=FACE_OUTER_BOUND('',#578,.T.);
#326=FACE_OUTER_BOUND('',#579,.T.);
#327=FACE_OUTER_BOUND('',#580,.T.);
#328=FACE_OUTER_BOUND('',#582,.T.);
#329=FACE_OUTER_BOUND('',#583,.T.);
#330=FACE_OUTER_BOUND('',#584,.T.);
#331=FACE_OUTER_BOUND('',#585,.T.);
#332=FACE_OUTER_BOUND('',#586,.T.);
#333=FACE_OUTER_BOUND('',#587,.T.);
#334=FACE_OUTER_BOUND('',#588,.T.);
#335=FACE_OUTER_BOUND('',#589,.T.);
#336=FACE_OUTER_BOUND('',#590,.T.);
#337=FACE_OUTER_BOUND('',#591,.T.);
#338=FACE_OUTER_BOUND('',#592,.T.);
#339=FACE_OUTER_BOUND('',#594,.T.);
#340=FACE_OUTER_BOUND('',#595,.T.);
#341=FACE_OUTER_BOUND('',#596,.T.);
#342=FACE_OUTER_BOUND('',#597,.T.);
#343=FACE_OUTER_BOUND('',#598,.T.);
#344=FACE_OUTER_BOUND('',#599,.T.);
#345=FACE_OUTER_BOUND('',#600,.T.);
#346=FACE_OUTER_BOUND('',#602,.T.);
#347=FACE_OUTER_BOUND('',#603,.T.);
#348=FACE_OUTER_BOUND('',#604,.T.);
#349=FACE_OUTER_BOUND('',#605,.T.);
#350=FACE_OUTER_BOUND('',#606,.T.);
#351=FACE_OUTER_BOUND('',#607,.T.);
#352=FACE_OUTER_BOUND('',#610,.T.);
#353=FACE_OUTER_BOUND('',#611,.T.);
#354=FACE_OUTER_BOUND('',#612,.T.);
#355=FACE_OUTER_BOUND('',#613,.T.);
#356=FACE_OUTER_BOUND('',#614,.T.);
#357=FACE_OUTER_BOUND('',#615,.T.);
#358=FACE_OUTER_BOUND('',#616,.T.);
#359=FACE_OUTER_BOUND('',#617,.T.);
#360=FACE_OUTER_BOUND('',#618,.T.);
#361=FACE_OUTER_BOUND('',#619,.T.);
#362=FACE_OUTER_BOUND('',#620,.T.);
#363=FACE_OUTER_BOUND('',#621,.T.);
#364=FACE_OUTER_BOUND('',#622,.T.);
#365=FACE_OUTER_BOUND('',#623,.T.);
#366=FACE_OUTER_BOUND('',#624,.T.);
#367=FACE_OUTER_BOUND('',#625,.T.);
#368=FACE_OUTER_BOUND('',#626,.T.);
#369=FACE_OUTER_BOUND('',#627,.T.);
#370=FACE_OUTER_BOUND('',#628,.T.);
#371=FACE_OUTER_BOUND('',#629,.T.);
#372=FACE_OUTER_BOUND('',#630,.T.);
#373=FACE_OUTER_BOUND('',#631,.T.);
#374=FACE_OUTER_BOUND('',#632,.T.);
#375=FACE_OUTER_BOUND('',#633,.T.);
#376=FACE_OUTER_BOUND('',#634,.T.);
#377=FACE_OUTER_BOUND('',#635,.T.);
#378=FACE_OUTER_BOUND('',#638,.T.);
#379=FACE_OUTER_BOUND('',#640,.T.);
#380=FACE_OUTER_BOUND('',#665,.T.);
#381=FACE_OUTER_BOUND('',#668,.T.);
#382=FACE_OUTER_BOUND('',#669,.T.);
#383=FACE_OUTER_BOUND('',#670,.T.);
#384=FACE_OUTER_BOUND('',#671,.T.);
#385=FACE_OUTER_BOUND('',#672,.T.);
#386=FACE_OUTER_BOUND('',#673,.T.);
#387=FACE_OUTER_BOUND('',#674,.T.);
#388=FACE_OUTER_BOUND('',#675,.T.);
#389=FACE_OUTER_BOUND('',#676,.T.);
#390=FACE_OUTER_BOUND('',#678,.T.);
#391=FACE_OUTER_BOUND('',#679,.T.);
#392=FACE_OUTER_BOUND('',#680,.T.);
#393=FACE_OUTER_BOUND('',#681,.T.);
#394=FACE_OUTER_BOUND('',#682,.T.);
#395=FACE_OUTER_BOUND('',#683,.T.);
#396=FACE_OUTER_BOUND('',#684,.T.);
#397=FACE_OUTER_BOUND('',#685,.T.);
#398=FACE_OUTER_BOUND('',#686,.T.);
#399=FACE_OUTER_BOUND('',#687,.T.);
#400=FACE_OUTER_BOUND('',#688,.T.);
#401=FACE_OUTER_BOUND('',#689,.T.);
#402=FACE_OUTER_BOUND('',#690,.T.);
#403=FACE_OUTER_BOUND('',#691,.T.);
#404=FACE_OUTER_BOUND('',#692,.T.);
#405=FACE_OUTER_BOUND('',#693,.T.);
#406=FACE_OUTER_BOUND('',#695,.T.);
#407=FACE_OUTER_BOUND('',#696,.T.);
#408=FACE_OUTER_BOUND('',#697,.T.);
#409=FACE_OUTER_BOUND('',#698,.T.);
#410=FACE_OUTER_BOUND('',#699,.T.);
#411=FACE_OUTER_BOUND('',#700,.T.);
#412=FACE_OUTER_BOUND('',#701,.T.);
#413=FACE_OUTER_BOUND('',#702,.T.);
#414=FACE_OUTER_BOUND('',#703,.T.);
#415=FACE_OUTER_BOUND('',#704,.T.);
#416=FACE_OUTER_BOUND('',#705,.T.);
#417=FACE_OUTER_BOUND('',#706,.T.);
#418=FACE_OUTER_BOUND('',#707,.T.);
#419=FACE_OUTER_BOUND('',#708,.T.);
#420=FACE_OUTER_BOUND('',#709,.T.);
#421=FACE_OUTER_BOUND('',#710,.T.);
#422=FACE_OUTER_BOUND('',#711,.T.);
#423=FACE_OUTER_BOUND('',#712,.T.);
#424=FACE_OUTER_BOUND('',#713,.T.);
#425=FACE_OUTER_BOUND('',#714,.T.);
#426=FACE_OUTER_BOUND('',#715,.T.);
#427=FACE_OUTER_BOUND('',#716,.T.);
#428=FACE_OUTER_BOUND('',#717,.T.);
#429=FACE_OUTER_BOUND('',#718,.T.);
#430=FACE_OUTER_BOUND('',#719,.T.);
#431=FACE_OUTER_BOUND('',#720,.T.);
#432=FACE_OUTER_BOUND('',#721,.T.);
#433=FACE_OUTER_BOUND('',#722,.T.);
#434=FACE_OUTER_BOUND('',#723,.T.);
#435=FACE_OUTER_BOUND('',#724,.T.);
#436=FACE_OUTER_BOUND('',#725,.T.);
#437=FACE_OUTER_BOUND('',#726,.T.);
#438=FACE_OUTER_BOUND('',#727,.T.);
#439=FACE_OUTER_BOUND('',#728,.T.);
#440=FACE_OUTER_BOUND('',#729,.T.);
#441=FACE_OUTER_BOUND('',#730,.T.);
#442=FACE_OUTER_BOUND('',#731,.T.);
#443=FACE_OUTER_BOUND('',#732,.T.);
#444=FACE_OUTER_BOUND('',#733,.T.);
#445=FACE_OUTER_BOUND('',#734,.T.);
#446=FACE_OUTER_BOUND('',#735,.T.);
#447=FACE_OUTER_BOUND('',#736,.T.);
#448=FACE_OUTER_BOUND('',#737,.T.);
#449=FACE_OUTER_BOUND('',#738,.T.);
#450=FACE_OUTER_BOUND('',#739,.T.);
#451=FACE_OUTER_BOUND('',#740,.T.);
#452=FACE_OUTER_BOUND('',#741,.T.);
#453=FACE_OUTER_BOUND('',#742,.T.);
#454=FACE_OUTER_BOUND('',#743,.T.);
#455=FACE_OUTER_BOUND('',#744,.T.);
#456=FACE_OUTER_BOUND('',#746,.T.);
#457=FACE_OUTER_BOUND('',#747,.T.);
#458=FACE_OUTER_BOUND('',#749,.T.);
#459=FACE_OUTER_BOUND('',#750,.T.);
#460=FACE_OUTER_BOUND('',#767,.T.);
#461=EDGE_LOOP('',(#2845,#2846,#2847,#2848));
#462=EDGE_LOOP('',(#2849,#2850,#2851,#2852));
#463=EDGE_LOOP('',(#2853,#2854,#2855,#2856));
#464=EDGE_LOOP('',(#2857,#2858,#2859,#2860));
#465=EDGE_LOOP('',(#2861,#2862,#2863,#2864));
#466=EDGE_LOOP('',(#2865,#2866,#2867,#2868));
#467=EDGE_LOOP('',(#2869,#2870,#2871,#2872,#2873,#2874,#2875,#2876,#2877,
#2878,#2879,#2880,#2881,#2882,#2883,#2884,#2885,#2886,#2887,#2888,#2889,
#2890,#2891,#2892));
#468=EDGE_LOOP('',(#2893,#2894,#2895,#2896));
#469=EDGE_LOOP('',(#2897,#2898,#2899));
#470=EDGE_LOOP('',(#2900,#2901,#2902));
#471=EDGE_LOOP('',(#2903,#2904,#2905));
#472=EDGE_LOOP('',(#2906,#2907,#2908,#2909));
#473=EDGE_LOOP('',(#2910,#2911,#2912,#2913));
#474=EDGE_LOOP('',(#2914,#2915,#2916,#2917));
#475=EDGE_LOOP('',(#2918,#2919,#2920,#2921));
#476=EDGE_LOOP('',(#2922,#2923,#2924,#2925));
#477=EDGE_LOOP('',(#2926,#2927,#2928,#2929));
#478=EDGE_LOOP('',(#2930,#2931,#2932,#2933));
#479=EDGE_LOOP('',(#2934,#2935,#2936,#2937,#2938,#2939,#2940,#2941,#2942,
#2943,#2944,#2945,#2946,#2947,#2948,#2949,#2950,#2951,#2952,#2953,#2954,
#2955,#2956,#2957,#2958,#2959,#2960,#2961,#2962,#2963,#2964,#2965,#2966,
#2967,#2968,#2969,#2970,#2971,#2972,#2973));
#480=EDGE_LOOP('',(#2974));
#481=EDGE_LOOP('',(#2975));
#482=EDGE_LOOP('',(#2976));
#483=EDGE_LOOP('',(#2977));
#484=EDGE_LOOP('',(#2978));
#485=EDGE_LOOP('',(#2979,#2980,#2981,#2982));
#486=EDGE_LOOP('',(#2983));
#487=EDGE_LOOP('',(#2984));
#488=EDGE_LOOP('',(#2985));
#489=EDGE_LOOP('',(#2986));
#490=EDGE_LOOP('',(#2987));
#491=EDGE_LOOP('',(#2988));
#492=EDGE_LOOP('',(#2989));
#493=EDGE_LOOP('',(#2990));
#494=EDGE_LOOP('',(#2991));
#495=EDGE_LOOP('',(#2992));
#496=EDGE_LOOP('',(#2993));
#497=EDGE_LOOP('',(#2994));
#498=EDGE_LOOP('',(#2995));
#499=EDGE_LOOP('',(#2996));
#500=EDGE_LOOP('',(#2997));
#501=EDGE_LOOP('',(#2998));
#502=EDGE_LOOP('',(#2999,#3000,#3001,#3002));
#503=EDGE_LOOP('',(#3003,#3004,#3005,#3006));
#504=EDGE_LOOP('',(#3007,#3008,#3009,#3010,#3011));
#505=EDGE_LOOP('',(#3012,#3013,#3014,#3015));
#506=EDGE_LOOP('',(#3016,#3017,#3018,#3019));
#507=EDGE_LOOP('',(#3020,#3021,#3022));
#508=EDGE_LOOP('',(#3023,#3024,#3025));
#509=EDGE_LOOP('',(#3026,#3027,#3028));
#510=EDGE_LOOP('',(#3029,#3030,#3031,#3032,#3033));
#511=EDGE_LOOP('',(#3034,#3035,#3036));
#512=EDGE_LOOP('',(#3037,#3038,#3039));
#513=EDGE_LOOP('',(#3040,#3041,#3042,#3043));
#514=EDGE_LOOP('',(#3044,#3045,#3046,#3047));
#515=EDGE_LOOP('',(#3048,#3049,#3050,#3051));
#516=EDGE_LOOP('',(#3052,#3053,#3054,#3055));
#517=EDGE_LOOP('',(#3056,#3057,#3058,#3059));
#518=EDGE_LOOP('',(#3060,#3061,#3062,#3063));
#519=EDGE_LOOP('',(#3064,#3065,#3066,#3067));
#520=EDGE_LOOP('',(#3068,#3069,#3070));
#521=EDGE_LOOP('',(#3071,#3072,#3073,#3074));
#522=EDGE_LOOP('',(#3075,#3076,#3077));
#523=EDGE_LOOP('',(#3078,#3079,#3080,#3081));
#524=EDGE_LOOP('',(#3082,#3083,#3084));
#525=EDGE_LOOP('',(#3085,#3086,#3087,#3088));
#526=EDGE_LOOP('',(#3089,#3090,#3091));
#527=EDGE_LOOP('',(#3092,#3093,#3094,#3095));
#528=EDGE_LOOP('',(#3096,#3097,#3098,#3099));
#529=EDGE_LOOP('',(#3100,#3101,#3102,#3103));
#530=EDGE_LOOP('',(#3104,#3105,#3106,#3107));
#531=EDGE_LOOP('',(#3108,#3109,#3110,#3111));
#532=EDGE_LOOP('',(#3112,#3113,#3114,#3115));
#533=EDGE_LOOP('',(#3116,#3117,#3118,#3119));
#534=EDGE_LOOP('',(#3120,#3121,#3122,#3123));
#535=EDGE_LOOP('',(#3124,#3125,#3126,#3127));
#536=EDGE_LOOP('',(#3128,#3129,#3130,#3131));
#537=EDGE_LOOP('',(#3132,#3133,#3134,#3135));
#538=EDGE_LOOP('',(#3136,#3137,#3138,#3139));
#539=EDGE_LOOP('',(#3140,#3141,#3142,#3143));
#540=EDGE_LOOP('',(#3144,#3145,#3146,#3147));
#541=EDGE_LOOP('',(#3148,#3149,#3150,#3151));
#542=EDGE_LOOP('',(#3152,#3153,#3154,#3155));
#543=EDGE_LOOP('',(#3156,#3157,#3158,#3159,#3160,#3161,#3162,#3163,#3164,
#3165,#3166,#3167,#3168,#3169,#3170,#3171));
#544=EDGE_LOOP('',(#3172,#3173,#3174));
#545=EDGE_LOOP('',(#3175,#3176,#3177));
#546=EDGE_LOOP('',(#3178,#3179,#3180));
#547=EDGE_LOOP('',(#3181,#3182,#3183));
#548=EDGE_LOOP('',(#3184,#3185,#3186));
#549=EDGE_LOOP('',(#3187,#3188,#3189,#3190));
#550=EDGE_LOOP('',(#3191,#3192,#3193,#3194));
#551=EDGE_LOOP('',(#3195,#3196,#3197,#3198));
#552=EDGE_LOOP('',(#3199,#3200,#3201,#3202));
#553=EDGE_LOOP('',(#3203,#3204,#3205,#3206));
#554=EDGE_LOOP('',(#3207,#3208,#3209,#3210));
#555=EDGE_LOOP('',(#3211,#3212,#3213,#3214));
#556=EDGE_LOOP('',(#3215,#3216,#3217,#3218));
#557=EDGE_LOOP('',(#3219,#3220,#3221,#3222));
#558=EDGE_LOOP('',(#3223,#3224,#3225,#3226));
#559=EDGE_LOOP('',(#3227,#3228,#3229,#3230));
#560=EDGE_LOOP('',(#3231,#3232,#3233,#3234));
#561=EDGE_LOOP('',(#3235,#3236,#3237,#3238));
#562=EDGE_LOOP('',(#3239,#3240,#3241,#3242));
#563=EDGE_LOOP('',(#3243,#3244,#3245,#3246));
#564=EDGE_LOOP('',(#3247,#3248,#3249,#3250));
#565=EDGE_LOOP('',(#3251,#3252,#3253,#3254));
#566=EDGE_LOOP('',(#3255,#3256,#3257,#3258));
#567=EDGE_LOOP('',(#3259,#3260,#3261,#3262));
#568=EDGE_LOOP('',(#3263,#3264,#3265,#3266));
#569=EDGE_LOOP('',(#3267,#3268,#3269));
#570=EDGE_LOOP('',(#3270,#3271,#3272));
#571=EDGE_LOOP('',(#3273,#3274,#3275));
#572=EDGE_LOOP('',(#3276,#3277,#3278));
#573=EDGE_LOOP('',(#3279,#3280,#3281));
#574=EDGE_LOOP('',(#3282,#3283,#3284));
#575=EDGE_LOOP('',(#3285,#3286,#3287));
#576=EDGE_LOOP('',(#3288,#3289,#3290));
#577=EDGE_LOOP('',(#3291,#3292,#3293));
#578=EDGE_LOOP('',(#3294,#3295,#3296,#3297));
#579=EDGE_LOOP('',(#3298,#3299,#3300,#3301));
#580=EDGE_LOOP('',(#3302,#3303,#3304,#3305,#3306,#3307,#3308,#3309));
#581=EDGE_LOOP('',(#3310,#3311,#3312,#3313));
#582=EDGE_LOOP('',(#3314,#3315,#3316,#3317,#3318,#3319,#3320,#3321,#3322,
#3323,#3324,#3325));
#583=EDGE_LOOP('',(#3326,#3327,#3328,#3329));
#584=EDGE_LOOP('',(#3330,#3331,#3332,#3333));
#585=EDGE_LOOP('',(#3334,#3335,#3336,#3337));
#586=EDGE_LOOP('',(#3338,#3339,#3340,#3341));
#587=EDGE_LOOP('',(#3342,#3343,#3344,#3345));
#588=EDGE_LOOP('',(#3346,#3347,#3348,#3349));
#589=EDGE_LOOP('',(#3350,#3351,#3352,#3353));
#590=EDGE_LOOP('',(#3354,#3355,#3356,#3357));
#591=EDGE_LOOP('',(#3358,#3359,#3360,#3361));
#592=EDGE_LOOP('',(#3362,#3363,#3364,#3365,#3366,#3367));
#593=EDGE_LOOP('',(#3368));
#594=EDGE_LOOP('',(#3369,#3370,#3371,#3372));
#595=EDGE_LOOP('',(#3373,#3374,#3375,#3376));
#596=EDGE_LOOP('',(#3377,#3378,#3379,#3380));
#597=EDGE_LOOP('',(#3381,#3382,#3383,#3384));
#598=EDGE_LOOP('',(#3385,#3386,#3387,#3388));
#599=EDGE_LOOP('',(#3389,#3390,#3391,#3392));
#600=EDGE_LOOP('',(#3393,#3394,#3395,#3396,#3397,#3398));
#601=EDGE_LOOP('',(#3399));
#602=EDGE_LOOP('',(#3400,#3401,#3402,#3403));
#603=EDGE_LOOP('',(#3404,#3405,#3406,#3407));
#604=EDGE_LOOP('',(#3408,#3409,#3410,#3411,#3412,#3413));
#605=EDGE_LOOP('',(#3414,#3415,#3416,#3417));
#606=EDGE_LOOP('',(#3418,#3419,#3420,#3421,#3422,#3423));
#607=EDGE_LOOP('',(#3424,#3425,#3426,#3427));
#608=EDGE_LOOP('',(#3428));
#609=EDGE_LOOP('',(#3429));
#610=EDGE_LOOP('',(#3430,#3431,#3432,#3433));
#611=EDGE_LOOP('',(#3434,#3435,#3436,#3437));
#612=EDGE_LOOP('',(#3438,#3439,#3440,#3441));
#613=EDGE_LOOP('',(#3442,#3443,#3444,#3445));
#614=EDGE_LOOP('',(#3446,#3447,#3448,#3449));
#615=EDGE_LOOP('',(#3450,#3451,#3452,#3453));
#616=EDGE_LOOP('',(#3454,#3455,#3456,#3457));
#617=EDGE_LOOP('',(#3458,#3459,#3460,#3461));
#618=EDGE_LOOP('',(#3462,#3463,#3464,#3465));
#619=EDGE_LOOP('',(#3466,#3467,#3468,#3469));
#620=EDGE_LOOP('',(#3470,#3471,#3472,#3473));
#621=EDGE_LOOP('',(#3474,#3475,#3476,#3477));
#622=EDGE_LOOP('',(#3478,#3479,#3480,#3481));
#623=EDGE_LOOP('',(#3482,#3483,#3484,#3485));
#624=EDGE_LOOP('',(#3486,#3487,#3488,#3489));
#625=EDGE_LOOP('',(#3490,#3491,#3492,#3493));
#626=EDGE_LOOP('',(#3494,#3495,#3496,#3497));
#627=EDGE_LOOP('',(#3498,#3499,#3500,#3501));
#628=EDGE_LOOP('',(#3502,#3503,#3504,#3505));
#629=EDGE_LOOP('',(#3506,#3507,#3508,#3509));
#630=EDGE_LOOP('',(#3510,#3511,#3512,#3513));
#631=EDGE_LOOP('',(#3514,#3515,#3516,#3517));
#632=EDGE_LOOP('',(#3518,#3519,#3520,#3521));
#633=EDGE_LOOP('',(#3522,#3523,#3524,#3525));
#634=EDGE_LOOP('',(#3526,#3527,#3528,#3529,#3530,#3531,#3532,#3533,#3534,
#3535,#3536,#3537));
#635=EDGE_LOOP('',(#3538,#3539,#3540,#3541));
#636=EDGE_LOOP('',(#3542));
#637=EDGE_LOOP('',(#3543));
#638=EDGE_LOOP('',(#3544,#3545,#3546,#3547,#3548,#3549,#3550,#3551));
#639=EDGE_LOOP('',(#3552,#3553,#3554,#3555));
#640=EDGE_LOOP('',(#3556,#3557,#3558,#3559));
#641=EDGE_LOOP('',(#3560));
#642=EDGE_LOOP('',(#3561));
#643=EDGE_LOOP('',(#3562));
#644=EDGE_LOOP('',(#3563));
#645=EDGE_LOOP('',(#3564));
#646=EDGE_LOOP('',(#3565));
#647=EDGE_LOOP('',(#3566));
#648=EDGE_LOOP('',(#3567));
#649=EDGE_LOOP('',(#3568));
#650=EDGE_LOOP('',(#3569));
#651=EDGE_LOOP('',(#3570));
#652=EDGE_LOOP('',(#3571));
#653=EDGE_LOOP('',(#3572));
#654=EDGE_LOOP('',(#3573));
#655=EDGE_LOOP('',(#3574));
#656=EDGE_LOOP('',(#3575));
#657=EDGE_LOOP('',(#3576));
#658=EDGE_LOOP('',(#3577));
#659=EDGE_LOOP('',(#3578));
#660=EDGE_LOOP('',(#3579));
#661=EDGE_LOOP('',(#3580,#3581,#3582,#3583));
#662=EDGE_LOOP('',(#3584,#3585,#3586,#3587,#3588,#3589));
#663=EDGE_LOOP('',(#3590,#3591,#3592,#3593,#3594,#3595));
#664=EDGE_LOOP('',(#3596));
#665=EDGE_LOOP('',(#3597,#3598,#3599,#3600));
#666=EDGE_LOOP('',(#3601));
#667=EDGE_LOOP('',(#3602));
#668=EDGE_LOOP('',(#3603,#3604,#3605,#3606));
#669=EDGE_LOOP('',(#3607,#3608,#3609));
#670=EDGE_LOOP('',(#3610,#3611,#3612,#3613,#3614));
#671=EDGE_LOOP('',(#3615,#3616,#3617,#3618,#3619));
#672=EDGE_LOOP('',(#3620,#3621,#3622,#3623));
#673=EDGE_LOOP('',(#3624,#3625,#3626,#3627,#3628));
#674=EDGE_LOOP('',(#3629,#3630,#3631,#3632,#3633));
#675=EDGE_LOOP('',(#3634,#3635,#3636,#3637));
#676=EDGE_LOOP('',(#3638,#3639,#3640,#3641,#3642,#3643));
#677=EDGE_LOOP('',(#3644));
#678=EDGE_LOOP('',(#3645,#3646,#3647));
#679=EDGE_LOOP('',(#3648,#3649,#3650,#3651,#3652,#3653));
#680=EDGE_LOOP('',(#3654,#3655,#3656,#3657,#3658,#3659));
#681=EDGE_LOOP('',(#3660,#3661,#3662,#3663,#3664,#3665));
#682=EDGE_LOOP('',(#3666,#3667,#3668,#3669,#3670,#3671));
#683=EDGE_LOOP('',(#3672,#3673,#3674,#3675));
#684=EDGE_LOOP('',(#3676,#3677,#3678,#3679));
#685=EDGE_LOOP('',(#3680,#3681,#3682));
#686=EDGE_LOOP('',(#3683,#3684,#3685));
#687=EDGE_LOOP('',(#3686,#3687,#3688,#3689,#3690));
#688=EDGE_LOOP('',(#3691,#3692,#3693,#3694,#3695));
#689=EDGE_LOOP('',(#3696,#3697,#3698,#3699));
#690=EDGE_LOOP('',(#3700,#3701,#3702,#3703,#3704));
#691=EDGE_LOOP('',(#3705,#3706,#3707,#3708,#3709));
#692=EDGE_LOOP('',(#3710,#3711,#3712,#3713));
#693=EDGE_LOOP('',(#3714,#3715,#3716,#3717,#3718,#3719));
#694=EDGE_LOOP('',(#3720));
#695=EDGE_LOOP('',(#3721,#3722,#3723,#3724,#3725,#3726));
#696=EDGE_LOOP('',(#3727,#3728,#3729,#3730,#3731,#3732));
#697=EDGE_LOOP('',(#3733,#3734,#3735,#3736,#3737,#3738));
#698=EDGE_LOOP('',(#3739,#3740,#3741,#3742,#3743,#3744));
#699=EDGE_LOOP('',(#3745,#3746,#3747,#3748));
#700=EDGE_LOOP('',(#3749,#3750,#3751,#3752));
#701=EDGE_LOOP('',(#3753,#3754,#3755,#3756));
#702=EDGE_LOOP('',(#3757,#3758,#3759,#3760));
#703=EDGE_LOOP('',(#3761,#3762,#3763,#3764));
#704=EDGE_LOOP('',(#3765,#3766,#3767,#3768));
#705=EDGE_LOOP('',(#3769,#3770,#3771,#3772));
#706=EDGE_LOOP('',(#3773,#3774,#3775,#3776));
#707=EDGE_LOOP('',(#3777,#3778,#3779,#3780));
#708=EDGE_LOOP('',(#3781,#3782,#3783,#3784));
#709=EDGE_LOOP('',(#3785,#3786,#3787,#3788));
#710=EDGE_LOOP('',(#3789,#3790,#3791,#3792));
#711=EDGE_LOOP('',(#3793,#3794,#3795,#3796));
#712=EDGE_LOOP('',(#3797,#3798,#3799,#3800));
#713=EDGE_LOOP('',(#3801,#3802,#3803,#3804));
#714=EDGE_LOOP('',(#3805,#3806,#3807,#3808));
#715=EDGE_LOOP('',(#3809,#3810,#3811,#3812));
#716=EDGE_LOOP('',(#3813,#3814,#3815,#3816));
#717=EDGE_LOOP('',(#3817,#3818,#3819,#3820));
#718=EDGE_LOOP('',(#3821,#3822,#3823,#3824));
#719=EDGE_LOOP('',(#3825,#3826,#3827,#3828));
#720=EDGE_LOOP('',(#3829,#3830,#3831,#3832));
#721=EDGE_LOOP('',(#3833,#3834,#3835,#3836));
#722=EDGE_LOOP('',(#3837,#3838,#3839,#3840));
#723=EDGE_LOOP('',(#3841,#3842,#3843,#3844));
#724=EDGE_LOOP('',(#3845,#3846,#3847,#3848));
#725=EDGE_LOOP('',(#3849,#3850,#3851,#3852));
#726=EDGE_LOOP('',(#3853,#3854,#3855,#3856));
#727=EDGE_LOOP('',(#3857,#3858,#3859,#3860));
#728=EDGE_LOOP('',(#3861,#3862,#3863,#3864));
#729=EDGE_LOOP('',(#3865,#3866,#3867,#3868));
#730=EDGE_LOOP('',(#3869,#3870,#3871,#3872));
#731=EDGE_LOOP('',(#3873,#3874,#3875,#3876));
#732=EDGE_LOOP('',(#3877,#3878,#3879,#3880));
#733=EDGE_LOOP('',(#3881,#3882,#3883,#3884));
#734=EDGE_LOOP('',(#3885,#3886,#3887,#3888));
#735=EDGE_LOOP('',(#3889,#3890,#3891,#3892));
#736=EDGE_LOOP('',(#3893,#3894,#3895,#3896));
#737=EDGE_LOOP('',(#3897,#3898,#3899,#3900));
#738=EDGE_LOOP('',(#3901,#3902,#3903,#3904));
#739=EDGE_LOOP('',(#3905,#3906,#3907,#3908));
#740=EDGE_LOOP('',(#3909,#3910,#3911,#3912));
#741=EDGE_LOOP('',(#3913,#3914,#3915,#3916));
#742=EDGE_LOOP('',(#3917,#3918,#3919,#3920));
#743=EDGE_LOOP('',(#3921,#3922,#3923,#3924));
#744=EDGE_LOOP('',(#3925,#3926,#3927,#3928));
#745=EDGE_LOOP('',(#3929));
#746=EDGE_LOOP('',(#3930,#3931,#3932,#3933));
#747=EDGE_LOOP('',(#3934,#3935,#3936,#3937));
#748=EDGE_LOOP('',(#3938));
#749=EDGE_LOOP('',(#3939,#3940,#3941,#3942));
#750=EDGE_LOOP('',(#3943,#3944,#3945,#3946));
#751=EDGE_LOOP('',(#3947,#3948,#3949,#3950));
#752=EDGE_LOOP('',(#3951));
#753=EDGE_LOOP('',(#3952));
#754=EDGE_LOOP('',(#3953));
#755=EDGE_LOOP('',(#3954));
#756=EDGE_LOOP('',(#3955,#3956,#3957,#3958));
#757=EDGE_LOOP('',(#3959,#3960,#3961,#3962));
#758=EDGE_LOOP('',(#3963,#3964,#3965,#3966));
#759=EDGE_LOOP('',(#3967,#3968,#3969,#3970));
#760=EDGE_LOOP('',(#3971,#3972,#3973,#3974));
#761=EDGE_LOOP('',(#3975,#3976,#3977,#3978));
#762=EDGE_LOOP('',(#3979,#3980,#3981,#3982));
#763=EDGE_LOOP('',(#3983,#3984,#3985,#3986));
#764=EDGE_LOOP('',(#3987,#3988,#3989,#3990));
#765=EDGE_LOOP('',(#3991,#3992,#3993,#3994));
#766=EDGE_LOOP('',(#3995,#3996,#3997,#3998));
#767=EDGE_LOOP('',(#3999,#4000,#4001,#4002));
#768=EDGE_LOOP('',(#4003,#4004,#4005,#4006));
#769=EDGE_LOOP('',(#4007));
#770=EDGE_LOOP('',(#4008));
#771=EDGE_LOOP('',(#4009));
#772=EDGE_LOOP('',(#4010));
#773=EDGE_LOOP('',(#4011,#4012,#4013,#4014));
#774=EDGE_LOOP('',(#4015,#4016,#4017,#4018));
#775=EDGE_LOOP('',(#4019,#4020,#4021,#4022));
#776=EDGE_LOOP('',(#4023,#4024,#4025,#4026));
#777=EDGE_LOOP('',(#4027,#4028,#4029,#4030));
#778=EDGE_LOOP('',(#4031,#4032,#4033,#4034));
#779=EDGE_LOOP('',(#4035,#4036,#4037,#4038));
#780=EDGE_LOOP('',(#4039,#4040,#4041,#4042));
#781=EDGE_LOOP('',(#4043,#4044,#4045,#4046));
#782=EDGE_LOOP('',(#4047,#4048,#4049,#4050));
#783=EDGE_LOOP('',(#4051,#4052,#4053,#4054));
#784=LINE('',#5804,#1311);
#785=LINE('',#5806,#1312);
#786=LINE('',#5808,#1313);
#787=LINE('',#5809,#1314);
#788=LINE('',#5813,#1315);
#789=LINE('',#5815,#1316);
#790=LINE('',#5817,#1317);
#791=LINE('',#5818,#1318);
#792=LINE('',#5821,#1319);
#793=LINE('',#5823,#1320);
#794=LINE('',#5824,#1321);
#795=LINE('',#5828,#1322);
#796=LINE('',#5830,#1323);
#797=LINE('',#5832,#1324);
#798=LINE('',#5833,#1325);
#799=LINE('',#5837,#1326);
#800=LINE('',#5839,#1327);
#801=LINE('',#5841,#1328);
#802=LINE('',#5842,#1329);
#803=LINE('',#5845,#1330);
#804=LINE('',#5847,#1331);
#805=LINE('',#5848,#1332);
#806=LINE('',#5851,#1333);
#807=LINE('',#5853,#1334);
#808=LINE('',#5855,#1335);
#809=LINE('',#5857,#1336);
#810=LINE('',#5859,#1337);
#811=LINE('',#5861,#1338);
#812=LINE('',#5863,#1339);
#813=LINE('',#5865,#1340);
#814=LINE('',#5867,#1341);
#815=LINE('',#5869,#1342);
#816=LINE('',#5871,#1343);
#817=LINE('',#5873,#1344);
#818=LINE('',#5875,#1345);
#819=LINE('',#5877,#1346);
#820=LINE('',#5879,#1347);
#821=LINE('',#5881,#1348);
#822=LINE('',#5883,#1349);
#823=LINE('',#5885,#1350);
#824=LINE('',#5887,#1351);
#825=LINE('',#5888,#1352);
#826=LINE('',#5889,#1353);
#827=LINE('',#5891,#1354);
#828=LINE('',#5892,#1355);
#829=LINE('',#5895,#1356);
#830=LINE('',#5897,#1357);
#831=LINE('',#5898,#1358);
#832=LINE('',#5901,#1359);
#833=LINE('',#5903,#1360);
#834=LINE('',#5904,#1361);
#835=LINE('',#5907,#1362);
#836=LINE('',#5909,#1363);
#837=LINE('',#5912,#1364);
#838=LINE('',#5914,#1365);
#839=LINE('',#5915,#1366);
#840=LINE('',#5918,#1367);
#841=LINE('',#5919,#1368);
#842=LINE('',#5923,#1369);
#843=LINE('',#5924,#1370);
#844=LINE('',#5925,#1371);
#845=LINE('',#5929,#1372);
#846=LINE('',#5930,#1373);
#847=LINE('',#5931,#1374);
#848=LINE('',#5934,#1375);
#849=LINE('',#5935,#1376);
#850=LINE('',#5937,#1377);
#851=LINE('',#5940,#1378);
#852=LINE('',#5941,#1379);
#853=LINE('',#5944,#1380);
#854=LINE('',#5945,#1381);
#855=LINE('',#5947,#1382);
#856=LINE('',#5949,#1383);
#857=LINE('',#5950,#1384);
#858=LINE('',#5952,#1385);
#859=LINE('',#5954,#1386);
#860=LINE('',#5956,#1387);
#861=LINE('',#5958,#1388);
#862=LINE('',#5960,#1389);
#863=LINE('',#5962,#1390);
#864=LINE('',#5964,#1391);
#865=LINE('',#5966,#1392);
#866=LINE('',#5968,#1393);
#867=LINE('',#5970,#1394);
#868=LINE('',#5972,#1395);
#869=LINE('',#5974,#1396);
#870=LINE('',#5976,#1397);
#871=LINE('',#5978,#1398);
#872=LINE('',#5980,#1399);
#873=LINE('',#5982,#1400);
#874=LINE('',#5984,#1401);
#875=LINE('',#5986,#1402);
#876=LINE('',#5988,#1403);
#877=LINE('',#5990,#1404);
#878=LINE('',#5992,#1405);
#879=LINE('',#5994,#1406);
#880=LINE('',#5996,#1407);
#881=LINE('',#5998,#1408);
#882=LINE('',#6000,#1409);
#883=LINE('',#6001,#1410);
#884=LINE('',#6002,#1411);
#885=LINE('',#6015,#1412);
#886=LINE('',#6019,#1413);
#887=LINE('',#6056,#1414);
#888=LINE('',#6058,#1415);
#889=LINE('',#6060,#1416);
#890=LINE('',#6061,#1417);
#891=LINE('',#6063,#1418);
#892=LINE('',#6064,#1419);
#893=LINE('',#6066,#1420);
#894=LINE('',#6067,#1421);
#895=LINE('',#6068,#1422);
#896=LINE('',#6071,#1423);
#897=LINE('',#6074,#1424);
#898=LINE('',#6076,#1425);
#899=LINE('',#6077,#1426);
#900=LINE('',#6080,#1427);
#901=LINE('',#6082,#1428);
#902=LINE('',#6083,#1429);
#903=LINE('',#6085,#1430);
#904=LINE('',#6086,#1431);
#905=LINE('',#6088,#1432);
#906=LINE('',#6089,#1433);
#907=LINE('',#6092,#1434);
#908=LINE('',#6094,#1435);
#909=LINE('',#6095,#1436);
#910=LINE('',#6097,#1437);
#911=LINE('',#6103,#1438);
#912=LINE('',#6106,#1439);
#913=LINE('',#6108,#1440);
#914=LINE('',#6109,#1441);
#915=LINE('',#6112,#1442);
#916=LINE('',#6114,#1443);
#917=LINE('',#6115,#1444);
#918=LINE('',#6117,#1445);
#919=LINE('',#6118,#1446);
#920=LINE('',#6120,#1447);
#921=LINE('',#6126,#1448);
#922=LINE('',#6130,#1449);
#923=LINE('',#6135,#1450);
#924=LINE('',#6139,#1451);
#925=LINE('',#6144,#1452);
#926=LINE('',#6148,#1453);
#927=LINE('',#6153,#1454);
#928=LINE('',#6157,#1455);
#929=LINE('',#6159,#1456);
#930=LINE('',#6160,#1457);
#931=LINE('',#6162,#1458);
#932=LINE('',#6165,#1459);
#933=LINE('',#6168,#1460);
#934=LINE('',#6169,#1461);
#935=LINE('',#6171,#1462);
#936=LINE('',#6174,#1463);
#937=LINE('',#6176,#1464);
#938=LINE('',#6179,#1465);
#939=LINE('',#6183,#1466);
#940=LINE('',#6184,#1467);
#941=LINE('',#6187,#1468);
#942=LINE('',#6189,#1469);
#943=LINE('',#6191,#1470);
#944=LINE('',#6193,#1471);
#945=LINE('',#6195,#1472);
#946=LINE('',#6197,#1473);
#947=LINE('',#6199,#1474);
#948=LINE('',#6201,#1475);
#949=LINE('',#6202,#1476);
#950=LINE('',#6204,#1477);
#951=LINE('',#6205,#1478);
#952=LINE('',#6207,#1479);
#953=LINE('',#6208,#1480);
#954=LINE('',#6211,#1481);
#955=LINE('',#6213,#1482);
#956=LINE('',#6214,#1483);
#957=LINE('',#6217,#1484);
#958=LINE('',#6219,#1485);
#959=LINE('',#6220,#1486);
#960=LINE('',#6223,#1487);
#961=LINE('',#6225,#1488);
#962=LINE('',#6226,#1489);
#963=LINE('',#6229,#1490);
#964=LINE('',#6231,#1491);
#965=LINE('',#6232,#1492);
#966=LINE('',#6235,#1493);
#967=LINE('',#6237,#1494);
#968=LINE('',#6238,#1495);
#969=LINE('',#6241,#1496);
#970=LINE('',#6242,#1497);
#971=LINE('',#6244,#1498);
#972=LINE('',#6247,#1499);
#973=LINE('',#6248,#1500);
#974=LINE('',#6251,#1501);
#975=LINE('',#6253,#1502);
#976=LINE('',#6254,#1503);
#977=LINE('',#6257,#1504);
#978=LINE('',#6258,#1505);
#979=LINE('',#6260,#1506);
#980=LINE('',#6263,#1507);
#981=LINE('',#6265,#1508);
#982=LINE('',#6266,#1509);
#983=LINE('',#6269,#1510);
#984=LINE('',#6270,#1511);
#985=LINE('',#6272,#1512);
#986=LINE('',#6275,#1513);
#987=LINE('',#6276,#1514);
#988=LINE('',#6279,#1515);
#989=LINE('',#6280,#1516);
#990=LINE('',#6282,#1517);
#991=LINE('',#6285,#1518);
#992=LINE('',#6286,#1519);
#993=LINE('',#6288,#1520);
#994=LINE('',#6291,#1521);
#995=LINE('',#6293,#1522);
#996=LINE('',#6294,#1523);
#997=LINE('',#6297,#1524);
#998=LINE('',#6298,#1525);
#999=LINE('',#6300,#1526);
#1000=LINE('',#6303,#1527);
#1001=LINE('',#6305,#1528);
#1002=LINE('',#6306,#1529);
#1003=LINE('',#6309,#1530);
#1004=LINE('',#6311,#1531);
#1005=LINE('',#6312,#1532);
#1006=LINE('',#6313,#1533);
#1007=LINE('',#6314,#1534);
#1008=LINE('',#6317,#1535);
#1009=LINE('',#6319,#1536);
#1010=LINE('',#6320,#1537);
#1011=LINE('',#6323,#1538);
#1012=LINE('',#6325,#1539);
#1013=LINE('',#6326,#1540);
#1014=LINE('',#6328,#1541);
#1015=LINE('',#6329,#1542);
#1016=LINE('',#6333,#1543);
#1017=LINE('',#6336,#1544);
#1018=LINE('',#6340,#1545);
#1019=LINE('',#6344,#1546);
#1020=LINE('',#6349,#1547);
#1021=LINE('',#6351,#1548);
#1022=LINE('',#6353,#1549);
#1023=LINE('',#6354,#1550);
#1024=LINE('',#6357,#1551);
#1025=LINE('',#6359,#1552);
#1026=LINE('',#6360,#1553);
#1027=LINE('',#6363,#1554);
#1028=LINE('',#6365,#1555);
#1029=LINE('',#6366,#1556);
#1030=LINE('',#6369,#1557);
#1031=LINE('',#6371,#1558);
#1032=LINE('',#6372,#1559);
#1033=LINE('',#6375,#1560);
#1034=LINE('',#6377,#1561);
#1035=LINE('',#6378,#1562);
#1036=LINE('',#6380,#1563);
#1037=LINE('',#6381,#1564);
#1038=LINE('',#6388,#1565);
#1039=LINE('',#6390,#1566);
#1040=LINE('',#6392,#1567);
#1041=LINE('',#6393,#1568);
#1042=LINE('',#6396,#1569);
#1043=LINE('',#6398,#1570);
#1044=LINE('',#6399,#1571);
#1045=LINE('',#6402,#1572);
#1046=LINE('',#6404,#1573);
#1047=LINE('',#6405,#1574);
#1048=LINE('',#6408,#1575);
#1049=LINE('',#6410,#1576);
#1050=LINE('',#6411,#1577);
#1051=LINE('',#6414,#1578);
#1052=LINE('',#6416,#1579);
#1053=LINE('',#6417,#1580);
#1054=LINE('',#6419,#1581);
#1055=LINE('',#6420,#1582);
#1056=LINE('',#6426,#1583);
#1057=LINE('',#6430,#1584);
#1058=LINE('',#6434,#1585);
#1059=LINE('',#6436,#1586);
#1060=LINE('',#6438,#1587);
#1061=LINE('',#6440,#1588);
#1062=LINE('',#6441,#1589);
#1063=LINE('',#6444,#1590);
#1064=LINE('',#6445,#1591);
#1065=LINE('',#6448,#1592);
#1066=LINE('',#6450,#1593);
#1067=LINE('',#6452,#1594);
#1068=LINE('',#6453,#1595);
#1069=LINE('',#6455,#1596);
#1070=LINE('',#6458,#1597);
#1071=LINE('',#6462,#1598);
#1072=LINE('',#6466,#1599);
#1073=LINE('',#6470,#1600);
#1074=LINE('',#6474,#1601);
#1075=LINE('',#6478,#1602);
#1076=LINE('',#6482,#1603);
#1077=LINE('',#6486,#1604);
#1078=LINE('',#6490,#1605);
#1079=LINE('',#6494,#1606);
#1080=LINE('',#6498,#1607);
#1081=LINE('',#6502,#1608);
#1082=LINE('',#6506,#1609);
#1083=LINE('',#6510,#1610);
#1084=LINE('',#6514,#1611);
#1085=LINE('',#6518,#1612);
#1086=LINE('',#6522,#1613);
#1087=LINE('',#6526,#1614);
#1088=LINE('',#6530,#1615);
#1089=LINE('',#6533,#1616);
#1090=LINE('',#6536,#1617);
#1091=LINE('',#6537,#1618);
#1092=LINE('',#6540,#1619);
#1093=LINE('',#6543,#1620);
#1094=LINE('',#6549,#1621);
#1095=LINE('',#6551,#1622);
#1096=LINE('',#6553,#1623);
#1097=LINE('',#6560,#1624);
#1098=LINE('',#6565,#1625);
#1099=LINE('',#6567,#1626);
#1100=LINE('',#6568,#1627);
#1101=LINE('',#6572,#1628);
#1102=LINE('',#6574,#1629);
#1103=LINE('',#6576,#1630);
#1104=LINE('',#6578,#1631);
#1105=LINE('',#6579,#1632);
#1106=LINE('',#6583,#1633);
#1107=LINE('',#6584,#1634);
#1108=LINE('',#6586,#1635);
#1109=LINE('',#6587,#1636);
#1110=LINE('',#6590,#1637);
#1111=LINE('',#6592,#1638);
#1112=LINE('',#6593,#1639);
#1113=LINE('',#6595,#1640);
#1114=LINE('',#6597,#1641);
#1115=LINE('',#6598,#1642);
#1116=LINE('',#6601,#1643);
#1117=LINE('',#6603,#1644);
#1118=LINE('',#6604,#1645);
#1119=LINE('',#6606,#1646);
#1120=LINE('',#6607,#1647);
#1121=LINE('',#6610,#1648);
#1122=LINE('',#6613,#1649);
#1123=LINE('',#6615,#1650);
#1124=LINE('',#6616,#1651);
#1125=LINE('',#6619,#1652);
#1126=LINE('',#6621,#1653);
#1127=LINE('',#6622,#1654);
#1128=LINE('',#6625,#1655);
#1129=LINE('',#6627,#1656);
#1130=LINE('',#6628,#1657);
#1131=LINE('',#6631,#1658);
#1132=LINE('',#6633,#1659);
#1133=LINE('',#6634,#1660);
#1134=LINE('',#6636,#1661);
#1135=LINE('',#6637,#1662);
#1136=LINE('',#6642,#1663);
#1137=LINE('',#6647,#1664);
#1138=LINE('',#6649,#1665);
#1139=LINE('',#6650,#1666);
#1140=LINE('',#6654,#1667);
#1141=LINE('',#6656,#1668);
#1142=LINE('',#6657,#1669);
#1143=LINE('',#6660,#1670);
#1144=LINE('',#6662,#1671);
#1145=LINE('',#6664,#1672);
#1146=LINE('',#6665,#1673);
#1147=LINE('',#6668,#1674);
#1148=LINE('',#6670,#1675);
#1149=LINE('',#6671,#1676);
#1150=LINE('',#6674,#1677);
#1151=LINE('',#6676,#1678);
#1152=LINE('',#6677,#1679);
#1153=LINE('',#6680,#1680);
#1154=LINE('',#6681,#1681);
#1155=LINE('',#6682,#1682);
#1156=LINE('',#6685,#1683);
#1157=LINE('',#6687,#1684);
#1158=LINE('',#6688,#1685);
#1159=LINE('',#6690,#1686);
#1160=LINE('',#6691,#1687);
#1161=LINE('',#6695,#1688);
#1162=LINE('',#6697,#1689);
#1163=LINE('',#6698,#1690);
#1164=LINE('',#6701,#1691);
#1165=LINE('',#6703,#1692);
#1166=LINE('',#6705,#1693);
#1167=LINE('',#6706,#1694);
#1168=LINE('',#6709,#1695);
#1169=LINE('',#6711,#1696);
#1170=LINE('',#6713,#1697);
#1171=LINE('',#6714,#1698);
#1172=LINE('',#6716,#1699);
#1173=LINE('',#6718,#1700);
#1174=LINE('',#6719,#1701);
#1175=LINE('',#6723,#1702);
#1176=LINE('',#6725,#1703);
#1177=LINE('',#6727,#1704);
#1178=LINE('',#6728,#1705);
#1179=LINE('',#6731,#1706);
#1180=LINE('',#6733,#1707);
#1181=LINE('',#6734,#1708);
#1182=LINE('',#6737,#1709);
#1183=LINE('',#6739,#1710);
#1184=LINE('',#6740,#1711);
#1185=LINE('',#6742,#1712);
#1186=LINE('',#6743,#1713);
#1187=LINE('',#6747,#1714);
#1188=LINE('',#6749,#1715);
#1189=LINE('',#6751,#1716);
#1190=LINE('',#6752,#1717);
#1191=LINE('',#6755,#1718);
#1192=LINE('',#6757,#1719);
#1193=LINE('',#6758,#1720);
#1194=LINE('',#6761,#1721);
#1195=LINE('',#6763,#1722);
#1196=LINE('',#6764,#1723);
#1197=LINE('',#6766,#1724);
#1198=LINE('',#6767,#1725);
#1199=LINE('',#6771,#1726);
#1200=LINE('',#6773,#1727);
#1201=LINE('',#6775,#1728);
#1202=LINE('',#6776,#1729);
#1203=LINE('',#6779,#1730);
#1204=LINE('',#6781,#1731);
#1205=LINE('',#6782,#1732);
#1206=LINE('',#6785,#1733);
#1207=LINE('',#6787,#1734);
#1208=LINE('',#6788,#1735);
#1209=LINE('',#6790,#1736);
#1210=LINE('',#6791,#1737);
#1211=LINE('',#6795,#1738);
#1212=LINE('',#6797,#1739);
#1213=LINE('',#6799,#1740);
#1214=LINE('',#6800,#1741);
#1215=LINE('',#6803,#1742);
#1216=LINE('',#6805,#1743);
#1217=LINE('',#6806,#1744);
#1218=LINE('',#6809,#1745);
#1219=LINE('',#6811,#1746);
#1220=LINE('',#6812,#1747);
#1221=LINE('',#6814,#1748);
#1222=LINE('',#6815,#1749);
#1223=LINE('',#6819,#1750);
#1224=LINE('',#6821,#1751);
#1225=LINE('',#6823,#1752);
#1226=LINE('',#6824,#1753);
#1227=LINE('',#6827,#1754);
#1228=LINE('',#6829,#1755);
#1229=LINE('',#6830,#1756);
#1230=LINE('',#6833,#1757);
#1231=LINE('',#6835,#1758);
#1232=LINE('',#6836,#1759);
#1233=LINE('',#6838,#1760);
#1234=LINE('',#6839,#1761);
#1235=LINE('',#6843,#1762);
#1236=LINE('',#6845,#1763);
#1237=LINE('',#6847,#1764);
#1238=LINE('',#6848,#1765);
#1239=LINE('',#6851,#1766);
#1240=LINE('',#6853,#1767);
#1241=LINE('',#6854,#1768);
#1242=LINE('',#6857,#1769);
#1243=LINE('',#6859,#1770);
#1244=LINE('',#6860,#1771);
#1245=LINE('',#6862,#1772);
#1246=LINE('',#6863,#1773);
#1247=LINE('',#6867,#1774);
#1248=LINE('',#6869,#1775);
#1249=LINE('',#6871,#1776);
#1250=LINE('',#6872,#1777);
#1251=LINE('',#6875,#1778);
#1252=LINE('',#6877,#1779);
#1253=LINE('',#6878,#1780);
#1254=LINE('',#6881,#1781);
#1255=LINE('',#6883,#1782);
#1256=LINE('',#6884,#1783);
#1257=LINE('',#6886,#1784);
#1258=LINE('',#6887,#1785);
#1259=LINE('',#6891,#1786);
#1260=LINE('',#6893,#1787);
#1261=LINE('',#6895,#1788);
#1262=LINE('',#6896,#1789);
#1263=LINE('',#6899,#1790);
#1264=LINE('',#6901,#1791);
#1265=LINE('',#6902,#1792);
#1266=LINE('',#6905,#1793);
#1267=LINE('',#6907,#1794);
#1268=LINE('',#6908,#1795);
#1269=LINE('',#6910,#1796);
#1270=LINE('',#6911,#1797);
#1271=LINE('',#6915,#1798);
#1272=LINE('',#6917,#1799);
#1273=LINE('',#6919,#1800);
#1274=LINE('',#6920,#1801);
#1275=LINE('',#6923,#1802);
#1276=LINE('',#6925,#1803);
#1277=LINE('',#6926,#1804);
#1278=LINE('',#6929,#1805);
#1279=LINE('',#6931,#1806);
#1280=LINE('',#6932,#1807);
#1281=LINE('',#6934,#1808);
#1282=LINE('',#6935,#1809);
#1283=LINE('',#6939,#1810);
#1284=LINE('',#6941,#1811);
#1285=LINE('',#6943,#1812);
#1286=LINE('',#6944,#1813);
#1287=LINE('',#6947,#1814);
#1288=LINE('',#6949,#1815);
#1289=LINE('',#6950,#1816);
#1290=LINE('',#6953,#1817);
#1291=LINE('',#6955,#1818);
#1292=LINE('',#6956,#1819);
#1293=LINE('',#6958,#1820);
#1294=LINE('',#6959,#1821);
#1295=LINE('',#6964,#1822);
#1296=LINE('',#6970,#1823);
#1297=LINE('',#6976,#1824);
#1298=LINE('',#6982,#1825);
#1299=LINE('',#6987,#1826);
#1300=LINE('',#6989,#1827);
#1301=LINE('',#6991,#1828);
#1302=LINE('',#6992,#1829);
#1303=LINE('',#6995,#1830);
#1304=LINE('',#6997,#1831);
#1305=LINE('',#6998,#1832);
#1306=LINE('',#7001,#1833);
#1307=LINE('',#7003,#1834);
#1308=LINE('',#7004,#1835);
#1309=LINE('',#7006,#1836);
#1310=LINE('',#7007,#1837);
#1311=VECTOR('',#4715,10.);
#1312=VECTOR('',#4716,10.);
#1313=VECTOR('',#4717,10.);
#1314=VECTOR('',#4718,10.);
#1315=VECTOR('',#4721,10.);
#1316=VECTOR('',#4722,10.);
#1317=VECTOR('',#4723,10.);
#1318=VECTOR('',#4724,10.);
#1319=VECTOR('',#4727,10.);
#1320=VECTOR('',#4728,10.);
#1321=VECTOR('',#4729,10.);
#1322=VECTOR('',#4732,10.);
#1323=VECTOR('',#4733,10.);
#1324=VECTOR('',#4734,10.);
#1325=VECTOR('',#4735,10.);
#1326=VECTOR('',#4738,10.);
#1327=VECTOR('',#4739,10.);
#1328=VECTOR('',#4740,10.);
#1329=VECTOR('',#4741,10.);
#1330=VECTOR('',#4744,10.);
#1331=VECTOR('',#4745,10.);
#1332=VECTOR('',#4746,10.);
#1333=VECTOR('',#4749,10.);
#1334=VECTOR('',#4750,10.);
#1335=VECTOR('',#4751,10.);
#1336=VECTOR('',#4752,10.);
#1337=VECTOR('',#4753,10.);
#1338=VECTOR('',#4754,10.);
#1339=VECTOR('',#4755,10.);
#1340=VECTOR('',#4756,10.);
#1341=VECTOR('',#4757,10.);
#1342=VECTOR('',#4758,10.);
#1343=VECTOR('',#4759,10.);
#1344=VECTOR('',#4760,10.);
#1345=VECTOR('',#4761,10.);
#1346=VECTOR('',#4762,10.);
#1347=VECTOR('',#4763,10.);
#1348=VECTOR('',#4764,10.);
#1349=VECTOR('',#4765,10.);
#1350=VECTOR('',#4766,10.);
#1351=VECTOR('',#4767,10.);
#1352=VECTOR('',#4768,10.);
#1353=VECTOR('',#4769,10.);
#1354=VECTOR('',#4770,10.);
#1355=VECTOR('',#4771,10.);
#1356=VECTOR('',#4772,10.);
#1357=VECTOR('',#4773,10.);
#1358=VECTOR('',#4774,10.);
#1359=VECTOR('',#4775,10.);
#1360=VECTOR('',#4776,10.);
#1361=VECTOR('',#4777,10.);
#1362=VECTOR('',#4778,10.);
#1363=VECTOR('',#4779,10.);
#1364=VECTOR('',#4782,10.);
#1365=VECTOR('',#4783,10.);
#1366=VECTOR('',#4784,10.);
#1367=VECTOR('',#4787,10.);
#1368=VECTOR('',#4788,10.);
#1369=VECTOR('',#4791,10.);
#1370=VECTOR('',#4792,10.);
#1371=VECTOR('',#4793,10.);
#1372=VECTOR('',#4796,10.);
#1373=VECTOR('',#4797,10.);
#1374=VECTOR('',#4798,10.);
#1375=VECTOR('',#4801,10.);
#1376=VECTOR('',#4802,10.);
#1377=VECTOR('',#4805,10.);
#1378=VECTOR('',#4808,10.);
#1379=VECTOR('',#4809,10.);
#1380=VECTOR('',#4812,10.);
#1381=VECTOR('',#4813,10.);
#1382=VECTOR('',#4814,10.);
#1383=VECTOR('',#4815,10.);
#1384=VECTOR('',#4816,10.);
#1385=VECTOR('',#4817,10.);
#1386=VECTOR('',#4818,10.);
#1387=VECTOR('',#4819,10.);
#1388=VECTOR('',#4820,10.);
#1389=VECTOR('',#4821,10.);
#1390=VECTOR('',#4822,10.);
#1391=VECTOR('',#4823,10.);
#1392=VECTOR('',#4824,10.);
#1393=VECTOR('',#4825,10.);
#1394=VECTOR('',#4826,10.);
#1395=VECTOR('',#4827,10.);
#1396=VECTOR('',#4828,10.);
#1397=VECTOR('',#4829,10.);
#1398=VECTOR('',#4830,10.);
#1399=VECTOR('',#4831,10.);
#1400=VECTOR('',#4832,10.);
#1401=VECTOR('',#4833,10.);
#1402=VECTOR('',#4834,10.);
#1403=VECTOR('',#4835,10.);
#1404=VECTOR('',#4836,10.);
#1405=VECTOR('',#4837,10.);
#1406=VECTOR('',#4838,10.);
#1407=VECTOR('',#4839,10.);
#1408=VECTOR('',#4840,10.);
#1409=VECTOR('',#4841,10.);
#1410=VECTOR('',#4842,10.);
#1411=VECTOR('',#4843,10.);
#1412=VECTOR('',#4854,10.);
#1413=VECTOR('',#4857,10.);
#1414=VECTOR('',#4894,10.);
#1415=VECTOR('',#4895,10.);
#1416=VECTOR('',#4896,10.);
#1417=VECTOR('',#4897,10.);
#1418=VECTOR('',#4898,10.);
#1419=VECTOR('',#4899,10.);
#1420=VECTOR('',#4900,10.);
#1421=VECTOR('',#4901,10.);
#1422=VECTOR('',#4902,10.);
#1423=VECTOR('',#4903,10.);
#1424=VECTOR('',#4906,10.);
#1425=VECTOR('',#4907,10.);
#1426=VECTOR('',#4908,10.);
#1427=VECTOR('',#4909,10.);
#1428=VECTOR('',#4910,10.);
#1429=VECTOR('',#4911,10.);
#1430=VECTOR('',#4912,10.);
#1431=VECTOR('',#4913,10.);
#1432=VECTOR('',#4914,10.);
#1433=VECTOR('',#4915,10.);
#1434=VECTOR('',#4916,10.);
#1435=VECTOR('',#4917,10.);
#1436=VECTOR('',#4918,10.);
#1437=VECTOR('',#4921,10.);
#1438=VECTOR('',#4926,10.);
#1439=VECTOR('',#4929,10.);
#1440=VECTOR('',#4932,10.);
#1441=VECTOR('',#4933,10.);
#1442=VECTOR('',#4936,10.);
#1443=VECTOR('',#4937,10.);
#1444=VECTOR('',#4938,10.);
#1445=VECTOR('',#4941,10.);
#1446=VECTOR('',#4942,10.);
#1447=VECTOR('',#4945,10.);
#1448=VECTOR('',#4952,0.9);
#1449=VECTOR('',#4957,1.8);
#1450=VECTOR('',#4962,0.9);
#1451=VECTOR('',#4967,1.8);
#1452=VECTOR('',#4972,0.9);
#1453=VECTOR('',#4977,1.8);
#1454=VECTOR('',#4982,0.9);
#1455=VECTOR('',#4987,1.8);
#1456=VECTOR('',#4990,10.);
#1457=VECTOR('',#4991,10.);
#1458=VECTOR('',#4994,10.);
#1459=VECTOR('',#4999,10.);
#1460=VECTOR('',#5004,10.);
#1461=VECTOR('',#5005,10.);
#1462=VECTOR('',#5008,10.);
#1463=VECTOR('',#5013,10.);
#1464=VECTOR('',#5016,10.);
#1465=VECTOR('',#5021,10.);
#1466=VECTOR('',#5028,10.);
#1467=VECTOR('',#5029,10.);
#1468=VECTOR('',#5032,10.);
#1469=VECTOR('',#5033,10.);
#1470=VECTOR('',#5034,10.);
#1471=VECTOR('',#5035,10.);
#1472=VECTOR('',#5036,10.);
#1473=VECTOR('',#5037,10.);
#1474=VECTOR('',#5038,10.);
#1475=VECTOR('',#5039,10.);
#1476=VECTOR('',#5040,10.);
#1477=VECTOR('',#5041,10.);
#1478=VECTOR('',#5042,10.);
#1479=VECTOR('',#5043,10.);
#1480=VECTOR('',#5044,10.);
#1481=VECTOR('',#5045,10.);
#1482=VECTOR('',#5046,10.);
#1483=VECTOR('',#5047,10.);
#1484=VECTOR('',#5048,10.);
#1485=VECTOR('',#5049,10.);
#1486=VECTOR('',#5050,10.);
#1487=VECTOR('',#5051,10.);
#1488=VECTOR('',#5052,10.);
#1489=VECTOR('',#5053,10.);
#1490=VECTOR('',#5054,10.);
#1491=VECTOR('',#5055,10.);
#1492=VECTOR('',#5056,10.);
#1493=VECTOR('',#5059,10.);
#1494=VECTOR('',#5060,10.);
#1495=VECTOR('',#5061,10.);
#1496=VECTOR('',#5064,10.);
#1497=VECTOR('',#5065,10.);
#1498=VECTOR('',#5068,10.);
#1499=VECTOR('',#5071,10.);
#1500=VECTOR('',#5072,10.);
#1501=VECTOR('',#5075,10.);
#1502=VECTOR('',#5076,10.);
#1503=VECTOR('',#5077,10.);
#1504=VECTOR('',#5080,10.);
#1505=VECTOR('',#5081,10.);
#1506=VECTOR('',#5084,10.);
#1507=VECTOR('',#5087,10.);
#1508=VECTOR('',#5088,10.);
#1509=VECTOR('',#5089,10.);
#1510=VECTOR('',#5092,10.);
#1511=VECTOR('',#5093,10.);
#1512=VECTOR('',#5096,10.);
#1513=VECTOR('',#5099,10.);
#1514=VECTOR('',#5100,10.);
#1515=VECTOR('',#5103,10.);
#1516=VECTOR('',#5104,10.);
#1517=VECTOR('',#5107,10.);
#1518=VECTOR('',#5110,10.);
#1519=VECTOR('',#5111,10.);
#1520=VECTOR('',#5114,10.);
#1521=VECTOR('',#5117,10.);
#1522=VECTOR('',#5118,10.);
#1523=VECTOR('',#5119,10.);
#1524=VECTOR('',#5122,10.);
#1525=VECTOR('',#5123,10.);
#1526=VECTOR('',#5126,10.);
#1527=VECTOR('',#5129,10.);
#1528=VECTOR('',#5130,10.);
#1529=VECTOR('',#5131,10.);
#1530=VECTOR('',#5134,10.);
#1531=VECTOR('',#5135,10.);
#1532=VECTOR('',#5136,10.);
#1533=VECTOR('',#5137,10.);
#1534=VECTOR('',#5138,10.);
#1535=VECTOR('',#5141,10.);
#1536=VECTOR('',#5142,10.);
#1537=VECTOR('',#5143,10.);
#1538=VECTOR('',#5146,10.);
#1539=VECTOR('',#5147,10.);
#1540=VECTOR('',#5148,10.);
#1541=VECTOR('',#5151,10.);
#1542=VECTOR('',#5152,10.);
#1543=VECTOR('',#5159,10.);
#1544=VECTOR('',#5162,1.62500000000001);
#1545=VECTOR('',#5167,1.25);
#1546=VECTOR('',#5172,1.25);
#1547=VECTOR('',#5177,10.);
#1548=VECTOR('',#5178,10.);
#1549=VECTOR('',#5179,10.);
#1550=VECTOR('',#5180,10.);
#1551=VECTOR('',#5183,10.);
#1552=VECTOR('',#5184,10.);
#1553=VECTOR('',#5185,10.);
#1554=VECTOR('',#5188,10.);
#1555=VECTOR('',#5189,10.);
#1556=VECTOR('',#5190,10.);
#1557=VECTOR('',#5193,10.);
#1558=VECTOR('',#5194,10.);
#1559=VECTOR('',#5195,10.);
#1560=VECTOR('',#5198,10.);
#1561=VECTOR('',#5199,10.);
#1562=VECTOR('',#5200,10.);
#1563=VECTOR('',#5203,10.);
#1564=VECTOR('',#5204,10.);
#1565=VECTOR('',#5211,10.);
#1566=VECTOR('',#5212,10.);
#1567=VECTOR('',#5213,10.);
#1568=VECTOR('',#5214,10.);
#1569=VECTOR('',#5217,10.);
#1570=VECTOR('',#5218,10.);
#1571=VECTOR('',#5219,10.);
#1572=VECTOR('',#5222,10.);
#1573=VECTOR('',#5223,10.);
#1574=VECTOR('',#5224,10.);
#1575=VECTOR('',#5227,10.);
#1576=VECTOR('',#5228,10.);
#1577=VECTOR('',#5229,10.);
#1578=VECTOR('',#5232,10.);
#1579=VECTOR('',#5233,10.);
#1580=VECTOR('',#5234,10.);
#1581=VECTOR('',#5237,10.);
#1582=VECTOR('',#5238,10.);
#1583=VECTOR('',#5245,2.125);
#1584=VECTOR('',#5250,2.125);
#1585=VECTOR('',#5255,10.);
#1586=VECTOR('',#5256,10.);
#1587=VECTOR('',#5257,10.);
#1588=VECTOR('',#5258,10.);
#1589=VECTOR('',#5259,10.);
#1590=VECTOR('',#5262,10.);
#1591=VECTOR('',#5263,10.);
#1592=VECTOR('',#5266,10.);
#1593=VECTOR('',#5267,10.);
#1594=VECTOR('',#5268,10.);
#1595=VECTOR('',#5269,10.);
#1596=VECTOR('',#5272,10.);
#1597=VECTOR('',#5275,1.625);
#1598=VECTOR('',#5280,1.625);
#1599=VECTOR('',#5285,1.625);
#1600=VECTOR('',#5290,1.625);
#1601=VECTOR('',#5295,1.625);
#1602=VECTOR('',#5300,1.625);
#1603=VECTOR('',#5305,1.625);
#1604=VECTOR('',#5310,1.625);
#1605=VECTOR('',#5315,1.625);
#1606=VECTOR('',#5320,1.625);
#1607=VECTOR('',#5325,1.625);
#1608=VECTOR('',#5330,1.625);
#1609=VECTOR('',#5335,1.625);
#1610=VECTOR('',#5340,1.625);
#1611=VECTOR('',#5345,1.625);
#1612=VECTOR('',#5350,1.625);
#1613=VECTOR('',#5355,1.625);
#1614=VECTOR('',#5360,1.625);
#1615=VECTOR('',#5365,10.);
#1616=VECTOR('',#5368,10.);
#1617=VECTOR('',#5371,10.);
#1618=VECTOR('',#5372,10.);
#1619=VECTOR('',#5375,10.);
#1620=VECTOR('',#5380,10.);
#1621=VECTOR('',#5391,10.);
#1622=VECTOR('',#5394,10.);
#1623=VECTOR('',#5397,10.);
#1624=VECTOR('',#5406,1.25);
#1625=VECTOR('',#5411,10.);
#1626=VECTOR('',#5412,10.);
#1627=VECTOR('',#5413,10.);
#1628=VECTOR('',#5416,10.);
#1629=VECTOR('',#5417,10.);
#1630=VECTOR('',#5418,10.);
#1631=VECTOR('',#5419,10.);
#1632=VECTOR('',#5420,10.);
#1633=VECTOR('',#5423,10.);
#1634=VECTOR('',#5424,10.);
#1635=VECTOR('',#5425,10.);
#1636=VECTOR('',#5426,10.);
#1637=VECTOR('',#5429,10.);
#1638=VECTOR('',#5430,10.);
#1639=VECTOR('',#5431,10.);
#1640=VECTOR('',#5434,10.);
#1641=VECTOR('',#5435,10.);
#1642=VECTOR('',#5436,10.);
#1643=VECTOR('',#5439,10.);
#1644=VECTOR('',#5440,10.);
#1645=VECTOR('',#5441,10.);
#1646=VECTOR('',#5444,10.);
#1647=VECTOR('',#5445,10.);
#1648=VECTOR('',#5450,10.);
#1649=VECTOR('',#5453,10.);
#1650=VECTOR('',#5454,10.);
#1651=VECTOR('',#5455,10.);
#1652=VECTOR('',#5458,10.);
#1653=VECTOR('',#5459,10.);
#1654=VECTOR('',#5460,10.);
#1655=VECTOR('',#5463,10.);
#1656=VECTOR('',#5464,10.);
#1657=VECTOR('',#5465,10.);
#1658=VECTOR('',#5468,10.);
#1659=VECTOR('',#5469,10.);
#1660=VECTOR('',#5470,10.);
#1661=VECTOR('',#5473,10.);
#1662=VECTOR('',#5474,10.);
#1663=VECTOR('',#5479,1.25);
#1664=VECTOR('',#5484,10.);
#1665=VECTOR('',#5485,10.);
#1666=VECTOR('',#5486,10.);
#1667=VECTOR('',#5489,10.);
#1668=VECTOR('',#5490,10.);
#1669=VECTOR('',#5491,10.);
#1670=VECTOR('',#5494,10.);
#1671=VECTOR('',#5495,10.);
#1672=VECTOR('',#5496,10.);
#1673=VECTOR('',#5497,10.);
#1674=VECTOR('',#5500,10.);
#1675=VECTOR('',#5501,10.);
#1676=VECTOR('',#5502,10.);
#1677=VECTOR('',#5505,10.);
#1678=VECTOR('',#5506,10.);
#1679=VECTOR('',#5507,10.);
#1680=VECTOR('',#5510,10.);
#1681=VECTOR('',#5511,10.);
#1682=VECTOR('',#5512,10.);
#1683=VECTOR('',#5515,10.);
#1684=VECTOR('',#5516,10.);
#1685=VECTOR('',#5517,10.);
#1686=VECTOR('',#5520,10.);
#1687=VECTOR('',#5521,10.);
#1688=VECTOR('',#5526,10.);
#1689=VECTOR('',#5527,10.);
#1690=VECTOR('',#5528,10.);
#1691=VECTOR('',#5531,10.);
#1692=VECTOR('',#5532,10.);
#1693=VECTOR('',#5533,10.);
#1694=VECTOR('',#5534,10.);
#1695=VECTOR('',#5537,10.);
#1696=VECTOR('',#5538,10.);
#1697=VECTOR('',#5539,10.);
#1698=VECTOR('',#5540,10.);
#1699=VECTOR('',#5543,10.);
#1700=VECTOR('',#5546,10.);
#1701=VECTOR('',#5547,10.);
#1702=VECTOR('',#5550,10.);
#1703=VECTOR('',#5551,10.);
#1704=VECTOR('',#5552,10.);
#1705=VECTOR('',#5553,10.);
#1706=VECTOR('',#5556,10.);
#1707=VECTOR('',#5557,10.);
#1708=VECTOR('',#5558,10.);
#1709=VECTOR('',#5561,10.);
#1710=VECTOR('',#5562,10.);
#1711=VECTOR('',#5563,10.);
#1712=VECTOR('',#5566,10.);
#1713=VECTOR('',#5567,10.);
#1714=VECTOR('',#5570,10.);
#1715=VECTOR('',#5571,10.);
#1716=VECTOR('',#5572,10.);
#1717=VECTOR('',#5573,10.);
#1718=VECTOR('',#5576,10.);
#1719=VECTOR('',#5577,10.);
#1720=VECTOR('',#5578,10.);
#1721=VECTOR('',#5581,10.);
#1722=VECTOR('',#5582,10.);
#1723=VECTOR('',#5583,10.);
#1724=VECTOR('',#5586,10.);
#1725=VECTOR('',#5587,10.);
#1726=VECTOR('',#5590,10.);
#1727=VECTOR('',#5591,10.);
#1728=VECTOR('',#5592,10.);
#1729=VECTOR('',#5593,10.);
#1730=VECTOR('',#5596,10.);
#1731=VECTOR('',#5597,10.);
#1732=VECTOR('',#5598,10.);
#1733=VECTOR('',#5601,10.);
#1734=VECTOR('',#5602,10.);
#1735=VECTOR('',#5603,10.);
#1736=VECTOR('',#5606,10.);
#1737=VECTOR('',#5607,10.);
#1738=VECTOR('',#5610,10.);
#1739=VECTOR('',#5611,10.);
#1740=VECTOR('',#5612,10.);
#1741=VECTOR('',#5613,10.);
#1742=VECTOR('',#5616,10.);
#1743=VECTOR('',#5617,10.);
#1744=VECTOR('',#5618,10.);
#1745=VECTOR('',#5621,10.);
#1746=VECTOR('',#5622,10.);
#1747=VECTOR('',#5623,10.);
#1748=VECTOR('',#5626,10.);
#1749=VECTOR('',#5627,10.);
#1750=VECTOR('',#5630,10.);
#1751=VECTOR('',#5631,10.);
#1752=VECTOR('',#5632,10.);
#1753=VECTOR('',#5633,10.);
#1754=VECTOR('',#5636,10.);
#1755=VECTOR('',#5637,10.);
#1756=VECTOR('',#5638,10.);
#1757=VECTOR('',#5641,10.);
#1758=VECTOR('',#5642,10.);
#1759=VECTOR('',#5643,10.);
#1760=VECTOR('',#5646,10.);
#1761=VECTOR('',#5647,10.);
#1762=VECTOR('',#5650,10.);
#1763=VECTOR('',#5651,10.);
#1764=VECTOR('',#5652,10.);
#1765=VECTOR('',#5653,10.);
#1766=VECTOR('',#5656,10.);
#1767=VECTOR('',#5657,10.);
#1768=VECTOR('',#5658,10.);
#1769=VECTOR('',#5661,10.);
#1770=VECTOR('',#5662,10.);
#1771=VECTOR('',#5663,10.);
#1772=VECTOR('',#5666,10.);
#1773=VECTOR('',#5667,10.);
#1774=VECTOR('',#5670,10.);
#1775=VECTOR('',#5671,10.);
#1776=VECTOR('',#5672,10.);
#1777=VECTOR('',#5673,10.);
#1778=VECTOR('',#5676,10.);
#1779=VECTOR('',#5677,10.);
#1780=VECTOR('',#5678,10.);
#1781=VECTOR('',#5681,10.);
#1782=VECTOR('',#5682,10.);
#1783=VECTOR('',#5683,10.);
#1784=VECTOR('',#5686,10.);
#1785=VECTOR('',#5687,10.);
#1786=VECTOR('',#5690,10.);
#1787=VECTOR('',#5691,10.);
#1788=VECTOR('',#5692,10.);
#1789=VECTOR('',#5693,10.);
#1790=VECTOR('',#5696,10.);
#1791=VECTOR('',#5697,10.);
#1792=VECTOR('',#5698,10.);
#1793=VECTOR('',#5701,10.);
#1794=VECTOR('',#5702,10.);
#1795=VECTOR('',#5703,10.);
#1796=VECTOR('',#5706,10.);
#1797=VECTOR('',#5707,10.);
#1798=VECTOR('',#5710,10.);
#1799=VECTOR('',#5711,10.);
#1800=VECTOR('',#5712,10.);
#1801=VECTOR('',#5713,10.);
#1802=VECTOR('',#5716,10.);
#1803=VECTOR('',#5717,10.);
#1804=VECTOR('',#5718,10.);
#1805=VECTOR('',#5721,10.);
#1806=VECTOR('',#5722,10.);
#1807=VECTOR('',#5723,10.);
#1808=VECTOR('',#5726,10.);
#1809=VECTOR('',#5727,10.);
#1810=VECTOR('',#5730,10.);
#1811=VECTOR('',#5731,10.);
#1812=VECTOR('',#5732,10.);
#1813=VECTOR('',#5733,10.);
#1814=VECTOR('',#5736,10.);
#1815=VECTOR('',#5737,10.);
#1816=VECTOR('',#5738,10.);
#1817=VECTOR('',#5741,10.);
#1818=VECTOR('',#5742,10.);
#1819=VECTOR('',#5743,10.);
#1820=VECTOR('',#5746,10.);
#1821=VECTOR('',#5747,10.);
#1822=VECTOR('',#5752,1.25);
#1823=VECTOR('',#5759,1.25);
#1824=VECTOR('',#5766,1.25);
#1825=VECTOR('',#5773,1.25);
#1826=VECTOR('',#5778,10.);
#1827=VECTOR('',#5779,10.);
#1828=VECTOR('',#5780,10.);
#1829=VECTOR('',#5781,10.);
#1830=VECTOR('',#5784,10.);
#1831=VECTOR('',#5785,10.);
#1832=VECTOR('',#5786,10.);
#1833=VECTOR('',#5789,10.);
#1834=VECTOR('',#5790,10.);
#1835=VECTOR('',#5791,10.);
#1836=VECTOR('',#5794,10.);
#1837=VECTOR('',#5795,10.);
#1838=VERTEX_POINT('',#5802);
#1839=VERTEX_POINT('',#5803);
#1840=VERTEX_POINT('',#5805);
#1841=VERTEX_POINT('',#5807);
#1842=VERTEX_POINT('',#5811);
#1843=VERTEX_POINT('',#5812);
#1844=VERTEX_POINT('',#5814);
#1845=VERTEX_POINT('',#5816);
#1846=VERTEX_POINT('',#5820);
#1847=VERTEX_POINT('',#5822);
#1848=VERTEX_POINT('',#5826);
#1849=VERTEX_POINT('',#5827);
#1850=VERTEX_POINT('',#5829);
#1851=VERTEX_POINT('',#5831);
#1852=VERTEX_POINT('',#5835);
#1853=VERTEX_POINT('',#5836);
#1854=VERTEX_POINT('',#5838);
#1855=VERTEX_POINT('',#5840);
#1856=VERTEX_POINT('',#5844);
#1857=VERTEX_POINT('',#5846);
#1858=VERTEX_POINT('',#5850);
#1859=VERTEX_POINT('',#5852);
#1860=VERTEX_POINT('',#5854);
#1861=VERTEX_POINT('',#5856);
#1862=VERTEX_POINT('',#5858);
#1863=VERTEX_POINT('',#5860);
#1864=VERTEX_POINT('',#5862);
#1865=VERTEX_POINT('',#5864);
#1866=VERTEX_POINT('',#5866);
#1867=VERTEX_POINT('',#5868);
#1868=VERTEX_POINT('',#5870);
#1869=VERTEX_POINT('',#5872);
#1870=VERTEX_POINT('',#5874);
#1871=VERTEX_POINT('',#5876);
#1872=VERTEX_POINT('',#5878);
#1873=VERTEX_POINT('',#5880);
#1874=VERTEX_POINT('',#5882);
#1875=VERTEX_POINT('',#5884);
#1876=VERTEX_POINT('',#5886);
#1877=VERTEX_POINT('',#5890);
#1878=VERTEX_POINT('',#5893);
#1879=VERTEX_POINT('',#5894);
#1880=VERTEX_POINT('',#5896);
#1881=VERTEX_POINT('',#5899);
#1882=VERTEX_POINT('',#5900);
#1883=VERTEX_POINT('',#5902);
#1884=VERTEX_POINT('',#5905);
#1885=VERTEX_POINT('',#5906);
#1886=VERTEX_POINT('',#5908);
#1887=VERTEX_POINT('',#5911);
#1888=VERTEX_POINT('',#5913);
#1889=VERTEX_POINT('',#5917);
#1890=VERTEX_POINT('',#5921);
#1891=VERTEX_POINT('',#5922);
#1892=VERTEX_POINT('',#5927);
#1893=VERTEX_POINT('',#5928);
#1894=VERTEX_POINT('',#5933);
#1895=VERTEX_POINT('',#5939);
#1896=VERTEX_POINT('',#5943);
#1897=VERTEX_POINT('',#5946);
#1898=VERTEX_POINT('',#5948);
#1899=VERTEX_POINT('',#5951);
#1900=VERTEX_POINT('',#5953);
#1901=VERTEX_POINT('',#5955);
#1902=VERTEX_POINT('',#5957);
#1903=VERTEX_POINT('',#5959);
#1904=VERTEX_POINT('',#5961);
#1905=VERTEX_POINT('',#5963);
#1906=VERTEX_POINT('',#5965);
#1907=VERTEX_POINT('',#5967);
#1908=VERTEX_POINT('',#5969);
#1909=VERTEX_POINT('',#5971);
#1910=VERTEX_POINT('',#5973);
#1911=VERTEX_POINT('',#5975);
#1912=VERTEX_POINT('',#5977);
#1913=VERTEX_POINT('',#5979);
#1914=VERTEX_POINT('',#5981);
#1915=VERTEX_POINT('',#5983);
#1916=VERTEX_POINT('',#5985);
#1917=VERTEX_POINT('',#5987);
#1918=VERTEX_POINT('',#5989);
#1919=VERTEX_POINT('',#5991);
#1920=VERTEX_POINT('',#5993);
#1921=VERTEX_POINT('',#5995);
#1922=VERTEX_POINT('',#5997);
#1923=VERTEX_POINT('',#5999);
#1924=VERTEX_POINT('',#6003);
#1925=VERTEX_POINT('',#6005);
#1926=VERTEX_POINT('',#6007);
#1927=VERTEX_POINT('',#6009);
#1928=VERTEX_POINT('',#6011);
#1929=VERTEX_POINT('',#6013);
#1930=VERTEX_POINT('',#6014);
#1931=VERTEX_POINT('',#6016);
#1932=VERTEX_POINT('',#6018);
#1933=VERTEX_POINT('',#6021);
#1934=VERTEX_POINT('',#6023);
#1935=VERTEX_POINT('',#6025);
#1936=VERTEX_POINT('',#6027);
#1937=VERTEX_POINT('',#6029);
#1938=VERTEX_POINT('',#6031);
#1939=VERTEX_POINT('',#6033);
#1940=VERTEX_POINT('',#6035);
#1941=VERTEX_POINT('',#6037);
#1942=VERTEX_POINT('',#6039);
#1943=VERTEX_POINT('',#6041);
#1944=VERTEX_POINT('',#6043);
#1945=VERTEX_POINT('',#6045);
#1946=VERTEX_POINT('',#6047);
#1947=VERTEX_POINT('',#6049);
#1948=VERTEX_POINT('',#6051);
#1949=VERTEX_POINT('',#6054);
#1950=VERTEX_POINT('',#6055);
#1951=VERTEX_POINT('',#6057);
#1952=VERTEX_POINT('',#6059);
#1953=VERTEX_POINT('',#6062);
#1954=VERTEX_POINT('',#6065);
#1955=VERTEX_POINT('',#6069);
#1956=VERTEX_POINT('',#6070);
#1957=VERTEX_POINT('',#6072);
#1958=VERTEX_POINT('',#6075);
#1959=VERTEX_POINT('',#6078);
#1960=VERTEX_POINT('',#6079);
#1961=VERTEX_POINT('',#6081);
#1962=VERTEX_POINT('',#6084);
#1963=VERTEX_POINT('',#6087);
#1964=VERTEX_POINT('',#6090);
#1965=VERTEX_POINT('',#6091);
#1966=VERTEX_POINT('',#6093);
#1967=VERTEX_POINT('',#6099);
#1968=VERTEX_POINT('',#6100);
#1969=VERTEX_POINT('',#6102);
#1970=VERTEX_POINT('',#6104);
#1971=VERTEX_POINT('',#6111);
#1972=VERTEX_POINT('',#6113);
#1973=VERTEX_POINT('',#6123);
#1974=VERTEX_POINT('',#6125);
#1975=VERTEX_POINT('',#6128);
#1976=VERTEX_POINT('',#6132);
#1977=VERTEX_POINT('',#6134);
#1978=VERTEX_POINT('',#6137);
#1979=VERTEX_POINT('',#6141);
#1980=VERTEX_POINT('',#6143);
#1981=VERTEX_POINT('',#6146);
#1982=VERTEX_POINT('',#6150);
#1983=VERTEX_POINT('',#6152);
#1984=VERTEX_POINT('',#6155);
#1985=VERTEX_POINT('',#6186);
#1986=VERTEX_POINT('',#6188);
#1987=VERTEX_POINT('',#6190);
#1988=VERTEX_POINT('',#6192);
#1989=VERTEX_POINT('',#6194);
#1990=VERTEX_POINT('',#6196);
#1991=VERTEX_POINT('',#6198);
#1992=VERTEX_POINT('',#6200);
#1993=VERTEX_POINT('',#6203);
#1994=VERTEX_POINT('',#6206);
#1995=VERTEX_POINT('',#6209);
#1996=VERTEX_POINT('',#6210);
#1997=VERTEX_POINT('',#6212);
#1998=VERTEX_POINT('',#6215);
#1999=VERTEX_POINT('',#6216);
#2000=VERTEX_POINT('',#6218);
#2001=VERTEX_POINT('',#6221);
#2002=VERTEX_POINT('',#6222);
#2003=VERTEX_POINT('',#6224);
#2004=VERTEX_POINT('',#6227);
#2005=VERTEX_POINT('',#6228);
#2006=VERTEX_POINT('',#6230);
#2007=VERTEX_POINT('',#6234);
#2008=VERTEX_POINT('',#6236);
#2009=VERTEX_POINT('',#6240);
#2010=VERTEX_POINT('',#6246);
#2011=VERTEX_POINT('',#6250);
#2012=VERTEX_POINT('',#6252);
#2013=VERTEX_POINT('',#6256);
#2014=VERTEX_POINT('',#6262);
#2015=VERTEX_POINT('',#6264);
#2016=VERTEX_POINT('',#6268);
#2017=VERTEX_POINT('',#6274);
#2018=VERTEX_POINT('',#6278);
#2019=VERTEX_POINT('',#6284);
#2020=VERTEX_POINT('',#6290);
#2021=VERTEX_POINT('',#6292);
#2022=VERTEX_POINT('',#6296);
#2023=VERTEX_POINT('',#6302);
#2024=VERTEX_POINT('',#6304);
#2025=VERTEX_POINT('',#6308);
#2026=VERTEX_POINT('',#6310);
#2027=VERTEX_POINT('',#6316);
#2028=VERTEX_POINT('',#6318);
#2029=VERTEX_POINT('',#6322);
#2030=VERTEX_POINT('',#6324);
#2031=VERTEX_POINT('',#6335);
#2032=VERTEX_POINT('',#6339);
#2033=VERTEX_POINT('',#6343);
#2034=VERTEX_POINT('',#6347);
#2035=VERTEX_POINT('',#6348);
#2036=VERTEX_POINT('',#6350);
#2037=VERTEX_POINT('',#6352);
#2038=VERTEX_POINT('',#6356);
#2039=VERTEX_POINT('',#6358);
#2040=VERTEX_POINT('',#6362);
#2041=VERTEX_POINT('',#6364);
#2042=VERTEX_POINT('',#6368);
#2043=VERTEX_POINT('',#6370);
#2044=VERTEX_POINT('',#6374);
#2045=VERTEX_POINT('',#6376);
#2046=VERTEX_POINT('',#6383);
#2047=VERTEX_POINT('',#6386);
#2048=VERTEX_POINT('',#6387);
#2049=VERTEX_POINT('',#6389);
#2050=VERTEX_POINT('',#6391);
#2051=VERTEX_POINT('',#6395);
#2052=VERTEX_POINT('',#6397);
#2053=VERTEX_POINT('',#6401);
#2054=VERTEX_POINT('',#6403);
#2055=VERTEX_POINT('',#6407);
#2056=VERTEX_POINT('',#6409);
#2057=VERTEX_POINT('',#6413);
#2058=VERTEX_POINT('',#6415);
#2059=VERTEX_POINT('',#6422);
#2060=VERTEX_POINT('',#6425);
#2061=VERTEX_POINT('',#6429);
#2062=VERTEX_POINT('',#6433);
#2063=VERTEX_POINT('',#6435);
#2064=VERTEX_POINT('',#6437);
#2065=VERTEX_POINT('',#6439);
#2066=VERTEX_POINT('',#6443);
#2067=VERTEX_POINT('',#6447);
#2068=VERTEX_POINT('',#6449);
#2069=VERTEX_POINT('',#6451);
#2070=VERTEX_POINT('',#6457);
#2071=VERTEX_POINT('',#6461);
#2072=VERTEX_POINT('',#6465);
#2073=VERTEX_POINT('',#6469);
#2074=VERTEX_POINT('',#6473);
#2075=VERTEX_POINT('',#6477);
#2076=VERTEX_POINT('',#6481);
#2077=VERTEX_POINT('',#6485);
#2078=VERTEX_POINT('',#6489);
#2079=VERTEX_POINT('',#6493);
#2080=VERTEX_POINT('',#6497);
#2081=VERTEX_POINT('',#6501);
#2082=VERTEX_POINT('',#6505);
#2083=VERTEX_POINT('',#6509);
#2084=VERTEX_POINT('',#6513);
#2085=VERTEX_POINT('',#6517);
#2086=VERTEX_POINT('',#6521);
#2087=VERTEX_POINT('',#6525);
#2088=VERTEX_POINT('',#6529);
#2089=VERTEX_POINT('',#6531);
#2090=VERTEX_POINT('',#6535);
#2091=VERTEX_POINT('',#6539);
#2092=VERTEX_POINT('',#6557);
#2093=VERTEX_POINT('',#6559);
#2094=VERTEX_POINT('',#6563);
#2095=VERTEX_POINT('',#6564);
#2096=VERTEX_POINT('',#6566);
#2097=VERTEX_POINT('',#6570);
#2098=VERTEX_POINT('',#6571);
#2099=VERTEX_POINT('',#6573);
#2100=VERTEX_POINT('',#6575);
#2101=VERTEX_POINT('',#6577);
#2102=VERTEX_POINT('',#6581);
#2103=VERTEX_POINT('',#6582);
#2104=VERTEX_POINT('',#6585);
#2105=VERTEX_POINT('',#6589);
#2106=VERTEX_POINT('',#6591);
#2107=VERTEX_POINT('',#6596);
#2108=VERTEX_POINT('',#6600);
#2109=VERTEX_POINT('',#6602);
#2110=VERTEX_POINT('',#6612);
#2111=VERTEX_POINT('',#6614);
#2112=VERTEX_POINT('',#6618);
#2113=VERTEX_POINT('',#6620);
#2114=VERTEX_POINT('',#6624);
#2115=VERTEX_POINT('',#6626);
#2116=VERTEX_POINT('',#6630);
#2117=VERTEX_POINT('',#6632);
#2118=VERTEX_POINT('',#6639);
#2119=VERTEX_POINT('',#6641);
#2120=VERTEX_POINT('',#6645);
#2121=VERTEX_POINT('',#6646);
#2122=VERTEX_POINT('',#6648);
#2123=VERTEX_POINT('',#6652);
#2124=VERTEX_POINT('',#6653);
#2125=VERTEX_POINT('',#6655);
#2126=VERTEX_POINT('',#6659);
#2127=VERTEX_POINT('',#6661);
#2128=VERTEX_POINT('',#6663);
#2129=VERTEX_POINT('',#6667);
#2130=VERTEX_POINT('',#6669);
#2131=VERTEX_POINT('',#6673);
#2132=VERTEX_POINT('',#6675);
#2133=VERTEX_POINT('',#6679);
#2134=VERTEX_POINT('',#6684);
#2135=VERTEX_POINT('',#6686);
#2136=VERTEX_POINT('',#6694);
#2137=VERTEX_POINT('',#6696);
#2138=VERTEX_POINT('',#6700);
#2139=VERTEX_POINT('',#6702);
#2140=VERTEX_POINT('',#6704);
#2141=VERTEX_POINT('',#6708);
#2142=VERTEX_POINT('',#6710);
#2143=VERTEX_POINT('',#6712);
#2144=VERTEX_POINT('',#6721);
#2145=VERTEX_POINT('',#6722);
#2146=VERTEX_POINT('',#6724);
#2147=VERTEX_POINT('',#6726);
#2148=VERTEX_POINT('',#6730);
#2149=VERTEX_POINT('',#6732);
#2150=VERTEX_POINT('',#6736);
#2151=VERTEX_POINT('',#6738);
#2152=VERTEX_POINT('',#6745);
#2153=VERTEX_POINT('',#6746);
#2154=VERTEX_POINT('',#6748);
#2155=VERTEX_POINT('',#6750);
#2156=VERTEX_POINT('',#6754);
#2157=VERTEX_POINT('',#6756);
#2158=VERTEX_POINT('',#6760);
#2159=VERTEX_POINT('',#6762);
#2160=VERTEX_POINT('',#6769);
#2161=VERTEX_POINT('',#6770);
#2162=VERTEX_POINT('',#6772);
#2163=VERTEX_POINT('',#6774);
#2164=VERTEX_POINT('',#6778);
#2165=VERTEX_POINT('',#6780);
#2166=VERTEX_POINT('',#6784);
#2167=VERTEX_POINT('',#6786);
#2168=VERTEX_POINT('',#6793);
#2169=VERTEX_POINT('',#6794);
#2170=VERTEX_POINT('',#6796);
#2171=VERTEX_POINT('',#6798);
#2172=VERTEX_POINT('',#6802);
#2173=VERTEX_POINT('',#6804);
#2174=VERTEX_POINT('',#6808);
#2175=VERTEX_POINT('',#6810);
#2176=VERTEX_POINT('',#6817);
#2177=VERTEX_POINT('',#6818);
#2178=VERTEX_POINT('',#6820);
#2179=VERTEX_POINT('',#6822);
#2180=VERTEX_POINT('',#6826);
#2181=VERTEX_POINT('',#6828);
#2182=VERTEX_POINT('',#6832);
#2183=VERTEX_POINT('',#6834);
#2184=VERTEX_POINT('',#6841);
#2185=VERTEX_POINT('',#6842);
#2186=VERTEX_POINT('',#6844);
#2187=VERTEX_POINT('',#6846);
#2188=VERTEX_POINT('',#6850);
#2189=VERTEX_POINT('',#6852);
#2190=VERTEX_POINT('',#6856);
#2191=VERTEX_POINT('',#6858);
#2192=VERTEX_POINT('',#6865);
#2193=VERTEX_POINT('',#6866);
#2194=VERTEX_POINT('',#6868);
#2195=VERTEX_POINT('',#6870);
#2196=VERTEX_POINT('',#6874);
#2197=VERTEX_POINT('',#6876);
#2198=VERTEX_POINT('',#6880);
#2199=VERTEX_POINT('',#6882);
#2200=VERTEX_POINT('',#6889);
#2201=VERTEX_POINT('',#6890);
#2202=VERTEX_POINT('',#6892);
#2203=VERTEX_POINT('',#6894);
#2204=VERTEX_POINT('',#6898);
#2205=VERTEX_POINT('',#6900);
#2206=VERTEX_POINT('',#6904);
#2207=VERTEX_POINT('',#6906);
#2208=VERTEX_POINT('',#6913);
#2209=VERTEX_POINT('',#6914);
#2210=VERTEX_POINT('',#6916);
#2211=VERTEX_POINT('',#6918);
#2212=VERTEX_POINT('',#6922);
#2213=VERTEX_POINT('',#6924);
#2214=VERTEX_POINT('',#6928);
#2215=VERTEX_POINT('',#6930);
#2216=VERTEX_POINT('',#6937);
#2217=VERTEX_POINT('',#6938);
#2218=VERTEX_POINT('',#6940);
#2219=VERTEX_POINT('',#6942);
#2220=VERTEX_POINT('',#6946);
#2221=VERTEX_POINT('',#6948);
#2222=VERTEX_POINT('',#6952);
#2223=VERTEX_POINT('',#6954);
#2224=VERTEX_POINT('',#6961);
#2225=VERTEX_POINT('',#6963);
#2226=VERTEX_POINT('',#6967);
#2227=VERTEX_POINT('',#6969);
#2228=VERTEX_POINT('',#6973);
#2229=VERTEX_POINT('',#6975);
#2230=VERTEX_POINT('',#6979);
#2231=VERTEX_POINT('',#6981);
#2232=VERTEX_POINT('',#6985);
#2233=VERTEX_POINT('',#6986);
#2234=VERTEX_POINT('',#6988);
#2235=VERTEX_POINT('',#6990);
#2236=VERTEX_POINT('',#6994);
#2237=VERTEX_POINT('',#6996);
#2238=VERTEX_POINT('',#7000);
#2239=VERTEX_POINT('',#7002);
#2240=EDGE_CURVE('',#1838,#1839,#784,.T.);
#2241=EDGE_CURVE('',#1838,#1840,#785,.T.);
#2242=EDGE_CURVE('',#1841,#1840,#786,.T.);
#2243=EDGE_CURVE('',#1839,#1841,#787,.T.);
#2244=EDGE_CURVE('',#1842,#1843,#788,.T.);
#2245=EDGE_CURVE('',#1844,#1843,#789,.T.);
#2246=EDGE_CURVE('',#1845,#1844,#790,.T.);
#2247=EDGE_CURVE('',#1842,#1845,#791,.T.);
#2248=EDGE_CURVE('',#1846,#1842,#792,.T.);
#2249=EDGE_CURVE('',#1847,#1845,#793,.T.);
#2250=EDGE_CURVE('',#1846,#1847,#794,.T.);
#2251=EDGE_CURVE('',#1848,#1849,#795,.T.);
#2252=EDGE_CURVE('',#1850,#1848,#796,.T.);
#2253=EDGE_CURVE('',#1851,#1850,#797,.T.);
#2254=EDGE_CURVE('',#1851,#1849,#798,.T.);
#2255=EDGE_CURVE('',#1852,#1853,#799,.T.);
#2256=EDGE_CURVE('',#1852,#1854,#800,.T.);
#2257=EDGE_CURVE('',#1855,#1854,#801,.T.);
#2258=EDGE_CURVE('',#1853,#1855,#802,.T.);
#2259=EDGE_CURVE('',#1856,#1853,#803,.T.);
#2260=EDGE_CURVE('',#1856,#1857,#804,.T.);
#2261=EDGE_CURVE('',#1857,#1852,#805,.T.);
#2262=EDGE_CURVE('',#1840,#1858,#806,.T.);
#2263=EDGE_CURVE('',#1858,#1859,#807,.T.);
#2264=EDGE_CURVE('',#1860,#1859,#808,.T.);
#2265=EDGE_CURVE('',#1860,#1861,#809,.T.);
#2266=EDGE_CURVE('',#1861,#1862,#810,.T.);
#2267=EDGE_CURVE('',#1862,#1863,#811,.T.);
#2268=EDGE_CURVE('',#1863,#1864,#812,.T.);
#2269=EDGE_CURVE('',#1864,#1865,#813,.T.);
#2270=EDGE_CURVE('',#1865,#1866,#814,.T.);
#2271=EDGE_CURVE('',#1867,#1866,#815,.T.);
#2272=EDGE_CURVE('',#1867,#1868,#816,.T.);
#2273=EDGE_CURVE('',#1868,#1869,#817,.T.);
#2274=EDGE_CURVE('',#1869,#1870,#818,.T.);
#2275=EDGE_CURVE('',#1870,#1871,#819,.T.);
#2276=EDGE_CURVE('',#1871,#1872,#820,.T.);
#2277=EDGE_CURVE('',#1872,#1873,#821,.T.);
#2278=EDGE_CURVE('',#1873,#1874,#822,.T.);
#2279=EDGE_CURVE('',#1874,#1875,#823,.T.);
#2280=EDGE_CURVE('',#1875,#1876,#824,.T.);
#2281=EDGE_CURVE('',#1876,#1847,#825,.T.);
#2282=EDGE_CURVE('',#1841,#1844,#826,.T.);
#2283=EDGE_CURVE('',#1855,#1877,#827,.T.);
#2284=EDGE_CURVE('',#1877,#1856,#828,.T.);
#2285=EDGE_CURVE('',#1878,#1879,#829,.T.);
#2286=EDGE_CURVE('',#1879,#1880,#830,.T.);
#2287=EDGE_CURVE('',#1880,#1878,#831,.T.);
#2288=EDGE_CURVE('',#1881,#1882,#832,.T.);
#2289=EDGE_CURVE('',#1882,#1883,#833,.T.);
#2290=EDGE_CURVE('',#1883,#1881,#834,.T.);
#2291=EDGE_CURVE('',#1884,#1885,#835,.T.);
#2292=EDGE_CURVE('',#1885,#1886,#836,.T.);
#2293=EDGE_CURVE('',#1886,#1884,#60,.T.);
#2294=EDGE_CURVE('',#1848,#1887,#837,.T.);
#2295=EDGE_CURVE('',#1887,#1888,#838,.T.);
#2296=EDGE_CURVE('',#1888,#1850,#839,.T.);
#2297=EDGE_CURVE('',#1849,#1889,#840,.T.);
#2298=EDGE_CURVE('',#1887,#1889,#841,.T.);
#2299=EDGE_CURVE('',#1890,#1891,#842,.T.);
#2300=EDGE_CURVE('',#1859,#1890,#843,.T.);
#2301=EDGE_CURVE('',#1891,#1858,#844,.T.);
#2302=EDGE_CURVE('',#1892,#1893,#845,.T.);
#2303=EDGE_CURVE('',#1862,#1893,#846,.T.);
#2304=EDGE_CURVE('',#1892,#1861,#847,.T.);
#2305=EDGE_CURVE('',#1894,#1892,#848,.T.);
#2306=EDGE_CURVE('',#1894,#1860,#849,.T.);
#2307=EDGE_CURVE('',#1891,#1838,#850,.T.);
#2308=EDGE_CURVE('',#1854,#1895,#851,.T.);
#2309=EDGE_CURVE('',#1877,#1895,#852,.T.);
#2310=EDGE_CURVE('',#1843,#1896,#853,.T.);
#2311=EDGE_CURVE('',#1875,#1896,#854,.T.);
#2312=EDGE_CURVE('',#1874,#1897,#855,.T.);
#2313=EDGE_CURVE('',#1897,#1898,#856,.T.);
#2314=EDGE_CURVE('',#1872,#1898,#857,.T.);
#2315=EDGE_CURVE('',#1871,#1899,#858,.T.);
#2316=EDGE_CURVE('',#1899,#1900,#859,.T.);
#2317=EDGE_CURVE('',#1901,#1900,#860,.T.);
#2318=EDGE_CURVE('',#1902,#1901,#861,.T.);
#2319=EDGE_CURVE('',#1903,#1902,#862,.T.);
#2320=EDGE_CURVE('',#1903,#1904,#863,.T.);
#2321=EDGE_CURVE('',#1905,#1904,#864,.T.);
#2322=EDGE_CURVE('',#1906,#1905,#865,.T.);
#2323=EDGE_CURVE('',#1907,#1906,#866,.T.);
#2324=EDGE_CURVE('',#1908,#1907,#867,.T.);
#2325=EDGE_CURVE('',#1908,#1909,#868,.T.);
#2326=EDGE_CURVE('',#1910,#1909,#869,.T.);
#2327=EDGE_CURVE('',#1911,#1910,#870,.T.);
#2328=EDGE_CURVE('',#1912,#1911,#871,.T.);
#2329=EDGE_CURVE('',#1912,#1913,#872,.T.);
#2330=EDGE_CURVE('',#1914,#1913,#873,.T.);
#2331=EDGE_CURVE('',#1915,#1914,#874,.T.);
#2332=EDGE_CURVE('',#1916,#1915,#875,.T.);
#2333=EDGE_CURVE('',#1916,#1917,#876,.T.);
#2334=EDGE_CURVE('',#1918,#1917,#877,.T.);
#2335=EDGE_CURVE('',#1919,#1918,#878,.T.);
#2336=EDGE_CURVE('',#1919,#1920,#879,.T.);
#2337=EDGE_CURVE('',#1920,#1921,#880,.T.);
#2338=EDGE_CURVE('',#1921,#1922,#881,.T.);
#2339=EDGE_CURVE('',#1923,#1922,#882,.T.);
#2340=EDGE_CURVE('',#1923,#1894,#883,.T.);
#2341=EDGE_CURVE('',#1890,#1839,#884,.T.);
#2342=EDGE_CURVE('',#1924,#1924,#61,.T.);
#2343=EDGE_CURVE('',#1925,#1925,#62,.T.);
#2344=EDGE_CURVE('',#1926,#1926,#63,.T.);
#2345=EDGE_CURVE('',#1927,#1927,#64,.T.);
#2346=EDGE_CURVE('',#1928,#1928,#65,.T.);
#2347=EDGE_CURVE('',#1929,#1930,#885,.T.);
#2348=EDGE_CURVE('',#1931,#1930,#66,.T.);
#2349=EDGE_CURVE('',#1931,#1932,#886,.T.);
#2350=EDGE_CURVE('',#1929,#1932,#67,.T.);
#2351=EDGE_CURVE('',#1933,#1933,#68,.T.);
#2352=EDGE_CURVE('',#1934,#1934,#69,.T.);
#2353=EDGE_CURVE('',#1935,#1935,#70,.T.);
#2354=EDGE_CURVE('',#1936,#1936,#71,.T.);
#2355=EDGE_CURVE('',#1937,#1937,#72,.T.);
#2356=EDGE_CURVE('',#1938,#1938,#73,.T.);
#2357=EDGE_CURVE('',#1939,#1939,#74,.T.);
#2358=EDGE_CURVE('',#1940,#1940,#75,.T.);
#2359=EDGE_CURVE('',#1941,#1941,#76,.T.);
#2360=EDGE_CURVE('',#1942,#1942,#77,.T.);
#2361=EDGE_CURVE('',#1943,#1943,#78,.T.);
#2362=EDGE_CURVE('',#1944,#1944,#79,.T.);
#2363=EDGE_CURVE('',#1945,#1945,#80,.T.);
#2364=EDGE_CURVE('',#1946,#1946,#81,.T.);
#2365=EDGE_CURVE('',#1947,#1947,#82,.T.);
#2366=EDGE_CURVE('',#1948,#1948,#83,.T.);
#2367=EDGE_CURVE('',#1949,#1950,#887,.T.);
#2368=EDGE_CURVE('',#1951,#1949,#888,.T.);
#2369=EDGE_CURVE('',#1952,#1951,#889,.T.);
#2370=EDGE_CURVE('',#1950,#1952,#890,.T.);
#2371=EDGE_CURVE('',#1953,#1846,#891,.T.);
#2372=EDGE_CURVE('',#1896,#1953,#892,.T.);
#2373=EDGE_CURVE('',#1954,#1851,#893,.T.);
#2374=EDGE_CURVE('',#1889,#1954,#894,.T.);
#2375=EDGE_CURVE('',#1895,#1857,#895,.T.);
#2376=EDGE_CURVE('',#1955,#1956,#896,.T.);
#2377=EDGE_CURVE('',#1956,#1957,#84,.T.);
#2378=EDGE_CURVE('',#1957,#1955,#897,.T.);
#2379=EDGE_CURVE('',#1898,#1958,#898,.T.);
#2380=EDGE_CURVE('',#1958,#1897,#899,.T.);
#2381=EDGE_CURVE('',#1959,#1960,#900,.T.);
#2382=EDGE_CURVE('',#1961,#1959,#901,.T.);
#2383=EDGE_CURVE('',#1960,#1961,#902,.T.);
#2384=EDGE_CURVE('',#1962,#1923,#903,.T.);
#2385=EDGE_CURVE('',#1893,#1962,#904,.T.);
#2386=EDGE_CURVE('',#1963,#1899,#905,.T.);
#2387=EDGE_CURVE('',#1900,#1963,#906,.T.);
#2388=EDGE_CURVE('',#1964,#1965,#907,.T.);
#2389=EDGE_CURVE('',#1966,#1964,#908,.T.);
#2390=EDGE_CURVE('',#1965,#1966,#909,.T.);
#2391=EDGE_CURVE('',#1888,#1954,#910,.T.);
#2392=EDGE_CURVE('',#1967,#1968,#85,.T.);
#2393=EDGE_CURVE('',#1969,#1967,#911,.T.);
#2394=EDGE_CURVE('',#1970,#1969,#86,.T.);
#2395=EDGE_CURVE('',#1968,#1970,#912,.T.);
#2396=EDGE_CURVE('',#1957,#1886,#913,.T.);
#2397=EDGE_CURVE('',#1884,#1956,#914,.T.);
#2398=EDGE_CURVE('',#1968,#1971,#915,.T.);
#2399=EDGE_CURVE('',#1972,#1970,#916,.T.);
#2400=EDGE_CURVE('',#1972,#1971,#917,.T.);
#2401=EDGE_CURVE('',#1971,#1967,#918,.T.);
#2402=EDGE_CURVE('',#1969,#1972,#919,.T.);
#2403=EDGE_CURVE('',#1885,#1955,#920,.T.);
#2404=EDGE_CURVE('',#1973,#1973,#87,.T.);
#2405=EDGE_CURVE('',#1973,#1974,#921,.T.);
#2406=EDGE_CURVE('',#1975,#1975,#88,.T.);
#2407=EDGE_CURVE('',#1975,#1973,#922,.T.);
#2408=EDGE_CURVE('',#1976,#1976,#89,.T.);
#2409=EDGE_CURVE('',#1976,#1977,#923,.T.);
#2410=EDGE_CURVE('',#1978,#1978,#90,.T.);
#2411=EDGE_CURVE('',#1978,#1976,#924,.T.);
#2412=EDGE_CURVE('',#1979,#1979,#91,.T.);
#2413=EDGE_CURVE('',#1979,#1980,#925,.T.);
#2414=EDGE_CURVE('',#1981,#1981,#92,.T.);
#2415=EDGE_CURVE('',#1981,#1979,#926,.T.);
#2416=EDGE_CURVE('',#1982,#1982,#93,.T.);
#2417=EDGE_CURVE('',#1982,#1983,#927,.T.);
#2418=EDGE_CURVE('',#1984,#1984,#94,.T.);
#2419=EDGE_CURVE('',#1984,#1982,#928,.T.);
#2420=EDGE_CURVE('',#1883,#1966,#929,.T.);
#2421=EDGE_CURVE('',#1881,#1964,#930,.T.);
#2422=EDGE_CURVE('',#1882,#1965,#931,.T.);
#2423=EDGE_CURVE('',#1870,#1963,#932,.T.);
#2424=EDGE_CURVE('',#1880,#1961,#933,.T.);
#2425=EDGE_CURVE('',#1878,#1959,#934,.T.);
#2426=EDGE_CURVE('',#1879,#1960,#935,.T.);
#2427=EDGE_CURVE('',#1863,#1962,#936,.T.);
#2428=EDGE_CURVE('',#1873,#1958,#937,.T.);
#2429=EDGE_CURVE('',#1876,#1953,#938,.T.);
#2430=EDGE_CURVE('',#1866,#1951,#939,.T.);
#2431=EDGE_CURVE('',#1867,#1949,#940,.T.);
#2432=EDGE_CURVE('',#1985,#1907,#941,.T.);
#2433=EDGE_CURVE('',#1985,#1986,#942,.T.);
#2434=EDGE_CURVE('',#1986,#1987,#943,.T.);
#2435=EDGE_CURVE('',#1988,#1987,#944,.T.);
#2436=EDGE_CURVE('',#1988,#1989,#945,.T.);
#2437=EDGE_CURVE('',#1990,#1989,#946,.T.);
#2438=EDGE_CURVE('',#1990,#1991,#947,.T.);
#2439=EDGE_CURVE('',#1991,#1992,#948,.T.);
#2440=EDGE_CURVE('',#1916,#1992,#949,.T.);
#2441=EDGE_CURVE('',#1993,#1915,#950,.T.);
#2442=EDGE_CURVE('',#1912,#1993,#951,.T.);
#2443=EDGE_CURVE('',#1994,#1911,#952,.T.);
#2444=EDGE_CURVE('',#1908,#1994,#953,.T.);
#2445=EDGE_CURVE('',#1995,#1996,#954,.T.);
#2446=EDGE_CURVE('',#1997,#1995,#955,.T.);
#2447=EDGE_CURVE('',#1996,#1997,#956,.T.);
#2448=EDGE_CURVE('',#1998,#1999,#957,.T.);
#2449=EDGE_CURVE('',#2000,#1998,#958,.T.);
#2450=EDGE_CURVE('',#1999,#2000,#959,.T.);
#2451=EDGE_CURVE('',#2001,#2002,#960,.T.);
#2452=EDGE_CURVE('',#2003,#2001,#961,.T.);
#2453=EDGE_CURVE('',#2002,#2003,#962,.T.);
#2454=EDGE_CURVE('',#2004,#2005,#963,.T.);
#2455=EDGE_CURVE('',#2006,#2004,#964,.T.);
#2456=EDGE_CURVE('',#2005,#2006,#965,.T.);
#2457=EDGE_CURVE('',#1995,#2007,#966,.T.);
#2458=EDGE_CURVE('',#2008,#2007,#967,.T.);
#2459=EDGE_CURVE('',#1997,#2008,#968,.T.);
#2460=EDGE_CURVE('',#2009,#2008,#969,.T.);
#2461=EDGE_CURVE('',#1996,#2009,#970,.T.);
#2462=EDGE_CURVE('',#2007,#2009,#971,.T.);
#2463=EDGE_CURVE('',#2010,#1906,#972,.T.);
#2464=EDGE_CURVE('',#1985,#2010,#973,.T.);
#2465=EDGE_CURVE('',#1998,#2011,#974,.T.);
#2466=EDGE_CURVE('',#2012,#2011,#975,.T.);
#2467=EDGE_CURVE('',#2000,#2012,#976,.T.);
#2468=EDGE_CURVE('',#2013,#2012,#977,.T.);
#2469=EDGE_CURVE('',#1999,#2013,#978,.T.);
#2470=EDGE_CURVE('',#2011,#2013,#979,.T.);
#2471=EDGE_CURVE('',#2001,#2014,#980,.T.);
#2472=EDGE_CURVE('',#2015,#2014,#981,.T.);
#2473=EDGE_CURVE('',#2003,#2015,#982,.T.);
#2474=EDGE_CURVE('',#2016,#2015,#983,.T.);
#2475=EDGE_CURVE('',#2002,#2016,#984,.T.);
#2476=EDGE_CURVE('',#2014,#2016,#985,.T.);
#2477=EDGE_CURVE('',#1992,#2017,#986,.T.);
#2478=EDGE_CURVE('',#1917,#2017,#987,.T.);
#2479=EDGE_CURVE('',#2018,#1910,#988,.T.);
#2480=EDGE_CURVE('',#1994,#2018,#989,.T.);
#2481=EDGE_CURVE('',#1909,#2018,#990,.T.);
#2482=EDGE_CURVE('',#1993,#2019,#991,.T.);
#2483=EDGE_CURVE('',#1913,#2019,#992,.T.);
#2484=EDGE_CURVE('',#2019,#1914,#993,.T.);
#2485=EDGE_CURVE('',#2004,#2020,#994,.T.);
#2486=EDGE_CURVE('',#2021,#2020,#995,.T.);
#2487=EDGE_CURVE('',#2006,#2021,#996,.T.);
#2488=EDGE_CURVE('',#2022,#2021,#997,.T.);
#2489=EDGE_CURVE('',#2005,#2022,#998,.T.);
#2490=EDGE_CURVE('',#2020,#2022,#999,.T.);
#2491=EDGE_CURVE('',#1988,#2023,#1000,.T.);
#2492=EDGE_CURVE('',#2024,#2023,#1001,.T.);
#2493=EDGE_CURVE('',#1989,#2024,#1002,.T.);
#2494=EDGE_CURVE('',#2023,#2025,#1003,.T.);
#2495=EDGE_CURVE('',#2025,#2026,#1004,.T.);
#2496=EDGE_CURVE('',#2026,#2024,#1005,.T.);
#2497=EDGE_CURVE('',#1905,#2010,#1006,.T.);
#2498=EDGE_CURVE('',#2017,#1918,#1007,.T.);
#2499=EDGE_CURVE('',#1904,#2027,#1008,.T.);
#2500=EDGE_CURVE('',#2028,#1903,#1009,.T.);
#2501=EDGE_CURVE('',#2027,#2028,#1010,.T.);
#2502=EDGE_CURVE('',#2029,#1901,#1011,.T.);
#2503=EDGE_CURVE('',#2029,#2030,#1012,.T.);
#2504=EDGE_CURVE('',#1902,#2030,#1013,.T.);
#2505=EDGE_CURVE('',#1950,#2025,#1014,.T.);
#2506=EDGE_CURVE('',#1868,#1987,#1015,.T.);
#2507=EDGE_CURVE('',#2030,#2028,#95,.T.);
#2508=EDGE_CURVE('',#2027,#2029,#96,.T.);
#2509=EDGE_CURVE('',#1869,#1986,#1016,.T.);
#2510=EDGE_CURVE('',#1924,#2031,#1017,.T.);
#2511=EDGE_CURVE('',#2031,#2031,#97,.T.);
#2512=EDGE_CURVE('',#1948,#2032,#1018,.T.);
#2513=EDGE_CURVE('',#2032,#2032,#98,.T.);
#2514=EDGE_CURVE('',#1947,#2033,#1019,.T.);
#2515=EDGE_CURVE('',#2033,#2033,#99,.T.);
#2516=EDGE_CURVE('',#2034,#2035,#1020,.T.);
#2517=EDGE_CURVE('',#2036,#2035,#1021,.T.);
#2518=EDGE_CURVE('',#2036,#2037,#1022,.T.);
#2519=EDGE_CURVE('',#2037,#2034,#1023,.T.);
#2520=EDGE_CURVE('',#2038,#2036,#1024,.T.);
#2521=EDGE_CURVE('',#2038,#2039,#1025,.T.);
#2522=EDGE_CURVE('',#2039,#2037,#1026,.T.);
#2523=EDGE_CURVE('',#2040,#2038,#1027,.T.);
#2524=EDGE_CURVE('',#2040,#2041,#1028,.T.);
#2525=EDGE_CURVE('',#2041,#2039,#1029,.T.);
#2526=EDGE_CURVE('',#2042,#2040,#1030,.T.);
#2527=EDGE_CURVE('',#2042,#2043,#1031,.T.);
#2528=EDGE_CURVE('',#2043,#2041,#1032,.T.);
#2529=EDGE_CURVE('',#2044,#2042,#1033,.T.);
#2530=EDGE_CURVE('',#2044,#2045,#1034,.T.);
#2531=EDGE_CURVE('',#2045,#2043,#1035,.T.);
#2532=EDGE_CURVE('',#2035,#2044,#1036,.T.);
#2533=EDGE_CURVE('',#2034,#2045,#1037,.T.);
#2534=EDGE_CURVE('',#2046,#2046,#100,.T.);
#2535=EDGE_CURVE('',#2047,#2048,#1038,.T.);
#2536=EDGE_CURVE('',#2049,#2048,#1039,.T.);
#2537=EDGE_CURVE('',#2049,#2050,#1040,.T.);
#2538=EDGE_CURVE('',#2050,#2047,#1041,.T.);
#2539=EDGE_CURVE('',#2051,#2049,#1042,.T.);
#2540=EDGE_CURVE('',#2051,#2052,#1043,.T.);
#2541=EDGE_CURVE('',#2052,#2050,#1044,.T.);
#2542=EDGE_CURVE('',#2053,#2051,#1045,.T.);
#2543=EDGE_CURVE('',#2053,#2054,#1046,.T.);
#2544=EDGE_CURVE('',#2054,#2052,#1047,.T.);
#2545=EDGE_CURVE('',#2055,#2053,#1048,.T.);
#2546=EDGE_CURVE('',#2055,#2056,#1049,.T.);
#2547=EDGE_CURVE('',#2056,#2054,#1050,.T.);
#2548=EDGE_CURVE('',#2057,#2055,#1051,.T.);
#2549=EDGE_CURVE('',#2057,#2058,#1052,.T.);
#2550=EDGE_CURVE('',#2058,#2056,#1053,.T.);
#2551=EDGE_CURVE('',#2048,#2057,#1054,.T.);
#2552=EDGE_CURVE('',#2047,#2058,#1055,.T.);
#2553=EDGE_CURVE('',#2059,#2059,#101,.T.);
#2554=EDGE_CURVE('',#2046,#2060,#1056,.T.);
#2555=EDGE_CURVE('',#2060,#2060,#102,.T.);
#2556=EDGE_CURVE('',#2059,#2061,#1057,.T.);
#2557=EDGE_CURVE('',#2061,#2061,#103,.T.);
#2558=EDGE_CURVE('',#2062,#1919,#1058,.T.);
#2559=EDGE_CURVE('',#2063,#2062,#1059,.T.);
#2560=EDGE_CURVE('',#2063,#2064,#1060,.T.);
#2561=EDGE_CURVE('',#2065,#2064,#1061,.T.);
#2562=EDGE_CURVE('',#1920,#2065,#1062,.T.);
#2563=EDGE_CURVE('',#2066,#2065,#1063,.T.);
#2564=EDGE_CURVE('',#1921,#2066,#1064,.T.);
#2565=EDGE_CURVE('',#1922,#2067,#1065,.T.);
#2566=EDGE_CURVE('',#2068,#2066,#1066,.T.);
#2567=EDGE_CURVE('',#2069,#2068,#1067,.T.);
#2568=EDGE_CURVE('',#2067,#2069,#1068,.T.);
#2569=EDGE_CURVE('',#2064,#2068,#1069,.T.);
#2570=EDGE_CURVE('',#1946,#2070,#1070,.T.);
#2571=EDGE_CURVE('',#2070,#2070,#104,.T.);
#2572=EDGE_CURVE('',#1945,#2071,#1071,.T.);
#2573=EDGE_CURVE('',#2071,#2071,#105,.T.);
#2574=EDGE_CURVE('',#1944,#2072,#1072,.T.);
#2575=EDGE_CURVE('',#2072,#2072,#106,.T.);
#2576=EDGE_CURVE('',#1943,#2073,#1073,.T.);
#2577=EDGE_CURVE('',#2073,#2073,#107,.T.);
#2578=EDGE_CURVE('',#1942,#2074,#1074,.T.);
#2579=EDGE_CURVE('',#2074,#2074,#108,.T.);
#2580=EDGE_CURVE('',#1941,#2075,#1075,.T.);
#2581=EDGE_CURVE('',#2075,#2075,#109,.T.);
#2582=EDGE_CURVE('',#1940,#2076,#1076,.T.);
#2583=EDGE_CURVE('',#2076,#2076,#110,.T.);
#2584=EDGE_CURVE('',#1927,#2077,#1077,.T.);
#2585=EDGE_CURVE('',#2077,#2077,#111,.T.);
#2586=EDGE_CURVE('',#1925,#2078,#1078,.T.);
#2587=EDGE_CURVE('',#2078,#2078,#112,.T.);
#2588=EDGE_CURVE('',#1926,#2079,#1079,.T.);
#2589=EDGE_CURVE('',#2079,#2079,#113,.T.);
#2590=EDGE_CURVE('',#1928,#2080,#1080,.T.);
#2591=EDGE_CURVE('',#2080,#2080,#114,.T.);
#2592=EDGE_CURVE('',#1939,#2081,#1081,.T.);
#2593=EDGE_CURVE('',#2081,#2081,#115,.T.);
#2594=EDGE_CURVE('',#1938,#2082,#1082,.T.);
#2595=EDGE_CURVE('',#2082,#2082,#116,.T.);
#2596=EDGE_CURVE('',#1937,#2083,#1083,.T.);
#2597=EDGE_CURVE('',#2083,#2083,#117,.T.);
#2598=EDGE_CURVE('',#1936,#2084,#1084,.T.);
#2599=EDGE_CURVE('',#2084,#2084,#118,.T.);
#2600=EDGE_CURVE('',#1935,#2085,#1085,.T.);
#2601=EDGE_CURVE('',#2085,#2085,#119,.T.);
#2602=EDGE_CURVE('',#1934,#2086,#1086,.T.);
#2603=EDGE_CURVE('',#2086,#2086,#120,.T.);
#2604=EDGE_CURVE('',#1933,#2087,#1087,.T.);
#2605=EDGE_CURVE('',#2087,#2087,#121,.T.);
#2606=EDGE_CURVE('',#1932,#2088,#1088,.T.);
#2607=EDGE_CURVE('',#2088,#2089,#122,.T.);
#2608=EDGE_CURVE('',#2089,#1929,#1089,.T.);
#2609=EDGE_CURVE('',#2090,#1931,#1090,.T.);
#2610=EDGE_CURVE('',#2088,#2090,#1091,.T.);
#2611=EDGE_CURVE('',#1930,#2091,#1092,.T.);
#2612=EDGE_CURVE('',#2091,#2090,#123,.T.);
#2613=EDGE_CURVE('',#2091,#2089,#1093,.T.);
#2614=EDGE_CURVE('',#2067,#2062,#124,.T.);
#2615=EDGE_CURVE('',#2063,#2069,#125,.T.);
#2616=EDGE_CURVE('',#1864,#1991,#1094,.T.);
#2617=EDGE_CURVE('',#1865,#1990,#1095,.T.);
#2618=EDGE_CURVE('',#1952,#2026,#1096,.T.);
#2619=EDGE_CURVE('',#2092,#2092,#126,.T.);
#2620=EDGE_CURVE('',#2092,#2093,#1097,.T.);
#2621=EDGE_CURVE('',#2093,#2093,#127,.T.);
#2622=EDGE_CURVE('',#2094,#2095,#1098,.T.);
#2623=EDGE_CURVE('',#2096,#2094,#1099,.T.);
#2624=EDGE_CURVE('',#2095,#2096,#1100,.T.);
#2625=EDGE_CURVE('',#2097,#2098,#1101,.T.);
#2626=EDGE_CURVE('',#2099,#2098,#1102,.T.);
#2627=EDGE_CURVE('',#2099,#2100,#1103,.T.);
#2628=EDGE_CURVE('',#2101,#2100,#1104,.T.);
#2629=EDGE_CURVE('',#2097,#2101,#1105,.T.);
#2630=EDGE_CURVE('',#2102,#2103,#1106,.T.);
#2631=EDGE_CURVE('',#2102,#2097,#1107,.T.);
#2632=EDGE_CURVE('',#2104,#2101,#1108,.T.);
#2633=EDGE_CURVE('',#2103,#2104,#1109,.T.);
#2634=EDGE_CURVE('',#2103,#2105,#1110,.T.);
#2635=EDGE_CURVE('',#2106,#2104,#1111,.T.);
#2636=EDGE_CURVE('',#2105,#2106,#1112,.T.);
#2637=EDGE_CURVE('',#2105,#2094,#1113,.T.);
#2638=EDGE_CURVE('',#2107,#2106,#1114,.T.);
#2639=EDGE_CURVE('',#2096,#2107,#1115,.T.);
#2640=EDGE_CURVE('',#2095,#2108,#1116,.T.);
#2641=EDGE_CURVE('',#2109,#2107,#1117,.T.);
#2642=EDGE_CURVE('',#2108,#2109,#1118,.T.);
#2643=EDGE_CURVE('',#2108,#2099,#1119,.T.);
#2644=EDGE_CURVE('',#2100,#2109,#1120,.T.);
#2645=EDGE_CURVE('',#2098,#2102,#1121,.T.);
#2646=EDGE_CURVE('',#2110,#2098,#1122,.T.);
#2647=EDGE_CURVE('',#2111,#2110,#1123,.T.);
#2648=EDGE_CURVE('',#2095,#2111,#1124,.T.);
#2649=EDGE_CURVE('',#2112,#2094,#1125,.T.);
#2650=EDGE_CURVE('',#2113,#2112,#1126,.T.);
#2651=EDGE_CURVE('',#2102,#2113,#1127,.T.);
#2652=EDGE_CURVE('',#2114,#2111,#1128,.T.);
#2653=EDGE_CURVE('',#2115,#2114,#1129,.T.);
#2654=EDGE_CURVE('',#2112,#2115,#1130,.T.);
#2655=EDGE_CURVE('',#2116,#2113,#1131,.T.);
#2656=EDGE_CURVE('',#2117,#2116,#1132,.T.);
#2657=EDGE_CURVE('',#2110,#2117,#1133,.T.);
#2658=EDGE_CURVE('',#2117,#2114,#1134,.T.);
#2659=EDGE_CURVE('',#2115,#2116,#1135,.T.);
#2660=EDGE_CURVE('',#2118,#2118,#128,.T.);
#2661=EDGE_CURVE('',#2118,#2119,#1136,.T.);
#2662=EDGE_CURVE('',#2119,#2119,#129,.T.);
#2663=EDGE_CURVE('',#2120,#2121,#1137,.T.);
#2664=EDGE_CURVE('',#2121,#2122,#1138,.T.);
#2665=EDGE_CURVE('',#2122,#2120,#1139,.T.);
#2666=EDGE_CURVE('',#2123,#2124,#1140,.T.);
#2667=EDGE_CURVE('',#2124,#2125,#1141,.T.);
#2668=EDGE_CURVE('',#2125,#2123,#1142,.T.);
#2669=EDGE_CURVE('',#2125,#2126,#1143,.T.);
#2670=EDGE_CURVE('',#2126,#2127,#1144,.T.);
#2671=EDGE_CURVE('',#2128,#2127,#1145,.T.);
#2672=EDGE_CURVE('',#2123,#2128,#1146,.T.);
#2673=EDGE_CURVE('',#2129,#2124,#1147,.T.);
#2674=EDGE_CURVE('',#2129,#2130,#1148,.T.);
#2675=EDGE_CURVE('',#2130,#2126,#1149,.T.);
#2676=EDGE_CURVE('',#2131,#2129,#1150,.T.);
#2677=EDGE_CURVE('',#2131,#2132,#1151,.T.);
#2678=EDGE_CURVE('',#2132,#2130,#1152,.T.);
#2679=EDGE_CURVE('',#2122,#2133,#1153,.T.);
#2680=EDGE_CURVE('',#2133,#2132,#1154,.T.);
#2681=EDGE_CURVE('',#2120,#2131,#1155,.T.);
#2682=EDGE_CURVE('',#2134,#2121,#1156,.T.);
#2683=EDGE_CURVE('',#2134,#2135,#1157,.T.);
#2684=EDGE_CURVE('',#2135,#2133,#1158,.T.);
#2685=EDGE_CURVE('',#2128,#2134,#1159,.T.);
#2686=EDGE_CURVE('',#2127,#2135,#1160,.T.);
#2687=EDGE_CURVE('',#2121,#2136,#1161,.T.);
#2688=EDGE_CURVE('',#2137,#2136,#1162,.T.);
#2689=EDGE_CURVE('',#2137,#2123,#1163,.T.);
#2690=EDGE_CURVE('',#2138,#2120,#1164,.T.);
#2691=EDGE_CURVE('',#2139,#2138,#1165,.T.);
#2692=EDGE_CURVE('',#2139,#2140,#1166,.T.);
#2693=EDGE_CURVE('',#2136,#2140,#1167,.T.);
#2694=EDGE_CURVE('',#2141,#2137,#1168,.T.);
#2695=EDGE_CURVE('',#2141,#2142,#1169,.T.);
#2696=EDGE_CURVE('',#2143,#2142,#1170,.T.);
#2697=EDGE_CURVE('',#2124,#2143,#1171,.T.);
#2698=EDGE_CURVE('',#2138,#2143,#1172,.T.);
#2699=EDGE_CURVE('',#2140,#2141,#1173,.T.);
#2700=EDGE_CURVE('',#2142,#2139,#1174,.T.);
#2701=EDGE_CURVE('',#2144,#2145,#1175,.T.);
#2702=EDGE_CURVE('',#2146,#2144,#1176,.T.);
#2703=EDGE_CURVE('',#2147,#2146,#1177,.T.);
#2704=EDGE_CURVE('',#2147,#2145,#1178,.T.);
#2705=EDGE_CURVE('',#2145,#2148,#1179,.T.);
#2706=EDGE_CURVE('',#2149,#2147,#1180,.T.);
#2707=EDGE_CURVE('',#2149,#2148,#1181,.T.);
#2708=EDGE_CURVE('',#2148,#2150,#1182,.T.);
#2709=EDGE_CURVE('',#2151,#2149,#1183,.T.);
#2710=EDGE_CURVE('',#2151,#2150,#1184,.T.);
#2711=EDGE_CURVE('',#2150,#2144,#1185,.T.);
#2712=EDGE_CURVE('',#2146,#2151,#1186,.T.);
#2713=EDGE_CURVE('',#2152,#2153,#1187,.T.);
#2714=EDGE_CURVE('',#2154,#2152,#1188,.T.);
#2715=EDGE_CURVE('',#2155,#2154,#1189,.T.);
#2716=EDGE_CURVE('',#2155,#2153,#1190,.T.);
#2717=EDGE_CURVE('',#2153,#2156,#1191,.T.);
#2718=EDGE_CURVE('',#2157,#2155,#1192,.T.);
#2719=EDGE_CURVE('',#2157,#2156,#1193,.T.);
#2720=EDGE_CURVE('',#2156,#2158,#1194,.T.);
#2721=EDGE_CURVE('',#2159,#2157,#1195,.T.);
#2722=EDGE_CURVE('',#2159,#2158,#1196,.T.);
#2723=EDGE_CURVE('',#2158,#2152,#1197,.T.);
#2724=EDGE_CURVE('',#2154,#2159,#1198,.T.);
#2725=EDGE_CURVE('',#2160,#2161,#1199,.T.);
#2726=EDGE_CURVE('',#2162,#2160,#1200,.T.);
#2727=EDGE_CURVE('',#2163,#2162,#1201,.T.);
#2728=EDGE_CURVE('',#2163,#2161,#1202,.T.);
#2729=EDGE_CURVE('',#2161,#2164,#1203,.T.);
#2730=EDGE_CURVE('',#2165,#2163,#1204,.T.);
#2731=EDGE_CURVE('',#2165,#2164,#1205,.T.);
#2732=EDGE_CURVE('',#2164,#2166,#1206,.T.);
#2733=EDGE_CURVE('',#2167,#2165,#1207,.T.);
#2734=EDGE_CURVE('',#2167,#2166,#1208,.T.);
#2735=EDGE_CURVE('',#2166,#2160,#1209,.T.);
#2736=EDGE_CURVE('',#2162,#2167,#1210,.T.);
#2737=EDGE_CURVE('',#2168,#2169,#1211,.T.);
#2738=EDGE_CURVE('',#2170,#2168,#1212,.T.);
#2739=EDGE_CURVE('',#2171,#2170,#1213,.T.);
#2740=EDGE_CURVE('',#2171,#2169,#1214,.T.);
#2741=EDGE_CURVE('',#2169,#2172,#1215,.T.);
#2742=EDGE_CURVE('',#2173,#2171,#1216,.T.);
#2743=EDGE_CURVE('',#2173,#2172,#1217,.T.);
#2744=EDGE_CURVE('',#2172,#2174,#1218,.T.);
#2745=EDGE_CURVE('',#2175,#2173,#1219,.T.);
#2746=EDGE_CURVE('',#2175,#2174,#1220,.T.);
#2747=EDGE_CURVE('',#2174,#2168,#1221,.T.);
#2748=EDGE_CURVE('',#2170,#2175,#1222,.T.);
#2749=EDGE_CURVE('',#2176,#2177,#1223,.T.);
#2750=EDGE_CURVE('',#2178,#2176,#1224,.T.);
#2751=EDGE_CURVE('',#2179,#2178,#1225,.T.);
#2752=EDGE_CURVE('',#2179,#2177,#1226,.T.);
#2753=EDGE_CURVE('',#2177,#2180,#1227,.T.);
#2754=EDGE_CURVE('',#2181,#2179,#1228,.T.);
#2755=EDGE_CURVE('',#2181,#2180,#1229,.T.);
#2756=EDGE_CURVE('',#2180,#2182,#1230,.T.);
#2757=EDGE_CURVE('',#2183,#2181,#1231,.T.);
#2758=EDGE_CURVE('',#2183,#2182,#1232,.T.);
#2759=EDGE_CURVE('',#2182,#2176,#1233,.T.);
#2760=EDGE_CURVE('',#2178,#2183,#1234,.T.);
#2761=EDGE_CURVE('',#2184,#2185,#1235,.T.);
#2762=EDGE_CURVE('',#2186,#2184,#1236,.T.);
#2763=EDGE_CURVE('',#2187,#2186,#1237,.T.);
#2764=EDGE_CURVE('',#2187,#2185,#1238,.T.);
#2765=EDGE_CURVE('',#2185,#2188,#1239,.T.);
#2766=EDGE_CURVE('',#2189,#2187,#1240,.T.);
#2767=EDGE_CURVE('',#2189,#2188,#1241,.T.);
#2768=EDGE_CURVE('',#2188,#2190,#1242,.T.);
#2769=EDGE_CURVE('',#2191,#2189,#1243,.T.);
#2770=EDGE_CURVE('',#2191,#2190,#1244,.T.);
#2771=EDGE_CURVE('',#2190,#2184,#1245,.T.);
#2772=EDGE_CURVE('',#2186,#2191,#1246,.T.);
#2773=EDGE_CURVE('',#2192,#2193,#1247,.T.);
#2774=EDGE_CURVE('',#2194,#2192,#1248,.T.);
#2775=EDGE_CURVE('',#2195,#2194,#1249,.T.);
#2776=EDGE_CURVE('',#2195,#2193,#1250,.T.);
#2777=EDGE_CURVE('',#2193,#2196,#1251,.T.);
#2778=EDGE_CURVE('',#2197,#2195,#1252,.T.);
#2779=EDGE_CURVE('',#2197,#2196,#1253,.T.);
#2780=EDGE_CURVE('',#2196,#2198,#1254,.T.);
#2781=EDGE_CURVE('',#2199,#2197,#1255,.T.);
#2782=EDGE_CURVE('',#2199,#2198,#1256,.T.);
#2783=EDGE_CURVE('',#2198,#2192,#1257,.T.);
#2784=EDGE_CURVE('',#2194,#2199,#1258,.T.);
#2785=EDGE_CURVE('',#2200,#2201,#1259,.T.);
#2786=EDGE_CURVE('',#2202,#2200,#1260,.T.);
#2787=EDGE_CURVE('',#2203,#2202,#1261,.T.);
#2788=EDGE_CURVE('',#2203,#2201,#1262,.T.);
#2789=EDGE_CURVE('',#2201,#2204,#1263,.T.);
#2790=EDGE_CURVE('',#2205,#2203,#1264,.T.);
#2791=EDGE_CURVE('',#2205,#2204,#1265,.T.);
#2792=EDGE_CURVE('',#2204,#2206,#1266,.T.);
#2793=EDGE_CURVE('',#2207,#2205,#1267,.T.);
#2794=EDGE_CURVE('',#2207,#2206,#1268,.T.);
#2795=EDGE_CURVE('',#2206,#2200,#1269,.T.);
#2796=EDGE_CURVE('',#2202,#2207,#1270,.T.);
#2797=EDGE_CURVE('',#2208,#2209,#1271,.T.);
#2798=EDGE_CURVE('',#2210,#2208,#1272,.T.);
#2799=EDGE_CURVE('',#2211,#2210,#1273,.T.);
#2800=EDGE_CURVE('',#2211,#2209,#1274,.T.);
#2801=EDGE_CURVE('',#2209,#2212,#1275,.T.);
#2802=EDGE_CURVE('',#2213,#2211,#1276,.T.);
#2803=EDGE_CURVE('',#2213,#2212,#1277,.T.);
#2804=EDGE_CURVE('',#2212,#2214,#1278,.T.);
#2805=EDGE_CURVE('',#2215,#2213,#1279,.T.);
#2806=EDGE_CURVE('',#2215,#2214,#1280,.T.);
#2807=EDGE_CURVE('',#2214,#2208,#1281,.T.);
#2808=EDGE_CURVE('',#2210,#2215,#1282,.T.);
#2809=EDGE_CURVE('',#2216,#2217,#1283,.T.);
#2810=EDGE_CURVE('',#2218,#2216,#1284,.T.);
#2811=EDGE_CURVE('',#2219,#2218,#1285,.T.);
#2812=EDGE_CURVE('',#2219,#2217,#1286,.T.);
#2813=EDGE_CURVE('',#2217,#2220,#1287,.T.);
#2814=EDGE_CURVE('',#2221,#2219,#1288,.T.);
#2815=EDGE_CURVE('',#2221,#2220,#1289,.T.);
#2816=EDGE_CURVE('',#2220,#2222,#1290,.T.);
#2817=EDGE_CURVE('',#2223,#2221,#1291,.T.);
#2818=EDGE_CURVE('',#2223,#2222,#1292,.T.);
#2819=EDGE_CURVE('',#2222,#2216,#1293,.T.);
#2820=EDGE_CURVE('',#2218,#2223,#1294,.T.);
#2821=EDGE_CURVE('',#2224,#2224,#130,.T.);
#2822=EDGE_CURVE('',#2224,#2225,#1295,.T.);
#2823=EDGE_CURVE('',#2225,#2225,#131,.T.);
#2824=EDGE_CURVE('',#2226,#2226,#132,.T.);
#2825=EDGE_CURVE('',#2226,#2227,#1296,.T.);
#2826=EDGE_CURVE('',#2227,#2227,#133,.T.);
#2827=EDGE_CURVE('',#2228,#2228,#134,.T.);
#2828=EDGE_CURVE('',#2228,#2229,#1297,.T.);
#2829=EDGE_CURVE('',#2229,#2229,#135,.T.);
#2830=EDGE_CURVE('',#2230,#2230,#136,.T.);
#2831=EDGE_CURVE('',#2230,#2231,#1298,.T.);
#2832=EDGE_CURVE('',#2231,#2231,#137,.T.);
#2833=EDGE_CURVE('',#2232,#2233,#1299,.T.);
#2834=EDGE_CURVE('',#2232,#2234,#1300,.T.);
#2835=EDGE_CURVE('',#2235,#2234,#1301,.T.);
#2836=EDGE_CURVE('',#2233,#2235,#1302,.T.);
#2837=EDGE_CURVE('',#2233,#2236,#1303,.T.);
#2838=EDGE_CURVE('',#2237,#2235,#1304,.T.);
#2839=EDGE_CURVE('',#2236,#2237,#1305,.T.);
#2840=EDGE_CURVE('',#2236,#2238,#1306,.T.);
#2841=EDGE_CURVE('',#2239,#2237,#1307,.T.);
#2842=EDGE_CURVE('',#2238,#2239,#1308,.T.);
#2843=EDGE_CURVE('',#2238,#2232,#1309,.T.);
#2844=EDGE_CURVE('',#2234,#2239,#1310,.T.);
#2845=ORIENTED_EDGE('',*,*,#2240,.F.);
#2846=ORIENTED_EDGE('',*,*,#2241,.T.);
#2847=ORIENTED_EDGE('',*,*,#2242,.F.);
#2848=ORIENTED_EDGE('',*,*,#2243,.F.);
#2849=ORIENTED_EDGE('',*,*,#2244,.T.);
#2850=ORIENTED_EDGE('',*,*,#2245,.F.);
#2851=ORIENTED_EDGE('',*,*,#2246,.F.);
#2852=ORIENTED_EDGE('',*,*,#2247,.F.);
#2853=ORIENTED_EDGE('',*,*,#2248,.T.);
#2854=ORIENTED_EDGE('',*,*,#2247,.T.);
#2855=ORIENTED_EDGE('',*,*,#2249,.F.);
#2856=ORIENTED_EDGE('',*,*,#2250,.F.);
#2857=ORIENTED_EDGE('',*,*,#2251,.F.);
#2858=ORIENTED_EDGE('',*,*,#2252,.F.);
#2859=ORIENTED_EDGE('',*,*,#2253,.F.);
#2860=ORIENTED_EDGE('',*,*,#2254,.T.);
#2861=ORIENTED_EDGE('',*,*,#2255,.F.);
#2862=ORIENTED_EDGE('',*,*,#2256,.T.);
#2863=ORIENTED_EDGE('',*,*,#2257,.F.);
#2864=ORIENTED_EDGE('',*,*,#2258,.F.);
#2865=ORIENTED_EDGE('',*,*,#2255,.T.);
#2866=ORIENTED_EDGE('',*,*,#2259,.F.);
#2867=ORIENTED_EDGE('',*,*,#2260,.T.);
#2868=ORIENTED_EDGE('',*,*,#2261,.T.);
#2869=ORIENTED_EDGE('',*,*,#2262,.T.);
#2870=ORIENTED_EDGE('',*,*,#2263,.T.);
#2871=ORIENTED_EDGE('',*,*,#2264,.F.);
#2872=ORIENTED_EDGE('',*,*,#2265,.T.);
#2873=ORIENTED_EDGE('',*,*,#2266,.T.);
#2874=ORIENTED_EDGE('',*,*,#2267,.T.);
#2875=ORIENTED_EDGE('',*,*,#2268,.T.);
#2876=ORIENTED_EDGE('',*,*,#2269,.T.);
#2877=ORIENTED_EDGE('',*,*,#2270,.T.);
#2878=ORIENTED_EDGE('',*,*,#2271,.F.);
#2879=ORIENTED_EDGE('',*,*,#2272,.T.);
#2880=ORIENTED_EDGE('',*,*,#2273,.T.);
#2881=ORIENTED_EDGE('',*,*,#2274,.T.);
#2882=ORIENTED_EDGE('',*,*,#2275,.T.);
#2883=ORIENTED_EDGE('',*,*,#2276,.T.);
#2884=ORIENTED_EDGE('',*,*,#2277,.T.);
#2885=ORIENTED_EDGE('',*,*,#2278,.T.);
#2886=ORIENTED_EDGE('',*,*,#2279,.T.);
#2887=ORIENTED_EDGE('',*,*,#2280,.T.);
#2888=ORIENTED_EDGE('',*,*,#2281,.T.);
#2889=ORIENTED_EDGE('',*,*,#2249,.T.);
#2890=ORIENTED_EDGE('',*,*,#2246,.T.);
#2891=ORIENTED_EDGE('',*,*,#2282,.F.);
#2892=ORIENTED_EDGE('',*,*,#2242,.T.);
#2893=ORIENTED_EDGE('',*,*,#2283,.T.);
#2894=ORIENTED_EDGE('',*,*,#2284,.T.);
#2895=ORIENTED_EDGE('',*,*,#2259,.T.);
#2896=ORIENTED_EDGE('',*,*,#2258,.T.);
#2897=ORIENTED_EDGE('',*,*,#2285,.T.);
#2898=ORIENTED_EDGE('',*,*,#2286,.T.);
#2899=ORIENTED_EDGE('',*,*,#2287,.T.);
#2900=ORIENTED_EDGE('',*,*,#2288,.T.);
#2901=ORIENTED_EDGE('',*,*,#2289,.T.);
#2902=ORIENTED_EDGE('',*,*,#2290,.T.);
#2903=ORIENTED_EDGE('',*,*,#2291,.T.);
#2904=ORIENTED_EDGE('',*,*,#2292,.T.);
#2905=ORIENTED_EDGE('',*,*,#2293,.T.);
#2906=ORIENTED_EDGE('',*,*,#2252,.T.);
#2907=ORIENTED_EDGE('',*,*,#2294,.T.);
#2908=ORIENTED_EDGE('',*,*,#2295,.T.);
#2909=ORIENTED_EDGE('',*,*,#2296,.T.);
#2910=ORIENTED_EDGE('',*,*,#2251,.T.);
#2911=ORIENTED_EDGE('',*,*,#2297,.T.);
#2912=ORIENTED_EDGE('',*,*,#2298,.F.);
#2913=ORIENTED_EDGE('',*,*,#2294,.F.);
#2914=ORIENTED_EDGE('',*,*,#2299,.F.);
#2915=ORIENTED_EDGE('',*,*,#2300,.F.);
#2916=ORIENTED_EDGE('',*,*,#2263,.F.);
#2917=ORIENTED_EDGE('',*,*,#2301,.F.);
#2918=ORIENTED_EDGE('',*,*,#2302,.T.);
#2919=ORIENTED_EDGE('',*,*,#2303,.F.);
#2920=ORIENTED_EDGE('',*,*,#2266,.F.);
#2921=ORIENTED_EDGE('',*,*,#2304,.F.);
#2922=ORIENTED_EDGE('',*,*,#2305,.T.);
#2923=ORIENTED_EDGE('',*,*,#2304,.T.);
#2924=ORIENTED_EDGE('',*,*,#2265,.F.);
#2925=ORIENTED_EDGE('',*,*,#2306,.F.);
#2926=ORIENTED_EDGE('',*,*,#2262,.F.);
#2927=ORIENTED_EDGE('',*,*,#2241,.F.);
#2928=ORIENTED_EDGE('',*,*,#2307,.F.);
#2929=ORIENTED_EDGE('',*,*,#2301,.T.);
#2930=ORIENTED_EDGE('',*,*,#2257,.T.);
#2931=ORIENTED_EDGE('',*,*,#2308,.T.);
#2932=ORIENTED_EDGE('',*,*,#2309,.F.);
#2933=ORIENTED_EDGE('',*,*,#2283,.F.);
#2934=ORIENTED_EDGE('',*,*,#2245,.T.);
#2935=ORIENTED_EDGE('',*,*,#2310,.T.);
#2936=ORIENTED_EDGE('',*,*,#2311,.F.);
#2937=ORIENTED_EDGE('',*,*,#2279,.F.);
#2938=ORIENTED_EDGE('',*,*,#2312,.T.);
#2939=ORIENTED_EDGE('',*,*,#2313,.T.);
#2940=ORIENTED_EDGE('',*,*,#2314,.F.);
#2941=ORIENTED_EDGE('',*,*,#2276,.F.);
#2942=ORIENTED_EDGE('',*,*,#2315,.T.);
#2943=ORIENTED_EDGE('',*,*,#2316,.T.);
#2944=ORIENTED_EDGE('',*,*,#2317,.F.);
#2945=ORIENTED_EDGE('',*,*,#2318,.F.);
#2946=ORIENTED_EDGE('',*,*,#2319,.F.);
#2947=ORIENTED_EDGE('',*,*,#2320,.T.);
#2948=ORIENTED_EDGE('',*,*,#2321,.F.);
#2949=ORIENTED_EDGE('',*,*,#2322,.F.);
#2950=ORIENTED_EDGE('',*,*,#2323,.F.);
#2951=ORIENTED_EDGE('',*,*,#2324,.F.);
#2952=ORIENTED_EDGE('',*,*,#2325,.T.);
#2953=ORIENTED_EDGE('',*,*,#2326,.F.);
#2954=ORIENTED_EDGE('',*,*,#2327,.F.);
#2955=ORIENTED_EDGE('',*,*,#2328,.F.);
#2956=ORIENTED_EDGE('',*,*,#2329,.T.);
#2957=ORIENTED_EDGE('',*,*,#2330,.F.);
#2958=ORIENTED_EDGE('',*,*,#2331,.F.);
#2959=ORIENTED_EDGE('',*,*,#2332,.F.);
#2960=ORIENTED_EDGE('',*,*,#2333,.T.);
#2961=ORIENTED_EDGE('',*,*,#2334,.F.);
#2962=ORIENTED_EDGE('',*,*,#2335,.F.);
#2963=ORIENTED_EDGE('',*,*,#2336,.T.);
#2964=ORIENTED_EDGE('',*,*,#2337,.T.);
#2965=ORIENTED_EDGE('',*,*,#2338,.T.);
#2966=ORIENTED_EDGE('',*,*,#2339,.F.);
#2967=ORIENTED_EDGE('',*,*,#2340,.T.);
#2968=ORIENTED_EDGE('',*,*,#2306,.T.);
#2969=ORIENTED_EDGE('',*,*,#2264,.T.);
#2970=ORIENTED_EDGE('',*,*,#2300,.T.);
#2971=ORIENTED_EDGE('',*,*,#2341,.T.);
#2972=ORIENTED_EDGE('',*,*,#2243,.T.);
#2973=ORIENTED_EDGE('',*,*,#2282,.T.);
#2974=ORIENTED_EDGE('',*,*,#2342,.T.);
#2975=ORIENTED_EDGE('',*,*,#2343,.T.);
#2976=ORIENTED_EDGE('',*,*,#2344,.T.);
#2977=ORIENTED_EDGE('',*,*,#2345,.T.);
#2978=ORIENTED_EDGE('',*,*,#2346,.T.);
#2979=ORIENTED_EDGE('',*,*,#2347,.T.);
#2980=ORIENTED_EDGE('',*,*,#2348,.F.);
#2981=ORIENTED_EDGE('',*,*,#2349,.T.);
#2982=ORIENTED_EDGE('',*,*,#2350,.F.);
#2983=ORIENTED_EDGE('',*,*,#2351,.T.);
#2984=ORIENTED_EDGE('',*,*,#2352,.T.);
#2985=ORIENTED_EDGE('',*,*,#2353,.T.);
#2986=ORIENTED_EDGE('',*,*,#2354,.T.);
#2987=ORIENTED_EDGE('',*,*,#2355,.T.);
#2988=ORIENTED_EDGE('',*,*,#2356,.T.);
#2989=ORIENTED_EDGE('',*,*,#2357,.T.);
#2990=ORIENTED_EDGE('',*,*,#2358,.T.);
#2991=ORIENTED_EDGE('',*,*,#2359,.T.);
#2992=ORIENTED_EDGE('',*,*,#2360,.T.);
#2993=ORIENTED_EDGE('',*,*,#2361,.T.);
#2994=ORIENTED_EDGE('',*,*,#2362,.T.);
#2995=ORIENTED_EDGE('',*,*,#2363,.T.);
#2996=ORIENTED_EDGE('',*,*,#2364,.T.);
#2997=ORIENTED_EDGE('',*,*,#2365,.T.);
#2998=ORIENTED_EDGE('',*,*,#2366,.T.);
#2999=ORIENTED_EDGE('',*,*,#2367,.F.);
#3000=ORIENTED_EDGE('',*,*,#2368,.F.);
#3001=ORIENTED_EDGE('',*,*,#2369,.F.);
#3002=ORIENTED_EDGE('',*,*,#2370,.F.);
#3003=ORIENTED_EDGE('',*,*,#2341,.F.);
#3004=ORIENTED_EDGE('',*,*,#2299,.T.);
#3005=ORIENTED_EDGE('',*,*,#2307,.T.);
#3006=ORIENTED_EDGE('',*,*,#2240,.T.);
#3007=ORIENTED_EDGE('',*,*,#2244,.F.);
#3008=ORIENTED_EDGE('',*,*,#2248,.F.);
#3009=ORIENTED_EDGE('',*,*,#2371,.F.);
#3010=ORIENTED_EDGE('',*,*,#2372,.F.);
#3011=ORIENTED_EDGE('',*,*,#2310,.F.);
#3012=ORIENTED_EDGE('',*,*,#2373,.F.);
#3013=ORIENTED_EDGE('',*,*,#2374,.F.);
#3014=ORIENTED_EDGE('',*,*,#2297,.F.);
#3015=ORIENTED_EDGE('',*,*,#2254,.F.);
#3016=ORIENTED_EDGE('',*,*,#2256,.F.);
#3017=ORIENTED_EDGE('',*,*,#2261,.F.);
#3018=ORIENTED_EDGE('',*,*,#2375,.F.);
#3019=ORIENTED_EDGE('',*,*,#2308,.F.);
#3020=ORIENTED_EDGE('',*,*,#2376,.T.);
#3021=ORIENTED_EDGE('',*,*,#2377,.T.);
#3022=ORIENTED_EDGE('',*,*,#2378,.T.);
#3023=ORIENTED_EDGE('',*,*,#2379,.F.);
#3024=ORIENTED_EDGE('',*,*,#2313,.F.);
#3025=ORIENTED_EDGE('',*,*,#2380,.F.);
#3026=ORIENTED_EDGE('',*,*,#2381,.F.);
#3027=ORIENTED_EDGE('',*,*,#2382,.F.);
#3028=ORIENTED_EDGE('',*,*,#2383,.F.);
#3029=ORIENTED_EDGE('',*,*,#2302,.F.);
#3030=ORIENTED_EDGE('',*,*,#2305,.F.);
#3031=ORIENTED_EDGE('',*,*,#2340,.F.);
#3032=ORIENTED_EDGE('',*,*,#2384,.F.);
#3033=ORIENTED_EDGE('',*,*,#2385,.F.);
#3034=ORIENTED_EDGE('',*,*,#2316,.F.);
#3035=ORIENTED_EDGE('',*,*,#2386,.F.);
#3036=ORIENTED_EDGE('',*,*,#2387,.F.);
#3037=ORIENTED_EDGE('',*,*,#2388,.F.);
#3038=ORIENTED_EDGE('',*,*,#2389,.F.);
#3039=ORIENTED_EDGE('',*,*,#2390,.F.);
#3040=ORIENTED_EDGE('',*,*,#2253,.T.);
#3041=ORIENTED_EDGE('',*,*,#2296,.F.);
#3042=ORIENTED_EDGE('',*,*,#2391,.T.);
#3043=ORIENTED_EDGE('',*,*,#2373,.T.);
#3044=ORIENTED_EDGE('',*,*,#2392,.F.);
#3045=ORIENTED_EDGE('',*,*,#2393,.F.);
#3046=ORIENTED_EDGE('',*,*,#2394,.F.);
#3047=ORIENTED_EDGE('',*,*,#2395,.F.);
#3048=ORIENTED_EDGE('',*,*,#2293,.F.);
#3049=ORIENTED_EDGE('',*,*,#2396,.F.);
#3050=ORIENTED_EDGE('',*,*,#2377,.F.);
#3051=ORIENTED_EDGE('',*,*,#2397,.F.);
#3052=ORIENTED_EDGE('',*,*,#2398,.F.);
#3053=ORIENTED_EDGE('',*,*,#2395,.T.);
#3054=ORIENTED_EDGE('',*,*,#2399,.F.);
#3055=ORIENTED_EDGE('',*,*,#2400,.T.);
#3056=ORIENTED_EDGE('',*,*,#2401,.F.);
#3057=ORIENTED_EDGE('',*,*,#2400,.F.);
#3058=ORIENTED_EDGE('',*,*,#2402,.F.);
#3059=ORIENTED_EDGE('',*,*,#2393,.T.);
#3060=ORIENTED_EDGE('',*,*,#2291,.F.);
#3061=ORIENTED_EDGE('',*,*,#2397,.T.);
#3062=ORIENTED_EDGE('',*,*,#2376,.F.);
#3063=ORIENTED_EDGE('',*,*,#2403,.F.);
#3064=ORIENTED_EDGE('',*,*,#2292,.F.);
#3065=ORIENTED_EDGE('',*,*,#2403,.T.);
#3066=ORIENTED_EDGE('',*,*,#2378,.F.);
#3067=ORIENTED_EDGE('',*,*,#2396,.T.);
#3068=ORIENTED_EDGE('',*,*,#2404,.F.);
#3069=ORIENTED_EDGE('',*,*,#2405,.T.);
#3070=ORIENTED_EDGE('',*,*,#2405,.F.);
#3071=ORIENTED_EDGE('',*,*,#2406,.F.);
#3072=ORIENTED_EDGE('',*,*,#2407,.T.);
#3073=ORIENTED_EDGE('',*,*,#2404,.T.);
#3074=ORIENTED_EDGE('',*,*,#2407,.F.);
#3075=ORIENTED_EDGE('',*,*,#2408,.F.);
#3076=ORIENTED_EDGE('',*,*,#2409,.T.);
#3077=ORIENTED_EDGE('',*,*,#2409,.F.);
#3078=ORIENTED_EDGE('',*,*,#2410,.F.);
#3079=ORIENTED_EDGE('',*,*,#2411,.T.);
#3080=ORIENTED_EDGE('',*,*,#2408,.T.);
#3081=ORIENTED_EDGE('',*,*,#2411,.F.);
#3082=ORIENTED_EDGE('',*,*,#2412,.F.);
#3083=ORIENTED_EDGE('',*,*,#2413,.T.);
#3084=ORIENTED_EDGE('',*,*,#2413,.F.);
#3085=ORIENTED_EDGE('',*,*,#2414,.F.);
#3086=ORIENTED_EDGE('',*,*,#2415,.T.);
#3087=ORIENTED_EDGE('',*,*,#2412,.T.);
#3088=ORIENTED_EDGE('',*,*,#2415,.F.);
#3089=ORIENTED_EDGE('',*,*,#2416,.F.);
#3090=ORIENTED_EDGE('',*,*,#2417,.T.);
#3091=ORIENTED_EDGE('',*,*,#2417,.F.);
#3092=ORIENTED_EDGE('',*,*,#2418,.F.);
#3093=ORIENTED_EDGE('',*,*,#2419,.T.);
#3094=ORIENTED_EDGE('',*,*,#2416,.T.);
#3095=ORIENTED_EDGE('',*,*,#2419,.F.);
#3096=ORIENTED_EDGE('',*,*,#2290,.F.);
#3097=ORIENTED_EDGE('',*,*,#2420,.T.);
#3098=ORIENTED_EDGE('',*,*,#2389,.T.);
#3099=ORIENTED_EDGE('',*,*,#2421,.F.);
#3100=ORIENTED_EDGE('',*,*,#2289,.F.);
#3101=ORIENTED_EDGE('',*,*,#2422,.T.);
#3102=ORIENTED_EDGE('',*,*,#2390,.T.);
#3103=ORIENTED_EDGE('',*,*,#2420,.F.);
#3104=ORIENTED_EDGE('',*,*,#2288,.F.);
#3105=ORIENTED_EDGE('',*,*,#2421,.T.);
#3106=ORIENTED_EDGE('',*,*,#2388,.T.);
#3107=ORIENTED_EDGE('',*,*,#2422,.F.);
#3108=ORIENTED_EDGE('',*,*,#2275,.F.);
#3109=ORIENTED_EDGE('',*,*,#2423,.T.);
#3110=ORIENTED_EDGE('',*,*,#2386,.T.);
#3111=ORIENTED_EDGE('',*,*,#2315,.F.);
#3112=ORIENTED_EDGE('',*,*,#2295,.F.);
#3113=ORIENTED_EDGE('',*,*,#2298,.T.);
#3114=ORIENTED_EDGE('',*,*,#2374,.T.);
#3115=ORIENTED_EDGE('',*,*,#2391,.F.);
#3116=ORIENTED_EDGE('',*,*,#2287,.F.);
#3117=ORIENTED_EDGE('',*,*,#2424,.T.);
#3118=ORIENTED_EDGE('',*,*,#2382,.T.);
#3119=ORIENTED_EDGE('',*,*,#2425,.F.);
#3120=ORIENTED_EDGE('',*,*,#2286,.F.);
#3121=ORIENTED_EDGE('',*,*,#2426,.T.);
#3122=ORIENTED_EDGE('',*,*,#2383,.T.);
#3123=ORIENTED_EDGE('',*,*,#2424,.F.);
#3124=ORIENTED_EDGE('',*,*,#2285,.F.);
#3125=ORIENTED_EDGE('',*,*,#2425,.T.);
#3126=ORIENTED_EDGE('',*,*,#2381,.T.);
#3127=ORIENTED_EDGE('',*,*,#2426,.F.);
#3128=ORIENTED_EDGE('',*,*,#2303,.T.);
#3129=ORIENTED_EDGE('',*,*,#2385,.T.);
#3130=ORIENTED_EDGE('',*,*,#2427,.F.);
#3131=ORIENTED_EDGE('',*,*,#2267,.F.);
#3132=ORIENTED_EDGE('',*,*,#2278,.F.);
#3133=ORIENTED_EDGE('',*,*,#2428,.T.);
#3134=ORIENTED_EDGE('',*,*,#2380,.T.);
#3135=ORIENTED_EDGE('',*,*,#2312,.F.);
#3136=ORIENTED_EDGE('',*,*,#2277,.F.);
#3137=ORIENTED_EDGE('',*,*,#2314,.T.);
#3138=ORIENTED_EDGE('',*,*,#2379,.T.);
#3139=ORIENTED_EDGE('',*,*,#2428,.F.);
#3140=ORIENTED_EDGE('',*,*,#2280,.F.);
#3141=ORIENTED_EDGE('',*,*,#2311,.T.);
#3142=ORIENTED_EDGE('',*,*,#2372,.T.);
#3143=ORIENTED_EDGE('',*,*,#2429,.F.);
#3144=ORIENTED_EDGE('',*,*,#2250,.T.);
#3145=ORIENTED_EDGE('',*,*,#2281,.F.);
#3146=ORIENTED_EDGE('',*,*,#2429,.T.);
#3147=ORIENTED_EDGE('',*,*,#2371,.T.);
#3148=ORIENTED_EDGE('',*,*,#2284,.F.);
#3149=ORIENTED_EDGE('',*,*,#2309,.T.);
#3150=ORIENTED_EDGE('',*,*,#2375,.T.);
#3151=ORIENTED_EDGE('',*,*,#2260,.F.);
#3152=ORIENTED_EDGE('',*,*,#2271,.T.);
#3153=ORIENTED_EDGE('',*,*,#2430,.T.);
#3154=ORIENTED_EDGE('',*,*,#2368,.T.);
#3155=ORIENTED_EDGE('',*,*,#2431,.F.);
#3156=ORIENTED_EDGE('',*,*,#2324,.T.);
#3157=ORIENTED_EDGE('',*,*,#2432,.F.);
#3158=ORIENTED_EDGE('',*,*,#2433,.T.);
#3159=ORIENTED_EDGE('',*,*,#2434,.T.);
#3160=ORIENTED_EDGE('',*,*,#2435,.F.);
#3161=ORIENTED_EDGE('',*,*,#2436,.T.);
#3162=ORIENTED_EDGE('',*,*,#2437,.F.);
#3163=ORIENTED_EDGE('',*,*,#2438,.T.);
#3164=ORIENTED_EDGE('',*,*,#2439,.T.);
#3165=ORIENTED_EDGE('',*,*,#2440,.F.);
#3166=ORIENTED_EDGE('',*,*,#2332,.T.);
#3167=ORIENTED_EDGE('',*,*,#2441,.F.);
#3168=ORIENTED_EDGE('',*,*,#2442,.F.);
#3169=ORIENTED_EDGE('',*,*,#2328,.T.);
#3170=ORIENTED_EDGE('',*,*,#2443,.F.);
#3171=ORIENTED_EDGE('',*,*,#2444,.F.);
#3172=ORIENTED_EDGE('',*,*,#2401,.T.);
#3173=ORIENTED_EDGE('',*,*,#2392,.T.);
#3174=ORIENTED_EDGE('',*,*,#2398,.T.);
#3175=ORIENTED_EDGE('',*,*,#2445,.F.);
#3176=ORIENTED_EDGE('',*,*,#2446,.F.);
#3177=ORIENTED_EDGE('',*,*,#2447,.F.);
#3178=ORIENTED_EDGE('',*,*,#2448,.F.);
#3179=ORIENTED_EDGE('',*,*,#2449,.F.);
#3180=ORIENTED_EDGE('',*,*,#2450,.F.);
#3181=ORIENTED_EDGE('',*,*,#2451,.F.);
#3182=ORIENTED_EDGE('',*,*,#2452,.F.);
#3183=ORIENTED_EDGE('',*,*,#2453,.F.);
#3184=ORIENTED_EDGE('',*,*,#2454,.F.);
#3185=ORIENTED_EDGE('',*,*,#2455,.F.);
#3186=ORIENTED_EDGE('',*,*,#2456,.F.);
#3187=ORIENTED_EDGE('',*,*,#2446,.T.);
#3188=ORIENTED_EDGE('',*,*,#2457,.T.);
#3189=ORIENTED_EDGE('',*,*,#2458,.F.);
#3190=ORIENTED_EDGE('',*,*,#2459,.F.);
#3191=ORIENTED_EDGE('',*,*,#2447,.T.);
#3192=ORIENTED_EDGE('',*,*,#2459,.T.);
#3193=ORIENTED_EDGE('',*,*,#2460,.F.);
#3194=ORIENTED_EDGE('',*,*,#2461,.F.);
#3195=ORIENTED_EDGE('',*,*,#2445,.T.);
#3196=ORIENTED_EDGE('',*,*,#2461,.T.);
#3197=ORIENTED_EDGE('',*,*,#2462,.F.);
#3198=ORIENTED_EDGE('',*,*,#2457,.F.);
#3199=ORIENTED_EDGE('',*,*,#2432,.T.);
#3200=ORIENTED_EDGE('',*,*,#2323,.T.);
#3201=ORIENTED_EDGE('',*,*,#2463,.F.);
#3202=ORIENTED_EDGE('',*,*,#2464,.F.);
#3203=ORIENTED_EDGE('',*,*,#2449,.T.);
#3204=ORIENTED_EDGE('',*,*,#2465,.T.);
#3205=ORIENTED_EDGE('',*,*,#2466,.F.);
#3206=ORIENTED_EDGE('',*,*,#2467,.F.);
#3207=ORIENTED_EDGE('',*,*,#2450,.T.);
#3208=ORIENTED_EDGE('',*,*,#2467,.T.);
#3209=ORIENTED_EDGE('',*,*,#2468,.F.);
#3210=ORIENTED_EDGE('',*,*,#2469,.F.);
#3211=ORIENTED_EDGE('',*,*,#2448,.T.);
#3212=ORIENTED_EDGE('',*,*,#2469,.T.);
#3213=ORIENTED_EDGE('',*,*,#2470,.F.);
#3214=ORIENTED_EDGE('',*,*,#2465,.F.);
#3215=ORIENTED_EDGE('',*,*,#2452,.T.);
#3216=ORIENTED_EDGE('',*,*,#2471,.T.);
#3217=ORIENTED_EDGE('',*,*,#2472,.F.);
#3218=ORIENTED_EDGE('',*,*,#2473,.F.);
#3219=ORIENTED_EDGE('',*,*,#2453,.T.);
#3220=ORIENTED_EDGE('',*,*,#2473,.T.);
#3221=ORIENTED_EDGE('',*,*,#2474,.F.);
#3222=ORIENTED_EDGE('',*,*,#2475,.F.);
#3223=ORIENTED_EDGE('',*,*,#2451,.T.);
#3224=ORIENTED_EDGE('',*,*,#2475,.T.);
#3225=ORIENTED_EDGE('',*,*,#2476,.F.);
#3226=ORIENTED_EDGE('',*,*,#2471,.F.);
#3227=ORIENTED_EDGE('',*,*,#2440,.T.);
#3228=ORIENTED_EDGE('',*,*,#2477,.T.);
#3229=ORIENTED_EDGE('',*,*,#2478,.F.);
#3230=ORIENTED_EDGE('',*,*,#2333,.F.);
#3231=ORIENTED_EDGE('',*,*,#2443,.T.);
#3232=ORIENTED_EDGE('',*,*,#2327,.T.);
#3233=ORIENTED_EDGE('',*,*,#2479,.F.);
#3234=ORIENTED_EDGE('',*,*,#2480,.F.);
#3235=ORIENTED_EDGE('',*,*,#2444,.T.);
#3236=ORIENTED_EDGE('',*,*,#2480,.T.);
#3237=ORIENTED_EDGE('',*,*,#2481,.F.);
#3238=ORIENTED_EDGE('',*,*,#2325,.F.);
#3239=ORIENTED_EDGE('',*,*,#2442,.T.);
#3240=ORIENTED_EDGE('',*,*,#2482,.T.);
#3241=ORIENTED_EDGE('',*,*,#2483,.F.);
#3242=ORIENTED_EDGE('',*,*,#2329,.F.);
#3243=ORIENTED_EDGE('',*,*,#2441,.T.);
#3244=ORIENTED_EDGE('',*,*,#2331,.T.);
#3245=ORIENTED_EDGE('',*,*,#2484,.F.);
#3246=ORIENTED_EDGE('',*,*,#2482,.F.);
#3247=ORIENTED_EDGE('',*,*,#2455,.T.);
#3248=ORIENTED_EDGE('',*,*,#2485,.T.);
#3249=ORIENTED_EDGE('',*,*,#2486,.F.);
#3250=ORIENTED_EDGE('',*,*,#2487,.F.);
#3251=ORIENTED_EDGE('',*,*,#2456,.T.);
#3252=ORIENTED_EDGE('',*,*,#2487,.T.);
#3253=ORIENTED_EDGE('',*,*,#2488,.F.);
#3254=ORIENTED_EDGE('',*,*,#2489,.F.);
#3255=ORIENTED_EDGE('',*,*,#2454,.T.);
#3256=ORIENTED_EDGE('',*,*,#2489,.T.);
#3257=ORIENTED_EDGE('',*,*,#2490,.F.);
#3258=ORIENTED_EDGE('',*,*,#2485,.F.);
#3259=ORIENTED_EDGE('',*,*,#2436,.F.);
#3260=ORIENTED_EDGE('',*,*,#2491,.T.);
#3261=ORIENTED_EDGE('',*,*,#2492,.F.);
#3262=ORIENTED_EDGE('',*,*,#2493,.F.);
#3263=ORIENTED_EDGE('',*,*,#2494,.T.);
#3264=ORIENTED_EDGE('',*,*,#2495,.T.);
#3265=ORIENTED_EDGE('',*,*,#2496,.T.);
#3266=ORIENTED_EDGE('',*,*,#2492,.T.);
#3267=ORIENTED_EDGE('',*,*,#2462,.T.);
#3268=ORIENTED_EDGE('',*,*,#2460,.T.);
#3269=ORIENTED_EDGE('',*,*,#2458,.T.);
#3270=ORIENTED_EDGE('',*,*,#2322,.T.);
#3271=ORIENTED_EDGE('',*,*,#2497,.T.);
#3272=ORIENTED_EDGE('',*,*,#2463,.T.);
#3273=ORIENTED_EDGE('',*,*,#2470,.T.);
#3274=ORIENTED_EDGE('',*,*,#2468,.T.);
#3275=ORIENTED_EDGE('',*,*,#2466,.T.);
#3276=ORIENTED_EDGE('',*,*,#2476,.T.);
#3277=ORIENTED_EDGE('',*,*,#2474,.T.);
#3278=ORIENTED_EDGE('',*,*,#2472,.T.);
#3279=ORIENTED_EDGE('',*,*,#2478,.T.);
#3280=ORIENTED_EDGE('',*,*,#2498,.T.);
#3281=ORIENTED_EDGE('',*,*,#2334,.T.);
#3282=ORIENTED_EDGE('',*,*,#2481,.T.);
#3283=ORIENTED_EDGE('',*,*,#2479,.T.);
#3284=ORIENTED_EDGE('',*,*,#2326,.T.);
#3285=ORIENTED_EDGE('',*,*,#2484,.T.);
#3286=ORIENTED_EDGE('',*,*,#2330,.T.);
#3287=ORIENTED_EDGE('',*,*,#2483,.T.);
#3288=ORIENTED_EDGE('',*,*,#2490,.T.);
#3289=ORIENTED_EDGE('',*,*,#2488,.T.);
#3290=ORIENTED_EDGE('',*,*,#2486,.T.);
#3291=ORIENTED_EDGE('',*,*,#2402,.T.);
#3292=ORIENTED_EDGE('',*,*,#2399,.T.);
#3293=ORIENTED_EDGE('',*,*,#2394,.T.);
#3294=ORIENTED_EDGE('',*,*,#2499,.F.);
#3295=ORIENTED_EDGE('',*,*,#2320,.F.);
#3296=ORIENTED_EDGE('',*,*,#2500,.F.);
#3297=ORIENTED_EDGE('',*,*,#2501,.F.);
#3298=ORIENTED_EDGE('',*,*,#2502,.F.);
#3299=ORIENTED_EDGE('',*,*,#2503,.T.);
#3300=ORIENTED_EDGE('',*,*,#2504,.F.);
#3301=ORIENTED_EDGE('',*,*,#2318,.T.);
#3302=ORIENTED_EDGE('',*,*,#2505,.T.);
#3303=ORIENTED_EDGE('',*,*,#2494,.F.);
#3304=ORIENTED_EDGE('',*,*,#2491,.F.);
#3305=ORIENTED_EDGE('',*,*,#2435,.T.);
#3306=ORIENTED_EDGE('',*,*,#2506,.F.);
#3307=ORIENTED_EDGE('',*,*,#2272,.F.);
#3308=ORIENTED_EDGE('',*,*,#2431,.T.);
#3309=ORIENTED_EDGE('',*,*,#2367,.T.);
#3310=ORIENTED_EDGE('',*,*,#2500,.T.);
#3311=ORIENTED_EDGE('',*,*,#2319,.T.);
#3312=ORIENTED_EDGE('',*,*,#2504,.T.);
#3313=ORIENTED_EDGE('',*,*,#2507,.T.);
#3314=ORIENTED_EDGE('',*,*,#2499,.T.);
#3315=ORIENTED_EDGE('',*,*,#2508,.T.);
#3316=ORIENTED_EDGE('',*,*,#2502,.T.);
#3317=ORIENTED_EDGE('',*,*,#2317,.T.);
#3318=ORIENTED_EDGE('',*,*,#2387,.T.);
#3319=ORIENTED_EDGE('',*,*,#2423,.F.);
#3320=ORIENTED_EDGE('',*,*,#2274,.F.);
#3321=ORIENTED_EDGE('',*,*,#2509,.T.);
#3322=ORIENTED_EDGE('',*,*,#2433,.F.);
#3323=ORIENTED_EDGE('',*,*,#2464,.T.);
#3324=ORIENTED_EDGE('',*,*,#2497,.F.);
#3325=ORIENTED_EDGE('',*,*,#2321,.T.);
#3326=ORIENTED_EDGE('',*,*,#2342,.F.);
#3327=ORIENTED_EDGE('',*,*,#2510,.T.);
#3328=ORIENTED_EDGE('',*,*,#2511,.F.);
#3329=ORIENTED_EDGE('',*,*,#2510,.F.);
#3330=ORIENTED_EDGE('',*,*,#2366,.F.);
#3331=ORIENTED_EDGE('',*,*,#2512,.T.);
#3332=ORIENTED_EDGE('',*,*,#2513,.F.);
#3333=ORIENTED_EDGE('',*,*,#2512,.F.);
#3334=ORIENTED_EDGE('',*,*,#2365,.F.);
#3335=ORIENTED_EDGE('',*,*,#2514,.T.);
#3336=ORIENTED_EDGE('',*,*,#2515,.F.);
#3337=ORIENTED_EDGE('',*,*,#2514,.F.);
#3338=ORIENTED_EDGE('',*,*,#2516,.T.);
#3339=ORIENTED_EDGE('',*,*,#2517,.F.);
#3340=ORIENTED_EDGE('',*,*,#2518,.T.);
#3341=ORIENTED_EDGE('',*,*,#2519,.T.);
#3342=ORIENTED_EDGE('',*,*,#2518,.F.);
#3343=ORIENTED_EDGE('',*,*,#2520,.F.);
#3344=ORIENTED_EDGE('',*,*,#2521,.T.);
#3345=ORIENTED_EDGE('',*,*,#2522,.T.);
#3346=ORIENTED_EDGE('',*,*,#2521,.F.);
#3347=ORIENTED_EDGE('',*,*,#2523,.F.);
#3348=ORIENTED_EDGE('',*,*,#2524,.T.);
#3349=ORIENTED_EDGE('',*,*,#2525,.T.);
#3350=ORIENTED_EDGE('',*,*,#2524,.F.);
#3351=ORIENTED_EDGE('',*,*,#2526,.F.);
#3352=ORIENTED_EDGE('',*,*,#2527,.T.);
#3353=ORIENTED_EDGE('',*,*,#2528,.T.);
#3354=ORIENTED_EDGE('',*,*,#2527,.F.);
#3355=ORIENTED_EDGE('',*,*,#2529,.F.);
#3356=ORIENTED_EDGE('',*,*,#2530,.T.);
#3357=ORIENTED_EDGE('',*,*,#2531,.T.);
#3358=ORIENTED_EDGE('',*,*,#2530,.F.);
#3359=ORIENTED_EDGE('',*,*,#2532,.F.);
#3360=ORIENTED_EDGE('',*,*,#2516,.F.);
#3361=ORIENTED_EDGE('',*,*,#2533,.T.);
#3362=ORIENTED_EDGE('',*,*,#2533,.F.);
#3363=ORIENTED_EDGE('',*,*,#2519,.F.);
#3364=ORIENTED_EDGE('',*,*,#2522,.F.);
#3365=ORIENTED_EDGE('',*,*,#2525,.F.);
#3366=ORIENTED_EDGE('',*,*,#2528,.F.);
#3367=ORIENTED_EDGE('',*,*,#2531,.F.);
#3368=ORIENTED_EDGE('',*,*,#2534,.F.);
#3369=ORIENTED_EDGE('',*,*,#2535,.T.);
#3370=ORIENTED_EDGE('',*,*,#2536,.F.);
#3371=ORIENTED_EDGE('',*,*,#2537,.T.);
#3372=ORIENTED_EDGE('',*,*,#2538,.T.);
#3373=ORIENTED_EDGE('',*,*,#2537,.F.);
#3374=ORIENTED_EDGE('',*,*,#2539,.F.);
#3375=ORIENTED_EDGE('',*,*,#2540,.T.);
#3376=ORIENTED_EDGE('',*,*,#2541,.T.);
#3377=ORIENTED_EDGE('',*,*,#2540,.F.);
#3378=ORIENTED_EDGE('',*,*,#2542,.F.);
#3379=ORIENTED_EDGE('',*,*,#2543,.T.);
#3380=ORIENTED_EDGE('',*,*,#2544,.T.);
#3381=ORIENTED_EDGE('',*,*,#2543,.F.);
#3382=ORIENTED_EDGE('',*,*,#2545,.F.);
#3383=ORIENTED_EDGE('',*,*,#2546,.T.);
#3384=ORIENTED_EDGE('',*,*,#2547,.T.);
#3385=ORIENTED_EDGE('',*,*,#2546,.F.);
#3386=ORIENTED_EDGE('',*,*,#2548,.F.);
#3387=ORIENTED_EDGE('',*,*,#2549,.T.);
#3388=ORIENTED_EDGE('',*,*,#2550,.T.);
#3389=ORIENTED_EDGE('',*,*,#2549,.F.);
#3390=ORIENTED_EDGE('',*,*,#2551,.F.);
#3391=ORIENTED_EDGE('',*,*,#2535,.F.);
#3392=ORIENTED_EDGE('',*,*,#2552,.T.);
#3393=ORIENTED_EDGE('',*,*,#2552,.F.);
#3394=ORIENTED_EDGE('',*,*,#2538,.F.);
#3395=ORIENTED_EDGE('',*,*,#2541,.F.);
#3396=ORIENTED_EDGE('',*,*,#2544,.F.);
#3397=ORIENTED_EDGE('',*,*,#2547,.F.);
#3398=ORIENTED_EDGE('',*,*,#2550,.F.);
#3399=ORIENTED_EDGE('',*,*,#2553,.F.);
#3400=ORIENTED_EDGE('',*,*,#2534,.T.);
#3401=ORIENTED_EDGE('',*,*,#2554,.T.);
#3402=ORIENTED_EDGE('',*,*,#2555,.F.);
#3403=ORIENTED_EDGE('',*,*,#2554,.F.);
#3404=ORIENTED_EDGE('',*,*,#2553,.T.);
#3405=ORIENTED_EDGE('',*,*,#2556,.T.);
#3406=ORIENTED_EDGE('',*,*,#2557,.F.);
#3407=ORIENTED_EDGE('',*,*,#2556,.F.);
#3408=ORIENTED_EDGE('',*,*,#2558,.F.);
#3409=ORIENTED_EDGE('',*,*,#2559,.F.);
#3410=ORIENTED_EDGE('',*,*,#2560,.T.);
#3411=ORIENTED_EDGE('',*,*,#2561,.F.);
#3412=ORIENTED_EDGE('',*,*,#2562,.F.);
#3413=ORIENTED_EDGE('',*,*,#2336,.F.);
#3414=ORIENTED_EDGE('',*,*,#2337,.F.);
#3415=ORIENTED_EDGE('',*,*,#2562,.T.);
#3416=ORIENTED_EDGE('',*,*,#2563,.F.);
#3417=ORIENTED_EDGE('',*,*,#2564,.F.);
#3418=ORIENTED_EDGE('',*,*,#2565,.F.);
#3419=ORIENTED_EDGE('',*,*,#2338,.F.);
#3420=ORIENTED_EDGE('',*,*,#2564,.T.);
#3421=ORIENTED_EDGE('',*,*,#2566,.F.);
#3422=ORIENTED_EDGE('',*,*,#2567,.F.);
#3423=ORIENTED_EDGE('',*,*,#2568,.F.);
#3424=ORIENTED_EDGE('',*,*,#2566,.T.);
#3425=ORIENTED_EDGE('',*,*,#2563,.T.);
#3426=ORIENTED_EDGE('',*,*,#2561,.T.);
#3427=ORIENTED_EDGE('',*,*,#2569,.T.);
#3428=ORIENTED_EDGE('',*,*,#2555,.T.);
#3429=ORIENTED_EDGE('',*,*,#2557,.T.);
#3430=ORIENTED_EDGE('',*,*,#2364,.F.);
#3431=ORIENTED_EDGE('',*,*,#2570,.T.);
#3432=ORIENTED_EDGE('',*,*,#2571,.F.);
#3433=ORIENTED_EDGE('',*,*,#2570,.F.);
#3434=ORIENTED_EDGE('',*,*,#2363,.F.);
#3435=ORIENTED_EDGE('',*,*,#2572,.T.);
#3436=ORIENTED_EDGE('',*,*,#2573,.F.);
#3437=ORIENTED_EDGE('',*,*,#2572,.F.);
#3438=ORIENTED_EDGE('',*,*,#2362,.F.);
#3439=ORIENTED_EDGE('',*,*,#2574,.T.);
#3440=ORIENTED_EDGE('',*,*,#2575,.F.);
#3441=ORIENTED_EDGE('',*,*,#2574,.F.);
#3442=ORIENTED_EDGE('',*,*,#2361,.F.);
#3443=ORIENTED_EDGE('',*,*,#2576,.T.);
#3444=ORIENTED_EDGE('',*,*,#2577,.F.);
#3445=ORIENTED_EDGE('',*,*,#2576,.F.);
#3446=ORIENTED_EDGE('',*,*,#2360,.F.);
#3447=ORIENTED_EDGE('',*,*,#2578,.T.);
#3448=ORIENTED_EDGE('',*,*,#2579,.F.);
#3449=ORIENTED_EDGE('',*,*,#2578,.F.);
#3450=ORIENTED_EDGE('',*,*,#2359,.F.);
#3451=ORIENTED_EDGE('',*,*,#2580,.T.);
#3452=ORIENTED_EDGE('',*,*,#2581,.F.);
#3453=ORIENTED_EDGE('',*,*,#2580,.F.);
#3454=ORIENTED_EDGE('',*,*,#2358,.F.);
#3455=ORIENTED_EDGE('',*,*,#2582,.T.);
#3456=ORIENTED_EDGE('',*,*,#2583,.F.);
#3457=ORIENTED_EDGE('',*,*,#2582,.F.);
#3458=ORIENTED_EDGE('',*,*,#2345,.F.);
#3459=ORIENTED_EDGE('',*,*,#2584,.T.);
#3460=ORIENTED_EDGE('',*,*,#2585,.F.);
#3461=ORIENTED_EDGE('',*,*,#2584,.F.);
#3462=ORIENTED_EDGE('',*,*,#2343,.F.);
#3463=ORIENTED_EDGE('',*,*,#2586,.T.);
#3464=ORIENTED_EDGE('',*,*,#2587,.F.);
#3465=ORIENTED_EDGE('',*,*,#2586,.F.);
#3466=ORIENTED_EDGE('',*,*,#2344,.F.);
#3467=ORIENTED_EDGE('',*,*,#2588,.T.);
#3468=ORIENTED_EDGE('',*,*,#2589,.F.);
#3469=ORIENTED_EDGE('',*,*,#2588,.F.);
#3470=ORIENTED_EDGE('',*,*,#2346,.F.);
#3471=ORIENTED_EDGE('',*,*,#2590,.T.);
#3472=ORIENTED_EDGE('',*,*,#2591,.F.);
#3473=ORIENTED_EDGE('',*,*,#2590,.F.);
#3474=ORIENTED_EDGE('',*,*,#2357,.F.);
#3475=ORIENTED_EDGE('',*,*,#2592,.T.);
#3476=ORIENTED_EDGE('',*,*,#2593,.F.);
#3477=ORIENTED_EDGE('',*,*,#2592,.F.);
#3478=ORIENTED_EDGE('',*,*,#2356,.F.);
#3479=ORIENTED_EDGE('',*,*,#2594,.T.);
#3480=ORIENTED_EDGE('',*,*,#2595,.F.);
#3481=ORIENTED_EDGE('',*,*,#2594,.F.);
#3482=ORIENTED_EDGE('',*,*,#2355,.F.);
#3483=ORIENTED_EDGE('',*,*,#2596,.T.);
#3484=ORIENTED_EDGE('',*,*,#2597,.F.);
#3485=ORIENTED_EDGE('',*,*,#2596,.F.);
#3486=ORIENTED_EDGE('',*,*,#2354,.F.);
#3487=ORIENTED_EDGE('',*,*,#2598,.T.);
#3488=ORIENTED_EDGE('',*,*,#2599,.F.);
#3489=ORIENTED_EDGE('',*,*,#2598,.F.);
#3490=ORIENTED_EDGE('',*,*,#2353,.F.);
#3491=ORIENTED_EDGE('',*,*,#2600,.T.);
#3492=ORIENTED_EDGE('',*,*,#2601,.F.);
#3493=ORIENTED_EDGE('',*,*,#2600,.F.);
#3494=ORIENTED_EDGE('',*,*,#2352,.F.);
#3495=ORIENTED_EDGE('',*,*,#2602,.T.);
#3496=ORIENTED_EDGE('',*,*,#2603,.F.);
#3497=ORIENTED_EDGE('',*,*,#2602,.F.);
#3498=ORIENTED_EDGE('',*,*,#2351,.F.);
#3499=ORIENTED_EDGE('',*,*,#2604,.T.);
#3500=ORIENTED_EDGE('',*,*,#2605,.F.);
#3501=ORIENTED_EDGE('',*,*,#2604,.F.);
#3502=ORIENTED_EDGE('',*,*,#2350,.T.);
#3503=ORIENTED_EDGE('',*,*,#2606,.T.);
#3504=ORIENTED_EDGE('',*,*,#2607,.T.);
#3505=ORIENTED_EDGE('',*,*,#2608,.T.);
#3506=ORIENTED_EDGE('',*,*,#2606,.F.);
#3507=ORIENTED_EDGE('',*,*,#2349,.F.);
#3508=ORIENTED_EDGE('',*,*,#2609,.F.);
#3509=ORIENTED_EDGE('',*,*,#2610,.F.);
#3510=ORIENTED_EDGE('',*,*,#2348,.T.);
#3511=ORIENTED_EDGE('',*,*,#2611,.T.);
#3512=ORIENTED_EDGE('',*,*,#2612,.T.);
#3513=ORIENTED_EDGE('',*,*,#2609,.T.);
#3514=ORIENTED_EDGE('',*,*,#2608,.F.);
#3515=ORIENTED_EDGE('',*,*,#2613,.F.);
#3516=ORIENTED_EDGE('',*,*,#2611,.F.);
#3517=ORIENTED_EDGE('',*,*,#2347,.F.);
#3518=ORIENTED_EDGE('',*,*,#2501,.T.);
#3519=ORIENTED_EDGE('',*,*,#2507,.F.);
#3520=ORIENTED_EDGE('',*,*,#2503,.F.);
#3521=ORIENTED_EDGE('',*,*,#2508,.F.);
#3522=ORIENTED_EDGE('',*,*,#2559,.T.);
#3523=ORIENTED_EDGE('',*,*,#2614,.F.);
#3524=ORIENTED_EDGE('',*,*,#2568,.T.);
#3525=ORIENTED_EDGE('',*,*,#2615,.F.);
#3526=ORIENTED_EDGE('',*,*,#2558,.T.);
#3527=ORIENTED_EDGE('',*,*,#2335,.T.);
#3528=ORIENTED_EDGE('',*,*,#2498,.F.);
#3529=ORIENTED_EDGE('',*,*,#2477,.F.);
#3530=ORIENTED_EDGE('',*,*,#2439,.F.);
#3531=ORIENTED_EDGE('',*,*,#2616,.F.);
#3532=ORIENTED_EDGE('',*,*,#2268,.F.);
#3533=ORIENTED_EDGE('',*,*,#2427,.T.);
#3534=ORIENTED_EDGE('',*,*,#2384,.T.);
#3535=ORIENTED_EDGE('',*,*,#2339,.T.);
#3536=ORIENTED_EDGE('',*,*,#2565,.T.);
#3537=ORIENTED_EDGE('',*,*,#2614,.T.);
#3538=ORIENTED_EDGE('',*,*,#2616,.T.);
#3539=ORIENTED_EDGE('',*,*,#2438,.F.);
#3540=ORIENTED_EDGE('',*,*,#2617,.F.);
#3541=ORIENTED_EDGE('',*,*,#2269,.F.);
#3542=ORIENTED_EDGE('',*,*,#2410,.T.);
#3543=ORIENTED_EDGE('',*,*,#2414,.T.);
#3544=ORIENTED_EDGE('',*,*,#2617,.T.);
#3545=ORIENTED_EDGE('',*,*,#2437,.T.);
#3546=ORIENTED_EDGE('',*,*,#2493,.T.);
#3547=ORIENTED_EDGE('',*,*,#2496,.F.);
#3548=ORIENTED_EDGE('',*,*,#2618,.F.);
#3549=ORIENTED_EDGE('',*,*,#2369,.T.);
#3550=ORIENTED_EDGE('',*,*,#2430,.F.);
#3551=ORIENTED_EDGE('',*,*,#2270,.F.);
#3552=ORIENTED_EDGE('',*,*,#2615,.T.);
#3553=ORIENTED_EDGE('',*,*,#2567,.T.);
#3554=ORIENTED_EDGE('',*,*,#2569,.F.);
#3555=ORIENTED_EDGE('',*,*,#2560,.F.);
#3556=ORIENTED_EDGE('',*,*,#2618,.T.);
#3557=ORIENTED_EDGE('',*,*,#2495,.F.);
#3558=ORIENTED_EDGE('',*,*,#2505,.F.);
#3559=ORIENTED_EDGE('',*,*,#2370,.T.);
#3560=ORIENTED_EDGE('',*,*,#2513,.T.);
#3561=ORIENTED_EDGE('',*,*,#2515,.T.);
#3562=ORIENTED_EDGE('',*,*,#2571,.T.);
#3563=ORIENTED_EDGE('',*,*,#2573,.T.);
#3564=ORIENTED_EDGE('',*,*,#2575,.T.);
#3565=ORIENTED_EDGE('',*,*,#2577,.T.);
#3566=ORIENTED_EDGE('',*,*,#2579,.T.);
#3567=ORIENTED_EDGE('',*,*,#2581,.T.);
#3568=ORIENTED_EDGE('',*,*,#2583,.T.);
#3569=ORIENTED_EDGE('',*,*,#2585,.T.);
#3570=ORIENTED_EDGE('',*,*,#2587,.T.);
#3571=ORIENTED_EDGE('',*,*,#2589,.T.);
#3572=ORIENTED_EDGE('',*,*,#2591,.T.);
#3573=ORIENTED_EDGE('',*,*,#2593,.T.);
#3574=ORIENTED_EDGE('',*,*,#2595,.T.);
#3575=ORIENTED_EDGE('',*,*,#2597,.T.);
#3576=ORIENTED_EDGE('',*,*,#2599,.T.);
#3577=ORIENTED_EDGE('',*,*,#2601,.T.);
#3578=ORIENTED_EDGE('',*,*,#2603,.T.);
#3579=ORIENTED_EDGE('',*,*,#2605,.T.);
#3580=ORIENTED_EDGE('',*,*,#2613,.T.);
#3581=ORIENTED_EDGE('',*,*,#2607,.F.);
#3582=ORIENTED_EDGE('',*,*,#2610,.T.);
#3583=ORIENTED_EDGE('',*,*,#2612,.F.);
#3584=ORIENTED_EDGE('',*,*,#2536,.T.);
#3585=ORIENTED_EDGE('',*,*,#2551,.T.);
#3586=ORIENTED_EDGE('',*,*,#2548,.T.);
#3587=ORIENTED_EDGE('',*,*,#2545,.T.);
#3588=ORIENTED_EDGE('',*,*,#2542,.T.);
#3589=ORIENTED_EDGE('',*,*,#2539,.T.);
#3590=ORIENTED_EDGE('',*,*,#2517,.T.);
#3591=ORIENTED_EDGE('',*,*,#2532,.T.);
#3592=ORIENTED_EDGE('',*,*,#2529,.T.);
#3593=ORIENTED_EDGE('',*,*,#2526,.T.);
#3594=ORIENTED_EDGE('',*,*,#2523,.T.);
#3595=ORIENTED_EDGE('',*,*,#2520,.T.);
#3596=ORIENTED_EDGE('',*,*,#2511,.T.);
#3597=ORIENTED_EDGE('',*,*,#2506,.T.);
#3598=ORIENTED_EDGE('',*,*,#2434,.F.);
#3599=ORIENTED_EDGE('',*,*,#2509,.F.);
#3600=ORIENTED_EDGE('',*,*,#2273,.F.);
#3601=ORIENTED_EDGE('',*,*,#2406,.T.);
#3602=ORIENTED_EDGE('',*,*,#2418,.T.);
#3603=ORIENTED_EDGE('',*,*,#2619,.F.);
#3604=ORIENTED_EDGE('',*,*,#2620,.T.);
#3605=ORIENTED_EDGE('',*,*,#2621,.F.);
#3606=ORIENTED_EDGE('',*,*,#2620,.F.);
#3607=ORIENTED_EDGE('',*,*,#2622,.F.);
#3608=ORIENTED_EDGE('',*,*,#2623,.F.);
#3609=ORIENTED_EDGE('',*,*,#2624,.F.);
#3610=ORIENTED_EDGE('',*,*,#2625,.T.);
#3611=ORIENTED_EDGE('',*,*,#2626,.F.);
#3612=ORIENTED_EDGE('',*,*,#2627,.T.);
#3613=ORIENTED_EDGE('',*,*,#2628,.F.);
#3614=ORIENTED_EDGE('',*,*,#2629,.F.);
#3615=ORIENTED_EDGE('',*,*,#2630,.F.);
#3616=ORIENTED_EDGE('',*,*,#2631,.T.);
#3617=ORIENTED_EDGE('',*,*,#2629,.T.);
#3618=ORIENTED_EDGE('',*,*,#2632,.F.);
#3619=ORIENTED_EDGE('',*,*,#2633,.F.);
#3620=ORIENTED_EDGE('',*,*,#2634,.F.);
#3621=ORIENTED_EDGE('',*,*,#2633,.T.);
#3622=ORIENTED_EDGE('',*,*,#2635,.F.);
#3623=ORIENTED_EDGE('',*,*,#2636,.F.);
#3624=ORIENTED_EDGE('',*,*,#2623,.T.);
#3625=ORIENTED_EDGE('',*,*,#2637,.F.);
#3626=ORIENTED_EDGE('',*,*,#2636,.T.);
#3627=ORIENTED_EDGE('',*,*,#2638,.F.);
#3628=ORIENTED_EDGE('',*,*,#2639,.F.);
#3629=ORIENTED_EDGE('',*,*,#2640,.F.);
#3630=ORIENTED_EDGE('',*,*,#2624,.T.);
#3631=ORIENTED_EDGE('',*,*,#2639,.T.);
#3632=ORIENTED_EDGE('',*,*,#2641,.F.);
#3633=ORIENTED_EDGE('',*,*,#2642,.F.);
#3634=ORIENTED_EDGE('',*,*,#2643,.F.);
#3635=ORIENTED_EDGE('',*,*,#2642,.T.);
#3636=ORIENTED_EDGE('',*,*,#2644,.F.);
#3637=ORIENTED_EDGE('',*,*,#2627,.F.);
#3638=ORIENTED_EDGE('',*,*,#2644,.T.);
#3639=ORIENTED_EDGE('',*,*,#2641,.T.);
#3640=ORIENTED_EDGE('',*,*,#2638,.T.);
#3641=ORIENTED_EDGE('',*,*,#2635,.T.);
#3642=ORIENTED_EDGE('',*,*,#2632,.T.);
#3643=ORIENTED_EDGE('',*,*,#2628,.T.);
#3644=ORIENTED_EDGE('',*,*,#2621,.T.);
#3645=ORIENTED_EDGE('',*,*,#2645,.F.);
#3646=ORIENTED_EDGE('',*,*,#2625,.F.);
#3647=ORIENTED_EDGE('',*,*,#2631,.F.);
#3648=ORIENTED_EDGE('',*,*,#2626,.T.);
#3649=ORIENTED_EDGE('',*,*,#2646,.F.);
#3650=ORIENTED_EDGE('',*,*,#2647,.F.);
#3651=ORIENTED_EDGE('',*,*,#2648,.F.);
#3652=ORIENTED_EDGE('',*,*,#2640,.T.);
#3653=ORIENTED_EDGE('',*,*,#2643,.T.);
#3654=ORIENTED_EDGE('',*,*,#2630,.T.);
#3655=ORIENTED_EDGE('',*,*,#2634,.T.);
#3656=ORIENTED_EDGE('',*,*,#2637,.T.);
#3657=ORIENTED_EDGE('',*,*,#2649,.F.);
#3658=ORIENTED_EDGE('',*,*,#2650,.F.);
#3659=ORIENTED_EDGE('',*,*,#2651,.F.);
#3660=ORIENTED_EDGE('',*,*,#2649,.T.);
#3661=ORIENTED_EDGE('',*,*,#2622,.T.);
#3662=ORIENTED_EDGE('',*,*,#2648,.T.);
#3663=ORIENTED_EDGE('',*,*,#2652,.F.);
#3664=ORIENTED_EDGE('',*,*,#2653,.F.);
#3665=ORIENTED_EDGE('',*,*,#2654,.F.);
#3666=ORIENTED_EDGE('',*,*,#2646,.T.);
#3667=ORIENTED_EDGE('',*,*,#2645,.T.);
#3668=ORIENTED_EDGE('',*,*,#2651,.T.);
#3669=ORIENTED_EDGE('',*,*,#2655,.F.);
#3670=ORIENTED_EDGE('',*,*,#2656,.F.);
#3671=ORIENTED_EDGE('',*,*,#2657,.F.);
#3672=ORIENTED_EDGE('',*,*,#2658,.F.);
#3673=ORIENTED_EDGE('',*,*,#2656,.T.);
#3674=ORIENTED_EDGE('',*,*,#2659,.F.);
#3675=ORIENTED_EDGE('',*,*,#2653,.T.);
#3676=ORIENTED_EDGE('',*,*,#2660,.F.);
#3677=ORIENTED_EDGE('',*,*,#2661,.T.);
#3678=ORIENTED_EDGE('',*,*,#2662,.F.);
#3679=ORIENTED_EDGE('',*,*,#2661,.F.);
#3680=ORIENTED_EDGE('',*,*,#2663,.T.);
#3681=ORIENTED_EDGE('',*,*,#2664,.T.);
#3682=ORIENTED_EDGE('',*,*,#2665,.T.);
#3683=ORIENTED_EDGE('',*,*,#2666,.T.);
#3684=ORIENTED_EDGE('',*,*,#2667,.T.);
#3685=ORIENTED_EDGE('',*,*,#2668,.T.);
#3686=ORIENTED_EDGE('',*,*,#2668,.F.);
#3687=ORIENTED_EDGE('',*,*,#2669,.T.);
#3688=ORIENTED_EDGE('',*,*,#2670,.T.);
#3689=ORIENTED_EDGE('',*,*,#2671,.F.);
#3690=ORIENTED_EDGE('',*,*,#2672,.F.);
#3691=ORIENTED_EDGE('',*,*,#2673,.F.);
#3692=ORIENTED_EDGE('',*,*,#2674,.T.);
#3693=ORIENTED_EDGE('',*,*,#2675,.T.);
#3694=ORIENTED_EDGE('',*,*,#2669,.F.);
#3695=ORIENTED_EDGE('',*,*,#2667,.F.);
#3696=ORIENTED_EDGE('',*,*,#2676,.F.);
#3697=ORIENTED_EDGE('',*,*,#2677,.T.);
#3698=ORIENTED_EDGE('',*,*,#2678,.T.);
#3699=ORIENTED_EDGE('',*,*,#2674,.F.);
#3700=ORIENTED_EDGE('',*,*,#2665,.F.);
#3701=ORIENTED_EDGE('',*,*,#2679,.T.);
#3702=ORIENTED_EDGE('',*,*,#2680,.T.);
#3703=ORIENTED_EDGE('',*,*,#2677,.F.);
#3704=ORIENTED_EDGE('',*,*,#2681,.F.);
#3705=ORIENTED_EDGE('',*,*,#2682,.F.);
#3706=ORIENTED_EDGE('',*,*,#2683,.T.);
#3707=ORIENTED_EDGE('',*,*,#2684,.T.);
#3708=ORIENTED_EDGE('',*,*,#2679,.F.);
#3709=ORIENTED_EDGE('',*,*,#2664,.F.);
#3710=ORIENTED_EDGE('',*,*,#2685,.F.);
#3711=ORIENTED_EDGE('',*,*,#2671,.T.);
#3712=ORIENTED_EDGE('',*,*,#2686,.T.);
#3713=ORIENTED_EDGE('',*,*,#2683,.F.);
#3714=ORIENTED_EDGE('',*,*,#2686,.F.);
#3715=ORIENTED_EDGE('',*,*,#2670,.F.);
#3716=ORIENTED_EDGE('',*,*,#2675,.F.);
#3717=ORIENTED_EDGE('',*,*,#2678,.F.);
#3718=ORIENTED_EDGE('',*,*,#2680,.F.);
#3719=ORIENTED_EDGE('',*,*,#2684,.F.);
#3720=ORIENTED_EDGE('',*,*,#2662,.T.);
#3721=ORIENTED_EDGE('',*,*,#2672,.T.);
#3722=ORIENTED_EDGE('',*,*,#2685,.T.);
#3723=ORIENTED_EDGE('',*,*,#2682,.T.);
#3724=ORIENTED_EDGE('',*,*,#2687,.T.);
#3725=ORIENTED_EDGE('',*,*,#2688,.F.);
#3726=ORIENTED_EDGE('',*,*,#2689,.T.);
#3727=ORIENTED_EDGE('',*,*,#2690,.F.);
#3728=ORIENTED_EDGE('',*,*,#2691,.F.);
#3729=ORIENTED_EDGE('',*,*,#2692,.T.);
#3730=ORIENTED_EDGE('',*,*,#2693,.F.);
#3731=ORIENTED_EDGE('',*,*,#2687,.F.);
#3732=ORIENTED_EDGE('',*,*,#2663,.F.);
#3733=ORIENTED_EDGE('',*,*,#2689,.F.);
#3734=ORIENTED_EDGE('',*,*,#2694,.F.);
#3735=ORIENTED_EDGE('',*,*,#2695,.T.);
#3736=ORIENTED_EDGE('',*,*,#2696,.F.);
#3737=ORIENTED_EDGE('',*,*,#2697,.F.);
#3738=ORIENTED_EDGE('',*,*,#2666,.F.);
#3739=ORIENTED_EDGE('',*,*,#2673,.T.);
#3740=ORIENTED_EDGE('',*,*,#2697,.T.);
#3741=ORIENTED_EDGE('',*,*,#2698,.F.);
#3742=ORIENTED_EDGE('',*,*,#2690,.T.);
#3743=ORIENTED_EDGE('',*,*,#2681,.T.);
#3744=ORIENTED_EDGE('',*,*,#2676,.T.);
#3745=ORIENTED_EDGE('',*,*,#2699,.F.);
#3746=ORIENTED_EDGE('',*,*,#2692,.F.);
#3747=ORIENTED_EDGE('',*,*,#2700,.F.);
#3748=ORIENTED_EDGE('',*,*,#2695,.F.);
#3749=ORIENTED_EDGE('',*,*,#2701,.F.);
#3750=ORIENTED_EDGE('',*,*,#2702,.F.);
#3751=ORIENTED_EDGE('',*,*,#2703,.F.);
#3752=ORIENTED_EDGE('',*,*,#2704,.T.);
#3753=ORIENTED_EDGE('',*,*,#2705,.F.);
#3754=ORIENTED_EDGE('',*,*,#2704,.F.);
#3755=ORIENTED_EDGE('',*,*,#2706,.F.);
#3756=ORIENTED_EDGE('',*,*,#2707,.T.);
#3757=ORIENTED_EDGE('',*,*,#2708,.F.);
#3758=ORIENTED_EDGE('',*,*,#2707,.F.);
#3759=ORIENTED_EDGE('',*,*,#2709,.F.);
#3760=ORIENTED_EDGE('',*,*,#2710,.T.);
#3761=ORIENTED_EDGE('',*,*,#2711,.F.);
#3762=ORIENTED_EDGE('',*,*,#2710,.F.);
#3763=ORIENTED_EDGE('',*,*,#2712,.F.);
#3764=ORIENTED_EDGE('',*,*,#2702,.T.);
#3765=ORIENTED_EDGE('',*,*,#2713,.F.);
#3766=ORIENTED_EDGE('',*,*,#2714,.F.);
#3767=ORIENTED_EDGE('',*,*,#2715,.F.);
#3768=ORIENTED_EDGE('',*,*,#2716,.T.);
#3769=ORIENTED_EDGE('',*,*,#2717,.F.);
#3770=ORIENTED_EDGE('',*,*,#2716,.F.);
#3771=ORIENTED_EDGE('',*,*,#2718,.F.);
#3772=ORIENTED_EDGE('',*,*,#2719,.T.);
#3773=ORIENTED_EDGE('',*,*,#2720,.F.);
#3774=ORIENTED_EDGE('',*,*,#2719,.F.);
#3775=ORIENTED_EDGE('',*,*,#2721,.F.);
#3776=ORIENTED_EDGE('',*,*,#2722,.T.);
#3777=ORIENTED_EDGE('',*,*,#2723,.F.);
#3778=ORIENTED_EDGE('',*,*,#2722,.F.);
#3779=ORIENTED_EDGE('',*,*,#2724,.F.);
#3780=ORIENTED_EDGE('',*,*,#2714,.T.);
#3781=ORIENTED_EDGE('',*,*,#2725,.F.);
#3782=ORIENTED_EDGE('',*,*,#2726,.F.);
#3783=ORIENTED_EDGE('',*,*,#2727,.F.);
#3784=ORIENTED_EDGE('',*,*,#2728,.T.);
#3785=ORIENTED_EDGE('',*,*,#2729,.F.);
#3786=ORIENTED_EDGE('',*,*,#2728,.F.);
#3787=ORIENTED_EDGE('',*,*,#2730,.F.);
#3788=ORIENTED_EDGE('',*,*,#2731,.T.);
#3789=ORIENTED_EDGE('',*,*,#2732,.F.);
#3790=ORIENTED_EDGE('',*,*,#2731,.F.);
#3791=ORIENTED_EDGE('',*,*,#2733,.F.);
#3792=ORIENTED_EDGE('',*,*,#2734,.T.);
#3793=ORIENTED_EDGE('',*,*,#2735,.F.);
#3794=ORIENTED_EDGE('',*,*,#2734,.F.);
#3795=ORIENTED_EDGE('',*,*,#2736,.F.);
#3796=ORIENTED_EDGE('',*,*,#2726,.T.);
#3797=ORIENTED_EDGE('',*,*,#2737,.F.);
#3798=ORIENTED_EDGE('',*,*,#2738,.F.);
#3799=ORIENTED_EDGE('',*,*,#2739,.F.);
#3800=ORIENTED_EDGE('',*,*,#2740,.T.);
#3801=ORIENTED_EDGE('',*,*,#2741,.F.);
#3802=ORIENTED_EDGE('',*,*,#2740,.F.);
#3803=ORIENTED_EDGE('',*,*,#2742,.F.);
#3804=ORIENTED_EDGE('',*,*,#2743,.T.);
#3805=ORIENTED_EDGE('',*,*,#2744,.F.);
#3806=ORIENTED_EDGE('',*,*,#2743,.F.);
#3807=ORIENTED_EDGE('',*,*,#2745,.F.);
#3808=ORIENTED_EDGE('',*,*,#2746,.T.);
#3809=ORIENTED_EDGE('',*,*,#2747,.F.);
#3810=ORIENTED_EDGE('',*,*,#2746,.F.);
#3811=ORIENTED_EDGE('',*,*,#2748,.F.);
#3812=ORIENTED_EDGE('',*,*,#2738,.T.);
#3813=ORIENTED_EDGE('',*,*,#2749,.F.);
#3814=ORIENTED_EDGE('',*,*,#2750,.F.);
#3815=ORIENTED_EDGE('',*,*,#2751,.F.);
#3816=ORIENTED_EDGE('',*,*,#2752,.T.);
#3817=ORIENTED_EDGE('',*,*,#2753,.F.);
#3818=ORIENTED_EDGE('',*,*,#2752,.F.);
#3819=ORIENTED_EDGE('',*,*,#2754,.F.);
#3820=ORIENTED_EDGE('',*,*,#2755,.T.);
#3821=ORIENTED_EDGE('',*,*,#2756,.F.);
#3822=ORIENTED_EDGE('',*,*,#2755,.F.);
#3823=ORIENTED_EDGE('',*,*,#2757,.F.);
#3824=ORIENTED_EDGE('',*,*,#2758,.T.);
#3825=ORIENTED_EDGE('',*,*,#2759,.F.);
#3826=ORIENTED_EDGE('',*,*,#2758,.F.);
#3827=ORIENTED_EDGE('',*,*,#2760,.F.);
#3828=ORIENTED_EDGE('',*,*,#2750,.T.);
#3829=ORIENTED_EDGE('',*,*,#2761,.F.);
#3830=ORIENTED_EDGE('',*,*,#2762,.F.);
#3831=ORIENTED_EDGE('',*,*,#2763,.F.);
#3832=ORIENTED_EDGE('',*,*,#2764,.T.);
#3833=ORIENTED_EDGE('',*,*,#2765,.F.);
#3834=ORIENTED_EDGE('',*,*,#2764,.F.);
#3835=ORIENTED_EDGE('',*,*,#2766,.F.);
#3836=ORIENTED_EDGE('',*,*,#2767,.T.);
#3837=ORIENTED_EDGE('',*,*,#2768,.F.);
#3838=ORIENTED_EDGE('',*,*,#2767,.F.);
#3839=ORIENTED_EDGE('',*,*,#2769,.F.);
#3840=ORIENTED_EDGE('',*,*,#2770,.T.);
#3841=ORIENTED_EDGE('',*,*,#2771,.F.);
#3842=ORIENTED_EDGE('',*,*,#2770,.F.);
#3843=ORIENTED_EDGE('',*,*,#2772,.F.);
#3844=ORIENTED_EDGE('',*,*,#2762,.T.);
#3845=ORIENTED_EDGE('',*,*,#2773,.F.);
#3846=ORIENTED_EDGE('',*,*,#2774,.F.);
#3847=ORIENTED_EDGE('',*,*,#2775,.F.);
#3848=ORIENTED_EDGE('',*,*,#2776,.T.);
#3849=ORIENTED_EDGE('',*,*,#2777,.F.);
#3850=ORIENTED_EDGE('',*,*,#2776,.F.);
#3851=ORIENTED_EDGE('',*,*,#2778,.F.);
#3852=ORIENTED_EDGE('',*,*,#2779,.T.);
#3853=ORIENTED_EDGE('',*,*,#2780,.F.);
#3854=ORIENTED_EDGE('',*,*,#2779,.F.);
#3855=ORIENTED_EDGE('',*,*,#2781,.F.);
#3856=ORIENTED_EDGE('',*,*,#2782,.T.);
#3857=ORIENTED_EDGE('',*,*,#2783,.F.);
#3858=ORIENTED_EDGE('',*,*,#2782,.F.);
#3859=ORIENTED_EDGE('',*,*,#2784,.F.);
#3860=ORIENTED_EDGE('',*,*,#2774,.T.);
#3861=ORIENTED_EDGE('',*,*,#2785,.F.);
#3862=ORIENTED_EDGE('',*,*,#2786,.F.);
#3863=ORIENTED_EDGE('',*,*,#2787,.F.);
#3864=ORIENTED_EDGE('',*,*,#2788,.T.);
#3865=ORIENTED_EDGE('',*,*,#2789,.F.);
#3866=ORIENTED_EDGE('',*,*,#2788,.F.);
#3867=ORIENTED_EDGE('',*,*,#2790,.F.);
#3868=ORIENTED_EDGE('',*,*,#2791,.T.);
#3869=ORIENTED_EDGE('',*,*,#2792,.F.);
#3870=ORIENTED_EDGE('',*,*,#2791,.F.);
#3871=ORIENTED_EDGE('',*,*,#2793,.F.);
#3872=ORIENTED_EDGE('',*,*,#2794,.T.);
#3873=ORIENTED_EDGE('',*,*,#2795,.F.);
#3874=ORIENTED_EDGE('',*,*,#2794,.F.);
#3875=ORIENTED_EDGE('',*,*,#2796,.F.);
#3876=ORIENTED_EDGE('',*,*,#2786,.T.);
#3877=ORIENTED_EDGE('',*,*,#2797,.F.);
#3878=ORIENTED_EDGE('',*,*,#2798,.F.);
#3879=ORIENTED_EDGE('',*,*,#2799,.F.);
#3880=ORIENTED_EDGE('',*,*,#2800,.T.);
#3881=ORIENTED_EDGE('',*,*,#2801,.F.);
#3882=ORIENTED_EDGE('',*,*,#2800,.F.);
#3883=ORIENTED_EDGE('',*,*,#2802,.F.);
#3884=ORIENTED_EDGE('',*,*,#2803,.T.);
#3885=ORIENTED_EDGE('',*,*,#2804,.F.);
#3886=ORIENTED_EDGE('',*,*,#2803,.F.);
#3887=ORIENTED_EDGE('',*,*,#2805,.F.);
#3888=ORIENTED_EDGE('',*,*,#2806,.T.);
#3889=ORIENTED_EDGE('',*,*,#2807,.F.);
#3890=ORIENTED_EDGE('',*,*,#2806,.F.);
#3891=ORIENTED_EDGE('',*,*,#2808,.F.);
#3892=ORIENTED_EDGE('',*,*,#2798,.T.);
#3893=ORIENTED_EDGE('',*,*,#2809,.F.);
#3894=ORIENTED_EDGE('',*,*,#2810,.F.);
#3895=ORIENTED_EDGE('',*,*,#2811,.F.);
#3896=ORIENTED_EDGE('',*,*,#2812,.T.);
#3897=ORIENTED_EDGE('',*,*,#2813,.F.);
#3898=ORIENTED_EDGE('',*,*,#2812,.F.);
#3899=ORIENTED_EDGE('',*,*,#2814,.F.);
#3900=ORIENTED_EDGE('',*,*,#2815,.T.);
#3901=ORIENTED_EDGE('',*,*,#2816,.F.);
#3902=ORIENTED_EDGE('',*,*,#2815,.F.);
#3903=ORIENTED_EDGE('',*,*,#2817,.F.);
#3904=ORIENTED_EDGE('',*,*,#2818,.T.);
#3905=ORIENTED_EDGE('',*,*,#2819,.F.);
#3906=ORIENTED_EDGE('',*,*,#2818,.F.);
#3907=ORIENTED_EDGE('',*,*,#2820,.F.);
#3908=ORIENTED_EDGE('',*,*,#2810,.T.);
#3909=ORIENTED_EDGE('',*,*,#2821,.F.);
#3910=ORIENTED_EDGE('',*,*,#2822,.T.);
#3911=ORIENTED_EDGE('',*,*,#2823,.F.);
#3912=ORIENTED_EDGE('',*,*,#2822,.F.);
#3913=ORIENTED_EDGE('',*,*,#2824,.F.);
#3914=ORIENTED_EDGE('',*,*,#2825,.T.);
#3915=ORIENTED_EDGE('',*,*,#2826,.F.);
#3916=ORIENTED_EDGE('',*,*,#2825,.F.);
#3917=ORIENTED_EDGE('',*,*,#2827,.F.);
#3918=ORIENTED_EDGE('',*,*,#2828,.T.);
#3919=ORIENTED_EDGE('',*,*,#2829,.F.);
#3920=ORIENTED_EDGE('',*,*,#2828,.F.);
#3921=ORIENTED_EDGE('',*,*,#2830,.F.);
#3922=ORIENTED_EDGE('',*,*,#2831,.T.);
#3923=ORIENTED_EDGE('',*,*,#2832,.F.);
#3924=ORIENTED_EDGE('',*,*,#2831,.F.);
#3925=ORIENTED_EDGE('',*,*,#2833,.F.);
#3926=ORIENTED_EDGE('',*,*,#2834,.T.);
#3927=ORIENTED_EDGE('',*,*,#2835,.F.);
#3928=ORIENTED_EDGE('',*,*,#2836,.F.);
#3929=ORIENTED_EDGE('',*,*,#2660,.T.);
#3930=ORIENTED_EDGE('',*,*,#2837,.F.);
#3931=ORIENTED_EDGE('',*,*,#2836,.T.);
#3932=ORIENTED_EDGE('',*,*,#2838,.F.);
#3933=ORIENTED_EDGE('',*,*,#2839,.F.);
#3934=ORIENTED_EDGE('',*,*,#2840,.F.);
#3935=ORIENTED_EDGE('',*,*,#2839,.T.);
#3936=ORIENTED_EDGE('',*,*,#2841,.F.);
#3937=ORIENTED_EDGE('',*,*,#2842,.F.);
#3938=ORIENTED_EDGE('',*,*,#2619,.T.);
#3939=ORIENTED_EDGE('',*,*,#2843,.F.);
#3940=ORIENTED_EDGE('',*,*,#2842,.T.);
#3941=ORIENTED_EDGE('',*,*,#2844,.F.);
#3942=ORIENTED_EDGE('',*,*,#2834,.F.);
#3943=ORIENTED_EDGE('',*,*,#2844,.T.);
#3944=ORIENTED_EDGE('',*,*,#2841,.T.);
#3945=ORIENTED_EDGE('',*,*,#2838,.T.);
#3946=ORIENTED_EDGE('',*,*,#2835,.T.);
#3947=ORIENTED_EDGE('',*,*,#2694,.T.);
#3948=ORIENTED_EDGE('',*,*,#2688,.T.);
#3949=ORIENTED_EDGE('',*,*,#2693,.T.);
#3950=ORIENTED_EDGE('',*,*,#2699,.T.);
#3951=ORIENTED_EDGE('',*,*,#2832,.T.);
#3952=ORIENTED_EDGE('',*,*,#2829,.T.);
#3953=ORIENTED_EDGE('',*,*,#2826,.T.);
#3954=ORIENTED_EDGE('',*,*,#2823,.T.);
#3955=ORIENTED_EDGE('',*,*,#2817,.T.);
#3956=ORIENTED_EDGE('',*,*,#2814,.T.);
#3957=ORIENTED_EDGE('',*,*,#2811,.T.);
#3958=ORIENTED_EDGE('',*,*,#2820,.T.);
#3959=ORIENTED_EDGE('',*,*,#2805,.T.);
#3960=ORIENTED_EDGE('',*,*,#2802,.T.);
#3961=ORIENTED_EDGE('',*,*,#2799,.T.);
#3962=ORIENTED_EDGE('',*,*,#2808,.T.);
#3963=ORIENTED_EDGE('',*,*,#2793,.T.);
#3964=ORIENTED_EDGE('',*,*,#2790,.T.);
#3965=ORIENTED_EDGE('',*,*,#2787,.T.);
#3966=ORIENTED_EDGE('',*,*,#2796,.T.);
#3967=ORIENTED_EDGE('',*,*,#2781,.T.);
#3968=ORIENTED_EDGE('',*,*,#2778,.T.);
#3969=ORIENTED_EDGE('',*,*,#2775,.T.);
#3970=ORIENTED_EDGE('',*,*,#2784,.T.);
#3971=ORIENTED_EDGE('',*,*,#2769,.T.);
#3972=ORIENTED_EDGE('',*,*,#2766,.T.);
#3973=ORIENTED_EDGE('',*,*,#2763,.T.);
#3974=ORIENTED_EDGE('',*,*,#2772,.T.);
#3975=ORIENTED_EDGE('',*,*,#2757,.T.);
#3976=ORIENTED_EDGE('',*,*,#2754,.T.);
#3977=ORIENTED_EDGE('',*,*,#2751,.T.);
#3978=ORIENTED_EDGE('',*,*,#2760,.T.);
#3979=ORIENTED_EDGE('',*,*,#2745,.T.);
#3980=ORIENTED_EDGE('',*,*,#2742,.T.);
#3981=ORIENTED_EDGE('',*,*,#2739,.T.);
#3982=ORIENTED_EDGE('',*,*,#2748,.T.);
#3983=ORIENTED_EDGE('',*,*,#2733,.T.);
#3984=ORIENTED_EDGE('',*,*,#2730,.T.);
#3985=ORIENTED_EDGE('',*,*,#2727,.T.);
#3986=ORIENTED_EDGE('',*,*,#2736,.T.);
#3987=ORIENTED_EDGE('',*,*,#2721,.T.);
#3988=ORIENTED_EDGE('',*,*,#2718,.T.);
#3989=ORIENTED_EDGE('',*,*,#2715,.T.);
#3990=ORIENTED_EDGE('',*,*,#2724,.T.);
#3991=ORIENTED_EDGE('',*,*,#2709,.T.);
#3992=ORIENTED_EDGE('',*,*,#2706,.T.);
#3993=ORIENTED_EDGE('',*,*,#2703,.T.);
#3994=ORIENTED_EDGE('',*,*,#2712,.T.);
#3995=ORIENTED_EDGE('',*,*,#2657,.T.);
#3996=ORIENTED_EDGE('',*,*,#2658,.T.);
#3997=ORIENTED_EDGE('',*,*,#2652,.T.);
#3998=ORIENTED_EDGE('',*,*,#2647,.T.);
#3999=ORIENTED_EDGE('',*,*,#2843,.T.);
#4000=ORIENTED_EDGE('',*,*,#2833,.T.);
#4001=ORIENTED_EDGE('',*,*,#2837,.T.);
#4002=ORIENTED_EDGE('',*,*,#2840,.T.);
#4003=ORIENTED_EDGE('',*,*,#2696,.T.);
#4004=ORIENTED_EDGE('',*,*,#2700,.T.);
#4005=ORIENTED_EDGE('',*,*,#2691,.T.);
#4006=ORIENTED_EDGE('',*,*,#2698,.T.);
#4007=ORIENTED_EDGE('',*,*,#2830,.T.);
#4008=ORIENTED_EDGE('',*,*,#2827,.T.);
#4009=ORIENTED_EDGE('',*,*,#2824,.T.);
#4010=ORIENTED_EDGE('',*,*,#2821,.T.);
#4011=ORIENTED_EDGE('',*,*,#2816,.T.);
#4012=ORIENTED_EDGE('',*,*,#2819,.T.);
#4013=ORIENTED_EDGE('',*,*,#2809,.T.);
#4014=ORIENTED_EDGE('',*,*,#2813,.T.);
#4015=ORIENTED_EDGE('',*,*,#2804,.T.);
#4016=ORIENTED_EDGE('',*,*,#2807,.T.);
#4017=ORIENTED_EDGE('',*,*,#2797,.T.);
#4018=ORIENTED_EDGE('',*,*,#2801,.T.);
#4019=ORIENTED_EDGE('',*,*,#2792,.T.);
#4020=ORIENTED_EDGE('',*,*,#2795,.T.);
#4021=ORIENTED_EDGE('',*,*,#2785,.T.);
#4022=ORIENTED_EDGE('',*,*,#2789,.T.);
#4023=ORIENTED_EDGE('',*,*,#2780,.T.);
#4024=ORIENTED_EDGE('',*,*,#2783,.T.);
#4025=ORIENTED_EDGE('',*,*,#2773,.T.);
#4026=ORIENTED_EDGE('',*,*,#2777,.T.);
#4027=ORIENTED_EDGE('',*,*,#2768,.T.);
#4028=ORIENTED_EDGE('',*,*,#2771,.T.);
#4029=ORIENTED_EDGE('',*,*,#2761,.T.);
#4030=ORIENTED_EDGE('',*,*,#2765,.T.);
#4031=ORIENTED_EDGE('',*,*,#2756,.T.);
#4032=ORIENTED_EDGE('',*,*,#2759,.T.);
#4033=ORIENTED_EDGE('',*,*,#2749,.T.);
#4034=ORIENTED_EDGE('',*,*,#2753,.T.);
#4035=ORIENTED_EDGE('',*,*,#2744,.T.);
#4036=ORIENTED_EDGE('',*,*,#2747,.T.);
#4037=ORIENTED_EDGE('',*,*,#2737,.T.);
#4038=ORIENTED_EDGE('',*,*,#2741,.T.);
#4039=ORIENTED_EDGE('',*,*,#2732,.T.);
#4040=ORIENTED_EDGE('',*,*,#2735,.T.);
#4041=ORIENTED_EDGE('',*,*,#2725,.T.);
#4042=ORIENTED_EDGE('',*,*,#2729,.T.);
#4043=ORIENTED_EDGE('',*,*,#2720,.T.);
#4044=ORIENTED_EDGE('',*,*,#2723,.T.);
#4045=ORIENTED_EDGE('',*,*,#2713,.T.);
#4046=ORIENTED_EDGE('',*,*,#2717,.T.);
#4047=ORIENTED_EDGE('',*,*,#2708,.T.);
#4048=ORIENTED_EDGE('',*,*,#2711,.T.);
#4049=ORIENTED_EDGE('',*,*,#2701,.T.);
#4050=ORIENTED_EDGE('',*,*,#2705,.T.);
#4051=ORIENTED_EDGE('',*,*,#2655,.T.);
#4052=ORIENTED_EDGE('',*,*,#2650,.T.);
#4053=ORIENTED_EDGE('',*,*,#2654,.T.);
#4054=ORIENTED_EDGE('',*,*,#2659,.T.);
#4055=PLANE('',#4431);
#4056=PLANE('',#4432);
#4057=PLANE('',#4433);
#4058=PLANE('',#4434);
#4059=PLANE('',#4435);
#4060=PLANE('',#4436);
#4061=PLANE('',#4437);
#4062=PLANE('',#4439);
#4063=PLANE('',#4440);
#4064=PLANE('',#4441);
#4065=PLANE('',#4442);
#4066=PLANE('',#4443);
#4067=PLANE('',#4444);
#4068=PLANE('',#4445);
#4069=PLANE('',#4469);
#4070=PLANE('',#4471);
#4071=PLANE('',#4476);
#4072=PLANE('',#4477);
#4073=PLANE('',#4478);
#4074=PLANE('',#4479);
#4075=PLANE('',#4496);
#4076=PLANE('',#4497);
#4077=PLANE('',#4498);
#4078=PLANE('',#4499);
#4079=PLANE('',#4500);
#4080=PLANE('',#4501);
#4081=PLANE('',#4502);
#4082=PLANE('',#4503);
#4083=PLANE('',#4504);
#4084=PLANE('',#4505);
#4085=PLANE('',#4506);
#4086=PLANE('',#4507);
#4087=PLANE('',#4508);
#4088=PLANE('',#4509);
#4089=PLANE('',#4510);
#4090=PLANE('',#4511);
#4091=PLANE('',#4512);
#4092=PLANE('',#4513);
#4093=PLANE('',#4514);
#4094=PLANE('',#4515);
#4095=PLANE('',#4516);
#4096=PLANE('',#4517);
#4097=PLANE('',#4518);
#4098=PLANE('',#4519);
#4099=PLANE('',#4520);
#4100=PLANE('',#4521);
#4101=PLANE('',#4522);
#4102=PLANE('',#4523);
#4103=PLANE('',#4524);
#4104=PLANE('',#4525);
#4105=PLANE('',#4526);
#4106=PLANE('',#4527);
#4107=PLANE('',#4528);
#4108=PLANE('',#4529);
#4109=PLANE('',#4530);
#4110=PLANE('',#4531);
#4111=PLANE('',#4532);
#4112=PLANE('',#4533);
#4113=PLANE('',#4534);
#4114=PLANE('',#4536);
#4115=PLANE('',#4544);
#4116=PLANE('',#4545);
#4117=PLANE('',#4546);
#4118=PLANE('',#4547);
#4119=PLANE('',#4548);
#4120=PLANE('',#4549);
#4121=PLANE('',#4550);
#4122=PLANE('',#4552);
#4123=PLANE('',#4553);
#4124=PLANE('',#4554);
#4125=PLANE('',#4555);
#4126=PLANE('',#4556);
#4127=PLANE('',#4557);
#4128=PLANE('',#4558);
#4129=PLANE('',#4564);
#4130=PLANE('',#4565);
#4131=PLANE('',#4566);
#4132=PLANE('',#4567);
#4133=PLANE('',#4606);
#4134=PLANE('',#4609);
#4135=PLANE('',#4614);
#4136=PLANE('',#4615);
#4137=PLANE('',#4616);
#4138=PLANE('',#4617);
#4139=PLANE('',#4618);
#4140=PLANE('',#4622);
#4141=PLANE('',#4623);
#4142=PLANE('',#4624);
#4143=PLANE('',#4625);
#4144=PLANE('',#4626);
#4145=PLANE('',#4627);
#4146=PLANE('',#4628);
#4147=PLANE('',#4629);
#4148=PLANE('',#4630);
#4149=PLANE('',#4631);
#4150=PLANE('',#4632);
#4151=PLANE('',#4633);
#4152=PLANE('',#4634);
#4153=PLANE('',#4635);
#4154=PLANE('',#4639);
#4155=PLANE('',#4640);
#4156=PLANE('',#4641);
#4157=PLANE('',#4642);
#4158=PLANE('',#4643);
#4159=PLANE('',#4644);
#4160=PLANE('',#4645);
#4161=PLANE('',#4646);
#4162=PLANE('',#4647);
#4163=PLANE('',#4648);
#4164=PLANE('',#4649);
#4165=PLANE('',#4650);
#4166=PLANE('',#4651);
#4167=PLANE('',#4652);
#4168=PLANE('',#4653);
#4169=PLANE('',#4654);
#4170=PLANE('',#4655);
#4171=PLANE('',#4656);
#4172=PLANE('',#4657);
#4173=PLANE('',#4658);
#4174=PLANE('',#4659);
#4175=PLANE('',#4660);
#4176=PLANE('',#4661);
#4177=PLANE('',#4662);
#4178=PLANE('',#4663);
#4179=PLANE('',#4664);
#4180=PLANE('',#4665);
#4181=PLANE('',#4666);
#4182=PLANE('',#4667);
#4183=PLANE('',#4668);
#4184=PLANE('',#4669);
#4185=PLANE('',#4670);
#4186=PLANE('',#4671);
#4187=PLANE('',#4672);
#4188=PLANE('',#4673);
#4189=PLANE('',#4674);
#4190=PLANE('',#4675);
#4191=PLANE('',#4676);
#4192=PLANE('',#4677);
#4193=PLANE('',#4678);
#4194=PLANE('',#4679);
#4195=PLANE('',#4680);
#4196=PLANE('',#4681);
#4197=PLANE('',#4682);
#4198=PLANE('',#4683);
#4199=PLANE('',#4684);
#4200=PLANE('',#4685);
#4201=PLANE('',#4686);
#4202=PLANE('',#4687);
#4203=PLANE('',#4688);
#4204=PLANE('',#4689);
#4205=PLANE('',#4690);
#4206=PLANE('',#4691);
#4207=PLANE('',#4692);
#4208=PLANE('',#4705);
#4209=PLANE('',#4706);
#4210=PLANE('',#4707);
#4211=PLANE('',#4708);
#4212=PLANE('',#4709);
#4213=PLANE('',#4710);
#4214=ADVANCED_FACE('',(#259),#4055,.T.);
#4215=ADVANCED_FACE('',(#260),#4056,.T.);
#4216=ADVANCED_FACE('',(#261),#4057,.T.);
#4217=ADVANCED_FACE('',(#262),#4058,.T.);
#4218=ADVANCED_FACE('',(#263),#4059,.T.);
#4219=ADVANCED_FACE('',(#264),#4060,.F.);
#4220=ADVANCED_FACE('',(#265,#138,#139,#140,#141,#142),#4061,.T.);
#4221=ADVANCED_FACE('',(#266),#4062,.F.);
#4222=ADVANCED_FACE('',(#267),#4063,.T.);
#4223=ADVANCED_FACE('',(#268),#4064,.T.);
#4224=ADVANCED_FACE('',(#269),#4065,.T.);
#4225=ADVANCED_FACE('',(#270),#4066,.F.);
#4226=ADVANCED_FACE('',(#271),#4067,.F.);
#4227=ADVANCED_FACE('',(#272,#143,#144,#145,#146,#147,#148,#149,#150,#151,
#152,#153,#154,#155,#156,#157,#158,#159,#160,#161,#162,#163,#164),#4068,
 .T.);
#4228=ADVANCED_FACE('',(#273,#165,#166,#167,#168,#169,#170,#171,#172,#173,
#174),#4069,.F.);
#4229=ADVANCED_FACE('',(#274),#4070,.F.);
#4230=ADVANCED_FACE('',(#275),#21,.F.);
#4231=ADVANCED_FACE('',(#276),#22,.F.);
#4232=ADVANCED_FACE('',(#277),#4071,.F.);
#4233=ADVANCED_FACE('',(#278),#4072,.F.);
#4234=ADVANCED_FACE('',(#279),#4073,.F.);
#4235=ADVANCED_FACE('',(#280),#4074,.F.);
#4236=ADVANCED_FACE('',(#281),#17,.F.);
#4237=ADVANCED_FACE('',(#282),#23,.F.);
#4238=ADVANCED_FACE('',(#283),#18,.F.);
#4239=ADVANCED_FACE('',(#284),#24,.F.);
#4240=ADVANCED_FACE('',(#285),#19,.F.);
#4241=ADVANCED_FACE('',(#286),#25,.F.);
#4242=ADVANCED_FACE('',(#287),#20,.F.);
#4243=ADVANCED_FACE('',(#288),#26,.F.);
#4244=ADVANCED_FACE('',(#289),#4075,.F.);
#4245=ADVANCED_FACE('',(#290),#4076,.F.);
#4246=ADVANCED_FACE('',(#291),#4077,.F.);
#4247=ADVANCED_FACE('',(#292),#4078,.F.);
#4248=ADVANCED_FACE('',(#293),#4079,.F.);
#4249=ADVANCED_FACE('',(#294),#4080,.F.);
#4250=ADVANCED_FACE('',(#295),#4081,.F.);
#4251=ADVANCED_FACE('',(#296),#4082,.F.);
#4252=ADVANCED_FACE('',(#297),#4083,.F.);
#4253=ADVANCED_FACE('',(#298),#4084,.F.);
#4254=ADVANCED_FACE('',(#299),#4085,.F.);
#4255=ADVANCED_FACE('',(#300),#4086,.F.);
#4256=ADVANCED_FACE('',(#301),#4087,.F.);
#4257=ADVANCED_FACE('',(#302),#4088,.F.);
#4258=ADVANCED_FACE('',(#303),#4089,.F.);
#4259=ADVANCED_FACE('',(#304,#175,#176,#177,#178,#179),#4090,.F.);
#4260=ADVANCED_FACE('',(#305),#4091,.T.);
#4261=ADVANCED_FACE('',(#306),#4092,.T.);
#4262=ADVANCED_FACE('',(#307),#4093,.T.);
#4263=ADVANCED_FACE('',(#308),#4094,.T.);
#4264=ADVANCED_FACE('',(#309),#4095,.T.);
#4265=ADVANCED_FACE('',(#310),#4096,.T.);
#4266=ADVANCED_FACE('',(#311),#4097,.T.);
#4267=ADVANCED_FACE('',(#312),#4098,.T.);
#4268=ADVANCED_FACE('',(#313),#4099,.T.);
#4269=ADVANCED_FACE('',(#314),#4100,.T.);
#4270=ADVANCED_FACE('',(#315),#4101,.T.);
#4271=ADVANCED_FACE('',(#316),#4102,.T.);
#4272=ADVANCED_FACE('',(#317),#4103,.T.);
#4273=ADVANCED_FACE('',(#318),#4104,.T.);
#4274=ADVANCED_FACE('',(#319),#4105,.T.);
#4275=ADVANCED_FACE('',(#320),#4106,.T.);
#4276=ADVANCED_FACE('',(#321),#4107,.T.);
#4277=ADVANCED_FACE('',(#322),#4108,.T.);
#4278=ADVANCED_FACE('',(#323),#4109,.T.);
#4279=ADVANCED_FACE('',(#324,#180,#181,#182,#183,#184,#185,#186,#187,#188),
#4110,.T.);
#4280=ADVANCED_FACE('',(#325),#4111,.F.);
#4281=ADVANCED_FACE('',(#326),#4112,.F.);
#4282=ADVANCED_FACE('',(#327,#189),#4113,.T.);
#4283=ADVANCED_FACE('',(#328),#4114,.T.);
#4284=ADVANCED_FACE('',(#329),#27,.F.);
#4285=ADVANCED_FACE('',(#330),#28,.F.);
#4286=ADVANCED_FACE('',(#331),#29,.F.);
#4287=ADVANCED_FACE('',(#332),#4115,.F.);
#4288=ADVANCED_FACE('',(#333),#4116,.F.);
#4289=ADVANCED_FACE('',(#334),#4117,.F.);
#4290=ADVANCED_FACE('',(#335),#4118,.F.);
#4291=ADVANCED_FACE('',(#336),#4119,.F.);
#4292=ADVANCED_FACE('',(#337),#4120,.F.);
#4293=ADVANCED_FACE('',(#338,#190),#4121,.F.);
#4294=ADVANCED_FACE('',(#339),#4122,.F.);
#4295=ADVANCED_FACE('',(#340),#4123,.F.);
#4296=ADVANCED_FACE('',(#341),#4124,.F.);
#4297=ADVANCED_FACE('',(#342),#4125,.F.);
#4298=ADVANCED_FACE('',(#343),#4126,.F.);
#4299=ADVANCED_FACE('',(#344),#4127,.F.);
#4300=ADVANCED_FACE('',(#345,#191),#4128,.F.);
#4301=ADVANCED_FACE('',(#346),#30,.F.);
#4302=ADVANCED_FACE('',(#347),#31,.F.);
#4303=ADVANCED_FACE('',(#348),#4129,.T.);
#4304=ADVANCED_FACE('',(#349),#4130,.T.);
#4305=ADVANCED_FACE('',(#350),#4131,.T.);
#4306=ADVANCED_FACE('',(#351,#192,#193),#4132,.T.);
#4307=ADVANCED_FACE('',(#352),#32,.F.);
#4308=ADVANCED_FACE('',(#353),#33,.F.);
#4309=ADVANCED_FACE('',(#354),#34,.F.);
#4310=ADVANCED_FACE('',(#355),#35,.F.);
#4311=ADVANCED_FACE('',(#356),#36,.F.);
#4312=ADVANCED_FACE('',(#357),#37,.F.);
#4313=ADVANCED_FACE('',(#358),#38,.F.);
#4314=ADVANCED_FACE('',(#359),#39,.F.);
#4315=ADVANCED_FACE('',(#360),#40,.F.);
#4316=ADVANCED_FACE('',(#361),#41,.F.);
#4317=ADVANCED_FACE('',(#362),#42,.F.);
#4318=ADVANCED_FACE('',(#363),#43,.F.);
#4319=ADVANCED_FACE('',(#364),#44,.F.);
#4320=ADVANCED_FACE('',(#365),#45,.F.);
#4321=ADVANCED_FACE('',(#366),#46,.F.);
#4322=ADVANCED_FACE('',(#367),#47,.F.);
#4323=ADVANCED_FACE('',(#368),#48,.F.);
#4324=ADVANCED_FACE('',(#369),#49,.F.);
#4325=ADVANCED_FACE('',(#370),#50,.F.);
#4326=ADVANCED_FACE('',(#371),#4133,.F.);
#4327=ADVANCED_FACE('',(#372),#51,.F.);
#4328=ADVANCED_FACE('',(#373),#4134,.F.);
#4329=ADVANCED_FACE('',(#374),#52,.F.);
#4330=ADVANCED_FACE('',(#375),#53,.F.);
#4331=ADVANCED_FACE('',(#376),#4135,.T.);
#4332=ADVANCED_FACE('',(#377,#194,#195),#4136,.T.);
#4333=ADVANCED_FACE('',(#378,#196),#4137,.T.);
#4334=ADVANCED_FACE('',(#379,#197,#198,#199,#200,#201,#202,#203,#204,#205,
#206,#207,#208,#209,#210,#211,#212,#213,#214,#215,#216,#217,#218,#219,#220),
#4138,.T.);
#4335=ADVANCED_FACE('',(#380,#221,#222),#4139,.T.);
#4336=ADVANCED_FACE('',(#381),#54,.F.);
#4337=ADVANCED_FACE('',(#382),#4140,.F.);
#4338=ADVANCED_FACE('',(#383),#4141,.T.);
#4339=ADVANCED_FACE('',(#384),#4142,.T.);
#4340=ADVANCED_FACE('',(#385),#4143,.T.);
#4341=ADVANCED_FACE('',(#386),#4144,.T.);
#4342=ADVANCED_FACE('',(#387),#4145,.T.);
#4343=ADVANCED_FACE('',(#388),#4146,.T.);
#4344=ADVANCED_FACE('',(#389,#223),#4147,.T.);
#4345=ADVANCED_FACE('',(#390),#4148,.F.);
#4346=ADVANCED_FACE('',(#391),#4149,.T.);
#4347=ADVANCED_FACE('',(#392),#4150,.T.);
#4348=ADVANCED_FACE('',(#393),#4151,.T.);
#4349=ADVANCED_FACE('',(#394),#4152,.T.);
#4350=ADVANCED_FACE('',(#395),#4153,.T.);
#4351=ADVANCED_FACE('',(#396),#55,.F.);
#4352=ADVANCED_FACE('',(#397),#4154,.T.);
#4353=ADVANCED_FACE('',(#398),#4155,.T.);
#4354=ADVANCED_FACE('',(#399),#4156,.F.);
#4355=ADVANCED_FACE('',(#400),#4157,.F.);
#4356=ADVANCED_FACE('',(#401),#4158,.F.);
#4357=ADVANCED_FACE('',(#402),#4159,.F.);
#4358=ADVANCED_FACE('',(#403),#4160,.F.);
#4359=ADVANCED_FACE('',(#404),#4161,.F.);
#4360=ADVANCED_FACE('',(#405,#224),#4162,.F.);
#4361=ADVANCED_FACE('',(#406),#4163,.F.);
#4362=ADVANCED_FACE('',(#407),#4164,.F.);
#4363=ADVANCED_FACE('',(#408),#4165,.F.);
#4364=ADVANCED_FACE('',(#409),#4166,.F.);
#4365=ADVANCED_FACE('',(#410),#4167,.F.);
#4366=ADVANCED_FACE('',(#411),#4168,.F.);
#4367=ADVANCED_FACE('',(#412),#4169,.F.);
#4368=ADVANCED_FACE('',(#413),#4170,.F.);
#4369=ADVANCED_FACE('',(#414),#4171,.F.);
#4370=ADVANCED_FACE('',(#415),#4172,.F.);
#4371=ADVANCED_FACE('',(#416),#4173,.F.);
#4372=ADVANCED_FACE('',(#417),#4174,.F.);
#4373=ADVANCED_FACE('',(#418),#4175,.F.);
#4374=ADVANCED_FACE('',(#419),#4176,.F.);
#4375=ADVANCED_FACE('',(#420),#4177,.F.);
#4376=ADVANCED_FACE('',(#421),#4178,.F.);
#4377=ADVANCED_FACE('',(#422),#4179,.F.);
#4378=ADVANCED_FACE('',(#423),#4180,.F.);
#4379=ADVANCED_FACE('',(#424),#4181,.F.);
#4380=ADVANCED_FACE('',(#425),#4182,.F.);
#4381=ADVANCED_FACE('',(#426),#4183,.F.);
#4382=ADVANCED_FACE('',(#427),#4184,.F.);
#4383=ADVANCED_FACE('',(#428),#4185,.F.);
#4384=ADVANCED_FACE('',(#429),#4186,.F.);
#4385=ADVANCED_FACE('',(#430),#4187,.F.);
#4386=ADVANCED_FACE('',(#431),#4188,.F.);
#4387=ADVANCED_FACE('',(#432),#4189,.F.);
#4388=ADVANCED_FACE('',(#433),#4190,.F.);
#4389=ADVANCED_FACE('',(#434),#4191,.F.);
#4390=ADVANCED_FACE('',(#435),#4192,.F.);
#4391=ADVANCED_FACE('',(#436),#4193,.F.);
#4392=ADVANCED_FACE('',(#437),#4194,.F.);
#4393=ADVANCED_FACE('',(#438),#4195,.F.);
#4394=ADVANCED_FACE('',(#439),#4196,.F.);
#4395=ADVANCED_FACE('',(#440),#4197,.F.);
#4396=ADVANCED_FACE('',(#441),#4198,.F.);
#4397=ADVANCED_FACE('',(#442),#4199,.F.);
#4398=ADVANCED_FACE('',(#443),#4200,.F.);
#4399=ADVANCED_FACE('',(#444),#4201,.F.);
#4400=ADVANCED_FACE('',(#445),#4202,.F.);
#4401=ADVANCED_FACE('',(#446),#4203,.F.);
#4402=ADVANCED_FACE('',(#447),#4204,.F.);
#4403=ADVANCED_FACE('',(#448),#4205,.F.);
#4404=ADVANCED_FACE('',(#449),#4206,.F.);
#4405=ADVANCED_FACE('',(#450),#4207,.F.);
#4406=ADVANCED_FACE('',(#451),#56,.F.);
#4407=ADVANCED_FACE('',(#452),#57,.F.);
#4408=ADVANCED_FACE('',(#453),#58,.F.);
#4409=ADVANCED_FACE('',(#454),#59,.F.);
#4410=ADVANCED_FACE('',(#455,#225),#4208,.T.);
#4411=ADVANCED_FACE('',(#456),#4209,.T.);
#4412=ADVANCED_FACE('',(#457,#226),#4210,.T.);
#4413=ADVANCED_FACE('',(#458),#4211,.T.);
#4414=ADVANCED_FACE('',(#459,#227,#228,#229,#230,#231,#232,#233,#234,#235,
#236,#237,#238,#239,#240,#241,#242),#4212,.T.);
#4415=ADVANCED_FACE('',(#460,#243,#244,#245,#246,#247,#248,#249,#250,#251,
#252,#253,#254,#255,#256,#257,#258),#4213,.F.);
#4416=CLOSED_SHELL('',(#4214,#4215,#4216,#4217,#4218,#4219,#4220,#4221,
#4222,#4223,#4224,#4225,#4226,#4227,#4228,#4229,#4230,#4231,#4232,#4233,
#4234,#4235,#4236,#4237,#4238,#4239,#4240,#4241,#4242,#4243,#4244,#4245,
#4246,#4247,#4248,#4249,#4250,#4251,#4252,#4253,#4254,#4255,#4256,#4257,
#4258,#4259,#4260,#4261,#4262,#4263,#4264,#4265,#4266,#4267,#4268,#4269,
#4270,#4271,#4272,#4273,#4274,#4275,#4276,#4277,#4278,#4279,#4280,#4281,
#4282,#4283,#4284,#4285,#4286,#4287,#4288,#4289,#4290,#4291,#4292,#4293,
#4294,#4295,#4296,#4297,#4298,#4299,#4300,#4301,#4302,#4303,#4304,#4305,
#4306,#4307,#4308,#4309,#4310,#4311,#4312,#4313,#4314,#4315,#4316,#4317,
#4318,#4319,#4320,#4321,#4322,#4323,#4324,#4325,#4326,#4327,#4328,#4329,
#4330,#4331,#4332,#4333,#4334,#4335));
#4417=CLOSED_SHELL('',(#4336,#4337,#4338,#4339,#4340,#4341,#4342,#4343,
#4344,#4345,#4346,#4347,#4348,#4349,#4350,#4351,#4352,#4353,#4354,#4355,
#4356,#4357,#4358,#4359,#4360,#4361,#4362,#4363,#4364,#4365,#4366,#4367,
#4368,#4369,#4370,#4371,#4372,#4373,#4374,#4375,#4376,#4377,#4378,#4379,
#4380,#4381,#4382,#4383,#4384,#4385,#4386,#4387,#4388,#4389,#4390,#4391,
#4392,#4393,#4394,#4395,#4396,#4397,#4398,#4399,#4400,#4401,#4402,#4403,
#4404,#4405,#4406,#4407,#4408,#4409,#4410,#4411,#4412,#4413,#4414,#4415));
#4418=DERIVED_UNIT_ELEMENT(#4420,1.);
#4419=DERIVED_UNIT_ELEMENT(#7015,-3.);
#4420=(
MASS_UNIT()
NAMED_UNIT(*)
SI_UNIT(.KILO.,.GRAM.)
);
#4421=DERIVED_UNIT((#4418,#4419));
#4422=MEASURE_REPRESENTATION_ITEM('density measure',
POSITIVE_RATIO_MEASURE(7850.),#4421);
#4423=PROPERTY_DEFINITION_REPRESENTATION(#4428,#4425);
#4424=PROPERTY_DEFINITION_REPRESENTATION(#4429,#4426);
#4425=REPRESENTATION('material name',(#4427),#7012);
#4426=REPRESENTATION('density',(#4422),#7012);
#4427=DESCRIPTIVE_REPRESENTATION_ITEM('Steel','Steel');
#4428=PROPERTY_DEFINITION('material property','material name',#7022);
#4429=PROPERTY_DEFINITION('material property','density of part',#7022);
#4430=AXIS2_PLACEMENT_3D('',#5800,#4711,#4712);
#4431=AXIS2_PLACEMENT_3D('',#5801,#4713,#4714);
#4432=AXIS2_PLACEMENT_3D('',#5810,#4719,#4720);
#4433=AXIS2_PLACEMENT_3D('',#5819,#4725,#4726);
#4434=AXIS2_PLACEMENT_3D('',#5825,#4730,#4731);
#4435=AXIS2_PLACEMENT_3D('',#5834,#4736,#4737);
#4436=AXIS2_PLACEMENT_3D('',#5843,#4742,#4743);
#4437=AXIS2_PLACEMENT_3D('',#5849,#4747,#4748);
#4438=AXIS2_PLACEMENT_3D('',#5910,#4780,#4781);
#4439=AXIS2_PLACEMENT_3D('',#5916,#4785,#4786);
#4440=AXIS2_PLACEMENT_3D('',#5920,#4789,#4790);
#4441=AXIS2_PLACEMENT_3D('',#5926,#4794,#4795);
#4442=AXIS2_PLACEMENT_3D('',#5932,#4799,#4800);
#4443=AXIS2_PLACEMENT_3D('',#5936,#4803,#4804);
#4444=AXIS2_PLACEMENT_3D('',#5938,#4806,#4807);
#4445=AXIS2_PLACEMENT_3D('',#5942,#4810,#4811);
#4446=AXIS2_PLACEMENT_3D('',#6004,#4844,#4845);
#4447=AXIS2_PLACEMENT_3D('',#6006,#4846,#4847);
#4448=AXIS2_PLACEMENT_3D('',#6008,#4848,#4849);
#4449=AXIS2_PLACEMENT_3D('',#6010,#4850,#4851);
#4450=AXIS2_PLACEMENT_3D('',#6012,#4852,#4853);
#4451=AXIS2_PLACEMENT_3D('',#6017,#4855,#4856);
#4452=AXIS2_PLACEMENT_3D('',#6020,#4858,#4859);
#4453=AXIS2_PLACEMENT_3D('',#6022,#4860,#4861);
#4454=AXIS2_PLACEMENT_3D('',#6024,#4862,#4863);
#4455=AXIS2_PLACEMENT_3D('',#6026,#4864,#4865);
#4456=AXIS2_PLACEMENT_3D('',#6028,#4866,#4867);
#4457=AXIS2_PLACEMENT_3D('',#6030,#4868,#4869);
#4458=AXIS2_PLACEMENT_3D('',#6032,#4870,#4871);
#4459=AXIS2_PLACEMENT_3D('',#6034,#4872,#4873);
#4460=AXIS2_PLACEMENT_3D('',#6036,#4874,#4875);
#4461=AXIS2_PLACEMENT_3D('',#6038,#4876,#4877);
#4462=AXIS2_PLACEMENT_3D('',#6040,#4878,#4879);
#4463=AXIS2_PLACEMENT_3D('',#6042,#4880,#4881);
#4464=AXIS2_PLACEMENT_3D('',#6044,#4882,#4883);
#4465=AXIS2_PLACEMENT_3D('',#6046,#4884,#4885);
#4466=AXIS2_PLACEMENT_3D('',#6048,#4886,#4887);
#4467=AXIS2_PLACEMENT_3D('',#6050,#4888,#4889);
#4468=AXIS2_PLACEMENT_3D('',#6052,#4890,#4891);
#4469=AXIS2_PLACEMENT_3D('',#6053,#4892,#4893);
#4470=AXIS2_PLACEMENT_3D('',#6073,#4904,#4905);
#4471=AXIS2_PLACEMENT_3D('',#6096,#4919,#4920);
#4472=AXIS2_PLACEMENT_3D('',#6098,#4922,#4923);
#4473=AXIS2_PLACEMENT_3D('',#6101,#4924,#4925);
#4474=AXIS2_PLACEMENT_3D('',#6105,#4927,#4928);
#4475=AXIS2_PLACEMENT_3D('',#6107,#4930,#4931);
#4476=AXIS2_PLACEMENT_3D('',#6110,#4934,#4935);
#4477=AXIS2_PLACEMENT_3D('',#6116,#4939,#4940);
#4478=AXIS2_PLACEMENT_3D('',#6119,#4943,#4944);
#4479=AXIS2_PLACEMENT_3D('',#6121,#4946,#4947);
#4480=AXIS2_PLACEMENT_3D('',#6122,#4948,#4949);
#4481=AXIS2_PLACEMENT_3D('',#6124,#4950,#4951);
#4482=AXIS2_PLACEMENT_3D('',#6127,#4953,#4954);
#4483=AXIS2_PLACEMENT_3D('',#6129,#4955,#4956);
#4484=AXIS2_PLACEMENT_3D('',#6131,#4958,#4959);
#4485=AXIS2_PLACEMENT_3D('',#6133,#4960,#4961);
#4486=AXIS2_PLACEMENT_3D('',#6136,#4963,#4964);
#4487=AXIS2_PLACEMENT_3D('',#6138,#4965,#4966);
#4488=AXIS2_PLACEMENT_3D('',#6140,#4968,#4969);
#4489=AXIS2_PLACEMENT_3D('',#6142,#4970,#4971);
#4490=AXIS2_PLACEMENT_3D('',#6145,#4973,#4974);
#4491=AXIS2_PLACEMENT_3D('',#6147,#4975,#4976);
#4492=AXIS2_PLACEMENT_3D('',#6149,#4978,#4979);
#4493=AXIS2_PLACEMENT_3D('',#6151,#4980,#4981);
#4494=AXIS2_PLACEMENT_3D('',#6154,#4983,#4984);
#4495=AXIS2_PLACEMENT_3D('',#6156,#4985,#4986);
#4496=AXIS2_PLACEMENT_3D('',#6158,#4988,#4989);
#4497=AXIS2_PLACEMENT_3D('',#6161,#4992,#4993);
#4498=AXIS2_PLACEMENT_3D('',#6163,#4995,#4996);
#4499=AXIS2_PLACEMENT_3D('',#6164,#4997,#4998);
#4500=AXIS2_PLACEMENT_3D('',#6166,#5000,#5001);
#4501=AXIS2_PLACEMENT_3D('',#6167,#5002,#5003);
#4502=AXIS2_PLACEMENT_3D('',#6170,#5006,#5007);
#4503=AXIS2_PLACEMENT_3D('',#6172,#5009,#5010);
#4504=AXIS2_PLACEMENT_3D('',#6173,#5011,#5012);
#4505=AXIS2_PLACEMENT_3D('',#6175,#5014,#5015);
#4506=AXIS2_PLACEMENT_3D('',#6177,#5017,#5018);
#4507=AXIS2_PLACEMENT_3D('',#6178,#5019,#5020);
#4508=AXIS2_PLACEMENT_3D('',#6180,#5022,#5023);
#4509=AXIS2_PLACEMENT_3D('',#6181,#5024,#5025);
#4510=AXIS2_PLACEMENT_3D('',#6182,#5026,#5027);
#4511=AXIS2_PLACEMENT_3D('',#6185,#5030,#5031);
#4512=AXIS2_PLACEMENT_3D('',#6233,#5057,#5058);
#4513=AXIS2_PLACEMENT_3D('',#6239,#5062,#5063);
#4514=AXIS2_PLACEMENT_3D('',#6243,#5066,#5067);
#4515=AXIS2_PLACEMENT_3D('',#6245,#5069,#5070);
#4516=AXIS2_PLACEMENT_3D('',#6249,#5073,#5074);
#4517=AXIS2_PLACEMENT_3D('',#6255,#5078,#5079);
#4518=AXIS2_PLACEMENT_3D('',#6259,#5082,#5083);
#4519=AXIS2_PLACEMENT_3D('',#6261,#5085,#5086);
#4520=AXIS2_PLACEMENT_3D('',#6267,#5090,#5091);
#4521=AXIS2_PLACEMENT_3D('',#6271,#5094,#5095);
#4522=AXIS2_PLACEMENT_3D('',#6273,#5097,#5098);
#4523=AXIS2_PLACEMENT_3D('',#6277,#5101,#5102);
#4524=AXIS2_PLACEMENT_3D('',#6281,#5105,#5106);
#4525=AXIS2_PLACEMENT_3D('',#6283,#5108,#5109);
#4526=AXIS2_PLACEMENT_3D('',#6287,#5112,#5113);
#4527=AXIS2_PLACEMENT_3D('',#6289,#5115,#5116);
#4528=AXIS2_PLACEMENT_3D('',#6295,#5120,#5121);
#4529=AXIS2_PLACEMENT_3D('',#6299,#5124,#5125);
#4530=AXIS2_PLACEMENT_3D('',#6301,#5127,#5128);
#4531=AXIS2_PLACEMENT_3D('',#6307,#5132,#5133);
#4532=AXIS2_PLACEMENT_3D('',#6315,#5139,#5140);
#4533=AXIS2_PLACEMENT_3D('',#6321,#5144,#5145);
#4534=AXIS2_PLACEMENT_3D('',#6327,#5149,#5150);
#4535=AXIS2_PLACEMENT_3D('',#6330,#5153,#5154);
#4536=AXIS2_PLACEMENT_3D('',#6331,#5155,#5156);
#4537=AXIS2_PLACEMENT_3D('',#6332,#5157,#5158);
#4538=AXIS2_PLACEMENT_3D('',#6334,#5160,#5161);
#4539=AXIS2_PLACEMENT_3D('',#6337,#5163,#5164);
#4540=AXIS2_PLACEMENT_3D('',#6338,#5165,#5166);
#4541=AXIS2_PLACEMENT_3D('',#6341,#5168,#5169);
#4542=AXIS2_PLACEMENT_3D('',#6342,#5170,#5171);
#4543=AXIS2_PLACEMENT_3D('',#6345,#5173,#5174);
#4544=AXIS2_PLACEMENT_3D('',#6346,#5175,#5176);
#4545=AXIS2_PLACEMENT_3D('',#6355,#5181,#5182);
#4546=AXIS2_PLACEMENT_3D('',#6361,#5186,#5187);
#4547=AXIS2_PLACEMENT_3D('',#6367,#5191,#5192);
#4548=AXIS2_PLACEMENT_3D('',#6373,#5196,#5197);
#4549=AXIS2_PLACEMENT_3D('',#6379,#5201,#5202);
#4550=AXIS2_PLACEMENT_3D('',#6382,#5205,#5206);
#4551=AXIS2_PLACEMENT_3D('',#6384,#5207,#5208);
#4552=AXIS2_PLACEMENT_3D('',#6385,#5209,#5210);
#4553=AXIS2_PLACEMENT_3D('',#6394,#5215,#5216);
#4554=AXIS2_PLACEMENT_3D('',#6400,#5220,#5221);
#4555=AXIS2_PLACEMENT_3D('',#6406,#5225,#5226);
#4556=AXIS2_PLACEMENT_3D('',#6412,#5230,#5231);
#4557=AXIS2_PLACEMENT_3D('',#6418,#5235,#5236);
#4558=AXIS2_PLACEMENT_3D('',#6421,#5239,#5240);
#4559=AXIS2_PLACEMENT_3D('',#6423,#5241,#5242);
#4560=AXIS2_PLACEMENT_3D('',#6424,#5243,#5244);
#4561=AXIS2_PLACEMENT_3D('',#6427,#5246,#5247);
#4562=AXIS2_PLACEMENT_3D('',#6428,#5248,#5249);
#4563=AXIS2_PLACEMENT_3D('',#6431,#5251,#5252);
#4564=AXIS2_PLACEMENT_3D('',#6432,#5253,#5254);
#4565=AXIS2_PLACEMENT_3D('',#6442,#5260,#5261);
#4566=AXIS2_PLACEMENT_3D('',#6446,#5264,#5265);
#4567=AXIS2_PLACEMENT_3D('',#6454,#5270,#5271);
#4568=AXIS2_PLACEMENT_3D('',#6456,#5273,#5274);
#4569=AXIS2_PLACEMENT_3D('',#6459,#5276,#5277);
#4570=AXIS2_PLACEMENT_3D('',#6460,#5278,#5279);
#4571=AXIS2_PLACEMENT_3D('',#6463,#5281,#5282);
#4572=AXIS2_PLACEMENT_3D('',#6464,#5283,#5284);
#4573=AXIS2_PLACEMENT_3D('',#6467,#5286,#5287);
#4574=AXIS2_PLACEMENT_3D('',#6468,#5288,#5289);
#4575=AXIS2_PLACEMENT_3D('',#6471,#5291,#5292);
#4576=AXIS2_PLACEMENT_3D('',#6472,#5293,#5294);
#4577=AXIS2_PLACEMENT_3D('',#6475,#5296,#5297);
#4578=AXIS2_PLACEMENT_3D('',#6476,#5298,#5299);
#4579=AXIS2_PLACEMENT_3D('',#6479,#5301,#5302);
#4580=AXIS2_PLACEMENT_3D('',#6480,#5303,#5304);
#4581=AXIS2_PLACEMENT_3D('',#6483,#5306,#5307);
#4582=AXIS2_PLACEMENT_3D('',#6484,#5308,#5309);
#4583=AXIS2_PLACEMENT_3D('',#6487,#5311,#5312);
#4584=AXIS2_PLACEMENT_3D('',#6488,#5313,#5314);
#4585=AXIS2_PLACEMENT_3D('',#6491,#5316,#5317);
#4586=AXIS2_PLACEMENT_3D('',#6492,#5318,#5319);
#4587=AXIS2_PLACEMENT_3D('',#6495,#5321,#5322);
#4588=AXIS2_PLACEMENT_3D('',#6496,#5323,#5324);
#4589=AXIS2_PLACEMENT_3D('',#6499,#5326,#5327);
#4590=AXIS2_PLACEMENT_3D('',#6500,#5328,#5329);
#4591=AXIS2_PLACEMENT_3D('',#6503,#5331,#5332);
#4592=AXIS2_PLACEMENT_3D('',#6504,#5333,#5334);
#4593=AXIS2_PLACEMENT_3D('',#6507,#5336,#5337);
#4594=AXIS2_PLACEMENT_3D('',#6508,#5338,#5339);
#4595=AXIS2_PLACEMENT_3D('',#6511,#5341,#5342);
#4596=AXIS2_PLACEMENT_3D('',#6512,#5343,#5344);
#4597=AXIS2_PLACEMENT_3D('',#6515,#5346,#5347);
#4598=AXIS2_PLACEMENT_3D('',#6516,#5348,#5349);
#4599=AXIS2_PLACEMENT_3D('',#6519,#5351,#5352);
#4600=AXIS2_PLACEMENT_3D('',#6520,#5353,#5354);
#4601=AXIS2_PLACEMENT_3D('',#6523,#5356,#5357);
#4602=AXIS2_PLACEMENT_3D('',#6524,#5358,#5359);
#4603=AXIS2_PLACEMENT_3D('',#6527,#5361,#5362);
#4604=AXIS2_PLACEMENT_3D('',#6528,#5363,#5364);
#4605=AXIS2_PLACEMENT_3D('',#6532,#5366,#5367);
#4606=AXIS2_PLACEMENT_3D('',#6534,#5369,#5370);
#4607=AXIS2_PLACEMENT_3D('',#6538,#5373,#5374);
#4608=AXIS2_PLACEMENT_3D('',#6541,#5376,#5377);
#4609=AXIS2_PLACEMENT_3D('',#6542,#5378,#5379);
#4610=AXIS2_PLACEMENT_3D('',#6544,#5381,#5382);
#4611=AXIS2_PLACEMENT_3D('',#6545,#5383,#5384);
#4612=AXIS2_PLACEMENT_3D('',#6546,#5385,#5386);
#4613=AXIS2_PLACEMENT_3D('',#6547,#5387,#5388);
#4614=AXIS2_PLACEMENT_3D('',#6548,#5389,#5390);
#4615=AXIS2_PLACEMENT_3D('',#6550,#5392,#5393);
#4616=AXIS2_PLACEMENT_3D('',#6552,#5395,#5396);
#4617=AXIS2_PLACEMENT_3D('',#6554,#5398,#5399);
#4618=AXIS2_PLACEMENT_3D('',#6555,#5400,#5401);
#4619=AXIS2_PLACEMENT_3D('',#6556,#5402,#5403);
#4620=AXIS2_PLACEMENT_3D('',#6558,#5404,#5405);
#4621=AXIS2_PLACEMENT_3D('',#6561,#5407,#5408);
#4622=AXIS2_PLACEMENT_3D('',#6562,#5409,#5410);
#4623=AXIS2_PLACEMENT_3D('',#6569,#5414,#5415);
#4624=AXIS2_PLACEMENT_3D('',#6580,#5421,#5422);
#4625=AXIS2_PLACEMENT_3D('',#6588,#5427,#5428);
#4626=AXIS2_PLACEMENT_3D('',#6594,#5432,#5433);
#4627=AXIS2_PLACEMENT_3D('',#6599,#5437,#5438);
#4628=AXIS2_PLACEMENT_3D('',#6605,#5442,#5443);
#4629=AXIS2_PLACEMENT_3D('',#6608,#5446,#5447);
#4630=AXIS2_PLACEMENT_3D('',#6609,#5448,#5449);
#4631=AXIS2_PLACEMENT_3D('',#6611,#5451,#5452);
#4632=AXIS2_PLACEMENT_3D('',#6617,#5456,#5457);
#4633=AXIS2_PLACEMENT_3D('',#6623,#5461,#5462);
#4634=AXIS2_PLACEMENT_3D('',#6629,#5466,#5467);
#4635=AXIS2_PLACEMENT_3D('',#6635,#5471,#5472);
#4636=AXIS2_PLACEMENT_3D('',#6638,#5475,#5476);
#4637=AXIS2_PLACEMENT_3D('',#6640,#5477,#5478);
#4638=AXIS2_PLACEMENT_3D('',#6643,#5480,#5481);
#4639=AXIS2_PLACEMENT_3D('',#6644,#5482,#5483);
#4640=AXIS2_PLACEMENT_3D('',#6651,#5487,#5488);
#4641=AXIS2_PLACEMENT_3D('',#6658,#5492,#5493);
#4642=AXIS2_PLACEMENT_3D('',#6666,#5498,#5499);
#4643=AXIS2_PLACEMENT_3D('',#6672,#5503,#5504);
#4644=AXIS2_PLACEMENT_3D('',#6678,#5508,#5509);
#4645=AXIS2_PLACEMENT_3D('',#6683,#5513,#5514);
#4646=AXIS2_PLACEMENT_3D('',#6689,#5518,#5519);
#4647=AXIS2_PLACEMENT_3D('',#6692,#5522,#5523);
#4648=AXIS2_PLACEMENT_3D('',#6693,#5524,#5525);
#4649=AXIS2_PLACEMENT_3D('',#6699,#5529,#5530);
#4650=AXIS2_PLACEMENT_3D('',#6707,#5535,#5536);
#4651=AXIS2_PLACEMENT_3D('',#6715,#5541,#5542);
#4652=AXIS2_PLACEMENT_3D('',#6717,#5544,#5545);
#4653=AXIS2_PLACEMENT_3D('',#6720,#5548,#5549);
#4654=AXIS2_PLACEMENT_3D('',#6729,#5554,#5555);
#4655=AXIS2_PLACEMENT_3D('',#6735,#5559,#5560);
#4656=AXIS2_PLACEMENT_3D('',#6741,#5564,#5565);
#4657=AXIS2_PLACEMENT_3D('',#6744,#5568,#5569);
#4658=AXIS2_PLACEMENT_3D('',#6753,#5574,#5575);
#4659=AXIS2_PLACEMENT_3D('',#6759,#5579,#5580);
#4660=AXIS2_PLACEMENT_3D('',#6765,#5584,#5585);
#4661=AXIS2_PLACEMENT_3D('',#6768,#5588,#5589);
#4662=AXIS2_PLACEMENT_3D('',#6777,#5594,#5595);
#4663=AXIS2_PLACEMENT_3D('',#6783,#5599,#5600);
#4664=AXIS2_PLACEMENT_3D('',#6789,#5604,#5605);
#4665=AXIS2_PLACEMENT_3D('',#6792,#5608,#5609);
#4666=AXIS2_PLACEMENT_3D('',#6801,#5614,#5615);
#4667=AXIS2_PLACEMENT_3D('',#6807,#5619,#5620);
#4668=AXIS2_PLACEMENT_3D('',#6813,#5624,#5625);
#4669=AXIS2_PLACEMENT_3D('',#6816,#5628,#5629);
#4670=AXIS2_PLACEMENT_3D('',#6825,#5634,#5635);
#4671=AXIS2_PLACEMENT_3D('',#6831,#5639,#5640);
#4672=AXIS2_PLACEMENT_3D('',#6837,#5644,#5645);
#4673=AXIS2_PLACEMENT_3D('',#6840,#5648,#5649);
#4674=AXIS2_PLACEMENT_3D('',#6849,#5654,#5655);
#4675=AXIS2_PLACEMENT_3D('',#6855,#5659,#5660);
#4676=AXIS2_PLACEMENT_3D('',#6861,#5664,#5665);
#4677=AXIS2_PLACEMENT_3D('',#6864,#5668,#5669);
#4678=AXIS2_PLACEMENT_3D('',#6873,#5674,#5675);
#4679=AXIS2_PLACEMENT_3D('',#6879,#5679,#5680);
#4680=AXIS2_PLACEMENT_3D('',#6885,#5684,#5685);
#4681=AXIS2_PLACEMENT_3D('',#6888,#5688,#5689);
#4682=AXIS2_PLACEMENT_3D('',#6897,#5694,#5695);
#4683=AXIS2_PLACEMENT_3D('',#6903,#5699,#5700);
#4684=AXIS2_PLACEMENT_3D('',#6909,#5704,#5705);
#4685=AXIS2_PLACEMENT_3D('',#6912,#5708,#5709);
#4686=AXIS2_PLACEMENT_3D('',#6921,#5714,#5715);
#4687=AXIS2_PLACEMENT_3D('',#6927,#5719,#5720);
#4688=AXIS2_PLACEMENT_3D('',#6933,#5724,#5725);
#4689=AXIS2_PLACEMENT_3D('',#6936,#5728,#5729);
#4690=AXIS2_PLACEMENT_3D('',#6945,#5734,#5735);
#4691=AXIS2_PLACEMENT_3D('',#6951,#5739,#5740);
#4692=AXIS2_PLACEMENT_3D('',#6957,#5744,#5745);
#4693=AXIS2_PLACEMENT_3D('',#6960,#5748,#5749);
#4694=AXIS2_PLACEMENT_3D('',#6962,#5750,#5751);
#4695=AXIS2_PLACEMENT_3D('',#6965,#5753,#5754);
#4696=AXIS2_PLACEMENT_3D('',#6966,#5755,#5756);
#4697=AXIS2_PLACEMENT_3D('',#6968,#5757,#5758);
#4698=AXIS2_PLACEMENT_3D('',#6971,#5760,#5761);
#4699=AXIS2_PLACEMENT_3D('',#6972,#5762,#5763);
#4700=AXIS2_PLACEMENT_3D('',#6974,#5764,#5765);
#4701=AXIS2_PLACEMENT_3D('',#6977,#5767,#5768);
#4702=AXIS2_PLACEMENT_3D('',#6978,#5769,#5770);
#4703=AXIS2_PLACEMENT_3D('',#6980,#5771,#5772);
#4704=AXIS2_PLACEMENT_3D('',#6983,#5774,#5775);
#4705=AXIS2_PLACEMENT_3D('',#6984,#5776,#5777);
#4706=AXIS2_PLACEMENT_3D('',#6993,#5782,#5783);
#4707=AXIS2_PLACEMENT_3D('',#6999,#5787,#5788);
#4708=AXIS2_PLACEMENT_3D('',#7005,#5792,#5793);
#4709=AXIS2_PLACEMENT_3D('',#7008,#5796,#5797);
#4710=AXIS2_PLACEMENT_3D('',#7009,#5798,#5799);
#4711=DIRECTION('axis',(0.,0.,1.));
#4712=DIRECTION('refdir',(1.,0.,0.));
#4713=DIRECTION('center_axis',(0.,1.,0.));
#4714=DIRECTION('ref_axis',(0.,0.,1.));
#4715=DIRECTION('',(0.,0.,-1.));
#4716=DIRECTION('',(1.,0.,0.));
#4717=DIRECTION('',(0.,0.,1.));
#4718=DIRECTION('',(1.,0.,0.));
#4719=DIRECTION('center_axis',(0.,-1.,0.));
#4720=DIRECTION('ref_axis',(0.,0.,-1.));
#4721=DIRECTION('',(0.,0.,-1.));
#4722=DIRECTION('',(-1.,0.,0.));
#4723=DIRECTION('',(0.,0.,-1.));
#4724=DIRECTION('',(1.,0.,0.));
#4725=DIRECTION('center_axis',(0.,0.,1.));
#4726=DIRECTION('ref_axis',(0.,-1.,0.));
#4727=DIRECTION('',(0.,-1.,0.));
#4728=DIRECTION('',(0.,-1.,0.));
#4729=DIRECTION('',(1.,0.,0.));
#4730=DIRECTION('center_axis',(0.,0.,1.));
#4731=DIRECTION('ref_axis',(0.,-1.,0.));
#4732=DIRECTION('',(-1.,0.,0.));
#4733=DIRECTION('',(0.,-1.,0.));
#4734=DIRECTION('',(1.,0.,0.));
#4735=DIRECTION('',(0.,-1.,0.));
#4736=DIRECTION('center_axis',(0.,0.,1.));
#4737=DIRECTION('ref_axis',(0.,-1.,0.));
#4738=DIRECTION('',(1.,0.,0.));
#4739=DIRECTION('',(0.,-1.,0.));
#4740=DIRECTION('',(-1.,0.,0.));
#4741=DIRECTION('',(0.,-1.,0.));
#4742=DIRECTION('center_axis',(0.,1.,0.));
#4743=DIRECTION('ref_axis',(0.,0.,-1.));
#4744=DIRECTION('',(0.,0.,-1.));
#4745=DIRECTION('',(-1.,0.,0.));
#4746=DIRECTION('',(0.,0.,-1.));
#4747=DIRECTION('center_axis',(1.,0.,0.));
#4748=DIRECTION('ref_axis',(0.,1.,0.));
#4749=DIRECTION('',(0.,1.,0.));
#4750=DIRECTION('',(0.,0.,-1.));
#4751=DIRECTION('',(0.,-1.,-3.59506922952284E-33));
#4752=DIRECTION('',(0.,0.,1.));
#4753=DIRECTION('',(0.,-1.,0.));
#4754=DIRECTION('',(0.,0.637567714034225,0.77039432112469));
#4755=DIRECTION('',(0.,0.,1.));
#4756=DIRECTION('',(0.,1.,0.));
#4757=DIRECTION('',(0.,0.,1.));
#4758=DIRECTION('',(0.,1.,0.));
#4759=DIRECTION('',(0.,0.,-1.));
#4760=DIRECTION('',(0.,1.,0.));
#4761=DIRECTION('',(0.,0.,-1.));
#4762=DIRECTION('',(0.,0.637567714034226,-0.77039432112469));
#4763=DIRECTION('',(0.,1.,3.59506922952284E-33));
#4764=DIRECTION('',(0.,0.637567714034226,0.77039432112469));
#4765=DIRECTION('',(0.,0.,-1.));
#4766=DIRECTION('',(0.,1.,3.59506922952284E-33));
#4767=DIRECTION('',(0.,0.,1.));
#4768=DIRECTION('',(0.,0.637567714034226,-0.77039432112469));
#4769=DIRECTION('',(0.,-1.,-3.59506922952284E-33));
#4770=DIRECTION('',(0.,-0.637567714034226,0.77039432112469));
#4771=DIRECTION('',(0.,1.,0.));
#4772=DIRECTION('',(0.,1.,0.));
#4773=DIRECTION('',(0.,-0.637567714034226,-0.77039432112469));
#4774=DIRECTION('',(0.,0.,1.));
#4775=DIRECTION('',(0.,1.,0.));
#4776=DIRECTION('',(0.,0.,-1.));
#4777=DIRECTION('',(0.,-0.637567714034226,0.77039432112469));
#4778=DIRECTION('',(0.,0.707106781186526,0.707106781186569));
#4779=DIRECTION('',(0.,0.707106781186526,-0.707106781186569));
#4780=DIRECTION('center_axis',(-1.,0.,0.));
#4781=DIRECTION('ref_axis',(0.,-1.,0.));
#4782=DIRECTION('',(0.,0.,1.));
#4783=DIRECTION('',(0.,1.,0.));
#4784=DIRECTION('',(0.,-0.637567714034226,-0.77039432112469));
#4785=DIRECTION('center_axis',(0.,-1.,0.));
#4786=DIRECTION('ref_axis',(0.,0.,1.));
#4787=DIRECTION('',(0.,0.,1.));
#4788=DIRECTION('',(-1.,0.,0.));
#4789=DIRECTION('center_axis',(0.,-1.,0.));
#4790=DIRECTION('ref_axis',(0.,0.,-1.));
#4791=DIRECTION('',(0.,0.,1.));
#4792=DIRECTION('',(-1.,0.,0.));
#4793=DIRECTION('',(1.,0.,0.));
#4794=DIRECTION('center_axis',(0.,0.,1.));
#4795=DIRECTION('ref_axis',(0.,-1.,0.));
#4796=DIRECTION('',(0.,-1.,0.));
#4797=DIRECTION('',(-1.,0.,0.));
#4798=DIRECTION('',(1.,0.,0.));
#4799=DIRECTION('center_axis',(0.,1.,0.));
#4800=DIRECTION('ref_axis',(0.,0.,1.));
#4801=DIRECTION('',(0.,0.,1.));
#4802=DIRECTION('',(1.,0.,0.));
#4803=DIRECTION('center_axis',(0.,0.,1.));
#4804=DIRECTION('ref_axis',(0.,-1.,0.));
#4805=DIRECTION('',(0.,-1.,0.));
#4806=DIRECTION('center_axis',(0.,-0.77039432112469,-0.637567714034226));
#4807=DIRECTION('ref_axis',(0.,-0.637567714034226,0.77039432112469));
#4808=DIRECTION('',(0.,-0.637567714034226,0.77039432112469));
#4809=DIRECTION('',(-1.,0.,0.));
#4810=DIRECTION('center_axis',(0.,-3.59506922952284E-33,1.));
#4811=DIRECTION('ref_axis',(0.,-1.,-3.59506922952284E-33));
#4812=DIRECTION('',(0.,-1.,0.));
#4813=DIRECTION('',(-1.,0.,0.));
#4814=DIRECTION('',(-1.,0.,0.));
#4815=DIRECTION('',(0.,-1.,0.));
#4816=DIRECTION('',(-1.,0.,0.));
#4817=DIRECTION('',(-1.,0.,0.));
#4818=DIRECTION('',(0.,-1.,0.));
#4819=DIRECTION('',(-1.,0.,0.));
#4820=DIRECTION('',(0.,1.,0.));
#4821=DIRECTION('',(-1.,0.,0.));
#4822=DIRECTION('',(0.,1.,0.));
#4823=DIRECTION('',(-1.,0.,0.));
#4824=DIRECTION('',(0.,-1.,0.));
#4825=DIRECTION('',(1.,0.,0.));
#4826=DIRECTION('',(0.,-1.,-3.59506922952284E-33));
#4827=DIRECTION('',(1.,0.,0.));
#4828=DIRECTION('',(0.,-1.,0.));
#4829=DIRECTION('',(1.,0.,0.));
#4830=DIRECTION('',(0.,-1.,-3.59506922952284E-33));
#4831=DIRECTION('',(1.,0.,0.));
#4832=DIRECTION('',(0.,-1.,0.));
#4833=DIRECTION('',(1.,0.,0.));
#4834=DIRECTION('',(0.,-1.,-3.59506922952284E-33));
#4835=DIRECTION('',(1.,0.,0.));
#4836=DIRECTION('',(0.,-1.,0.));
#4837=DIRECTION('',(1.,0.,0.));
#4838=DIRECTION('',(0.,-1.,-3.59506922952284E-33));
#4839=DIRECTION('',(-1.,0.,0.));
#4840=DIRECTION('',(0.,1.,3.59506922952284E-33));
#4841=DIRECTION('',(1.,0.,0.));
#4842=DIRECTION('',(0.,-1.,0.));
#4843=DIRECTION('',(0.,-1.,0.));
#4844=DIRECTION('center_axis',(0.,3.59506922952284E-33,-1.));
#4845=DIRECTION('ref_axis',(1.,0.,0.));
#4846=DIRECTION('center_axis',(0.,3.59506922952284E-33,-1.));
#4847=DIRECTION('ref_axis',(1.,0.,0.));
#4848=DIRECTION('center_axis',(0.,3.59506922952284E-33,-1.));
#4849=DIRECTION('ref_axis',(1.,0.,0.));
#4850=DIRECTION('center_axis',(0.,3.59506922952284E-33,-1.));
#4851=DIRECTION('ref_axis',(1.,0.,0.));
#4852=DIRECTION('center_axis',(0.,3.59506922952284E-33,-1.));
#4853=DIRECTION('ref_axis',(1.,0.,0.));
#4854=DIRECTION('',(-1.,0.,0.));
#4855=DIRECTION('center_axis',(0.,-3.59506922952284E-33,1.));
#4856=DIRECTION('ref_axis',(-0.707106781186548,0.707106781186547,0.));
#4857=DIRECTION('',(1.,0.,0.));
#4858=DIRECTION('center_axis',(0.,-3.59506922952284E-33,1.));
#4859=DIRECTION('ref_axis',(0.707106781186548,-0.707106781186547,0.));
#4860=DIRECTION('center_axis',(0.,3.59506922952284E-33,-1.));
#4861=DIRECTION('ref_axis',(1.,0.,0.));
#4862=DIRECTION('center_axis',(0.,3.59506922952284E-33,-1.));
#4863=DIRECTION('ref_axis',(1.,0.,0.));
#4864=DIRECTION('center_axis',(0.,3.59506922952284E-33,-1.));
#4865=DIRECTION('ref_axis',(1.,0.,0.));
#4866=DIRECTION('center_axis',(0.,3.59506922952284E-33,-1.));
#4867=DIRECTION('ref_axis',(1.,0.,0.));
#4868=DIRECTION('center_axis',(0.,3.59506922952284E-33,-1.));
#4869=DIRECTION('ref_axis',(1.,0.,0.));
#4870=DIRECTION('center_axis',(0.,3.59506922952284E-33,-1.));
#4871=DIRECTION('ref_axis',(1.,0.,0.));
#4872=DIRECTION('center_axis',(0.,3.59506922952284E-33,-1.));
#4873=DIRECTION('ref_axis',(1.,0.,0.));
#4874=DIRECTION('center_axis',(0.,3.59506922952284E-33,-1.));
#4875=DIRECTION('ref_axis',(1.,0.,0.));
#4876=DIRECTION('center_axis',(0.,3.59506922952284E-33,-1.));
#4877=DIRECTION('ref_axis',(1.,0.,0.));
#4878=DIRECTION('center_axis',(0.,3.59506922952284E-33,-1.));
#4879=DIRECTION('ref_axis',(1.,0.,0.));
#4880=DIRECTION('center_axis',(0.,3.59506922952284E-33,-1.));
#4881=DIRECTION('ref_axis',(1.,0.,0.));
#4882=DIRECTION('center_axis',(0.,3.59506922952284E-33,-1.));
#4883=DIRECTION('ref_axis',(1.,0.,0.));
#4884=DIRECTION('center_axis',(0.,3.59506922952284E-33,-1.));
#4885=DIRECTION('ref_axis',(1.,0.,0.));
#4886=DIRECTION('center_axis',(0.,3.59506922952284E-33,-1.));
#4887=DIRECTION('ref_axis',(1.,0.,0.));
#4888=DIRECTION('center_axis',(0.,3.59506922952284E-33,-1.));
#4889=DIRECTION('ref_axis',(1.,0.,0.));
#4890=DIRECTION('center_axis',(0.,3.59506922952284E-33,-1.));
#4891=DIRECTION('ref_axis',(1.,0.,0.));
#4892=DIRECTION('center_axis',(1.,0.,0.));
#4893=DIRECTION('ref_axis',(0.,0.,-1.));
#4894=DIRECTION('',(0.,0.,-1.));
#4895=DIRECTION('',(0.,-1.,0.));
#4896=DIRECTION('',(0.,0.,1.));
#4897=DIRECTION('',(0.,1.,0.));
#4898=DIRECTION('',(0.,0.637567714034226,-0.77039432112469));
#4899=DIRECTION('',(0.,0.,1.));
#4900=DIRECTION('',(0.,-0.637567714034226,-0.77039432112469));
#4901=DIRECTION('',(0.,1.,0.));
#4902=DIRECTION('',(0.,1.,0.));
#4903=DIRECTION('',(0.,-0.707106781186526,-0.707106781186569));
#4904=DIRECTION('center_axis',(1.,0.,0.));
#4905=DIRECTION('ref_axis',(0.,-1.,0.));
#4906=DIRECTION('',(0.,-0.707106781186526,0.707106781186569));
#4907=DIRECTION('',(0.,0.637567714034226,0.77039432112469));
#4908=DIRECTION('',(0.,0.,-1.));
#4909=DIRECTION('',(0.,1.,0.));
#4910=DIRECTION('',(0.,0.,1.));
#4911=DIRECTION('',(0.,-0.637567714034226,-0.77039432112469));
#4912=DIRECTION('',(0.,0.,-1.));
#4913=DIRECTION('',(0.,0.637567714034225,0.77039432112469));
#4914=DIRECTION('',(0.,0.637567714034226,-0.77039432112469));
#4915=DIRECTION('',(0.,0.,1.));
#4916=DIRECTION('',(0.,1.,0.));
#4917=DIRECTION('',(0.,-0.637567714034226,0.77039432112469));
#4918=DIRECTION('',(0.,0.,-1.));
#4919=DIRECTION('center_axis',(0.,0.77039432112469,-0.637567714034226));
#4920=DIRECTION('ref_axis',(0.,-0.637567714034226,-0.77039432112469));
#4921=DIRECTION('',(-1.,0.,0.));
#4922=DIRECTION('center_axis',(-1.,0.,0.));
#4923=DIRECTION('ref_axis',(0.,1.83697019872103E-16,-1.));
#4924=DIRECTION('center_axis',(1.,0.,0.));
#4925=DIRECTION('ref_axis',(0.,-1.,0.));
#4926=DIRECTION('',(-1.,0.,0.));
#4927=DIRECTION('center_axis',(-1.,0.,0.));
#4928=DIRECTION('ref_axis',(0.,-1.,0.));
#4929=DIRECTION('',(1.,0.,0.));
#4930=DIRECTION('center_axis',(-1.,0.,0.));
#4931=DIRECTION('ref_axis',(0.,1.83697019872103E-16,-1.));
#4932=DIRECTION('',(1.,0.,0.));
#4933=DIRECTION('',(-1.,0.,0.));
#4934=DIRECTION('center_axis',(0.,0.707106781186569,0.707106781186526));
#4935=DIRECTION('ref_axis',(0.,0.707106781186526,-0.707106781186569));
#4936=DIRECTION('',(0.,-0.707106781186526,0.707106781186569));
#4937=DIRECTION('',(0.,0.707106781186526,-0.707106781186569));
#4938=DIRECTION('',(-1.,0.,0.));
#4939=DIRECTION('center_axis',(0.,-0.707106781186569,0.707106781186526));
#4940=DIRECTION('ref_axis',(0.,0.707106781186526,0.707106781186569));
#4941=DIRECTION('',(0.,-0.707106781186526,-0.707106781186569));
#4942=DIRECTION('',(0.,0.707106781186526,0.707106781186569));
#4943=DIRECTION('center_axis',(0.,-0.707106781186569,0.707106781186526));
#4944=DIRECTION('ref_axis',(0.,0.707106781186526,0.707106781186569));
#4945=DIRECTION('',(-1.,0.,0.));
#4946=DIRECTION('center_axis',(0.,0.707106781186569,0.707106781186526));
#4947=DIRECTION('ref_axis',(0.,0.707106781186526,-0.707106781186569));
#4948=DIRECTION('center_axis',(0.,0.,1.));
#4949=DIRECTION('ref_axis',(1.,0.,0.));
#4950=DIRECTION('center_axis',(0.,0.,-1.));
#4951=DIRECTION('ref_axis',(1.,0.,0.));
#4952=DIRECTION('',(0.857167300702112,-1.04972719113862E-16,-0.515038074910054));
#4953=DIRECTION('center_axis',(0.,0.,-1.));
#4954=DIRECTION('ref_axis',(1.,0.,0.));
#4955=DIRECTION('center_axis',(0.,0.,-1.));
#4956=DIRECTION('ref_axis',(1.,0.,0.));
#4957=DIRECTION('',(0.,0.,-1.));
#4958=DIRECTION('center_axis',(0.,0.,1.));
#4959=DIRECTION('ref_axis',(1.,0.,0.));
#4960=DIRECTION('center_axis',(0.,0.,-1.));
#4961=DIRECTION('ref_axis',(1.,0.,0.));
#4962=DIRECTION('',(0.857167300702112,-1.04972719113862E-16,-0.515038074910054));
#4963=DIRECTION('center_axis',(0.,0.,-1.));
#4964=DIRECTION('ref_axis',(1.,0.,0.));
#4965=DIRECTION('center_axis',(0.,0.,-1.));
#4966=DIRECTION('ref_axis',(1.,0.,0.));
#4967=DIRECTION('',(0.,0.,-1.));
#4968=DIRECTION('center_axis',(0.,0.,1.));
#4969=DIRECTION('ref_axis',(1.,0.,0.));
#4970=DIRECTION('center_axis',(0.,0.,-1.));
#4971=DIRECTION('ref_axis',(1.,0.,0.));
#4972=DIRECTION('',(0.857167300702112,-1.04972719113862E-16,-0.515038074910054));
#4973=DIRECTION('center_axis',(0.,0.,-1.));
#4974=DIRECTION('ref_axis',(1.,0.,0.));
#4975=DIRECTION('center_axis',(0.,0.,-1.));
#4976=DIRECTION('ref_axis',(1.,0.,0.));
#4977=DIRECTION('',(0.,0.,-1.));
#4978=DIRECTION('center_axis',(0.,0.,1.));
#4979=DIRECTION('ref_axis',(1.,0.,0.));
#4980=DIRECTION('center_axis',(0.,0.,-1.));
#4981=DIRECTION('ref_axis',(1.,0.,0.));
#4982=DIRECTION('',(0.857167300702112,-1.04972719113862E-16,-0.515038074910054));
#4983=DIRECTION('center_axis',(0.,0.,-1.));
#4984=DIRECTION('ref_axis',(1.,0.,0.));
#4985=DIRECTION('center_axis',(0.,0.,-1.));
#4986=DIRECTION('ref_axis',(1.,0.,0.));
#4987=DIRECTION('',(0.,0.,-1.));
#4988=DIRECTION('center_axis',(0.,-0.77039432112469,-0.637567714034226));
#4989=DIRECTION('ref_axis',(0.,-0.637567714034226,0.77039432112469));
#4990=DIRECTION('',(-1.,0.,0.));
#4991=DIRECTION('',(-1.,0.,0.));
#4992=DIRECTION('center_axis',(0.,1.,0.));
#4993=DIRECTION('ref_axis',(0.,0.,-1.));
#4994=DIRECTION('',(-1.,0.,0.));
#4995=DIRECTION('center_axis',(0.,0.,1.));
#4996=DIRECTION('ref_axis',(0.,1.,0.));
#4997=DIRECTION('center_axis',(0.,0.77039432112469,0.637567714034226));
#4998=DIRECTION('ref_axis',(0.,0.637567714034226,-0.77039432112469));
#4999=DIRECTION('',(-1.,0.,0.));
#5000=DIRECTION('center_axis',(0.,0.,1.));
#5001=DIRECTION('ref_axis',(0.,1.,0.));
#5002=DIRECTION('center_axis',(0.,-1.,0.));
#5003=DIRECTION('ref_axis',(0.,0.,1.));
#5004=DIRECTION('',(-1.,0.,0.));
#5005=DIRECTION('',(-1.,0.,0.));
#5006=DIRECTION('center_axis',(0.,0.77039432112469,-0.637567714034226));
#5007=DIRECTION('ref_axis',(0.,-0.637567714034226,-0.77039432112469));
#5008=DIRECTION('',(-1.,0.,0.));
#5009=DIRECTION('center_axis',(0.,0.,1.));
#5010=DIRECTION('ref_axis',(0.,1.,0.));
#5011=DIRECTION('center_axis',(0.,-0.77039432112469,0.637567714034225));
#5012=DIRECTION('ref_axis',(0.,0.637567714034225,0.77039432112469));
#5013=DIRECTION('',(-1.,0.,0.));
#5014=DIRECTION('center_axis',(0.,1.,0.));
#5015=DIRECTION('ref_axis',(0.,0.,-1.));
#5016=DIRECTION('',(-1.,0.,0.));
#5017=DIRECTION('center_axis',(0.,-0.77039432112469,0.637567714034226));
#5018=DIRECTION('ref_axis',(0.,0.637567714034226,0.77039432112469));
#5019=DIRECTION('center_axis',(0.,-1.,0.));
#5020=DIRECTION('ref_axis',(0.,0.,1.));
#5021=DIRECTION('',(-1.,0.,0.));
#5022=DIRECTION('center_axis',(0.,0.77039432112469,0.637567714034226));
#5023=DIRECTION('ref_axis',(0.,0.637567714034226,-0.77039432112469));
#5024=DIRECTION('center_axis',(0.,0.,1.));
#5025=DIRECTION('ref_axis',(0.,1.,0.));
#5026=DIRECTION('center_axis',(0.,0.,-1.));
#5027=DIRECTION('ref_axis',(0.,-1.,0.));
#5028=DIRECTION('',(-1.,0.,0.));
#5029=DIRECTION('',(-1.,0.,0.));
#5030=DIRECTION('center_axis',(1.,0.,0.));
#5031=DIRECTION('ref_axis',(0.,1.,0.));
#5032=DIRECTION('',(0.,0.637567714034226,-0.77039432112469));
#5033=DIRECTION('',(0.,0.,1.));
#5034=DIRECTION('',(0.,-1.,0.));
#5035=DIRECTION('',(0.,0.,-1.));
#5036=DIRECTION('',(0.,1.,0.));
#5037=DIRECTION('',(0.,0.,1.));
#5038=DIRECTION('',(0.,-1.,0.));
#5039=DIRECTION('',(0.,0.,-1.));
#5040=DIRECTION('',(0.,0.637567714034225,0.77039432112469));
#5041=DIRECTION('',(0.,0.637567714034226,-0.77039432112469));
#5042=DIRECTION('',(0.,0.,1.));
#5043=DIRECTION('',(0.,0.,-1.));
#5044=DIRECTION('',(0.,0.637567714034226,0.77039432112469));
#5045=DIRECTION('',(0.,1.,0.));
#5046=DIRECTION('',(0.,-0.637567714034226,0.77039432112469));
#5047=DIRECTION('',(0.,0.,-1.));
#5048=DIRECTION('',(0.,1.,0.));
#5049=DIRECTION('',(0.,0.,1.));
#5050=DIRECTION('',(0.,-0.637567714034226,-0.77039432112469));
#5051=DIRECTION('',(0.,1.,0.));
#5052=DIRECTION('',(0.,0.,1.));
#5053=DIRECTION('',(0.,-0.637567714034226,-0.77039432112469));
#5054=DIRECTION('',(0.,1.,0.));
#5055=DIRECTION('',(0.,-0.637567714034226,0.77039432112469));
#5056=DIRECTION('',(0.,0.,-1.));
#5057=DIRECTION('center_axis',(0.,0.77039432112469,0.637567714034226));
#5058=DIRECTION('ref_axis',(0.,-0.637567714034226,0.77039432112469));
#5059=DIRECTION('',(1.,0.,0.));
#5060=DIRECTION('',(0.,-0.637567714034226,0.77039432112469));
#5061=DIRECTION('',(1.,0.,0.));
#5062=DIRECTION('center_axis',(0.,-1.,0.));
#5063=DIRECTION('ref_axis',(0.,0.,-1.));
#5064=DIRECTION('',(0.,0.,-1.));
#5065=DIRECTION('',(1.,0.,0.));
#5066=DIRECTION('center_axis',(0.,0.,-1.));
#5067=DIRECTION('ref_axis',(0.,1.,0.));
#5068=DIRECTION('',(0.,1.,0.));
#5069=DIRECTION('center_axis',(0.,-0.77039432112469,-0.637567714034226));
#5070=DIRECTION('ref_axis',(0.,0.637567714034226,-0.77039432112469));
#5071=DIRECTION('',(0.,0.637567714034226,-0.77039432112469));
#5072=DIRECTION('',(1.,0.,0.));
#5073=DIRECTION('center_axis',(0.,1.,0.));
#5074=DIRECTION('ref_axis',(0.,0.,1.));
#5075=DIRECTION('',(1.,0.,0.));
#5076=DIRECTION('',(0.,0.,1.));
#5077=DIRECTION('',(1.,0.,0.));
#5078=DIRECTION('center_axis',(0.,-0.77039432112469,0.637567714034226));
#5079=DIRECTION('ref_axis',(0.,-0.637567714034226,-0.77039432112469));
#5080=DIRECTION('',(0.,-0.637567714034226,-0.77039432112469));
#5081=DIRECTION('',(1.,0.,0.));
#5082=DIRECTION('center_axis',(0.,0.,-1.));
#5083=DIRECTION('ref_axis',(0.,1.,0.));
#5084=DIRECTION('',(0.,1.,0.));
#5085=DIRECTION('center_axis',(0.,1.,0.));
#5086=DIRECTION('ref_axis',(0.,0.,1.));
#5087=DIRECTION('',(1.,0.,0.));
#5088=DIRECTION('',(0.,0.,1.));
#5089=DIRECTION('',(1.,0.,0.));
#5090=DIRECTION('center_axis',(0.,-0.77039432112469,0.637567714034226));
#5091=DIRECTION('ref_axis',(0.,-0.637567714034226,-0.77039432112469));
#5092=DIRECTION('',(0.,-0.637567714034226,-0.77039432112469));
#5093=DIRECTION('',(1.,0.,0.));
#5094=DIRECTION('center_axis',(0.,0.,-1.));
#5095=DIRECTION('ref_axis',(0.,1.,0.));
#5096=DIRECTION('',(0.,1.,0.));
#5097=DIRECTION('center_axis',(0.,0.77039432112469,-0.637567714034225));
#5098=DIRECTION('ref_axis',(0.,0.637567714034225,0.77039432112469));
#5099=DIRECTION('',(1.,0.,0.));
#5100=DIRECTION('',(0.,0.637567714034225,0.77039432112469));
#5101=DIRECTION('center_axis',(0.,-1.,0.));
#5102=DIRECTION('ref_axis',(0.,0.,-1.));
#5103=DIRECTION('',(0.,0.,-1.));
#5104=DIRECTION('',(1.,0.,0.));
#5105=DIRECTION('center_axis',(0.,0.77039432112469,-0.637567714034226));
#5106=DIRECTION('ref_axis',(0.,0.637567714034226,0.77039432112469));
#5107=DIRECTION('',(0.,0.637567714034226,0.77039432112469));
#5108=DIRECTION('center_axis',(0.,1.,0.));
#5109=DIRECTION('ref_axis',(0.,0.,1.));
#5110=DIRECTION('',(1.,0.,0.));
#5111=DIRECTION('',(0.,0.,1.));
#5112=DIRECTION('center_axis',(0.,-0.77039432112469,-0.637567714034226));
#5113=DIRECTION('ref_axis',(0.,0.637567714034226,-0.77039432112469));
#5114=DIRECTION('',(0.,0.637567714034226,-0.77039432112469));
#5115=DIRECTION('center_axis',(0.,0.77039432112469,0.637567714034226));
#5116=DIRECTION('ref_axis',(0.,-0.637567714034226,0.77039432112469));
#5117=DIRECTION('',(1.,0.,0.));
#5118=DIRECTION('',(0.,-0.637567714034226,0.77039432112469));
#5119=DIRECTION('',(1.,0.,0.));
#5120=DIRECTION('center_axis',(0.,-1.,0.));
#5121=DIRECTION('ref_axis',(0.,0.,-1.));
#5122=DIRECTION('',(0.,0.,-1.));
#5123=DIRECTION('',(1.,0.,0.));
#5124=DIRECTION('center_axis',(0.,0.,-1.));
#5125=DIRECTION('ref_axis',(0.,1.,0.));
#5126=DIRECTION('',(0.,1.,0.));
#5127=DIRECTION('center_axis',(0.,0.,1.));
#5128=DIRECTION('ref_axis',(0.,-1.,0.));
#5129=DIRECTION('',(1.,0.,0.));
#5130=DIRECTION('',(0.,-1.,0.));
#5131=DIRECTION('',(1.,0.,0.));
#5132=DIRECTION('center_axis',(1.,0.,0.));
#5133=DIRECTION('ref_axis',(0.,0.,-1.));
#5134=DIRECTION('',(0.,0.,-1.));
#5135=DIRECTION('',(0.,1.,0.));
#5136=DIRECTION('',(0.,0.,1.));
#5137=DIRECTION('',(0.,0.,1.));
#5138=DIRECTION('',(0.,0.,-1.));
#5139=DIRECTION('center_axis',(1.,0.,0.));
#5140=DIRECTION('ref_axis',(0.,0.,-1.));
#5141=DIRECTION('',(0.,0.,1.));
#5142=DIRECTION('',(0.,0.,-1.));
#5143=DIRECTION('',(0.,-1.,0.));
#5144=DIRECTION('center_axis',(-1.,0.,0.));
#5145=DIRECTION('ref_axis',(0.,0.,1.));
#5146=DIRECTION('',(0.,0.,-1.));
#5147=DIRECTION('',(0.,-1.,0.));
#5148=DIRECTION('',(0.,0.,1.));
#5149=DIRECTION('center_axis',(0.,-1.,0.));
#5150=DIRECTION('ref_axis',(0.,0.,-1.));
#5151=DIRECTION('',(1.,0.,0.));
#5152=DIRECTION('',(1.,0.,0.));
#5153=DIRECTION('center_axis',(0.,1.,0.));
#5154=DIRECTION('ref_axis',(1.,0.,0.));
#5155=DIRECTION('center_axis',(0.,1.,0.));
#5156=DIRECTION('ref_axis',(0.,0.,1.));
#5157=DIRECTION('center_axis',(0.,-1.,0.));
#5158=DIRECTION('ref_axis',(1.,0.,0.));
#5159=DIRECTION('',(1.,0.,0.));
#5160=DIRECTION('center_axis',(0.,0.,-1.));
#5161=DIRECTION('ref_axis',(1.,0.,0.));
#5162=DIRECTION('',(0.,0.,-1.));
#5163=DIRECTION('center_axis',(0.,0.,1.));
#5164=DIRECTION('ref_axis',(1.,0.,0.));
#5165=DIRECTION('center_axis',(0.,0.,-1.));
#5166=DIRECTION('ref_axis',(1.,0.,0.));
#5167=DIRECTION('',(0.,0.,-1.));
#5168=DIRECTION('center_axis',(0.,0.,1.));
#5169=DIRECTION('ref_axis',(1.,0.,0.));
#5170=DIRECTION('center_axis',(0.,0.,-1.));
#5171=DIRECTION('ref_axis',(1.,0.,0.));
#5172=DIRECTION('',(0.,0.,-1.));
#5173=DIRECTION('center_axis',(0.,0.,1.));
#5174=DIRECTION('ref_axis',(1.,0.,0.));
#5175=DIRECTION('center_axis',(-0.866025403784439,-0.5,0.));
#5176=DIRECTION('ref_axis',(0.5,-0.866025403784439,0.));
#5177=DIRECTION('',(0.,0.,-1.));
#5178=DIRECTION('',(0.5,-0.866025403784439,0.));
#5179=DIRECTION('',(0.,0.,1.));
#5180=DIRECTION('',(0.5,-0.866025403784439,0.));
#5181=DIRECTION('center_axis',(-0.866025403784439,0.5,0.));
#5182=DIRECTION('ref_axis',(-0.5,-0.866025403784439,0.));
#5183=DIRECTION('',(-0.5,-0.866025403784439,0.));
#5184=DIRECTION('',(0.,0.,1.));
#5185=DIRECTION('',(-0.5,-0.866025403784439,0.));
#5186=DIRECTION('center_axis',(0.,1.,0.));
#5187=DIRECTION('ref_axis',(-1.,0.,0.));
#5188=DIRECTION('',(-1.,0.,0.));
#5189=DIRECTION('',(0.,0.,1.));
#5190=DIRECTION('',(-1.,0.,0.));
#5191=DIRECTION('center_axis',(0.866025403784439,0.5,0.));
#5192=DIRECTION('ref_axis',(-0.499999999999999,0.866025403784439,0.));
#5193=DIRECTION('',(-0.499999999999999,0.866025403784439,0.));
#5194=DIRECTION('',(0.,0.,1.));
#5195=DIRECTION('',(-0.499999999999999,0.866025403784439,0.));
#5196=DIRECTION('center_axis',(0.866025403784439,-0.5,0.));
#5197=DIRECTION('ref_axis',(0.499999999999999,0.866025403784439,0.));
#5198=DIRECTION('',(0.499999999999999,0.866025403784439,0.));
#5199=DIRECTION('',(0.,0.,1.));
#5200=DIRECTION('',(0.499999999999999,0.866025403784439,0.));
#5201=DIRECTION('center_axis',(0.,-1.,0.));
#5202=DIRECTION('ref_axis',(1.,0.,0.));
#5203=DIRECTION('',(1.,0.,0.));
#5204=DIRECTION('',(1.,0.,0.));
#5205=DIRECTION('center_axis',(0.,0.,1.));
#5206=DIRECTION('ref_axis',(1.,0.,0.));
#5207=DIRECTION('center_axis',(0.,0.,-1.));
#5208=DIRECTION('ref_axis',(-1.,0.,0.));
#5209=DIRECTION('center_axis',(-0.866025403784439,0.5,0.));
#5210=DIRECTION('ref_axis',(-0.499999999999999,-0.866025403784439,0.));
#5211=DIRECTION('',(0.,0.,-1.));
#5212=DIRECTION('',(-0.499999999999999,-0.866025403784439,0.));
#5213=DIRECTION('',(0.,0.,1.));
#5214=DIRECTION('',(-0.499999999999999,-0.866025403784439,0.));
#5215=DIRECTION('center_axis',(0.,1.,0.));
#5216=DIRECTION('ref_axis',(-1.,0.,0.));
#5217=DIRECTION('',(-1.,0.,0.));
#5218=DIRECTION('',(0.,0.,1.));
#5219=DIRECTION('',(-1.,0.,0.));
#5220=DIRECTION('center_axis',(0.866025403784439,0.5,0.));
#5221=DIRECTION('ref_axis',(-0.5,0.866025403784439,0.));
#5222=DIRECTION('',(-0.5,0.866025403784439,0.));
#5223=DIRECTION('',(0.,0.,1.));
#5224=DIRECTION('',(-0.5,0.866025403784439,0.));
#5225=DIRECTION('center_axis',(0.866025403784439,-0.5,0.));
#5226=DIRECTION('ref_axis',(0.5,0.866025403784439,0.));
#5227=DIRECTION('',(0.5,0.866025403784439,0.));
#5228=DIRECTION('',(0.,0.,1.));
#5229=DIRECTION('',(0.5,0.866025403784439,0.));
#5230=DIRECTION('center_axis',(0.,-1.,0.));
#5231=DIRECTION('ref_axis',(1.,0.,0.));
#5232=DIRECTION('',(1.,0.,0.));
#5233=DIRECTION('',(0.,0.,1.));
#5234=DIRECTION('',(1.,0.,0.));
#5235=DIRECTION('center_axis',(-0.866025403784439,-0.5,0.));
#5236=DIRECTION('ref_axis',(0.499999999999999,-0.866025403784439,0.));
#5237=DIRECTION('',(0.499999999999999,-0.866025403784439,0.));
#5238=DIRECTION('',(0.499999999999999,-0.866025403784439,0.));
#5239=DIRECTION('center_axis',(0.,0.,1.));
#5240=DIRECTION('ref_axis',(1.,0.,0.));
#5241=DIRECTION('center_axis',(0.,0.,-1.));
#5242=DIRECTION('ref_axis',(-1.,0.,0.));
#5243=DIRECTION('center_axis',(0.,0.,1.));
#5244=DIRECTION('ref_axis',(-1.,0.,0.));
#5245=DIRECTION('',(0.,0.,1.));
#5246=DIRECTION('center_axis',(0.,0.,-1.));
#5247=DIRECTION('ref_axis',(-1.,0.,0.));
#5248=DIRECTION('center_axis',(0.,0.,1.));
#5249=DIRECTION('ref_axis',(-1.,0.,0.));
#5250=DIRECTION('',(0.,0.,1.));
#5251=DIRECTION('center_axis',(0.,0.,-1.));
#5252=DIRECTION('ref_axis',(-1.,0.,0.));
#5253=DIRECTION('center_axis',(1.,0.,0.));
#5254=DIRECTION('ref_axis',(0.,1.,0.));
#5255=DIRECTION('',(0.,0.,-1.));
#5256=DIRECTION('',(0.,-1.,0.));
#5257=DIRECTION('',(0.,0.,1.));
#5258=DIRECTION('',(0.,1.,0.));
#5259=DIRECTION('',(0.,0.,1.));
#5260=DIRECTION('center_axis',(0.,-1.,0.));
#5261=DIRECTION('ref_axis',(1.,0.,0.));
#5262=DIRECTION('',(1.,0.,0.));
#5263=DIRECTION('',(0.,0.,1.));
#5264=DIRECTION('center_axis',(-1.,0.,0.));
#5265=DIRECTION('ref_axis',(0.,-1.,0.));
#5266=DIRECTION('',(0.,0.,1.));
#5267=DIRECTION('',(0.,-1.,0.));
#5268=DIRECTION('',(0.,0.,1.));
#5269=DIRECTION('',(0.,1.,0.));
#5270=DIRECTION('center_axis',(0.,0.,1.));
#5271=DIRECTION('ref_axis',(1.,0.,0.));
#5272=DIRECTION('',(-1.,0.,0.));
#5273=DIRECTION('center_axis',(0.,0.,-1.));
#5274=DIRECTION('ref_axis',(1.,0.,0.));
#5275=DIRECTION('',(0.,0.,-1.));
#5276=DIRECTION('center_axis',(0.,0.,1.));
#5277=DIRECTION('ref_axis',(1.,0.,0.));
#5278=DIRECTION('center_axis',(0.,0.,-1.));
#5279=DIRECTION('ref_axis',(1.,0.,0.));
#5280=DIRECTION('',(0.,0.,-1.));
#5281=DIRECTION('center_axis',(0.,0.,1.));
#5282=DIRECTION('ref_axis',(1.,0.,0.));
#5283=DIRECTION('center_axis',(0.,0.,-1.));
#5284=DIRECTION('ref_axis',(1.,0.,0.));
#5285=DIRECTION('',(0.,0.,-1.));
#5286=DIRECTION('center_axis',(0.,0.,1.));
#5287=DIRECTION('ref_axis',(1.,0.,0.));
#5288=DIRECTION('center_axis',(0.,0.,-1.));
#5289=DIRECTION('ref_axis',(1.,0.,0.));
#5290=DIRECTION('',(0.,0.,-1.));
#5291=DIRECTION('center_axis',(0.,0.,1.));
#5292=DIRECTION('ref_axis',(1.,0.,0.));
#5293=DIRECTION('center_axis',(0.,0.,-1.));
#5294=DIRECTION('ref_axis',(1.,0.,0.));
#5295=DIRECTION('',(0.,0.,-1.));
#5296=DIRECTION('center_axis',(0.,0.,1.));
#5297=DIRECTION('ref_axis',(1.,0.,0.));
#5298=DIRECTION('center_axis',(0.,0.,-1.));
#5299=DIRECTION('ref_axis',(1.,0.,0.));
#5300=DIRECTION('',(0.,0.,-1.));
#5301=DIRECTION('center_axis',(0.,0.,1.));
#5302=DIRECTION('ref_axis',(1.,0.,0.));
#5303=DIRECTION('center_axis',(0.,0.,-1.));
#5304=DIRECTION('ref_axis',(1.,0.,0.));
#5305=DIRECTION('',(0.,0.,-1.));
#5306=DIRECTION('center_axis',(0.,0.,1.));
#5307=DIRECTION('ref_axis',(1.,0.,0.));
#5308=DIRECTION('center_axis',(0.,0.,-1.));
#5309=DIRECTION('ref_axis',(1.,0.,0.));
#5310=DIRECTION('',(0.,0.,-1.));
#5311=DIRECTION('center_axis',(0.,0.,1.));
#5312=DIRECTION('ref_axis',(1.,0.,0.));
#5313=DIRECTION('center_axis',(0.,0.,-1.));
#5314=DIRECTION('ref_axis',(1.,0.,0.));
#5315=DIRECTION('',(0.,0.,-1.));
#5316=DIRECTION('center_axis',(0.,0.,1.));
#5317=DIRECTION('ref_axis',(1.,0.,0.));
#5318=DIRECTION('center_axis',(0.,0.,-1.));
#5319=DIRECTION('ref_axis',(1.,0.,0.));
#5320=DIRECTION('',(0.,0.,-1.));
#5321=DIRECTION('center_axis',(0.,0.,1.));
#5322=DIRECTION('ref_axis',(1.,0.,0.));
#5323=DIRECTION('center_axis',(0.,0.,-1.));
#5324=DIRECTION('ref_axis',(1.,0.,0.));
#5325=DIRECTION('',(0.,0.,-1.));
#5326=DIRECTION('center_axis',(0.,0.,1.));
#5327=DIRECTION('ref_axis',(1.,0.,0.));
#5328=DIRECTION('center_axis',(0.,0.,-1.));
#5329=DIRECTION('ref_axis',(1.,0.,0.));
#5330=DIRECTION('',(0.,0.,-1.));
#5331=DIRECTION('center_axis',(0.,0.,1.));
#5332=DIRECTION('ref_axis',(1.,0.,0.));
#5333=DIRECTION('center_axis',(0.,0.,-1.));
#5334=DIRECTION('ref_axis',(1.,0.,0.));
#5335=DIRECTION('',(0.,0.,-1.));
#5336=DIRECTION('center_axis',(0.,0.,1.));
#5337=DIRECTION('ref_axis',(1.,0.,0.));
#5338=DIRECTION('center_axis',(0.,0.,-1.));
#5339=DIRECTION('ref_axis',(1.,0.,0.));
#5340=DIRECTION('',(0.,0.,-1.));
#5341=DIRECTION('center_axis',(0.,0.,1.));
#5342=DIRECTION('ref_axis',(1.,0.,0.));
#5343=DIRECTION('center_axis',(0.,0.,-1.));
#5344=DIRECTION('ref_axis',(1.,0.,0.));
#5345=DIRECTION('',(0.,0.,-1.));
#5346=DIRECTION('center_axis',(0.,0.,1.));
#5347=DIRECTION('ref_axis',(1.,0.,0.));
#5348=DIRECTION('center_axis',(0.,0.,-1.));
#5349=DIRECTION('ref_axis',(1.,0.,0.));
#5350=DIRECTION('',(0.,0.,-1.));
#5351=DIRECTION('center_axis',(0.,0.,1.));
#5352=DIRECTION('ref_axis',(1.,0.,0.));
#5353=DIRECTION('center_axis',(0.,0.,-1.));
#5354=DIRECTION('ref_axis',(1.,0.,0.));
#5355=DIRECTION('',(0.,0.,-1.));
#5356=DIRECTION('center_axis',(0.,0.,1.));
#5357=DIRECTION('ref_axis',(1.,0.,0.));
#5358=DIRECTION('center_axis',(0.,0.,-1.));
#5359=DIRECTION('ref_axis',(1.,0.,0.));
#5360=DIRECTION('',(0.,0.,-1.));
#5361=DIRECTION('center_axis',(0.,0.,1.));
#5362=DIRECTION('ref_axis',(1.,0.,0.));
#5363=DIRECTION('center_axis',(0.,0.,-1.));
#5364=DIRECTION('ref_axis',(0.707106781186548,0.707106781186547,0.));
#5365=DIRECTION('',(0.,0.,-1.));
#5366=DIRECTION('center_axis',(0.,0.,-1.));
#5367=DIRECTION('ref_axis',(0.707106781186548,0.707106781186547,0.));
#5368=DIRECTION('',(0.,0.,1.));
#5369=DIRECTION('center_axis',(0.,1.,0.));
#5370=DIRECTION('ref_axis',(1.,0.,0.));
#5371=DIRECTION('',(0.,0.,1.));
#5372=DIRECTION('',(-1.,0.,0.));
#5373=DIRECTION('center_axis',(0.,0.,-1.));
#5374=DIRECTION('ref_axis',(-0.707106781186548,-0.707106781186547,0.));
#5375=DIRECTION('',(0.,0.,-1.));
#5376=DIRECTION('center_axis',(0.,0.,-1.));
#5377=DIRECTION('ref_axis',(-0.707106781186548,-0.707106781186547,0.));
#5378=DIRECTION('center_axis',(0.,-1.,0.));
#5379=DIRECTION('ref_axis',(-1.,0.,0.));
#5380=DIRECTION('',(1.,0.,0.));
#5381=DIRECTION('center_axis',(0.,1.,0.));
#5382=DIRECTION('ref_axis',(1.,0.,0.));
#5383=DIRECTION('center_axis',(0.,1.,0.));
#5384=DIRECTION('ref_axis',(6.12323399573677E-17,0.,1.));
#5385=DIRECTION('center_axis',(0.,1.,0.));
#5386=DIRECTION('ref_axis',(1.,0.,0.));
#5387=DIRECTION('center_axis',(0.,-1.,0.));
#5388=DIRECTION('ref_axis',(1.,0.,0.));
#5389=DIRECTION('center_axis',(0.,-1.,0.));
#5390=DIRECTION('ref_axis',(0.,0.,-1.));
#5391=DIRECTION('',(1.,0.,0.));
#5392=DIRECTION('center_axis',(0.,0.,1.));
#5393=DIRECTION('ref_axis',(0.,-1.,0.));
#5394=DIRECTION('',(1.,0.,0.));
#5395=DIRECTION('center_axis',(0.,1.,0.));
#5396=DIRECTION('ref_axis',(0.,0.,1.));
#5397=DIRECTION('',(1.,0.,0.));
#5398=DIRECTION('center_axis',(0.,0.,-1.));
#5399=DIRECTION('ref_axis',(0.,1.,0.));
#5400=DIRECTION('center_axis',(0.,0.,1.));
#5401=DIRECTION('ref_axis',(0.,-1.,0.));
#5402=DIRECTION('center_axis',(1.,0.,0.));
#5403=DIRECTION('ref_axis',(0.,-1.,0.));
#5404=DIRECTION('center_axis',(-1.,-1.06581410364015E-16,0.));
#5405=DIRECTION('ref_axis',(0.,-1.,0.));
#5406=DIRECTION('',(-1.,0.,0.));
#5407=DIRECTION('center_axis',(1.,0.,0.));
#5408=DIRECTION('ref_axis',(0.,-1.,0.));
#5409=DIRECTION('center_axis',(-1.,0.,0.));
#5410=DIRECTION('ref_axis',(0.,-1.,0.));
#5411=DIRECTION('',(0.,0.,1.));
#5412=DIRECTION('',(0.,-0.499999999999985,-0.866025403784447));
#5413=DIRECTION('',(0.,0.499999999999986,-0.866025403784447));
#5414=DIRECTION('center_axis',(0.,0.866025403784439,-0.499999999999999));
#5415=DIRECTION('ref_axis',(0.,0.499999999999999,0.866025403784439));
#5416=DIRECTION('',(0.,0.499999999999999,0.866025403784439));
#5417=DIRECTION('',(0.,-0.499999999999999,-0.866025403784439));
#5418=DIRECTION('',(1.,0.,0.));
#5419=DIRECTION('',(0.,0.499999999999999,0.866025403784439));
#5420=DIRECTION('',(1.,0.,0.));
#5421=DIRECTION('center_axis',(0.,0.866025403784434,0.500000000000007));
#5422=DIRECTION('ref_axis',(0.,-0.500000000000007,0.866025403784434));
#5423=DIRECTION('',(0.,0.500000000000007,-0.866025403784434));
#5424=DIRECTION('',(0.,-0.500000000000007,0.866025403784434));
#5425=DIRECTION('',(0.,-0.500000000000007,0.866025403784434));
#5426=DIRECTION('',(1.,0.,0.));
#5427=DIRECTION('center_axis',(0.,-3.49629579342469E-15,1.));
#5428=DIRECTION('ref_axis',(0.,-1.,-3.49629579342469E-15));
#5429=DIRECTION('',(0.,1.,3.49629579342469E-15));
#5430=DIRECTION('',(0.,-1.,-3.49629579342469E-15));
#5431=DIRECTION('',(1.,0.,0.));
#5432=DIRECTION('center_axis',(0.,-0.866025403784447,0.499999999999985));
#5433=DIRECTION('ref_axis',(0.,-0.499999999999985,-0.866025403784447));
#5434=DIRECTION('',(0.,0.499999999999985,0.866025403784447));
#5435=DIRECTION('',(0.,-0.499999999999985,-0.866025403784447));
#5436=DIRECTION('',(1.,0.,0.));
#5437=DIRECTION('center_axis',(0.,-0.866025403784447,-0.499999999999986));
#5438=DIRECTION('ref_axis',(0.,0.499999999999986,-0.866025403784447));
#5439=DIRECTION('',(0.,-0.499999999999986,0.866025403784447));
#5440=DIRECTION('',(0.,0.499999999999986,-0.866025403784447));
#5441=DIRECTION('',(1.,0.,0.));
#5442=DIRECTION('center_axis',(0.,0.,-1.));
#5443=DIRECTION('ref_axis',(0.,1.,0.));
#5444=DIRECTION('',(0.,-1.,0.));
#5445=DIRECTION('',(0.,1.,0.));
#5446=DIRECTION('center_axis',(-1.,0.,0.));
#5447=DIRECTION('ref_axis',(0.,0.,1.));
#5448=DIRECTION('center_axis',(-1.,0.,0.));
#5449=DIRECTION('ref_axis',(0.,-1.,0.));
#5450=DIRECTION('',(0.,0.,-1.));
#5451=DIRECTION('center_axis',(-1.,0.,0.));
#5452=DIRECTION('ref_axis',(0.,-1.,0.));
#5453=DIRECTION('',(0.,0.,-1.));
#5454=DIRECTION('',(0.,-1.,0.));
#5455=DIRECTION('',(0.,0.,1.));
#5456=DIRECTION('center_axis',(-1.,0.,0.));
#5457=DIRECTION('ref_axis',(0.,-1.,0.));
#5458=DIRECTION('',(0.,0.,1.));
#5459=DIRECTION('',(0.,1.,0.));
#5460=DIRECTION('',(0.,0.,-1.));
#5461=DIRECTION('center_axis',(0.,-1.,0.));
#5462=DIRECTION('ref_axis',(0.,0.,1.));
#5463=DIRECTION('',(1.,0.,0.));
#5464=DIRECTION('',(0.,0.,1.));
#5465=DIRECTION('',(-1.,0.,0.));
#5466=DIRECTION('center_axis',(0.,1.,0.));
#5467=DIRECTION('ref_axis',(0.,0.,-1.));
#5468=DIRECTION('',(1.,0.,0.));
#5469=DIRECTION('',(0.,0.,-1.));
#5470=DIRECTION('',(-1.,0.,0.));
#5471=DIRECTION('center_axis',(1.,0.,0.));
#5472=DIRECTION('ref_axis',(0.,0.,-1.));
#5473=DIRECTION('',(0.,1.,0.));
#5474=DIRECTION('',(0.,-1.,0.));
#5475=DIRECTION('center_axis',(1.,0.,0.));
#5476=DIRECTION('ref_axis',(0.,-1.,0.));
#5477=DIRECTION('center_axis',(1.,0.,0.));
#5478=DIRECTION('ref_axis',(0.,-1.,0.));
#5479=DIRECTION('',(1.,0.,0.));
#5480=DIRECTION('center_axis',(-1.,0.,0.));
#5481=DIRECTION('ref_axis',(0.,-1.,0.));
#5482=DIRECTION('center_axis',(-1.,0.,0.));
#5483=DIRECTION('ref_axis',(0.,-1.,0.));
#5484=DIRECTION('',(0.,0.,1.));
#5485=DIRECTION('',(0.,0.499999999999986,-0.866025403784447));
#5486=DIRECTION('',(0.,-0.499999999999985,-0.866025403784447));
#5487=DIRECTION('center_axis',(-1.,0.,0.));
#5488=DIRECTION('ref_axis',(0.,-1.,0.));
#5489=DIRECTION('',(0.,0.,-1.));
#5490=DIRECTION('',(0.,-0.500000000000007,0.866025403784434));
#5491=DIRECTION('',(0.,0.499999999999999,0.866025403784439));
#5492=DIRECTION('center_axis',(0.,-0.866025403784439,0.499999999999999));
#5493=DIRECTION('ref_axis',(0.,0.499999999999999,0.866025403784439));
#5494=DIRECTION('',(-1.,0.,0.));
#5495=DIRECTION('',(0.,0.499999999999999,0.866025403784439));
#5496=DIRECTION('',(-1.,0.,0.));
#5497=DIRECTION('',(0.,0.499999999999999,0.866025403784439));
#5498=DIRECTION('center_axis',(0.,-0.866025403784434,-0.500000000000007));
#5499=DIRECTION('ref_axis',(0.,-0.500000000000007,0.866025403784434));
#5500=DIRECTION('',(0.,-0.500000000000007,0.866025403784434));
#5501=DIRECTION('',(-1.,0.,0.));
#5502=DIRECTION('',(0.,-0.500000000000007,0.866025403784434));
#5503=DIRECTION('center_axis',(0.,3.49629579342469E-15,-1.));
#5504=DIRECTION('ref_axis',(0.,-1.,-3.49629579342469E-15));
#5505=DIRECTION('',(0.,-1.,-3.49629579342469E-15));
#5506=DIRECTION('',(-1.,0.,0.));
#5507=DIRECTION('',(0.,-1.,-3.49629579342469E-15));
#5508=DIRECTION('center_axis',(0.,0.866025403784447,-0.499999999999985));
#5509=DIRECTION('ref_axis',(0.,-0.499999999999985,-0.866025403784447));
#5510=DIRECTION('',(-1.,0.,0.));
#5511=DIRECTION('',(0.,-0.499999999999985,-0.866025403784447));
#5512=DIRECTION('',(0.,-0.499999999999985,-0.866025403784447));
#5513=DIRECTION('center_axis',(0.,0.866025403784447,0.499999999999986));
#5514=DIRECTION('ref_axis',(0.,0.499999999999986,-0.866025403784447));
#5515=DIRECTION('',(0.,0.499999999999986,-0.866025403784447));
#5516=DIRECTION('',(-1.,0.,0.));
#5517=DIRECTION('',(0.,0.499999999999986,-0.866025403784447));
#5518=DIRECTION('center_axis',(0.,0.,1.));
#5519=DIRECTION('ref_axis',(0.,1.,0.));
#5520=DIRECTION('',(0.,1.,0.));
#5521=DIRECTION('',(0.,1.,0.));
#5522=DIRECTION('center_axis',(-1.,0.,0.));
#5523=DIRECTION('ref_axis',(0.,0.,1.));
#5524=DIRECTION('center_axis',(-1.,0.,0.));
#5525=DIRECTION('ref_axis',(0.,-1.,0.));
#5526=DIRECTION('',(0.,0.,1.));
#5527=DIRECTION('',(0.,1.,0.));
#5528=DIRECTION('',(0.,0.,-1.));
#5529=DIRECTION('center_axis',(0.,1.,0.));
#5530=DIRECTION('ref_axis',(0.,0.,1.));
#5531=DIRECTION('',(0.,0.,1.));
#5532=DIRECTION('',(-1.,0.,0.));
#5533=DIRECTION('',(0.,0.,1.));
#5534=DIRECTION('',(1.,0.,0.));
#5535=DIRECTION('center_axis',(0.,-1.,0.));
#5536=DIRECTION('ref_axis',(0.,0.,-1.));
#5537=DIRECTION('',(-1.,0.,0.));
#5538=DIRECTION('',(0.,0.,-1.));
#5539=DIRECTION('',(1.,0.,0.));
#5540=DIRECTION('',(0.,0.,-1.));
#5541=DIRECTION('center_axis',(-1.,0.,0.));
#5542=DIRECTION('ref_axis',(0.,-1.,0.));
#5543=DIRECTION('',(0.,-1.,0.));
#5544=DIRECTION('center_axis',(1.,0.,0.));
#5545=DIRECTION('ref_axis',(0.,0.,-1.));
#5546=DIRECTION('',(0.,-1.,0.));
#5547=DIRECTION('',(0.,1.,0.));
#5548=DIRECTION('center_axis',(0.,-1.,0.));
#5549=DIRECTION('ref_axis',(-1.,0.,0.));
#5550=DIRECTION('',(1.,0.,0.));
#5551=DIRECTION('',(0.,0.,-1.));
#5552=DIRECTION('',(-1.,0.,0.));
#5553=DIRECTION('',(0.,0.,-1.));
#5554=DIRECTION('center_axis',(1.,0.,0.));
#5555=DIRECTION('ref_axis',(0.,-1.,0.));
#5556=DIRECTION('',(0.,1.,0.));
#5557=DIRECTION('',(0.,-1.,0.));
#5558=DIRECTION('',(0.,0.,-1.));
#5559=DIRECTION('center_axis',(0.,1.,0.));
#5560=DIRECTION('ref_axis',(1.,0.,0.));
#5561=DIRECTION('',(-1.,0.,0.));
#5562=DIRECTION('',(1.,0.,0.));
#5563=DIRECTION('',(0.,0.,-1.));
#5564=DIRECTION('center_axis',(-1.,0.,0.));
#5565=DIRECTION('ref_axis',(0.,1.,0.));
#5566=DIRECTION('',(0.,-1.,0.));
#5567=DIRECTION('',(0.,1.,0.));
#5568=DIRECTION('center_axis',(-1.,0.,0.));
#5569=DIRECTION('ref_axis',(0.,1.,0.));
#5570=DIRECTION('',(0.,-1.,0.));
#5571=DIRECTION('',(0.,0.,-1.));
#5572=DIRECTION('',(0.,1.,0.));
#5573=DIRECTION('',(0.,0.,-1.));
#5574=DIRECTION('center_axis',(0.,-1.,0.));
#5575=DIRECTION('ref_axis',(-1.,0.,0.));
#5576=DIRECTION('',(1.,0.,0.));
#5577=DIRECTION('',(-1.,0.,0.));
#5578=DIRECTION('',(0.,0.,-1.));
#5579=DIRECTION('center_axis',(1.,0.,0.));
#5580=DIRECTION('ref_axis',(0.,-1.,0.));
#5581=DIRECTION('',(0.,1.,0.));
#5582=DIRECTION('',(0.,-1.,0.));
#5583=DIRECTION('',(0.,0.,-1.));
#5584=DIRECTION('center_axis',(0.,1.,0.));
#5585=DIRECTION('ref_axis',(1.,0.,0.));
#5586=DIRECTION('',(-1.,0.,0.));
#5587=DIRECTION('',(1.,0.,0.));
#5588=DIRECTION('center_axis',(1.,0.,0.));
#5589=DIRECTION('ref_axis',(0.,-1.,0.));
#5590=DIRECTION('',(0.,1.,0.));
#5591=DIRECTION('',(0.,0.,-1.));
#5592=DIRECTION('',(0.,-1.,0.));
#5593=DIRECTION('',(0.,0.,-1.));
#5594=DIRECTION('center_axis',(0.,1.,0.));
#5595=DIRECTION('ref_axis',(1.,0.,0.));
#5596=DIRECTION('',(-1.,0.,0.));
#5597=DIRECTION('',(1.,0.,0.));
#5598=DIRECTION('',(0.,0.,-1.));
#5599=DIRECTION('center_axis',(-1.,0.,0.));
#5600=DIRECTION('ref_axis',(0.,1.,0.));
#5601=DIRECTION('',(0.,-1.,0.));
#5602=DIRECTION('',(0.,1.,0.));
#5603=DIRECTION('',(0.,0.,-1.));
#5604=DIRECTION('center_axis',(0.,-1.,0.));
#5605=DIRECTION('ref_axis',(-1.,0.,0.));
#5606=DIRECTION('',(1.,0.,0.));
#5607=DIRECTION('',(-1.,0.,0.));
#5608=DIRECTION('center_axis',(-1.,0.,0.));
#5609=DIRECTION('ref_axis',(0.,1.,0.));
#5610=DIRECTION('',(0.,-1.,0.));
#5611=DIRECTION('',(0.,0.,-1.));
#5612=DIRECTION('',(0.,1.,0.));
#5613=DIRECTION('',(0.,0.,-1.));
#5614=DIRECTION('center_axis',(0.,-1.,0.));
#5615=DIRECTION('ref_axis',(-1.,0.,0.));
#5616=DIRECTION('',(1.,0.,0.));
#5617=DIRECTION('',(-1.,0.,0.));
#5618=DIRECTION('',(0.,0.,-1.));
#5619=DIRECTION('center_axis',(1.,0.,0.));
#5620=DIRECTION('ref_axis',(0.,-1.,0.));
#5621=DIRECTION('',(0.,1.,0.));
#5622=DIRECTION('',(0.,-1.,0.));
#5623=DIRECTION('',(0.,0.,-1.));
#5624=DIRECTION('center_axis',(0.,1.,0.));
#5625=DIRECTION('ref_axis',(1.,0.,0.));
#5626=DIRECTION('',(-1.,0.,0.));
#5627=DIRECTION('',(1.,0.,0.));
#5628=DIRECTION('center_axis',(-1.,0.,0.));
#5629=DIRECTION('ref_axis',(0.,1.,0.));
#5630=DIRECTION('',(0.,-1.,0.));
#5631=DIRECTION('',(0.,0.,-1.));
#5632=DIRECTION('',(0.,1.,0.));
#5633=DIRECTION('',(0.,0.,-1.));
#5634=DIRECTION('center_axis',(0.,-1.,0.));
#5635=DIRECTION('ref_axis',(-1.,0.,0.));
#5636=DIRECTION('',(1.,0.,0.));
#5637=DIRECTION('',(-1.,0.,0.));
#5638=DIRECTION('',(0.,0.,-1.));
#5639=DIRECTION('center_axis',(1.,0.,0.));
#5640=DIRECTION('ref_axis',(0.,-1.,0.));
#5641=DIRECTION('',(0.,1.,0.));
#5642=DIRECTION('',(0.,-1.,0.));
#5643=DIRECTION('',(0.,0.,-1.));
#5644=DIRECTION('center_axis',(0.,1.,0.));
#5645=DIRECTION('ref_axis',(1.,0.,0.));
#5646=DIRECTION('',(-1.,0.,0.));
#5647=DIRECTION('',(1.,0.,0.));
#5648=DIRECTION('center_axis',(-1.,0.,0.));
#5649=DIRECTION('ref_axis',(0.,1.,0.));
#5650=DIRECTION('',(0.,-1.,0.));
#5651=DIRECTION('',(0.,0.,-1.));
#5652=DIRECTION('',(0.,1.,0.));
#5653=DIRECTION('',(0.,0.,-1.));
#5654=DIRECTION('center_axis',(0.,-1.,0.));
#5655=DIRECTION('ref_axis',(-1.,0.,0.));
#5656=DIRECTION('',(1.,0.,0.));
#5657=DIRECTION('',(-1.,0.,0.));
#5658=DIRECTION('',(0.,0.,-1.));
#5659=DIRECTION('center_axis',(1.,0.,0.));
#5660=DIRECTION('ref_axis',(0.,-1.,0.));
#5661=DIRECTION('',(0.,1.,0.));
#5662=DIRECTION('',(0.,-1.,0.));
#5663=DIRECTION('',(0.,0.,-1.));
#5664=DIRECTION('center_axis',(0.,1.,0.));
#5665=DIRECTION('ref_axis',(1.,0.,0.));
#5666=DIRECTION('',(-1.,0.,0.));
#5667=DIRECTION('',(1.,0.,0.));
#5668=DIRECTION('center_axis',(-1.,0.,0.));
#5669=DIRECTION('ref_axis',(0.,1.,0.));
#5670=DIRECTION('',(0.,-1.,0.));
#5671=DIRECTION('',(0.,0.,-1.));
#5672=DIRECTION('',(0.,1.,0.));
#5673=DIRECTION('',(0.,0.,-1.));
#5674=DIRECTION('center_axis',(0.,-1.,0.));
#5675=DIRECTION('ref_axis',(-1.,0.,0.));
#5676=DIRECTION('',(1.,0.,0.));
#5677=DIRECTION('',(-1.,0.,0.));
#5678=DIRECTION('',(0.,0.,-1.));
#5679=DIRECTION('center_axis',(1.,0.,0.));
#5680=DIRECTION('ref_axis',(0.,-1.,0.));
#5681=DIRECTION('',(0.,1.,0.));
#5682=DIRECTION('',(0.,-1.,0.));
#5683=DIRECTION('',(0.,0.,-1.));
#5684=DIRECTION('center_axis',(0.,1.,0.));
#5685=DIRECTION('ref_axis',(1.,0.,0.));
#5686=DIRECTION('',(-1.,0.,0.));
#5687=DIRECTION('',(1.,0.,0.));
#5688=DIRECTION('center_axis',(0.,1.,0.));
#5689=DIRECTION('ref_axis',(1.,0.,0.));
#5690=DIRECTION('',(-1.,0.,0.));
#5691=DIRECTION('',(0.,0.,-1.));
#5692=DIRECTION('',(1.,0.,0.));
#5693=DIRECTION('',(0.,0.,-1.));
#5694=DIRECTION('center_axis',(-1.,0.,0.));
#5695=DIRECTION('ref_axis',(0.,1.,0.));
#5696=DIRECTION('',(0.,-1.,0.));
#5697=DIRECTION('',(0.,1.,0.));
#5698=DIRECTION('',(0.,0.,-1.));
#5699=DIRECTION('center_axis',(0.,-1.,0.));
#5700=DIRECTION('ref_axis',(-1.,0.,0.));
#5701=DIRECTION('',(1.,0.,0.));
#5702=DIRECTION('',(-1.,0.,0.));
#5703=DIRECTION('',(0.,0.,-1.));
#5704=DIRECTION('center_axis',(1.,0.,0.));
#5705=DIRECTION('ref_axis',(0.,-1.,0.));
#5706=DIRECTION('',(0.,1.,0.));
#5707=DIRECTION('',(0.,-1.,0.));
#5708=DIRECTION('center_axis',(-1.,0.,0.));
#5709=DIRECTION('ref_axis',(0.,1.,0.));
#5710=DIRECTION('',(0.,-1.,0.));
#5711=DIRECTION('',(0.,0.,-1.));
#5712=DIRECTION('',(0.,1.,0.));
#5713=DIRECTION('',(0.,0.,-1.));
#5714=DIRECTION('center_axis',(0.,-1.,0.));
#5715=DIRECTION('ref_axis',(-1.,0.,0.));
#5716=DIRECTION('',(1.,0.,0.));
#5717=DIRECTION('',(-1.,0.,0.));
#5718=DIRECTION('',(0.,0.,-1.));
#5719=DIRECTION('center_axis',(1.,0.,0.));
#5720=DIRECTION('ref_axis',(0.,-1.,0.));
#5721=DIRECTION('',(0.,1.,0.));
#5722=DIRECTION('',(0.,-1.,0.));
#5723=DIRECTION('',(0.,0.,-1.));
#5724=DIRECTION('center_axis',(0.,1.,0.));
#5725=DIRECTION('ref_axis',(1.,0.,0.));
#5726=DIRECTION('',(-1.,0.,0.));
#5727=DIRECTION('',(1.,0.,0.));
#5728=DIRECTION('center_axis',(0.,-1.,0.));
#5729=DIRECTION('ref_axis',(-1.,0.,0.));
#5730=DIRECTION('',(1.,0.,0.));
#5731=DIRECTION('',(0.,0.,-1.));
#5732=DIRECTION('',(-1.,0.,0.));
#5733=DIRECTION('',(0.,0.,-1.));
#5734=DIRECTION('center_axis',(1.,0.,0.));
#5735=DIRECTION('ref_axis',(0.,-1.,0.));
#5736=DIRECTION('',(0.,1.,0.));
#5737=DIRECTION('',(0.,-1.,0.));
#5738=DIRECTION('',(0.,0.,-1.));
#5739=DIRECTION('center_axis',(0.,1.,0.));
#5740=DIRECTION('ref_axis',(1.,0.,0.));
#5741=DIRECTION('',(-1.,0.,0.));
#5742=DIRECTION('',(1.,0.,0.));
#5743=DIRECTION('',(0.,0.,-1.));
#5744=DIRECTION('center_axis',(-1.,0.,0.));
#5745=DIRECTION('ref_axis',(0.,1.,0.));
#5746=DIRECTION('',(0.,-1.,0.));
#5747=DIRECTION('',(0.,1.,0.));
#5748=DIRECTION('center_axis',(0.,0.,1.));
#5749=DIRECTION('ref_axis',(-1.,0.,0.));
#5750=DIRECTION('center_axis',(0.,0.,1.));
#5751=DIRECTION('ref_axis',(-1.,0.,0.));
#5752=DIRECTION('',(0.,0.,1.));
#5753=DIRECTION('center_axis',(0.,0.,-1.));
#5754=DIRECTION('ref_axis',(-1.,0.,0.));
#5755=DIRECTION('center_axis',(0.,0.,1.));
#5756=DIRECTION('ref_axis',(-1.,0.,0.));
#5757=DIRECTION('center_axis',(0.,0.,1.));
#5758=DIRECTION('ref_axis',(-1.,0.,0.));
#5759=DIRECTION('',(0.,0.,1.));
#5760=DIRECTION('center_axis',(0.,0.,-1.));
#5761=DIRECTION('ref_axis',(-1.,0.,0.));
#5762=DIRECTION('center_axis',(0.,0.,1.));
#5763=DIRECTION('ref_axis',(-1.,0.,0.));
#5764=DIRECTION('center_axis',(0.,0.,1.));
#5765=DIRECTION('ref_axis',(-1.,0.,0.));
#5766=DIRECTION('',(0.,0.,1.));
#5767=DIRECTION('center_axis',(0.,0.,-1.));
#5768=DIRECTION('ref_axis',(-1.,0.,0.));
#5769=DIRECTION('center_axis',(0.,0.,1.));
#5770=DIRECTION('ref_axis',(-1.,0.,0.));
#5771=DIRECTION('center_axis',(0.,0.,1.));
#5772=DIRECTION('ref_axis',(-1.,0.,0.));
#5773=DIRECTION('',(0.,0.,1.));
#5774=DIRECTION('center_axis',(0.,0.,-1.));
#5775=DIRECTION('ref_axis',(-1.,0.,0.));
#5776=DIRECTION('center_axis',(-1.,0.,0.));
#5777=DIRECTION('ref_axis',(0.,-1.,0.));
#5778=DIRECTION('',(0.,1.,0.));
#5779=DIRECTION('',(0.,0.,1.));
#5780=DIRECTION('',(0.,-1.,0.));
#5781=DIRECTION('',(0.,0.,1.));
#5782=DIRECTION('center_axis',(2.98547367966429E-16,1.,0.));
#5783=DIRECTION('ref_axis',(-1.,2.98547367966429E-16,0.));
#5784=DIRECTION('',(1.,-2.98547367966429E-16,0.));
#5785=DIRECTION('',(-1.,2.98547367966429E-16,0.));
#5786=DIRECTION('',(0.,0.,1.));
#5787=DIRECTION('center_axis',(1.,1.06581410364015E-16,0.));
#5788=DIRECTION('ref_axis',(-1.06581410364015E-16,1.,0.));
#5789=DIRECTION('',(1.06581410364015E-16,-1.,0.));
#5790=DIRECTION('',(-1.06581410364015E-16,1.,0.));
#5791=DIRECTION('',(0.,0.,1.));
#5792=DIRECTION('center_axis',(0.,-1.,0.));
#5793=DIRECTION('ref_axis',(1.,0.,0.));
#5794=DIRECTION('',(-1.,0.,0.));
#5795=DIRECTION('',(1.,0.,0.));
#5796=DIRECTION('center_axis',(0.,0.,1.));
#5797=DIRECTION('ref_axis',(1.,0.,0.));
#5798=DIRECTION('center_axis',(0.,0.,1.));
#5799=DIRECTION('ref_axis',(-1.,0.,0.));
#5800=CARTESIAN_POINT('',(0.,0.,0.));
#5801=CARTESIAN_POINT('Origin',(-65.,150.,0.));
#5802=CARTESIAN_POINT('',(-65.,150.,15.));
#5803=CARTESIAN_POINT('',(-65.,150.,0.));
#5804=CARTESIAN_POINT('',(-65.,150.,15.));
#5805=CARTESIAN_POINT('',(-60.,150.,15.));
#5806=CARTESIAN_POINT('',(-65.,150.,15.));
#5807=CARTESIAN_POINT('',(-60.,150.,0.));
#5808=CARTESIAN_POINT('',(-60.,150.,15.));
#5809=CARTESIAN_POINT('',(-32.5,150.,5.39260384428426E-31));
#5810=CARTESIAN_POINT('Origin',(-65.,145.,20.));
#5811=CARTESIAN_POINT('',(-65.,145.,20.));
#5812=CARTESIAN_POINT('',(-65.,145.,0.));
#5813=CARTESIAN_POINT('',(-65.,145.,20.));
#5814=CARTESIAN_POINT('',(-60.,145.,0.));
#5815=CARTESIAN_POINT('',(-32.5,145.,0.));
#5816=CARTESIAN_POINT('',(-60.,145.,20.));
#5817=CARTESIAN_POINT('',(-60.,145.,20.));
#5818=CARTESIAN_POINT('',(-65.,145.,20.));
#5819=CARTESIAN_POINT('Origin',(-65.,156.958093025959,20.));
#5820=CARTESIAN_POINT('',(-65.,156.958093025959,20.));
#5821=CARTESIAN_POINT('',(-65.,215.,20.));
#5822=CARTESIAN_POINT('',(-60.,156.958093025959,20.));
#5823=CARTESIAN_POINT('',(-60.,215.,20.));
#5824=CARTESIAN_POINT('',(-62.5,156.958093025959,20.));
#5825=CARTESIAN_POINT('Origin',(-65.,190.061541301821,20.));
#5826=CARTESIAN_POINT('',(-60.,185.,20.));
#5827=CARTESIAN_POINT('',(-65.,185.,20.));
#5828=CARTESIAN_POINT('',(-62.5,185.,20.));
#5829=CARTESIAN_POINT('',(-60.,190.061541301821,20.));
#5830=CARTESIAN_POINT('',(-60.,215.,20.));
#5831=CARTESIAN_POINT('',(-65.,190.061541301821,20.));
#5832=CARTESIAN_POINT('',(-62.5,190.061541301821,20.));
#5833=CARTESIAN_POINT('',(-65.,215.,20.));
#5834=CARTESIAN_POINT('Origin',(-65.,190.061541301821,20.));
#5835=CARTESIAN_POINT('',(-65.,175.,20.));
#5836=CARTESIAN_POINT('',(-60.,175.,20.));
#5837=CARTESIAN_POINT('',(-62.5,175.,20.));
#5838=CARTESIAN_POINT('',(-65.,169.938458698179,20.));
#5839=CARTESIAN_POINT('',(-65.,215.,20.));
#5840=CARTESIAN_POINT('',(-60.,169.938458698179,20.));
#5841=CARTESIAN_POINT('',(-62.5,169.938458698179,20.));
#5842=CARTESIAN_POINT('',(-60.,215.,20.));
#5843=CARTESIAN_POINT('Origin',(-60.,175.,72.5));
#5844=CARTESIAN_POINT('',(-60.,175.,72.5));
#5845=CARTESIAN_POINT('',(-60.,175.,72.5));
#5846=CARTESIAN_POINT('',(-65.,175.,72.5));
#5847=CARTESIAN_POINT('',(-60.,175.,72.5));
#5848=CARTESIAN_POINT('',(-65.,175.,72.5));
#5849=CARTESIAN_POINT('Origin',(-60.,120.,36.25));
#5850=CARTESIAN_POINT('',(-60.,210.,15.));
#5851=CARTESIAN_POINT('',(-60.,210.,15.));
#5852=CARTESIAN_POINT('',(-60.,210.,0.));
#5853=CARTESIAN_POINT('',(-60.,210.,0.));
#5854=CARTESIAN_POINT('',(-60.,215.,-3.88578058618805E-15));
#5855=CARTESIAN_POINT('',(-60.,223.47599398489,0.));
#5856=CARTESIAN_POINT('',(-60.,215.,20.));
#5857=CARTESIAN_POINT('',(-60.,215.,-5.));
#5858=CARTESIAN_POINT('',(-60.,203.041906974041,20.));
#5859=CARTESIAN_POINT('',(-60.,215.,20.));
#5860=CARTESIAN_POINT('',(-60.,240.,64.6576957397006));
#5861=CARTESIAN_POINT('',(-60.,240.,64.6576957397006));
#5862=CARTESIAN_POINT('',(-60.,240.,72.5));
#5863=CARTESIAN_POINT('',(-60.,240.,8.62816615085482E-31));
#5864=CARTESIAN_POINT('',(-60.,245.,72.5));
#5865=CARTESIAN_POINT('',(-60.,245.,72.5));
#5866=CARTESIAN_POINT('',(-60.,245.,77.5));
#5867=CARTESIAN_POINT('',(-60.,245.,-5.));
#5868=CARTESIAN_POINT('',(-60.,-5.,77.5));
#5869=CARTESIAN_POINT('',(-60.,-5.,77.5));
#5870=CARTESIAN_POINT('',(-60.,-5.,72.5));
#5871=CARTESIAN_POINT('',(-60.,-5.,72.5));
#5872=CARTESIAN_POINT('',(-60.,0.,72.5));
#5873=CARTESIAN_POINT('',(-60.,0.,72.5));
#5874=CARTESIAN_POINT('',(-60.,0.,64.6576957397006));
#5875=CARTESIAN_POINT('',(-60.,0.,72.5));
#5876=CARTESIAN_POINT('',(-60.,53.5098171638901,1.11022302462516E-15));
#5877=CARTESIAN_POINT('',(-60.,60.,-7.84230426029946));
#5878=CARTESIAN_POINT('',(-60.,66.4901828361099,0.));
#5879=CARTESIAN_POINT('',(-60.,0.,0.));
#5880=CARTESIAN_POINT('',(-60.,115.,58.6160290730339));
#5881=CARTESIAN_POINT('',(-60.,120.,64.6576957397005));
#5882=CARTESIAN_POINT('',(-60.,115.,0.));
#5883=CARTESIAN_POINT('',(-60.,115.,72.5));
#5884=CARTESIAN_POINT('',(-60.,125.,0.));
#5885=CARTESIAN_POINT('',(-60.,0.,0.));
#5886=CARTESIAN_POINT('',(-60.,125.,58.6160290730339));
#5887=CARTESIAN_POINT('',(-60.,125.,72.5));
#5888=CARTESIAN_POINT('',(-60.,180.,-7.84230426029949));
#5889=CARTESIAN_POINT('',(-60.,196.52400601511,0.));
#5890=CARTESIAN_POINT('',(-60.,126.49018283611,72.5));
#5891=CARTESIAN_POINT('',(-60.,180.,7.84230426029947));
#5892=CARTESIAN_POINT('',(-60.,245.,72.5));
#5893=CARTESIAN_POINT('',(-60.,65.,72.5));
#5894=CARTESIAN_POINT('',(-60.,113.50981716389,72.5));
#5895=CARTESIAN_POINT('',(-60.,245.,72.5));
#5896=CARTESIAN_POINT('',(-60.,65.,13.8839709269661));
#5897=CARTESIAN_POINT('',(-60.,120.,80.3423042602995));
#5898=CARTESIAN_POINT('',(-60.,65.,72.5));
#5899=CARTESIAN_POINT('',(-60.,6.49018283610989,72.5));
#5900=CARTESIAN_POINT('',(-60.,55.,72.5));
#5901=CARTESIAN_POINT('',(-60.,245.,72.5));
#5902=CARTESIAN_POINT('',(-60.,55.,13.8839709269661));
#5903=CARTESIAN_POINT('',(-60.,55.,72.5));
#5904=CARTESIAN_POINT('',(-60.,60.,7.84230426029945));
#5905=CARTESIAN_POINT('',(-60.,118.96438424114,75.7000011175871));
#5906=CARTESIAN_POINT('',(-60.,120.,76.7356168764475));
#5907=CARTESIAN_POINT('',(-60.,109.360787901458,66.0964047779048));
#5908=CARTESIAN_POINT('',(-60.,121.03561575886,75.7000011175871));
#5909=CARTESIAN_POINT('',(-60.,130.121404219112,66.6142126573351));
#5910=CARTESIAN_POINT('Origin',(-60.,120.,75.0000011175871));
#5911=CARTESIAN_POINT('',(-60.,185.,72.5));
#5912=CARTESIAN_POINT('',(-60.,185.,72.5));
#5913=CARTESIAN_POINT('',(-60.,233.50981716389,72.5));
#5914=CARTESIAN_POINT('',(-60.,245.,72.5));
#5915=CARTESIAN_POINT('',(-60.,233.50981716389,72.5));
#5916=CARTESIAN_POINT('Origin',(-60.,185.,13.8839709269661));
#5917=CARTESIAN_POINT('',(-65.,185.,72.5));
#5918=CARTESIAN_POINT('',(-65.,185.,72.5));
#5919=CARTESIAN_POINT('',(-60.,185.,72.5));
#5920=CARTESIAN_POINT('Origin',(-65.,210.,15.));
#5921=CARTESIAN_POINT('',(-65.,210.,0.));
#5922=CARTESIAN_POINT('',(-65.,210.,15.));
#5923=CARTESIAN_POINT('',(-65.,210.,0.));
#5924=CARTESIAN_POINT('',(-32.5,210.,0.));
#5925=CARTESIAN_POINT('',(-65.,210.,15.));
#5926=CARTESIAN_POINT('Origin',(-65.,215.,20.));
#5927=CARTESIAN_POINT('',(-65.,215.,20.));
#5928=CARTESIAN_POINT('',(-65.,203.041906974041,20.));
#5929=CARTESIAN_POINT('',(-65.,215.,20.));
#5930=CARTESIAN_POINT('',(-62.5,203.041906974041,20.));
#5931=CARTESIAN_POINT('',(-65.,215.,20.));
#5932=CARTESIAN_POINT('Origin',(-65.,215.,-3.88578058618805E-15));
#5933=CARTESIAN_POINT('',(-65.,215.,-3.88578058618805E-15));
#5934=CARTESIAN_POINT('',(-65.,215.,-5.));
#5935=CARTESIAN_POINT('',(-32.5,215.,9.86076131526265E-31));
#5936=CARTESIAN_POINT('Origin',(-65.,198.903975939558,15.));
#5937=CARTESIAN_POINT('',(-65.,159.451987969779,15.));
#5938=CARTESIAN_POINT('Origin',(-60.,175.,13.8839709269661));
#5939=CARTESIAN_POINT('',(-65.,126.49018283611,72.5));
#5940=CARTESIAN_POINT('',(-65.,180.,7.84230426029947));
#5941=CARTESIAN_POINT('',(-60.,126.49018283611,72.5));
#5942=CARTESIAN_POINT('Origin',(0.,240.,8.62816615085482E-31));
#5943=CARTESIAN_POINT('',(-65.,125.,0.));
#5944=CARTESIAN_POINT('',(-65.,0.,0.));
#5945=CARTESIAN_POINT('',(-60.,125.,0.));
#5946=CARTESIAN_POINT('',(-65.,115.,0.));
#5947=CARTESIAN_POINT('',(-60.,115.,0.));
#5948=CARTESIAN_POINT('',(-65.,66.4901828361099,0.));
#5949=CARTESIAN_POINT('',(-65.,60.,0.));
#5950=CARTESIAN_POINT('',(-60.,66.4901828361099,0.));
#5951=CARTESIAN_POINT('',(-65.,53.5098171638901,0.));
#5952=CARTESIAN_POINT('',(-60.,53.5098171638901,1.11022302462516E-15));
#5953=CARTESIAN_POINT('',(-65.,0.,0.));
#5954=CARTESIAN_POINT('',(-65.,0.,0.));
#5955=CARTESIAN_POINT('',(-33.75,0.,0.));
#5956=CARTESIAN_POINT('',(0.,0.,0.));
#5957=CARTESIAN_POINT('',(-33.75,-5.,-4.44089209850063E-15));
#5958=CARTESIAN_POINT('',(-33.75,-5.,-4.44089209850063E-15));
#5959=CARTESIAN_POINT('',(33.75,-5.,-4.44089209850063E-15));
#5960=CARTESIAN_POINT('',(16.875,-5.,0.));
#5961=CARTESIAN_POINT('',(33.75,0.,-4.44089209850063E-15));
#5962=CARTESIAN_POINT('',(33.75,-5.,-4.44089209850063E-15));
#5963=CARTESIAN_POINT('',(65.,0.,0.));
#5964=CARTESIAN_POINT('',(0.,0.,0.));
#5965=CARTESIAN_POINT('',(65.,53.5098171638901,0.));
#5966=CARTESIAN_POINT('',(65.,0.,0.));
#5967=CARTESIAN_POINT('',(60.,53.5098171638901,1.11022302462516E-15));
#5968=CARTESIAN_POINT('',(60.,53.5098171638901,1.11022302462516E-15));
#5969=CARTESIAN_POINT('',(60.,66.4901828361099,0.));
#5970=CARTESIAN_POINT('',(60.,0.,0.));
#5971=CARTESIAN_POINT('',(65.,66.4901828361099,0.));
#5972=CARTESIAN_POINT('',(60.,66.4901828361099,0.));
#5973=CARTESIAN_POINT('',(65.,115.,0.));
#5974=CARTESIAN_POINT('',(65.,60.,0.));
#5975=CARTESIAN_POINT('',(60.,115.,0.));
#5976=CARTESIAN_POINT('',(60.,115.,0.));
#5977=CARTESIAN_POINT('',(60.,125.,0.));
#5978=CARTESIAN_POINT('',(60.,0.,0.));
#5979=CARTESIAN_POINT('',(65.,125.,0.));
#5980=CARTESIAN_POINT('',(60.,125.,0.));
#5981=CARTESIAN_POINT('',(65.,173.50981716389,0.));
#5982=CARTESIAN_POINT('',(65.,0.,0.));
#5983=CARTESIAN_POINT('',(60.,173.50981716389,2.22044604925031E-15));
#5984=CARTESIAN_POINT('',(60.,173.50981716389,2.22044604925031E-15));
#5985=CARTESIAN_POINT('',(60.,186.49018283611,-8.88178419700125E-15));
#5986=CARTESIAN_POINT('',(60.,0.,0.));
#5987=CARTESIAN_POINT('',(65.,186.49018283611,-8.88178419700125E-15));
#5988=CARTESIAN_POINT('',(60.,186.49018283611,-8.88178419700125E-15));
#5989=CARTESIAN_POINT('',(65.,240.,0.));
#5990=CARTESIAN_POINT('',(65.,180.,0.));
#5991=CARTESIAN_POINT('',(27.5,240.,0.));
#5992=CARTESIAN_POINT('',(0.,240.,8.62816615085482E-31));
#5993=CARTESIAN_POINT('',(27.5,231.8,0.));
#5994=CARTESIAN_POINT('',(27.5,235.9,8.48076831244438E-31));
#5995=CARTESIAN_POINT('',(-27.5,231.8,0.));
#5996=CARTESIAN_POINT('',(-13.75,231.8,8.33337047403394E-31));
#5997=CARTESIAN_POINT('',(-27.5,240.,0.));
#5998=CARTESIAN_POINT('',(-27.5,242.5,8.71804288159289E-31));
#5999=CARTESIAN_POINT('',(-65.,240.,0.));
#6000=CARTESIAN_POINT('',(0.,240.,8.62816615085482E-31));
#6001=CARTESIAN_POINT('',(-65.,0.,0.));
#6002=CARTESIAN_POINT('',(-65.,0.,0.));
#6003=CARTESIAN_POINT('',(-38.25,186.8,8.69134633397048E-31));
#6004=CARTESIAN_POINT('Origin',(-36.625,186.8,8.62816615085482E-31));
#6005=CARTESIAN_POINT('',(13.375,28.5,0.));
#6006=CARTESIAN_POINT('Origin',(15.,28.5,0.));
#6007=CARTESIAN_POINT('',(13.375,4.50000000000001,0.));
#6008=CARTESIAN_POINT('Origin',(15.,4.50000000000001,0.));
#6009=CARTESIAN_POINT('',(-16.625,4.50000000000001,0.));
#6010=CARTESIAN_POINT('Origin',(-15.,4.50000000000001,0.));
#6011=CARTESIAN_POINT('',(-16.625,28.5,0.));
#6012=CARTESIAN_POINT('Origin',(-15.,28.5,0.));
#6013=CARTESIAN_POINT('',(0.249999999999994,113.5,4.08040357550842E-31));
#6014=CARTESIAN_POINT('',(-13.75,113.5,4.08040357550842E-31));
#6015=CARTESIAN_POINT('',(3.375,113.5,4.08040357550842E-31));
#6016=CARTESIAN_POINT('',(-13.75,126.5,4.54776257534639E-31));
#6017=CARTESIAN_POINT('Origin',(-13.75,120.,8.62816615085482E-31));
#6018=CARTESIAN_POINT('',(0.249999999999995,126.5,4.54776257534639E-31));
#6019=CARTESIAN_POINT('',(-10.125,126.5,4.54776257534639E-31));
#6020=CARTESIAN_POINT('Origin',(0.249999999999994,120.,8.62816615085482E-31));
#6021=CARTESIAN_POINT('',(-51.625,25.,0.));
#6022=CARTESIAN_POINT('Origin',(-50.,25.,0.));
#6023=CARTESIAN_POINT('',(48.375,95.,0.));
#6024=CARTESIAN_POINT('Origin',(50.,95.,0.));
#6025=CARTESIAN_POINT('',(16.625,205.05,0.));
#6026=CARTESIAN_POINT('Origin',(18.25,205.05,0.));
#6027=CARTESIAN_POINT('',(-19.875,168.55,0.));
#6028=CARTESIAN_POINT('Origin',(-18.25,168.55,0.));
#6029=CARTESIAN_POINT('',(5.04839375865881,127.75,0.));
#6030=CARTESIAN_POINT('Origin',(6.67339375865881,127.75,0.));
#6031=CARTESIAN_POINT('',(-21.7983937586588,127.75,0.));
#6032=CARTESIAN_POINT('Origin',(-20.1733937586588,127.75,0.));
#6033=CARTESIAN_POINT('',(-8.37500000000002,104.5,0.));
#6034=CARTESIAN_POINT('Origin',(-6.75000000000002,104.5,0.));
#6035=CARTESIAN_POINT('',(5.04839375865879,112.25,0.));
#6036=CARTESIAN_POINT('Origin',(6.67339375865879,112.25,0.));
#6037=CARTESIAN_POINT('',(-21.7983937586588,112.25,0.));
#6038=CARTESIAN_POINT('Origin',(-20.1733937586588,112.25,0.));
#6039=CARTESIAN_POINT('',(-8.375,135.5,0.));
#6040=CARTESIAN_POINT('Origin',(-6.75,135.5,0.));
#6041=CARTESIAN_POINT('',(-19.875,205.05,0.));
#6042=CARTESIAN_POINT('Origin',(-18.25,205.05,0.));
#6043=CARTESIAN_POINT('',(16.625,168.55,0.));
#6044=CARTESIAN_POINT('Origin',(18.25,168.55,0.));
#6045=CARTESIAN_POINT('',(-51.625,95.,0.));
#6046=CARTESIAN_POINT('Origin',(-50.,95.,0.));
#6047=CARTESIAN_POINT('',(48.375,25.,0.));
#6048=CARTESIAN_POINT('Origin',(50.,25.,0.));
#6049=CARTESIAN_POINT('',(31.7500000000001,209.8,0.));
#6050=CARTESIAN_POINT('Origin',(33.0000000000001,209.8,0.));
#6051=CARTESIAN_POINT('',(31.7500000000001,163.8,0.));
#6052=CARTESIAN_POINT('Origin',(33.0000000000001,163.8,0.));
#6053=CARTESIAN_POINT('Origin',(-65.,120.,36.25));
#6054=CARTESIAN_POINT('',(-65.,-5.,77.5));
#6055=CARTESIAN_POINT('',(-65.,-5.,-5.));
#6056=CARTESIAN_POINT('',(-65.,-5.,72.5));
#6057=CARTESIAN_POINT('',(-65.,245.,77.5));
#6058=CARTESIAN_POINT('',(-65.,-5.,77.5));
#6059=CARTESIAN_POINT('',(-65.,245.,-5.));
#6060=CARTESIAN_POINT('',(-65.,245.,-5.));
#6061=CARTESIAN_POINT('',(-65.,-5.,-5.));
#6062=CARTESIAN_POINT('',(-65.,125.,58.6160290730339));
#6063=CARTESIAN_POINT('',(-65.,180.,-7.84230426029949));
#6064=CARTESIAN_POINT('',(-65.,125.,72.5));
#6065=CARTESIAN_POINT('',(-65.,233.50981716389,72.5));
#6066=CARTESIAN_POINT('',(-65.,233.50981716389,72.5));
#6067=CARTESIAN_POINT('',(-65.,245.,72.5));
#6068=CARTESIAN_POINT('',(-65.,245.,72.5));
#6069=CARTESIAN_POINT('',(-65.,120.,76.7356168764475));
#6070=CARTESIAN_POINT('',(-65.,118.96438424114,75.7000011175871));
#6071=CARTESIAN_POINT('',(-65.,109.360787901458,66.0964047779048));
#6072=CARTESIAN_POINT('',(-65.,121.03561575886,75.7000011175871));
#6073=CARTESIAN_POINT('Origin',(-65.,120.,75.0000011175871));
#6074=CARTESIAN_POINT('',(-65.,130.121404219112,66.6142126573351));
#6075=CARTESIAN_POINT('',(-65.,115.,58.6160290730339));
#6076=CARTESIAN_POINT('',(-65.,120.,64.6576957397005));
#6077=CARTESIAN_POINT('',(-65.,115.,72.5));
#6078=CARTESIAN_POINT('',(-65.,65.,72.5));
#6079=CARTESIAN_POINT('',(-65.,113.50981716389,72.5));
#6080=CARTESIAN_POINT('',(-65.,245.,72.5));
#6081=CARTESIAN_POINT('',(-65.,65.,13.8839709269661));
#6082=CARTESIAN_POINT('',(-65.,65.,72.5));
#6083=CARTESIAN_POINT('',(-65.,120.,80.3423042602995));
#6084=CARTESIAN_POINT('',(-65.,240.,64.6576957397006));
#6085=CARTESIAN_POINT('',(-65.,240.,0.));
#6086=CARTESIAN_POINT('',(-65.,240.,64.6576957397006));
#6087=CARTESIAN_POINT('',(-65.,0.,64.6576957397006));
#6088=CARTESIAN_POINT('',(-65.,60.,-7.84230426029946));
#6089=CARTESIAN_POINT('',(-65.,0.,72.5));
#6090=CARTESIAN_POINT('',(-65.,6.49018283610989,72.5));
#6091=CARTESIAN_POINT('',(-65.,55.,72.5));
#6092=CARTESIAN_POINT('',(-65.,245.,72.5));
#6093=CARTESIAN_POINT('',(-65.,55.,13.8839709269661));
#6094=CARTESIAN_POINT('',(-65.,60.,7.84230426029945));
#6095=CARTESIAN_POINT('',(-65.,55.,72.5));
#6096=CARTESIAN_POINT('Origin',(-60.,233.50981716389,72.5));
#6097=CARTESIAN_POINT('',(-60.,233.50981716389,72.5));
#6098=CARTESIAN_POINT('Origin',(-59.5,120.,75.0000011175871));
#6099=CARTESIAN_POINT('',(60.,118.96438424114,75.7000011175871));
#6100=CARTESIAN_POINT('',(60.,121.03561575886,75.7000011175871));
#6101=CARTESIAN_POINT('Origin',(60.,120.,75.0000011175871));
#6102=CARTESIAN_POINT('',(65.,118.96438424114,75.7000011175871));
#6103=CARTESIAN_POINT('',(-59.5,118.96438424114,75.7000011175871));
#6104=CARTESIAN_POINT('',(65.,121.03561575886,75.7000011175871));
#6105=CARTESIAN_POINT('Origin',(65.,120.,75.0000011175871));
#6106=CARTESIAN_POINT('',(-59.5,121.03561575886,75.7000011175871));
#6107=CARTESIAN_POINT('Origin',(-59.5,120.,75.0000011175871));
#6108=CARTESIAN_POINT('',(-59.5,121.03561575886,75.7000011175871));
#6109=CARTESIAN_POINT('',(-59.5,118.96438424114,75.7000011175871));
#6110=CARTESIAN_POINT('Origin',(-59.5,120.,76.7356168764475));
#6111=CARTESIAN_POINT('',(60.,120.,76.7356168764475));
#6112=CARTESIAN_POINT('',(60.,130.121404219112,66.6142126573351));
#6113=CARTESIAN_POINT('',(65.,120.,76.7356168764475));
#6114=CARTESIAN_POINT('',(65.,130.121404219112,66.6142126573351));
#6115=CARTESIAN_POINT('',(-59.5,120.,76.7356168764475));
#6116=CARTESIAN_POINT('Origin',(-59.5,118.96438424114,75.7000011175871));
#6117=CARTESIAN_POINT('',(60.,109.360787901458,66.0964047779048));
#6118=CARTESIAN_POINT('',(65.,109.360787901458,66.0964047779048));
#6119=CARTESIAN_POINT('Origin',(-59.5,118.96438424114,75.7000011175871));
#6120=CARTESIAN_POINT('',(-59.5,120.,76.7356168764475));
#6121=CARTESIAN_POINT('Origin',(-59.5,120.,76.7356168764475));
#6122=CARTESIAN_POINT('Origin',(-50.,-2.5,51.9592254428752));
#6123=CARTESIAN_POINT('',(-51.8,-2.5,52.5));
#6124=CARTESIAN_POINT('Origin',(-50.,-2.5,52.5));
#6125=CARTESIAN_POINT('',(-50.,-2.5,51.4184508857504));
#6126=CARTESIAN_POINT('',(-50.9,-2.5,51.9592254428752));
#6127=CARTESIAN_POINT('Origin',(-50.,-2.5,62.5));
#6128=CARTESIAN_POINT('',(-51.8,-2.5,72.5));
#6129=CARTESIAN_POINT('Origin',(-50.,-2.5,72.5));
#6130=CARTESIAN_POINT('',(-51.8,-2.5,62.5));
#6131=CARTESIAN_POINT('Origin',(50.,242.5,51.9592254428752));
#6132=CARTESIAN_POINT('',(48.2,242.5,52.5));
#6133=CARTESIAN_POINT('Origin',(50.,242.5,52.5));
#6134=CARTESIAN_POINT('',(50.,242.5,51.4184508857504));
#6135=CARTESIAN_POINT('',(49.1,242.5,51.9592254428752));
#6136=CARTESIAN_POINT('Origin',(50.,242.5,62.5));
#6137=CARTESIAN_POINT('',(48.2,242.5,72.5));
#6138=CARTESIAN_POINT('Origin',(50.,242.5,72.5));
#6139=CARTESIAN_POINT('',(48.2,242.5,62.5));
#6140=CARTESIAN_POINT('Origin',(-50.,242.5,51.9592254428752));
#6141=CARTESIAN_POINT('',(-51.8,242.5,52.5));
#6142=CARTESIAN_POINT('Origin',(-50.,242.5,52.5));
#6143=CARTESIAN_POINT('',(-50.,242.5,51.4184508857504));
#6144=CARTESIAN_POINT('',(-50.9,242.5,51.9592254428752));
#6145=CARTESIAN_POINT('Origin',(-50.,242.5,62.5));
#6146=CARTESIAN_POINT('',(-51.8,242.5,72.5));
#6147=CARTESIAN_POINT('Origin',(-50.,242.5,72.5));
#6148=CARTESIAN_POINT('',(-51.8,242.5,62.5));
#6149=CARTESIAN_POINT('Origin',(50.,-2.5,51.9592254428752));
#6150=CARTESIAN_POINT('',(48.2,-2.5,52.5));
#6151=CARTESIAN_POINT('Origin',(50.,-2.5,52.5));
#6152=CARTESIAN_POINT('',(50.,-2.5,51.4184508857504));
#6153=CARTESIAN_POINT('',(49.1,-2.5,51.9592254428752));
#6154=CARTESIAN_POINT('Origin',(50.,-2.5,62.5));
#6155=CARTESIAN_POINT('',(48.2,-2.5,72.5));
#6156=CARTESIAN_POINT('Origin',(50.,-2.5,72.5));
#6157=CARTESIAN_POINT('',(48.2,-2.5,62.5));
#6158=CARTESIAN_POINT('Origin',(-60.,55.,13.8839709269661));
#6159=CARTESIAN_POINT('',(-60.,55.,13.8839709269661));
#6160=CARTESIAN_POINT('',(-60.,6.49018283610989,72.5));
#6161=CARTESIAN_POINT('Origin',(-60.,55.,72.5));
#6162=CARTESIAN_POINT('',(-60.,55.,72.5));
#6163=CARTESIAN_POINT('Origin',(-60.,6.49018283610989,72.5));
#6164=CARTESIAN_POINT('Origin',(-60.,0.,64.6576957397006));
#6165=CARTESIAN_POINT('',(-60.,0.,64.6576957397006));
#6166=CARTESIAN_POINT('Origin',(-60.,185.,72.5));
#6167=CARTESIAN_POINT('Origin',(-60.,65.,13.8839709269661));
#6168=CARTESIAN_POINT('',(-60.,65.,13.8839709269661));
#6169=CARTESIAN_POINT('',(-60.,65.,72.5));
#6170=CARTESIAN_POINT('Origin',(-60.,113.50981716389,72.5));
#6171=CARTESIAN_POINT('',(-60.,113.50981716389,72.5));
#6172=CARTESIAN_POINT('Origin',(-60.,65.,72.5));
#6173=CARTESIAN_POINT('Origin',(-60.,186.49018283611,-8.88178419700125E-15));
#6174=CARTESIAN_POINT('',(-60.,240.,64.6576957397006));
#6175=CARTESIAN_POINT('Origin',(-60.,115.,58.6160290730339));
#6176=CARTESIAN_POINT('',(-60.,115.,58.6160290730339));
#6177=CARTESIAN_POINT('Origin',(-60.,66.4901828361099,0.));
#6178=CARTESIAN_POINT('Origin',(-60.,125.,0.));
#6179=CARTESIAN_POINT('',(-60.,125.,58.6160290730339));
#6180=CARTESIAN_POINT('Origin',(-60.,125.,58.6160290730339));
#6181=CARTESIAN_POINT('Origin',(-60.,126.49018283611,72.5));
#6182=CARTESIAN_POINT('Origin',(-60.,245.,77.5));
#6183=CARTESIAN_POINT('',(-60.,245.,77.5));
#6184=CARTESIAN_POINT('',(-60.,-5.,77.5));
#6185=CARTESIAN_POINT('Origin',(60.,120.,36.25));
#6186=CARTESIAN_POINT('',(60.,0.,64.6576957397006));
#6187=CARTESIAN_POINT('',(60.,60.,-7.84230426029946));
#6188=CARTESIAN_POINT('',(60.,0.,72.5));
#6189=CARTESIAN_POINT('',(60.,0.,72.5));
#6190=CARTESIAN_POINT('',(60.,-5.,72.5));
#6191=CARTESIAN_POINT('',(60.,0.,72.5));
#6192=CARTESIAN_POINT('',(60.,-5.,77.5));
#6193=CARTESIAN_POINT('',(60.,-5.,72.5));
#6194=CARTESIAN_POINT('',(60.,245.,77.5));
#6195=CARTESIAN_POINT('',(60.,-5.,77.5));
#6196=CARTESIAN_POINT('',(60.,245.,72.5));
#6197=CARTESIAN_POINT('',(60.,245.,-5.));
#6198=CARTESIAN_POINT('',(60.,240.,72.5));
#6199=CARTESIAN_POINT('',(60.,245.,72.5));
#6200=CARTESIAN_POINT('',(60.,240.,64.6576957397006));
#6201=CARTESIAN_POINT('',(60.,240.,8.62816615085482E-31));
#6202=CARTESIAN_POINT('',(60.,240.,64.6576957397006));
#6203=CARTESIAN_POINT('',(60.,125.,58.6160290730339));
#6204=CARTESIAN_POINT('',(60.,180.,-7.84230426029949));
#6205=CARTESIAN_POINT('',(60.,125.,72.5));
#6206=CARTESIAN_POINT('',(60.,115.,58.6160290730339));
#6207=CARTESIAN_POINT('',(60.,115.,72.5));
#6208=CARTESIAN_POINT('',(60.,120.,64.6576957397005));
#6209=CARTESIAN_POINT('',(60.,6.49018283610989,72.5));
#6210=CARTESIAN_POINT('',(60.,55.,72.5));
#6211=CARTESIAN_POINT('',(60.,245.,72.5));
#6212=CARTESIAN_POINT('',(60.,55.,13.8839709269661));
#6213=CARTESIAN_POINT('',(60.,60.,7.84230426029945));
#6214=CARTESIAN_POINT('',(60.,55.,72.5));
#6215=CARTESIAN_POINT('',(60.,185.,72.5));
#6216=CARTESIAN_POINT('',(60.,233.50981716389,72.5));
#6217=CARTESIAN_POINT('',(60.,245.,72.5));
#6218=CARTESIAN_POINT('',(60.,185.,13.8839709269661));
#6219=CARTESIAN_POINT('',(60.,185.,72.5));
#6220=CARTESIAN_POINT('',(60.,233.50981716389,72.5));
#6221=CARTESIAN_POINT('',(60.,65.,72.5));
#6222=CARTESIAN_POINT('',(60.,113.50981716389,72.5));
#6223=CARTESIAN_POINT('',(60.,245.,72.5));
#6224=CARTESIAN_POINT('',(60.,65.,13.8839709269661));
#6225=CARTESIAN_POINT('',(60.,65.,72.5));
#6226=CARTESIAN_POINT('',(60.,120.,80.3423042602995));
#6227=CARTESIAN_POINT('',(60.,126.49018283611,72.5));
#6228=CARTESIAN_POINT('',(60.,175.,72.5));
#6229=CARTESIAN_POINT('',(60.,245.,72.5));
#6230=CARTESIAN_POINT('',(60.,175.,13.8839709269661));
#6231=CARTESIAN_POINT('',(60.,180.,7.84230426029947));
#6232=CARTESIAN_POINT('',(60.,175.,72.5));
#6233=CARTESIAN_POINT('Origin',(60.,55.,13.8839709269661));
#6234=CARTESIAN_POINT('',(65.,6.49018283610989,72.5));
#6235=CARTESIAN_POINT('',(60.,6.49018283610989,72.5));
#6236=CARTESIAN_POINT('',(65.,55.,13.8839709269661));
#6237=CARTESIAN_POINT('',(65.,60.,7.84230426029945));
#6238=CARTESIAN_POINT('',(60.,55.,13.8839709269661));
#6239=CARTESIAN_POINT('Origin',(60.,55.,72.5));
#6240=CARTESIAN_POINT('',(65.,55.,72.5));
#6241=CARTESIAN_POINT('',(65.,55.,72.5));
#6242=CARTESIAN_POINT('',(60.,55.,72.5));
#6243=CARTESIAN_POINT('Origin',(60.,6.49018283610989,72.5));
#6244=CARTESIAN_POINT('',(65.,245.,72.5));
#6245=CARTESIAN_POINT('Origin',(60.,0.,64.6576957397006));
#6246=CARTESIAN_POINT('',(65.,0.,64.6576957397006));
#6247=CARTESIAN_POINT('',(65.,60.,-7.84230426029946));
#6248=CARTESIAN_POINT('',(60.,0.,64.6576957397006));
#6249=CARTESIAN_POINT('Origin',(60.,185.,13.8839709269661));
#6250=CARTESIAN_POINT('',(65.,185.,72.5));
#6251=CARTESIAN_POINT('',(60.,185.,72.5));
#6252=CARTESIAN_POINT('',(65.,185.,13.8839709269661));
#6253=CARTESIAN_POINT('',(65.,185.,72.5));
#6254=CARTESIAN_POINT('',(60.,185.,13.8839709269661));
#6255=CARTESIAN_POINT('Origin',(60.,233.50981716389,72.5));
#6256=CARTESIAN_POINT('',(65.,233.50981716389,72.5));
#6257=CARTESIAN_POINT('',(65.,233.50981716389,72.5));
#6258=CARTESIAN_POINT('',(60.,233.50981716389,72.5));
#6259=CARTESIAN_POINT('Origin',(60.,185.,72.5));
#6260=CARTESIAN_POINT('',(65.,245.,72.5));
#6261=CARTESIAN_POINT('Origin',(60.,65.,13.8839709269661));
#6262=CARTESIAN_POINT('',(65.,65.,72.5));
#6263=CARTESIAN_POINT('',(60.,65.,72.5));
#6264=CARTESIAN_POINT('',(65.,65.,13.8839709269661));
#6265=CARTESIAN_POINT('',(65.,65.,72.5));
#6266=CARTESIAN_POINT('',(60.,65.,13.8839709269661));
#6267=CARTESIAN_POINT('Origin',(60.,113.50981716389,72.5));
#6268=CARTESIAN_POINT('',(65.,113.50981716389,72.5));
#6269=CARTESIAN_POINT('',(65.,120.,80.3423042602995));
#6270=CARTESIAN_POINT('',(60.,113.50981716389,72.5));
#6271=CARTESIAN_POINT('Origin',(60.,65.,72.5));
#6272=CARTESIAN_POINT('',(65.,245.,72.5));
#6273=CARTESIAN_POINT('Origin',(60.,186.49018283611,-8.88178419700125E-15));
#6274=CARTESIAN_POINT('',(65.,240.,64.6576957397006));
#6275=CARTESIAN_POINT('',(60.,240.,64.6576957397006));
#6276=CARTESIAN_POINT('',(65.,240.,64.6576957397006));
#6277=CARTESIAN_POINT('Origin',(60.,115.,58.6160290730339));
#6278=CARTESIAN_POINT('',(65.,115.,58.6160290730339));
#6279=CARTESIAN_POINT('',(65.,115.,72.5));
#6280=CARTESIAN_POINT('',(60.,115.,58.6160290730339));
#6281=CARTESIAN_POINT('Origin',(60.,66.4901828361099,0.));
#6282=CARTESIAN_POINT('',(65.,120.,64.6576957397005));
#6283=CARTESIAN_POINT('Origin',(60.,125.,0.));
#6284=CARTESIAN_POINT('',(65.,125.,58.6160290730339));
#6285=CARTESIAN_POINT('',(60.,125.,58.6160290730339));
#6286=CARTESIAN_POINT('',(65.,125.,72.5));
#6287=CARTESIAN_POINT('Origin',(60.,125.,58.6160290730339));
#6288=CARTESIAN_POINT('',(65.,180.,-7.84230426029949));
#6289=CARTESIAN_POINT('Origin',(60.,175.,13.8839709269661));
#6290=CARTESIAN_POINT('',(65.,126.49018283611,72.5));
#6291=CARTESIAN_POINT('',(60.,126.49018283611,72.5));
#6292=CARTESIAN_POINT('',(65.,175.,13.8839709269661));
#6293=CARTESIAN_POINT('',(65.,180.,7.84230426029947));
#6294=CARTESIAN_POINT('',(60.,175.,13.8839709269661));
#6295=CARTESIAN_POINT('Origin',(60.,175.,72.5));
#6296=CARTESIAN_POINT('',(65.,175.,72.5));
#6297=CARTESIAN_POINT('',(65.,175.,72.5));
#6298=CARTESIAN_POINT('',(60.,175.,72.5));
#6299=CARTESIAN_POINT('Origin',(60.,126.49018283611,72.5));
#6300=CARTESIAN_POINT('',(65.,245.,72.5));
#6301=CARTESIAN_POINT('Origin',(60.,245.,77.5));
#6302=CARTESIAN_POINT('',(65.,-5.,77.5));
#6303=CARTESIAN_POINT('',(60.,-5.,77.5));
#6304=CARTESIAN_POINT('',(65.,245.,77.5));
#6305=CARTESIAN_POINT('',(65.,-5.,77.5));
#6306=CARTESIAN_POINT('',(60.,245.,77.5));
#6307=CARTESIAN_POINT('Origin',(65.,120.,36.25));
#6308=CARTESIAN_POINT('',(65.,-5.,-5.));
#6309=CARTESIAN_POINT('',(65.,-5.,72.5));
#6310=CARTESIAN_POINT('',(65.,245.,-5.));
#6311=CARTESIAN_POINT('',(65.,-5.,-5.));
#6312=CARTESIAN_POINT('',(65.,245.,-5.));
#6313=CARTESIAN_POINT('',(65.,0.,72.5));
#6314=CARTESIAN_POINT('',(65.,240.,0.));
#6315=CARTESIAN_POINT('Origin',(33.75,-5.,33.75));
#6316=CARTESIAN_POINT('',(33.75,0.,33.75));
#6317=CARTESIAN_POINT('',(33.75,0.,16.875));
#6318=CARTESIAN_POINT('',(33.75,-5.,33.75));
#6319=CARTESIAN_POINT('',(33.75,-5.,53.125));
#6320=CARTESIAN_POINT('',(33.75,-5.,33.75));
#6321=CARTESIAN_POINT('Origin',(-33.75,-5.,-4.44089209850063E-15));
#6322=CARTESIAN_POINT('',(-33.75,0.,33.75));
#6323=CARTESIAN_POINT('',(-33.75,0.,-2.22044604925031E-15));
#6324=CARTESIAN_POINT('',(-33.75,-5.,33.75));
#6325=CARTESIAN_POINT('',(-33.75,-5.,33.75));
#6326=CARTESIAN_POINT('',(-33.75,-5.,36.25));
#6327=CARTESIAN_POINT('Origin',(0.,-5.,72.5));
#6328=CARTESIAN_POINT('',(0.,-5.,-5.));
#6329=CARTESIAN_POINT('',(0.,-5.,72.5));
#6330=CARTESIAN_POINT('Origin',(0.,-5.,33.75));
#6331=CARTESIAN_POINT('Origin',(0.,0.,0.));
#6332=CARTESIAN_POINT('Origin',(0.,0.,33.75));
#6333=CARTESIAN_POINT('',(0.,0.,72.5));
#6334=CARTESIAN_POINT('Origin',(-36.625,186.8,0.));
#6335=CARTESIAN_POINT('',(-38.25,186.8,-5.));
#6336=CARTESIAN_POINT('',(-38.25,186.8,0.));
#6337=CARTESIAN_POINT('Origin',(-36.625,186.8,-5.));
#6338=CARTESIAN_POINT('Origin',(33.0000000000001,163.8,-2.75));
#6339=CARTESIAN_POINT('',(31.7500000000001,163.8,-5.));
#6340=CARTESIAN_POINT('',(31.7500000000001,163.8,-2.75));
#6341=CARTESIAN_POINT('Origin',(33.0000000000001,163.8,-5.));
#6342=CARTESIAN_POINT('Origin',(33.0000000000001,209.8,-2.75));
#6343=CARTESIAN_POINT('',(31.7500000000001,209.8,-5.));
#6344=CARTESIAN_POINT('',(31.7500000000001,209.8,-2.75));
#6345=CARTESIAN_POINT('Origin',(33.0000000000001,209.8,-5.));
#6346=CARTESIAN_POINT('Origin',(16.9008130887537,238.4,0.));
#6347=CARTESIAN_POINT('',(18.9504065443768,234.85,14.));
#6348=CARTESIAN_POINT('',(18.9504065443768,234.85,-5.));
#6349=CARTESIAN_POINT('',(18.9504065443768,234.85,0.));
#6350=CARTESIAN_POINT('',(16.9008130887537,238.4,-5.));
#6351=CARTESIAN_POINT('',(67.4858572729425,150.784133369868,-5.));
#6352=CARTESIAN_POINT('',(16.9008130887537,238.4,14.));
#6353=CARTESIAN_POINT('',(16.9008130887537,238.4,0.));
#6354=CARTESIAN_POINT('',(16.9008130887537,238.4,14.));
#6355=CARTESIAN_POINT('Origin',(18.9504065443768,241.95,0.));
#6356=CARTESIAN_POINT('',(18.9504065443768,241.95,-5.));
#6357=CARTESIAN_POINT('',(-36.884637639812,145.240866630132,-5.));
#6358=CARTESIAN_POINT('',(18.9504065443768,241.95,14.));
#6359=CARTESIAN_POINT('',(18.9504065443768,241.95,0.));
#6360=CARTESIAN_POINT('',(18.9504065443768,241.95,14.));
#6361=CARTESIAN_POINT('Origin',(23.0495934556232,241.95,0.));
#6362=CARTESIAN_POINT('',(23.0495934556232,241.95,-5.));
#6363=CARTESIAN_POINT('',(11.5247967278116,241.95,-5.));
#6364=CARTESIAN_POINT('',(23.0495934556232,241.95,14.));
#6365=CARTESIAN_POINT('',(23.0495934556232,241.95,0.));
#6366=CARTESIAN_POINT('',(23.0495934556232,241.95,14.));
#6367=CARTESIAN_POINT('Origin',(25.0991869112463,238.4,0.));
#6368=CARTESIAN_POINT('',(25.0991869112463,238.4,-5.));
#6369=CARTESIAN_POINT('',(74.6594343676236,152.559133369868,-5.));
#6370=CARTESIAN_POINT('',(25.0991869112463,238.4,14.));
#6371=CARTESIAN_POINT('',(25.0991869112463,238.4,0.));
#6372=CARTESIAN_POINT('',(25.0991869112463,238.4,14.));
#6373=CARTESIAN_POINT('Origin',(23.0495934556232,234.85,0.));
#6374=CARTESIAN_POINT('',(23.0495934556232,234.85,-5.));
#6375=CARTESIAN_POINT('',(-31.7606540007541,139.915866630132,-5.));
#6376=CARTESIAN_POINT('',(23.0495934556232,234.85,14.));
#6377=CARTESIAN_POINT('',(23.0495934556232,234.85,0.));
#6378=CARTESIAN_POINT('',(23.0495934556232,234.85,14.));
#6379=CARTESIAN_POINT('Origin',(18.9504065443768,234.85,0.));
#6380=CARTESIAN_POINT('',(9.47520327218841,234.85,-5.));
#6381=CARTESIAN_POINT('',(18.9504065443768,234.85,14.));
#6382=CARTESIAN_POINT('Origin',(21.,238.4,14.));
#6383=CARTESIAN_POINT('',(23.125,238.4,14.));
#6384=CARTESIAN_POINT('Origin',(21.,238.4,14.));
#6385=CARTESIAN_POINT('Origin',(-23.0495934556232,241.95,0.));
#6386=CARTESIAN_POINT('',(-25.0991869112463,238.4,14.));
#6387=CARTESIAN_POINT('',(-25.0991869112463,238.4,-5.));
#6388=CARTESIAN_POINT('',(-25.0991869112463,238.4,0.));
#6389=CARTESIAN_POINT('',(-23.0495934556232,241.95,-5.));
#6390=CARTESIAN_POINT('',(-73.634637639812,154.334133369868,-5.));
#6391=CARTESIAN_POINT('',(-23.0495934556232,241.95,14.));
#6392=CARTESIAN_POINT('',(-23.0495934556232,241.95,0.));
#6393=CARTESIAN_POINT('',(-25.0991869112463,238.4,14.));
#6394=CARTESIAN_POINT('Origin',(-18.9504065443768,241.95,0.));
#6395=CARTESIAN_POINT('',(-18.9504065443768,241.95,-5.));
#6396=CARTESIAN_POINT('',(-9.47520327218841,241.95,-5.));
#6397=CARTESIAN_POINT('',(-18.9504065443768,241.95,14.));
#6398=CARTESIAN_POINT('',(-18.9504065443768,241.95,0.));
#6399=CARTESIAN_POINT('',(-23.0495934556232,241.95,14.));
#6400=CARTESIAN_POINT('Origin',(-16.9008130887537,238.4,0.));
#6401=CARTESIAN_POINT('',(-16.9008130887537,238.4,-5.));
#6402=CARTESIAN_POINT('',(37.9094343676236,143.465866630132,-5.));
#6403=CARTESIAN_POINT('',(-16.9008130887537,238.4,14.));
#6404=CARTESIAN_POINT('',(-16.9008130887537,238.4,0.));
#6405=CARTESIAN_POINT('',(-18.9504065443768,241.95,14.));
#6406=CARTESIAN_POINT('Origin',(-18.9504065443768,234.85,0.));
#6407=CARTESIAN_POINT('',(-18.9504065443768,234.85,-5.));
#6408=CARTESIAN_POINT('',(-68.5106540007541,149.009133369868,-5.));
#6409=CARTESIAN_POINT('',(-18.9504065443768,234.85,14.));
#6410=CARTESIAN_POINT('',(-18.9504065443768,234.85,0.));
#6411=CARTESIAN_POINT('',(-16.9008130887537,238.4,14.));
#6412=CARTESIAN_POINT('Origin',(-23.0495934556232,234.85,0.));
#6413=CARTESIAN_POINT('',(-23.0495934556232,234.85,-5.));
#6414=CARTESIAN_POINT('',(-11.5247967278116,234.85,-5.));
#6415=CARTESIAN_POINT('',(-23.0495934556232,234.85,14.));
#6416=CARTESIAN_POINT('',(-23.0495934556232,234.85,0.));
#6417=CARTESIAN_POINT('',(-18.9504065443768,234.85,14.));
#6418=CARTESIAN_POINT('Origin',(-25.0991869112463,238.4,0.));
#6419=CARTESIAN_POINT('',(30.7358572729425,141.690866630132,-5.));
#6420=CARTESIAN_POINT('',(-23.0495934556232,234.85,14.));
#6421=CARTESIAN_POINT('Origin',(-21.,238.4,14.));
#6422=CARTESIAN_POINT('',(-18.875,238.4,14.));
#6423=CARTESIAN_POINT('Origin',(-21.,238.4,14.));
#6424=CARTESIAN_POINT('Origin',(21.,238.4,10.5));
#6425=CARTESIAN_POINT('',(23.125,238.4,18.75));
#6426=CARTESIAN_POINT('',(23.125,238.4,10.5));
#6427=CARTESIAN_POINT('Origin',(21.,238.4,18.75));
#6428=CARTESIAN_POINT('Origin',(-21.,238.4,10.5));
#6429=CARTESIAN_POINT('',(-18.875,238.4,18.75));
#6430=CARTESIAN_POINT('',(-18.875,238.4,10.5));
#6431=CARTESIAN_POINT('Origin',(-21.,238.4,18.75));
#6432=CARTESIAN_POINT('Origin',(27.5,231.8,0.));
#6433=CARTESIAN_POINT('',(27.5,240.,14.1844051968769));
#6434=CARTESIAN_POINT('',(27.5,240.,36.25));
#6435=CARTESIAN_POINT('',(27.5,245.,14.1844051968769));
#6436=CARTESIAN_POINT('',(27.5,-5.,14.1844051968769));
#6437=CARTESIAN_POINT('',(27.5,245.,18.75));
#6438=CARTESIAN_POINT('',(27.5,245.,0.));
#6439=CARTESIAN_POINT('',(27.5,231.8,18.75));
#6440=CARTESIAN_POINT('',(27.5,231.8,18.75));
#6441=CARTESIAN_POINT('',(27.5,231.8,0.));
#6442=CARTESIAN_POINT('Origin',(-27.5,231.8,0.));
#6443=CARTESIAN_POINT('',(-27.5,231.8,18.75));
#6444=CARTESIAN_POINT('',(-27.5,231.8,18.75));
#6445=CARTESIAN_POINT('',(-27.5,231.8,0.));
#6446=CARTESIAN_POINT('Origin',(-27.5,245.,0.));
#6447=CARTESIAN_POINT('',(-27.5,240.,14.1844051968768));
#6448=CARTESIAN_POINT('',(-27.5,240.,36.25));
#6449=CARTESIAN_POINT('',(-27.5,245.,18.75));
#6450=CARTESIAN_POINT('',(-27.5,245.,18.75));
#6451=CARTESIAN_POINT('',(-27.5,245.,14.1844051968768));
#6452=CARTESIAN_POINT('',(-27.5,245.,0.));
#6453=CARTESIAN_POINT('',(-27.5,-5.,14.1844051968768));
#6454=CARTESIAN_POINT('Origin',(1.33226762955019E-14,238.4,18.75));
#6455=CARTESIAN_POINT('',(-60.,245.,18.75));
#6456=CARTESIAN_POINT('Origin',(50.,25.,-10.5));
#6457=CARTESIAN_POINT('',(48.375,25.,-5.));
#6458=CARTESIAN_POINT('',(48.375,25.,-10.5));
#6459=CARTESIAN_POINT('Origin',(50.,25.,-5.));
#6460=CARTESIAN_POINT('Origin',(-50.,95.,-10.5));
#6461=CARTESIAN_POINT('',(-51.625,95.,-5.));
#6462=CARTESIAN_POINT('',(-51.625,95.,-10.5));
#6463=CARTESIAN_POINT('Origin',(-50.,95.,-5.));
#6464=CARTESIAN_POINT('Origin',(18.25,168.55,-10.5));
#6465=CARTESIAN_POINT('',(16.625,168.55,-5.));
#6466=CARTESIAN_POINT('',(16.625,168.55,-10.5));
#6467=CARTESIAN_POINT('Origin',(18.25,168.55,-5.));
#6468=CARTESIAN_POINT('Origin',(-18.25,205.05,-10.5));
#6469=CARTESIAN_POINT('',(-19.875,205.05,-5.));
#6470=CARTESIAN_POINT('',(-19.875,205.05,-10.5));
#6471=CARTESIAN_POINT('Origin',(-18.25,205.05,-5.));
#6472=CARTESIAN_POINT('Origin',(-6.75,135.5,-10.5));
#6473=CARTESIAN_POINT('',(-8.375,135.5,-5.));
#6474=CARTESIAN_POINT('',(-8.375,135.5,-10.5));
#6475=CARTESIAN_POINT('Origin',(-6.75,135.5,-5.));
#6476=CARTESIAN_POINT('Origin',(-20.1733937586588,112.25,-10.5));
#6477=CARTESIAN_POINT('',(-21.7983937586588,112.25,-5.));
#6478=CARTESIAN_POINT('',(-21.7983937586588,112.25,-10.5));
#6479=CARTESIAN_POINT('Origin',(-20.1733937586588,112.25,-5.));
#6480=CARTESIAN_POINT('Origin',(6.67339375865879,112.25,-10.5));
#6481=CARTESIAN_POINT('',(5.04839375865879,112.25,-5.));
#6482=CARTESIAN_POINT('',(5.04839375865879,112.25,-10.5));
#6483=CARTESIAN_POINT('Origin',(6.67339375865879,112.25,-5.));
#6484=CARTESIAN_POINT('Origin',(-15.,4.50000000000001,-10.4999999999968));
#6485=CARTESIAN_POINT('',(-16.625,4.50000000000001,-5.));
#6486=CARTESIAN_POINT('',(-16.625,4.50000000000001,-10.4999999999968));
#6487=CARTESIAN_POINT('Origin',(-15.,4.50000000000001,-5.));
#6488=CARTESIAN_POINT('Origin',(15.,28.5,-10.500000000003));
#6489=CARTESIAN_POINT('',(13.375,28.5,-5.));
#6490=CARTESIAN_POINT('',(13.375,28.5,-10.500000000003));
#6491=CARTESIAN_POINT('Origin',(15.,28.5,-5.));
#6492=CARTESIAN_POINT('Origin',(15.,4.50000000000001,-10.500000000003));
#6493=CARTESIAN_POINT('',(13.375,4.50000000000001,-5.));
#6494=CARTESIAN_POINT('',(13.375,4.50000000000001,-10.500000000003));
#6495=CARTESIAN_POINT('Origin',(15.,4.50000000000001,-5.));
#6496=CARTESIAN_POINT('Origin',(-15.,28.5,-10.500000000003));
#6497=CARTESIAN_POINT('',(-16.625,28.5,-5.));
#6498=CARTESIAN_POINT('',(-16.625,28.5,-10.500000000003));
#6499=CARTESIAN_POINT('Origin',(-15.,28.5,-5.));
#6500=CARTESIAN_POINT('Origin',(-6.75000000000002,104.5,-10.5));
#6501=CARTESIAN_POINT('',(-8.37500000000002,104.5,-5.));
#6502=CARTESIAN_POINT('',(-8.37500000000002,104.5,-10.5));
#6503=CARTESIAN_POINT('Origin',(-6.75000000000002,104.5,-5.));
#6504=CARTESIAN_POINT('Origin',(-20.1733937586588,127.75,-10.5));
#6505=CARTESIAN_POINT('',(-21.7983937586588,127.75,-5.));
#6506=CARTESIAN_POINT('',(-21.7983937586588,127.75,-10.5));
#6507=CARTESIAN_POINT('Origin',(-20.1733937586588,127.75,-5.));
#6508=CARTESIAN_POINT('Origin',(6.67339375865881,127.75,-10.5));
#6509=CARTESIAN_POINT('',(5.04839375865881,127.75,-5.));
#6510=CARTESIAN_POINT('',(5.04839375865881,127.75,-10.5));
#6511=CARTESIAN_POINT('Origin',(6.67339375865881,127.75,-5.));
#6512=CARTESIAN_POINT('Origin',(-18.25,168.55,-10.5));
#6513=CARTESIAN_POINT('',(-19.875,168.55,-5.));
#6514=CARTESIAN_POINT('',(-19.875,168.55,-10.5));
#6515=CARTESIAN_POINT('Origin',(-18.25,168.55,-5.));
#6516=CARTESIAN_POINT('Origin',(18.25,205.05,-10.5));
#6517=CARTESIAN_POINT('',(16.625,205.05,-5.));
#6518=CARTESIAN_POINT('',(16.625,205.05,-10.5));
#6519=CARTESIAN_POINT('Origin',(18.25,205.05,-5.));
#6520=CARTESIAN_POINT('Origin',(50.,95.,-10.5));
#6521=CARTESIAN_POINT('',(48.375,95.,-5.));
#6522=CARTESIAN_POINT('',(48.375,95.,-10.5));
#6523=CARTESIAN_POINT('Origin',(50.,95.,-5.));
#6524=CARTESIAN_POINT('Origin',(-50.,25.,-10.5));
#6525=CARTESIAN_POINT('',(-51.625,25.,-5.));
#6526=CARTESIAN_POINT('',(-51.625,25.,-10.5));
#6527=CARTESIAN_POINT('Origin',(-50.,25.,-5.));
#6528=CARTESIAN_POINT('Origin',(0.249999999999995,120.,0.));
#6529=CARTESIAN_POINT('',(0.249999999999995,126.5,-5.));
#6530=CARTESIAN_POINT('',(0.249999999999995,126.5,0.));
#6531=CARTESIAN_POINT('',(0.249999999999994,113.5,-5.));
#6532=CARTESIAN_POINT('Origin',(0.249999999999995,120.,-5.));
#6533=CARTESIAN_POINT('',(0.249999999999994,113.5,0.));
#6534=CARTESIAN_POINT('Origin',(-20.25,126.5,0.));
#6535=CARTESIAN_POINT('',(-13.75,126.5,-5.));
#6536=CARTESIAN_POINT('',(-13.75,126.5,0.));
#6537=CARTESIAN_POINT('',(-10.125,126.5,-5.));
#6538=CARTESIAN_POINT('Origin',(-13.75,120.,0.));
#6539=CARTESIAN_POINT('',(-13.75,113.5,-5.));
#6540=CARTESIAN_POINT('',(-13.75,113.5,0.));
#6541=CARTESIAN_POINT('Origin',(-13.75,120.,-5.));
#6542=CARTESIAN_POINT('Origin',(6.74999999999999,113.5,0.));
#6543=CARTESIAN_POINT('',(3.375,113.5,-5.));
#6544=CARTESIAN_POINT('Origin',(0.,-5.,33.75));
#6545=CARTESIAN_POINT('Origin',(0.,-5.,33.75));
#6546=CARTESIAN_POINT('Origin',(0.,240.,33.75));
#6547=CARTESIAN_POINT('Origin',(0.,245.,33.75));
#6548=CARTESIAN_POINT('Origin',(0.,240.,72.5));
#6549=CARTESIAN_POINT('',(0.,240.,72.5));
#6550=CARTESIAN_POINT('Origin',(0.,245.,72.5));
#6551=CARTESIAN_POINT('',(0.,245.,72.5));
#6552=CARTESIAN_POINT('Origin',(0.,245.,-5.));
#6553=CARTESIAN_POINT('',(0.,245.,-5.));
#6554=CARTESIAN_POINT('Origin',(0.,-5.,-5.));
#6555=CARTESIAN_POINT('Origin',(0.,0.,72.5));
#6556=CARTESIAN_POINT('Origin',(59.5,120.,75.0000011175871));
#6557=CARTESIAN_POINT('',(59.5,121.25,75.0000011175871));
#6558=CARTESIAN_POINT('Origin',(59.5,120.,75.0000011175871));
#6559=CARTESIAN_POINT('',(47.5,121.25,75.0000011175871));
#6560=CARTESIAN_POINT('',(59.5,121.25,75.0000011175871));
#6561=CARTESIAN_POINT('Origin',(47.5,120.,75.0000011175871));
#6562=CARTESIAN_POINT('Origin',(44.5,120.,75.0000011175871));
#6563=CARTESIAN_POINT('',(44.5,122.5,74.9301281365094));
#6564=CARTESIAN_POINT('',(44.5,122.5,75.0698740986648));
#6565=CARTESIAN_POINT('',(44.5,122.5,72.5000011175871));
#6566=CARTESIAN_POINT('',(44.5,122.540341184434,75.0000011175871));
#6567=CARTESIAN_POINT('',(44.5,122.540341184434,75.0000011175871));
#6568=CARTESIAN_POINT('',(44.5,121.270170592217,77.2000011175871));
#6569=CARTESIAN_POINT('Origin',(44.5,117.459658815566,75.0000011175871));
#6570=CARTESIAN_POINT('',(44.5,117.459658815566,75.0000011175871));
#6571=CARTESIAN_POINT('',(44.5,117.5,75.0698740986649));
#6572=CARTESIAN_POINT('',(44.5,117.459658815566,75.0000011175871));
#6573=CARTESIAN_POINT('',(44.5,118.729829407783,77.2000011175871));
#6574=CARTESIAN_POINT('',(44.5,117.77720146362,75.5500011175871));
#6575=CARTESIAN_POINT('',(47.5,118.729829407783,77.2000011175871));
#6576=CARTESIAN_POINT('',(44.5,118.729829407783,77.2000011175871));
#6577=CARTESIAN_POINT('',(47.5,117.459658815566,75.0000011175871));
#6578=CARTESIAN_POINT('',(47.5,117.459658815566,75.0000011175871));
#6579=CARTESIAN_POINT('',(44.5,117.459658815566,75.0000011175871));
#6580=CARTESIAN_POINT('Origin',(44.5,118.729829407783,72.8000011175871));
#6581=CARTESIAN_POINT('',(44.5,117.5,74.9301281365093));
#6582=CARTESIAN_POINT('',(44.5,118.729829407783,72.8000011175871));
#6583=CARTESIAN_POINT('',(44.5,118.412286759729,73.3500011175871));
#6584=CARTESIAN_POINT('',(44.5,118.729829407783,72.8000011175871));
#6585=CARTESIAN_POINT('',(47.5,118.729829407783,72.8000011175871));
#6586=CARTESIAN_POINT('',(47.5,118.729829407783,72.8000011175871));
#6587=CARTESIAN_POINT('',(44.5,118.729829407783,72.8000011175871));
#6588=CARTESIAN_POINT('Origin',(44.5,121.270170592217,72.8000011175871));
#6589=CARTESIAN_POINT('',(44.5,121.270170592217,72.8000011175871));
#6590=CARTESIAN_POINT('',(44.5,120.635085296109,72.8000011175871));
#6591=CARTESIAN_POINT('',(47.5,121.270170592217,72.8000011175871));
#6592=CARTESIAN_POINT('',(47.5,121.270170592217,72.8000011175871));
#6593=CARTESIAN_POINT('',(44.5,121.270170592217,72.8000011175871));
#6594=CARTESIAN_POINT('Origin',(44.5,122.540341184434,75.0000011175871));
#6595=CARTESIAN_POINT('',(44.5,122.22279853638,74.4500011175871));
#6596=CARTESIAN_POINT('',(47.5,122.540341184434,75.0000011175871));
#6597=CARTESIAN_POINT('',(47.5,122.540341184434,75.0000011175871));
#6598=CARTESIAN_POINT('',(44.5,122.540341184434,75.0000011175871));
#6599=CARTESIAN_POINT('Origin',(44.5,121.270170592217,77.2000011175871));
#6600=CARTESIAN_POINT('',(44.5,121.270170592217,77.2000011175871));
#6601=CARTESIAN_POINT('',(44.5,121.587713240271,76.6500011175871));
#6602=CARTESIAN_POINT('',(47.5,121.270170592217,77.2000011175871));
#6603=CARTESIAN_POINT('',(47.5,121.270170592217,77.2000011175871));
#6604=CARTESIAN_POINT('',(44.5,121.270170592217,77.2000011175871));
#6605=CARTESIAN_POINT('Origin',(44.5,118.729829407783,77.2000011175871));
#6606=CARTESIAN_POINT('',(44.5,119.364914703891,77.2000011175871));
#6607=CARTESIAN_POINT('',(47.5,118.729829407783,77.2000011175871));
#6608=CARTESIAN_POINT('Origin',(47.5,120.,75.0000011175871));
#6609=CARTESIAN_POINT('Origin',(44.5,120.,75.0000011175871));
#6610=CARTESIAN_POINT('',(44.5,117.5,77.5000011175871));
#6611=CARTESIAN_POINT('Origin',(44.5,120.,75.0000011175871));
#6612=CARTESIAN_POINT('',(44.5,117.5,77.5000011175871));
#6613=CARTESIAN_POINT('',(44.5,117.5,77.5000011175871));
#6614=CARTESIAN_POINT('',(44.5,122.5,77.5000011175871));
#6615=CARTESIAN_POINT('',(44.5,120.,77.5));
#6616=CARTESIAN_POINT('',(44.5,122.5,72.5000011175871));
#6617=CARTESIAN_POINT('Origin',(44.5,120.,75.0000011175871));
#6618=CARTESIAN_POINT('',(44.5,122.5,72.5000011175871));
#6619=CARTESIAN_POINT('',(44.5,122.5,72.5000011175871));
#6620=CARTESIAN_POINT('',(44.5,117.5,72.5000011175871));
#6621=CARTESIAN_POINT('',(44.5,120.,72.5));
#6622=CARTESIAN_POINT('',(44.5,117.5,77.5000011175871));
#6623=CARTESIAN_POINT('Origin',(44.5,122.5,72.5000011175871));
#6624=CARTESIAN_POINT('',(34.5,122.5,77.5000011175871));
#6625=CARTESIAN_POINT('',(22.25,122.5,77.5));
#6626=CARTESIAN_POINT('',(34.5,122.5,72.5000011175871));
#6627=CARTESIAN_POINT('',(34.5,122.5,72.5000011175871));
#6628=CARTESIAN_POINT('',(22.25,122.5,72.5));
#6629=CARTESIAN_POINT('Origin',(44.5,117.5,77.5000011175871));
#6630=CARTESIAN_POINT('',(34.5,117.5,72.5000011175871));
#6631=CARTESIAN_POINT('',(22.25,117.5,72.5));
#6632=CARTESIAN_POINT('',(34.5,117.5,77.5000011175871));
#6633=CARTESIAN_POINT('',(34.5,117.5,77.5000011175871));
#6634=CARTESIAN_POINT('',(22.25,117.5,77.5));
#6635=CARTESIAN_POINT('Origin',(34.5,120.,75.0000011175871));
#6636=CARTESIAN_POINT('',(34.5,120.,77.5));
#6637=CARTESIAN_POINT('',(34.5,120.,72.5));
#6638=CARTESIAN_POINT('Origin',(-59.5,120.,75.0000011175871));
#6639=CARTESIAN_POINT('',(-59.5,121.25,75.0000011175871));
#6640=CARTESIAN_POINT('Origin',(-59.5,120.,75.0000011175871));
#6641=CARTESIAN_POINT('',(-47.5,121.25,75.0000011175871));
#6642=CARTESIAN_POINT('',(-59.5,121.25,75.0000011175871));
#6643=CARTESIAN_POINT('Origin',(-47.5,120.,75.0000011175871));
#6644=CARTESIAN_POINT('Origin',(-44.5,120.,75.0000011175871));
#6645=CARTESIAN_POINT('',(-44.5,122.5,74.9301281365094));
#6646=CARTESIAN_POINT('',(-44.5,122.5,75.0698740986648));
#6647=CARTESIAN_POINT('',(-44.5,122.5,72.5000011175871));
#6648=CARTESIAN_POINT('',(-44.5,122.540341184434,75.0000011175871));
#6649=CARTESIAN_POINT('',(-44.5,121.270170592217,77.2000011175871));
#6650=CARTESIAN_POINT('',(-44.5,122.540341184434,75.0000011175871));
#6651=CARTESIAN_POINT('Origin',(-44.5,120.,75.0000011175871));
#6652=CARTESIAN_POINT('',(-44.5,117.5,75.0698740986649));
#6653=CARTESIAN_POINT('',(-44.5,117.5,74.9301281365093));
#6654=CARTESIAN_POINT('',(-44.5,117.5,77.5000011175871));
#6655=CARTESIAN_POINT('',(-44.5,117.459658815566,75.0000011175871));
#6656=CARTESIAN_POINT('',(-44.5,118.729829407783,72.8000011175871));
#6657=CARTESIAN_POINT('',(-44.5,117.459658815566,75.0000011175871));
#6658=CARTESIAN_POINT('Origin',(-44.5,117.459658815566,75.0000011175871));
#6659=CARTESIAN_POINT('',(-47.5,117.459658815566,75.0000011175871));
#6660=CARTESIAN_POINT('',(-44.5,117.459658815566,75.0000011175871));
#6661=CARTESIAN_POINT('',(-47.5,118.729829407783,77.2000011175871));
#6662=CARTESIAN_POINT('',(-47.5,117.459658815566,75.0000011175871));
#6663=CARTESIAN_POINT('',(-44.5,118.729829407783,77.2000011175871));
#6664=CARTESIAN_POINT('',(-44.5,118.729829407783,77.2000011175871));
#6665=CARTESIAN_POINT('',(-44.5,117.77720146362,75.5500011175871));
#6666=CARTESIAN_POINT('Origin',(-44.5,118.729829407783,72.8000011175871));
#6667=CARTESIAN_POINT('',(-44.5,118.729829407783,72.8000011175871));
#6668=CARTESIAN_POINT('',(-44.5,118.412286759729,73.3500011175871));
#6669=CARTESIAN_POINT('',(-47.5,118.729829407783,72.8000011175871));
#6670=CARTESIAN_POINT('',(-44.5,118.729829407783,72.8000011175871));
#6671=CARTESIAN_POINT('',(-47.5,118.729829407783,72.8000011175871));
#6672=CARTESIAN_POINT('Origin',(-44.5,121.270170592217,72.8000011175871));
#6673=CARTESIAN_POINT('',(-44.5,121.270170592217,72.8000011175871));
#6674=CARTESIAN_POINT('',(-44.5,120.635085296109,72.8000011175871));
#6675=CARTESIAN_POINT('',(-47.5,121.270170592217,72.8000011175871));
#6676=CARTESIAN_POINT('',(-44.5,121.270170592217,72.8000011175871));
#6677=CARTESIAN_POINT('',(-47.5,121.270170592217,72.8000011175871));
#6678=CARTESIAN_POINT('Origin',(-44.5,122.540341184434,75.0000011175871));
#6679=CARTESIAN_POINT('',(-47.5,122.540341184434,75.0000011175871));
#6680=CARTESIAN_POINT('',(-44.5,122.540341184434,75.0000011175871));
#6681=CARTESIAN_POINT('',(-47.5,122.540341184434,75.0000011175871));
#6682=CARTESIAN_POINT('',(-44.5,122.22279853638,74.4500011175871));
#6683=CARTESIAN_POINT('Origin',(-44.5,121.270170592217,77.2000011175871));
#6684=CARTESIAN_POINT('',(-44.5,121.270170592217,77.2000011175871));
#6685=CARTESIAN_POINT('',(-44.5,121.587713240271,76.6500011175871));
#6686=CARTESIAN_POINT('',(-47.5,121.270170592217,77.2000011175871));
#6687=CARTESIAN_POINT('',(-44.5,121.270170592217,77.2000011175871));
#6688=CARTESIAN_POINT('',(-47.5,121.270170592217,77.2000011175871));
#6689=CARTESIAN_POINT('Origin',(-44.5,118.729829407783,77.2000011175871));
#6690=CARTESIAN_POINT('',(-44.5,119.364914703891,77.2000011175871));
#6691=CARTESIAN_POINT('',(-47.5,118.729829407783,77.2000011175871));
#6692=CARTESIAN_POINT('Origin',(-47.5,120.,75.0000011175871));
#6693=CARTESIAN_POINT('Origin',(-44.5,120.,75.0000011175871));
#6694=CARTESIAN_POINT('',(-44.5,122.5,77.5000011175871));
#6695=CARTESIAN_POINT('',(-44.5,122.5,72.5000011175871));
#6696=CARTESIAN_POINT('',(-44.5,117.5,77.5000011175871));
#6697=CARTESIAN_POINT('',(-44.5,120.,77.5));
#6698=CARTESIAN_POINT('',(-44.5,117.5,77.5000011175871));
#6699=CARTESIAN_POINT('Origin',(-44.5,122.5,72.5000011175871));
#6700=CARTESIAN_POINT('',(-44.5,122.5,72.5000011175871));
#6701=CARTESIAN_POINT('',(-44.5,122.5,72.5000011175871));
#6702=CARTESIAN_POINT('',(-34.5,122.5,72.5000011175871));
#6703=CARTESIAN_POINT('',(-22.25,122.5,72.5));
#6704=CARTESIAN_POINT('',(-34.5,122.5,77.5000011175871));
#6705=CARTESIAN_POINT('',(-34.5,122.5,72.5000011175871));
#6706=CARTESIAN_POINT('',(-22.25,122.5,77.5));
#6707=CARTESIAN_POINT('Origin',(-44.5,117.5,77.5000011175871));
#6708=CARTESIAN_POINT('',(-34.5,117.5,77.5000011175871));
#6709=CARTESIAN_POINT('',(-22.25,117.5,77.5));
#6710=CARTESIAN_POINT('',(-34.5,117.5,72.5000011175871));
#6711=CARTESIAN_POINT('',(-34.5,117.5,77.5000011175871));
#6712=CARTESIAN_POINT('',(-44.5,117.5,72.5000011175871));
#6713=CARTESIAN_POINT('',(-22.25,117.5,72.5));
#6714=CARTESIAN_POINT('',(-44.5,117.5,77.5000011175871));
#6715=CARTESIAN_POINT('Origin',(-44.5,120.,75.0000011175871));
#6716=CARTESIAN_POINT('',(-44.5,120.,72.5));
#6717=CARTESIAN_POINT('Origin',(-34.5,120.,75.0000011175871));
#6718=CARTESIAN_POINT('',(-34.5,120.,77.5));
#6719=CARTESIAN_POINT('',(-34.5,120.,72.5));
#6720=CARTESIAN_POINT('Origin',(-20.,15.,77.5));
#6721=CARTESIAN_POINT('',(-25.,15.,72.5));
#6722=CARTESIAN_POINT('',(-20.,15.,72.5));
#6723=CARTESIAN_POINT('',(-9.99999999999997,15.,72.5));
#6724=CARTESIAN_POINT('',(-25.,15.,77.5));
#6725=CARTESIAN_POINT('',(-25.,15.,77.5));
#6726=CARTESIAN_POINT('',(-20.,15.,77.5));
#6727=CARTESIAN_POINT('',(-9.99999999999997,15.,77.5));
#6728=CARTESIAN_POINT('',(-20.,15.,77.5));
#6729=CARTESIAN_POINT('Origin',(-20.,115.,77.5));
#6730=CARTESIAN_POINT('',(-20.,115.,72.5));
#6731=CARTESIAN_POINT('',(-20.,117.5,72.5));
#6732=CARTESIAN_POINT('',(-20.,115.,77.5));
#6733=CARTESIAN_POINT('',(-20.,117.5,77.5));
#6734=CARTESIAN_POINT('',(-20.,115.,77.5));
#6735=CARTESIAN_POINT('Origin',(-25.,115.,77.5));
#6736=CARTESIAN_POINT('',(-25.,115.,72.5));
#6737=CARTESIAN_POINT('',(-12.5,115.,72.5));
#6738=CARTESIAN_POINT('',(-25.,115.,77.5));
#6739=CARTESIAN_POINT('',(-12.5,115.,77.5));
#6740=CARTESIAN_POINT('',(-25.,115.,77.5));
#6741=CARTESIAN_POINT('Origin',(-25.,15.,77.5));
#6742=CARTESIAN_POINT('',(-25.,67.5,72.5));
#6743=CARTESIAN_POINT('',(-25.,67.5,77.5));
#6744=CARTESIAN_POINT('Origin',(-25.,125.,77.5));
#6745=CARTESIAN_POINT('',(-25.,225.,72.5));
#6746=CARTESIAN_POINT('',(-25.,125.,72.5));
#6747=CARTESIAN_POINT('',(-25.,122.5,72.5));
#6748=CARTESIAN_POINT('',(-25.,225.,77.5));
#6749=CARTESIAN_POINT('',(-25.,225.,77.5));
#6750=CARTESIAN_POINT('',(-25.,125.,77.5));
#6751=CARTESIAN_POINT('',(-25.,122.5,77.5));
#6752=CARTESIAN_POINT('',(-25.,125.,77.5));
#6753=CARTESIAN_POINT('Origin',(-20.,125.,77.5));
#6754=CARTESIAN_POINT('',(-20.,125.,72.5));
#6755=CARTESIAN_POINT('',(-9.99999999999997,125.,72.5));
#6756=CARTESIAN_POINT('',(-20.,125.,77.5));
#6757=CARTESIAN_POINT('',(-9.99999999999997,125.,77.5));
#6758=CARTESIAN_POINT('',(-20.,125.,77.5));
#6759=CARTESIAN_POINT('Origin',(-20.,225.,77.5));
#6760=CARTESIAN_POINT('',(-20.,225.,72.5));
#6761=CARTESIAN_POINT('',(-20.,172.5,72.5));
#6762=CARTESIAN_POINT('',(-20.,225.,77.5));
#6763=CARTESIAN_POINT('',(-20.,172.5,77.5));
#6764=CARTESIAN_POINT('',(-20.,225.,77.5));
#6765=CARTESIAN_POINT('Origin',(-25.,225.,77.5));
#6766=CARTESIAN_POINT('',(-12.5,225.,72.5));
#6767=CARTESIAN_POINT('',(-12.5,225.,77.5));
#6768=CARTESIAN_POINT('Origin',(25.,115.,77.5));
#6769=CARTESIAN_POINT('',(25.,15.,72.5));
#6770=CARTESIAN_POINT('',(25.,115.,72.5));
#6771=CARTESIAN_POINT('',(25.,117.5,72.5));
#6772=CARTESIAN_POINT('',(25.,15.,77.5));
#6773=CARTESIAN_POINT('',(25.,15.,77.5));
#6774=CARTESIAN_POINT('',(25.,115.,77.5));
#6775=CARTESIAN_POINT('',(25.,117.5,77.5));
#6776=CARTESIAN_POINT('',(25.,115.,77.5));
#6777=CARTESIAN_POINT('Origin',(20.,115.,77.5));
#6778=CARTESIAN_POINT('',(20.,115.,72.5));
#6779=CARTESIAN_POINT('',(10.,115.,72.5));
#6780=CARTESIAN_POINT('',(20.,115.,77.5));
#6781=CARTESIAN_POINT('',(10.,115.,77.5));
#6782=CARTESIAN_POINT('',(20.,115.,77.5));
#6783=CARTESIAN_POINT('Origin',(20.,15.,77.5));
#6784=CARTESIAN_POINT('',(20.,15.,72.5));
#6785=CARTESIAN_POINT('',(20.,67.5,72.5));
#6786=CARTESIAN_POINT('',(20.,15.,77.5));
#6787=CARTESIAN_POINT('',(20.,67.5,77.5));
#6788=CARTESIAN_POINT('',(20.,15.,77.5));
#6789=CARTESIAN_POINT('Origin',(25.,15.,77.5));
#6790=CARTESIAN_POINT('',(12.5,15.,72.5));
#6791=CARTESIAN_POINT('',(12.5,15.,77.5));
#6792=CARTESIAN_POINT('Origin',(-15.,179.,77.5));
#6793=CARTESIAN_POINT('',(-15.,184.,72.5));
#6794=CARTESIAN_POINT('',(-15.,179.,72.5));
#6795=CARTESIAN_POINT('',(-15.,149.5,72.5));
#6796=CARTESIAN_POINT('',(-15.,184.,77.5));
#6797=CARTESIAN_POINT('',(-15.,184.,77.5));
#6798=CARTESIAN_POINT('',(-15.,179.,77.5));
#6799=CARTESIAN_POINT('',(-15.,149.5,77.5));
#6800=CARTESIAN_POINT('',(-15.,179.,77.5));
#6801=CARTESIAN_POINT('Origin',(15.,179.,77.5));
#6802=CARTESIAN_POINT('',(15.,179.,72.5));
#6803=CARTESIAN_POINT('',(7.50000000000002,179.,72.5));
#6804=CARTESIAN_POINT('',(15.,179.,77.5));
#6805=CARTESIAN_POINT('',(7.50000000000002,179.,77.5));
#6806=CARTESIAN_POINT('',(15.,179.,77.5));
#6807=CARTESIAN_POINT('Origin',(15.,184.,77.5));
#6808=CARTESIAN_POINT('',(15.,184.,72.5));
#6809=CARTESIAN_POINT('',(15.,152.,72.5));
#6810=CARTESIAN_POINT('',(15.,184.,77.5));
#6811=CARTESIAN_POINT('',(15.,152.,77.5));
#6812=CARTESIAN_POINT('',(15.,184.,77.5));
#6813=CARTESIAN_POINT('Origin',(-15.,184.,77.5));
#6814=CARTESIAN_POINT('',(-7.49999999999998,184.,72.5));
#6815=CARTESIAN_POINT('',(-7.49999999999998,184.,77.5));
#6816=CARTESIAN_POINT('Origin',(-15.,56.,77.5));
#6817=CARTESIAN_POINT('',(-15.,61.,72.5));
#6818=CARTESIAN_POINT('',(-15.,56.,72.5));
#6819=CARTESIAN_POINT('',(-15.,88.,72.5));
#6820=CARTESIAN_POINT('',(-15.,61.,77.5));
#6821=CARTESIAN_POINT('',(-15.,61.,77.5));
#6822=CARTESIAN_POINT('',(-15.,56.,77.5));
#6823=CARTESIAN_POINT('',(-15.,88.,77.5));
#6824=CARTESIAN_POINT('',(-15.,56.,77.5));
#6825=CARTESIAN_POINT('Origin',(15.,56.,77.5));
#6826=CARTESIAN_POINT('',(15.,56.,72.5));
#6827=CARTESIAN_POINT('',(7.50000000000002,56.,72.5));
#6828=CARTESIAN_POINT('',(15.,56.,77.5));
#6829=CARTESIAN_POINT('',(7.50000000000002,56.,77.5));
#6830=CARTESIAN_POINT('',(15.,56.,77.5));
#6831=CARTESIAN_POINT('Origin',(15.,61.,77.5));
#6832=CARTESIAN_POINT('',(15.,61.,72.5));
#6833=CARTESIAN_POINT('',(15.,90.5,72.5));
#6834=CARTESIAN_POINT('',(15.,61.,77.5));
#6835=CARTESIAN_POINT('',(15.,90.5,77.5));
#6836=CARTESIAN_POINT('',(15.,61.,77.5));
#6837=CARTESIAN_POINT('Origin',(-15.,61.,77.5));
#6838=CARTESIAN_POINT('',(-7.49999999999998,61.,72.5));
#6839=CARTESIAN_POINT('',(-7.49999999999998,61.,77.5));
#6840=CARTESIAN_POINT('Origin',(-15.,97.,77.5));
#6841=CARTESIAN_POINT('',(-15.,102.,72.5));
#6842=CARTESIAN_POINT('',(-15.,97.,72.5));
#6843=CARTESIAN_POINT('',(-15.,108.5,72.5));
#6844=CARTESIAN_POINT('',(-15.,102.,77.5));
#6845=CARTESIAN_POINT('',(-15.,102.,77.5));
#6846=CARTESIAN_POINT('',(-15.,97.,77.5));
#6847=CARTESIAN_POINT('',(-15.,108.5,77.5));
#6848=CARTESIAN_POINT('',(-15.,97.,77.5));
#6849=CARTESIAN_POINT('Origin',(15.,97.,77.5));
#6850=CARTESIAN_POINT('',(15.,97.,72.5));
#6851=CARTESIAN_POINT('',(7.50000000000002,97.,72.5));
#6852=CARTESIAN_POINT('',(15.,97.,77.5));
#6853=CARTESIAN_POINT('',(7.50000000000002,97.,77.5));
#6854=CARTESIAN_POINT('',(15.,97.,77.5));
#6855=CARTESIAN_POINT('Origin',(15.,102.,77.5));
#6856=CARTESIAN_POINT('',(15.,102.,72.5));
#6857=CARTESIAN_POINT('',(15.,111.,72.5));
#6858=CARTESIAN_POINT('',(15.,102.,77.5));
#6859=CARTESIAN_POINT('',(15.,111.,77.5));
#6860=CARTESIAN_POINT('',(15.,102.,77.5));
#6861=CARTESIAN_POINT('Origin',(-15.,102.,77.5));
#6862=CARTESIAN_POINT('',(-7.49999999999998,102.,72.5));
#6863=CARTESIAN_POINT('',(-7.49999999999998,102.,77.5));
#6864=CARTESIAN_POINT('Origin',(-15.,220.,77.5));
#6865=CARTESIAN_POINT('',(-15.,225.,72.5));
#6866=CARTESIAN_POINT('',(-15.,220.,72.5));
#6867=CARTESIAN_POINT('',(-15.,170.,72.5));
#6868=CARTESIAN_POINT('',(-15.,225.,77.5));
#6869=CARTESIAN_POINT('',(-15.,225.,77.5));
#6870=CARTESIAN_POINT('',(-15.,220.,77.5));
#6871=CARTESIAN_POINT('',(-15.,170.,77.5));
#6872=CARTESIAN_POINT('',(-15.,220.,77.5));
#6873=CARTESIAN_POINT('Origin',(15.,220.,77.5));
#6874=CARTESIAN_POINT('',(15.,220.,72.5));
#6875=CARTESIAN_POINT('',(7.50000000000002,220.,72.5));
#6876=CARTESIAN_POINT('',(15.,220.,77.5));
#6877=CARTESIAN_POINT('',(7.50000000000002,220.,77.5));
#6878=CARTESIAN_POINT('',(15.,220.,77.5));
#6879=CARTESIAN_POINT('Origin',(15.,225.,77.5));
#6880=CARTESIAN_POINT('',(15.,225.,72.5));
#6881=CARTESIAN_POINT('',(15.,172.5,72.5));
#6882=CARTESIAN_POINT('',(15.,225.,77.5));
#6883=CARTESIAN_POINT('',(15.,172.5,77.5));
#6884=CARTESIAN_POINT('',(15.,225.,77.5));
#6885=CARTESIAN_POINT('Origin',(-15.,225.,77.5));
#6886=CARTESIAN_POINT('',(-7.49999999999998,225.,72.5));
#6887=CARTESIAN_POINT('',(-7.49999999999998,225.,77.5));
#6888=CARTESIAN_POINT('Origin',(20.,225.,77.5));
#6889=CARTESIAN_POINT('',(25.,225.,72.5));
#6890=CARTESIAN_POINT('',(20.,225.,72.5));
#6891=CARTESIAN_POINT('',(10.,225.,72.5));
#6892=CARTESIAN_POINT('',(25.,225.,77.5));
#6893=CARTESIAN_POINT('',(25.,225.,77.5));
#6894=CARTESIAN_POINT('',(20.,225.,77.5));
#6895=CARTESIAN_POINT('',(10.,225.,77.5));
#6896=CARTESIAN_POINT('',(20.,225.,77.5));
#6897=CARTESIAN_POINT('Origin',(20.,125.,77.5));
#6898=CARTESIAN_POINT('',(20.,125.,72.5));
#6899=CARTESIAN_POINT('',(20.,122.5,72.5));
#6900=CARTESIAN_POINT('',(20.,125.,77.5));
#6901=CARTESIAN_POINT('',(20.,122.5,77.5));
#6902=CARTESIAN_POINT('',(20.,125.,77.5));
#6903=CARTESIAN_POINT('Origin',(25.,125.,77.5));
#6904=CARTESIAN_POINT('',(25.,125.,72.5));
#6905=CARTESIAN_POINT('',(12.5,125.,72.5));
#6906=CARTESIAN_POINT('',(25.,125.,77.5));
#6907=CARTESIAN_POINT('',(12.5,125.,77.5));
#6908=CARTESIAN_POINT('',(25.,125.,77.5));
#6909=CARTESIAN_POINT('Origin',(25.,225.,77.5));
#6910=CARTESIAN_POINT('',(25.,172.5,72.5));
#6911=CARTESIAN_POINT('',(25.,172.5,77.5));
#6912=CARTESIAN_POINT('Origin',(-15.,138.,77.5));
#6913=CARTESIAN_POINT('',(-15.,143.,72.5));
#6914=CARTESIAN_POINT('',(-15.,138.,72.5));
#6915=CARTESIAN_POINT('',(-15.,129.,72.5));
#6916=CARTESIAN_POINT('',(-15.,143.,77.5));
#6917=CARTESIAN_POINT('',(-15.,143.,77.5));
#6918=CARTESIAN_POINT('',(-15.,138.,77.5));
#6919=CARTESIAN_POINT('',(-15.,129.,77.5));
#6920=CARTESIAN_POINT('',(-15.,138.,77.5));
#6921=CARTESIAN_POINT('Origin',(15.,138.,77.5));
#6922=CARTESIAN_POINT('',(15.,138.,72.5));
#6923=CARTESIAN_POINT('',(7.50000000000002,138.,72.5));
#6924=CARTESIAN_POINT('',(15.,138.,77.5));
#6925=CARTESIAN_POINT('',(7.50000000000002,138.,77.5));
#6926=CARTESIAN_POINT('',(15.,138.,77.5));
#6927=CARTESIAN_POINT('Origin',(15.,143.,77.5));
#6928=CARTESIAN_POINT('',(15.,143.,72.5));
#6929=CARTESIAN_POINT('',(15.,131.5,72.5));
#6930=CARTESIAN_POINT('',(15.,143.,77.5));
#6931=CARTESIAN_POINT('',(15.,131.5,77.5));
#6932=CARTESIAN_POINT('',(15.,143.,77.5));
#6933=CARTESIAN_POINT('Origin',(-15.,143.,77.5));
#6934=CARTESIAN_POINT('',(-7.49999999999998,143.,72.5));
#6935=CARTESIAN_POINT('',(-7.49999999999998,143.,77.5));
#6936=CARTESIAN_POINT('Origin',(15.,15.,77.5));
#6937=CARTESIAN_POINT('',(-15.,15.,72.5));
#6938=CARTESIAN_POINT('',(15.,15.,72.5));
#6939=CARTESIAN_POINT('',(7.50000000000002,15.,72.5));
#6940=CARTESIAN_POINT('',(-15.,15.,77.5));
#6941=CARTESIAN_POINT('',(-15.,15.,77.5));
#6942=CARTESIAN_POINT('',(15.,15.,77.5));
#6943=CARTESIAN_POINT('',(7.50000000000002,15.,77.5));
#6944=CARTESIAN_POINT('',(15.,15.,77.5));
#6945=CARTESIAN_POINT('Origin',(15.,20.,77.5));
#6946=CARTESIAN_POINT('',(15.,20.,72.5));
#6947=CARTESIAN_POINT('',(15.,70.,72.5));
#6948=CARTESIAN_POINT('',(15.,20.,77.5));
#6949=CARTESIAN_POINT('',(15.,70.,77.5));
#6950=CARTESIAN_POINT('',(15.,20.,77.5));
#6951=CARTESIAN_POINT('Origin',(-15.,20.,77.5));
#6952=CARTESIAN_POINT('',(-15.,20.,72.5));
#6953=CARTESIAN_POINT('',(-7.49999999999998,20.,72.5));
#6954=CARTESIAN_POINT('',(-15.,20.,77.5));
#6955=CARTESIAN_POINT('',(-7.49999999999998,20.,77.5));
#6956=CARTESIAN_POINT('',(-15.,20.,77.5));
#6957=CARTESIAN_POINT('Origin',(-15.,15.,77.5));
#6958=CARTESIAN_POINT('',(-15.,67.5,72.5));
#6959=CARTESIAN_POINT('',(-15.,67.5,77.5));
#6960=CARTESIAN_POINT('Origin',(-50.,-2.5,82.5));
#6961=CARTESIAN_POINT('',(-48.75,-2.5,72.5));
#6962=CARTESIAN_POINT('Origin',(-50.,-2.5,72.5));
#6963=CARTESIAN_POINT('',(-48.75,-2.5,77.5));
#6964=CARTESIAN_POINT('',(-48.75,-2.5,82.5));
#6965=CARTESIAN_POINT('Origin',(-50.,-2.5,77.5));
#6966=CARTESIAN_POINT('Origin',(50.,242.5,82.5));
#6967=CARTESIAN_POINT('',(51.25,242.5,72.5));
#6968=CARTESIAN_POINT('Origin',(50.,242.5,72.5));
#6969=CARTESIAN_POINT('',(51.25,242.5,77.5));
#6970=CARTESIAN_POINT('',(51.25,242.5,82.5));
#6971=CARTESIAN_POINT('Origin',(50.,242.5,77.5));
#6972=CARTESIAN_POINT('Origin',(-50.,242.5,82.5));
#6973=CARTESIAN_POINT('',(-48.75,242.5,72.5));
#6974=CARTESIAN_POINT('Origin',(-50.,242.5,72.5));
#6975=CARTESIAN_POINT('',(-48.75,242.5,77.5));
#6976=CARTESIAN_POINT('',(-48.75,242.5,82.5));
#6977=CARTESIAN_POINT('Origin',(-50.,242.5,77.5));
#6978=CARTESIAN_POINT('Origin',(50.,-2.5,82.5));
#6979=CARTESIAN_POINT('',(51.25,-2.5,72.5));
#6980=CARTESIAN_POINT('Origin',(50.,-2.5,72.5));
#6981=CARTESIAN_POINT('',(51.25,-2.5,77.5));
#6982=CARTESIAN_POINT('',(51.25,-2.5,82.5));
#6983=CARTESIAN_POINT('Origin',(50.,-2.5,77.5));
#6984=CARTESIAN_POINT('Origin',(-59.5,245.,72.5));
#6985=CARTESIAN_POINT('',(-59.5,-5.00000000000001,72.5));
#6986=CARTESIAN_POINT('',(-59.5,245.,72.5));
#6987=CARTESIAN_POINT('',(-59.5,-5.00000000000001,72.5));
#6988=CARTESIAN_POINT('',(-59.5,-5.00000000000001,77.5));
#6989=CARTESIAN_POINT('',(-59.5,-5.00000000000001,72.5));
#6990=CARTESIAN_POINT('',(-59.5,245.,77.5));
#6991=CARTESIAN_POINT('',(-59.5,-5.00000000000001,77.5));
#6992=CARTESIAN_POINT('',(-59.5,245.,72.5));
#6993=CARTESIAN_POINT('Origin',(59.5,245.,72.5));
#6994=CARTESIAN_POINT('',(59.5,245.,72.5));
#6995=CARTESIAN_POINT('',(-59.5,245.,72.5));
#6996=CARTESIAN_POINT('',(59.5,245.,77.5));
#6997=CARTESIAN_POINT('',(-59.5,245.,77.5));
#6998=CARTESIAN_POINT('',(59.5,245.,72.5));
#6999=CARTESIAN_POINT('Origin',(59.5,-5.,72.5));
#7000=CARTESIAN_POINT('',(59.5,-5.00000000000001,72.5));
#7001=CARTESIAN_POINT('',(59.5,245.,72.5));
#7002=CARTESIAN_POINT('',(59.5,-5.00000000000001,77.5));
#7003=CARTESIAN_POINT('',(59.5,245.,77.5));
#7004=CARTESIAN_POINT('',(59.5,-5.00000000000001,72.5));
#7005=CARTESIAN_POINT('Origin',(-59.5,-5.00000000000001,72.5));
#7006=CARTESIAN_POINT('',(59.5,-5.00000000000001,72.5));
#7007=CARTESIAN_POINT('',(59.5,-5.00000000000001,77.5));
#7008=CARTESIAN_POINT('Origin',(2.66453525910038E-14,120.,77.5));
#7009=CARTESIAN_POINT('Origin',(2.66453525910038E-14,120.,72.5));
#7010=UNCERTAINTY_MEASURE_WITH_UNIT(LENGTH_MEASURE(0.01),#7014,
'DISTANCE_ACCURACY_VALUE',
'Maximum model space distance between geometric entities at asserted c
onnectivities');
#7011=UNCERTAINTY_MEASURE_WITH_UNIT(LENGTH_MEASURE(0.01),#7014,
'DISTANCE_ACCURACY_VALUE',
'Maximum model space distance between geometric entities at asserted c
onnectivities');
#7012=(
GEOMETRIC_REPRESENTATION_CONTEXT(3)
GLOBAL_UNCERTAINTY_ASSIGNED_CONTEXT((#7010))
GLOBAL_UNIT_ASSIGNED_CONTEXT((#7014,#7016,#7017))
REPRESENTATION_CONTEXT('','3D')
);
#7013=(
GEOMETRIC_REPRESENTATION_CONTEXT(3)
GLOBAL_UNCERTAINTY_ASSIGNED_CONTEXT((#7011))
GLOBAL_UNIT_ASSIGNED_CONTEXT((#7014,#7016,#7017))
REPRESENTATION_CONTEXT('','3D')
);
#7014=(
LENGTH_UNIT()
NAMED_UNIT(*)
SI_UNIT(.MILLI.,.METRE.)
);
#7015=(
LENGTH_UNIT()
NAMED_UNIT(*)
SI_UNIT($,.METRE.)
);
#7016=(
NAMED_UNIT(*)
PLANE_ANGLE_UNIT()
SI_UNIT($,.RADIAN.)
);
#7017=(
NAMED_UNIT(*)
SI_UNIT($,.STERADIAN.)
SOLID_ANGLE_UNIT()
);
#7018=SHAPE_DEFINITION_REPRESENTATION(#7019,#7020);
#7019=PRODUCT_DEFINITION_SHAPE('',$,#7022);
#7020=SHAPE_REPRESENTATION('',(#4430),#7012);
#7021=PRODUCT_DEFINITION_CONTEXT('part definition',#7026,'design');
#7022=PRODUCT_DEFINITION('V4','V4 v6',#7023,#7021);
#7023=PRODUCT_DEFINITION_FORMATION('',$,#7028);
#7024=PRODUCT_RELATED_PRODUCT_CATEGORY('V4 v6','V4 v6',(#7028));
#7025=APPLICATION_PROTOCOL_DEFINITION('international standard',
'automotive_design',2009,#7026);
#7026=APPLICATION_CONTEXT(
'Core Data for Automotive Mechanical Design Process');
#7027=PRODUCT_CONTEXT('part definition',#7026,'mechanical');
#7028=PRODUCT('V4','V4 v6',$,(#7027));
#7029=PRESENTATION_STYLE_ASSIGNMENT((#7030));
#7030=SURFACE_STYLE_USAGE(.BOTH.,#7031);
#7031=SURFACE_SIDE_STYLE('',(#7032));
#7032=SURFACE_STYLE_FILL_AREA(#7033);
#7033=FILL_AREA_STYLE('Steel - Satin',(#7034));
#7034=FILL_AREA_STYLE_COLOUR('Steel - Satin',#7035);
#7035=COLOUR_RGB('Steel - Satin',0.627450980392157,0.627450980392157,0.627450980392157);
ENDSEC;
END-ISO-10303-21;
