timeInstance, accX, accY, accZ, gyroX, gyroY, gyroZ, temp
2443640, 0.020752, -0.016602, 0.918213, 2.134146, -1.036585, -0.182927, 33.047646
2445274, 0.023438, -0.020752, 0.919189, 2.256098, -1.097561, -0.243902, 33.188824
2446907, 0.014893, -0.015869, 0.918701, 2.012195, -1.219512, -0.121951, 33.141762
2448541, 0.021973, -0.015381, 0.915771, 2.195122, -1.097561, -0.121951, 33.188824
2450174, 0.014648, -0.019531, 0.918213, 2.317073, -1.158537, -0.243902, 33.141762
2451808, 0.014160, -0.014648, 0.915771, 2.134146, -1.158537, -0.182927, 33.094704
2453441, 0.023682, -0.017822, 0.922119, 2.378049, -1.219512, -0.304878, 33.141762
2455074, 0.017822, -0.016357, 0.912354, 2.195122, -1.158537, -0.304878, 33.094704
2456708, 0.015625, -0.015381, 0.917725, 2.134146, -1.158537, -0.060976, 33.141762
2458341, 0.022705, -0.017822, 0.913086, 2.134146, -1.097561, -0.243902, 33.188824
2459975, 0.024170, -0.014648, 0.921875, 2.134146, -1.219512, -0.365854, 33.141762
2461615, 0.014160, -0.014404, 0.918701, 2.134146, -1.158537, -0.365854, 33.141762
2463248, 0.021240, -0.016602, 0.912842, 2.378049, -0.975610, -0.365854, 33.188824
2464882, 0.021240, -0.016846, 0.916992, 2.317073, -1.219512, -0.304878, 33.141762
2466515, 0.021240, -0.017578, 0.911377, 2.317073, -0.975610, -0.182927, 33.094704
2468149, 0.009277, -0.015625, 0.916504, 2.073171, -1.036585, -0.060976, 33.235882
2469782, 0.021973, -0.014404, 0.912354, 2.195122, -1.097561, -0.243902, 33.094704
2471416, 0.013672, -0.015625, 0.914307, 2.317073, -1.158537, -0.365854, 33.094704
2473049, 0.023438, -0.017578, 0.917480, 2.134146, -1.097561, -0.121951, 33.188824
2474682, 0.022461, -0.018555, 0.909668, 1.951220, -0.975610, -0.365854, 33.047646
2476316, 0.014160, -0.013916, 0.911621, 2.256098, -1.158537, -0.182927, 33.094704
2477949, 0.020020, -0.013672, 0.910156, 2.317073, -1.158537, -0.182927, 33.047646
2479583, 0.017334, -0.017334, 0.907959, 2.195122, -1.036585, -0.365854, 33.094704
2481216, 0.017822, -0.009521, 0.906738, 2.134146, -0.914634, -0.121951, 33.047646
2482849, 0.019775, -0.014648, 0.928955, 2.317073, -1.158537, -0.182927, 33.094704
2484483, 0.018799, -0.013672, 0.912842, 2.195122, -1.280488, -0.243902, 33.141762
2486117, 0.018555, -0.020996, 0.916748, 2.073171, -0.975610, -0.304878, 33.188824
2487751, 0.015625, -0.013428, 0.921875, 2.256098, -1.036585, -0.426829, 33.141762
2489384, 0.018066, -0.014648, 0.919922, 2.256098, -1.219512, -0.060976, 33.188824
2491007, 0.019287, -0.016846, 0.908203, 2.195122, -1.097561, -0.060976, 33.094704
2492641, 0.017822, -0.009277, 0.908936, 2.256098, -1.097561, -0.121951, 33.141762
2494274, 0.022461, -0.013184, 0.910645, 2.073171, -1.097561, -0.182927, 33.094704
2495908, 0.020996, -0.019043, 0.912354, 2.073171, -0.853659, -0.487805, 33.141762
2497541, 0.018066, -0.016357, 0.907715, 2.256098, -1.036585, -0.365854, 33.094704
2499174, 0.021484, -0.019531, 0.907471, 2.134146, -1.097561, -0.304878, 33.141762
2500808, 0.019775, -0.015381, 0.915771, 2.073171, -1.219512, -0.060976, 33.094704
2502441, 0.026123, -0.012695, 0.922607, 2.195122, -1.280488, -0.121951, 33.094704
2504075, 0.021973, -0.019531, 0.916504, 2.256098, -1.097561, -0.182927, 33.094704
2505708, 0.021729, -0.017090, 0.916260, 2.134146, -0.975610, -0.243902, 33.047646
2507341, 0.017334, -0.020508, 0.908936, 2.134146, -1.036585, -0.182927, 33.188824
2508975, 0.017334, -0.009766, 0.919678, 2.256098, -1.036585, -0.304878, 33.047646
2510615, 0.023193, -0.013916, 0.916260, 2.012195, -1.280488, -0.426829, 33.000587
2512248, 0.016113, -0.015625, 0.914795, 2.073171, -1.097561, -0.304878, 33.047646
2513882, 0.014893, -0.019531, 0.910400, 2.256098, -0.975610, -0.243902, 33.094704
2515516, 0.020996, -0.014893, 0.915283, 2.073171, -1.097561, -0.243902, 33.047646
2517149, 0.014893, -0.017822, 0.911133, 2.073171, -1.036585, -0.060976, 33.094704
2518782, 0.023438, -0.018311, 0.915771, 2.256098, -1.280488, -0.182927, 33.141762
2520416, 0.019531, -0.021484, 0.921875, 2.317073, -1.158537, 0.000000, 33.094704
2522049, 0.021484, -0.015869, 0.914307, 2.134146, -0.975610, -0.121951, 33.188824
2523683, 0.020264, -0.012695, 0.908936, 2.195122, -1.158537, -0.121951, 33.047646
2525316, 0.016113, -0.016602, 0.919189, 2.195122, -1.036585, -0.060976, 33.188824
2526949, 0.023193, -0.013428, 0.922119, 2.134146, -1.097561, -0.060976, 33.235882
2528583, 0.018311, -0.020020, 0.913818, 2.378049, -1.158537, -0.121951, 33.094704
2530216, 0.022949, -0.019531, 0.915771, 2.195122, -0.975610, -0.182927, 33.141762
2531850, 0.026611, -0.020996, 0.922363, 2.256098, -1.036585, -0.365854, 33.188824
2533483, 0.018799, -0.018066, 0.922852, 2.073171, -0.914634, -0.182927, 33.047646
2535117, 0.022217, -0.026123, 0.917969, 2.134146, -1.219512, -0.121951, 33.188824
2536751, 0.020508, -0.011963, 0.916016, 2.134146, -1.280488, -0.304878, 33.047646
2538384, 0.023682, -0.012939, 0.910156, 2.073171, -1.036585, -0.304878, 33.094704
2540007, 0.020020, -0.010742, 0.912354, 2.195122, -0.975610, -0.060976, 33.047646
2541641, 0.020752, -0.015625, 0.915771, 2.134146, -0.914634, -0.121951, 33.188824
2543274, 0.020752, -0.018066, 0.909424, 2.195122, -1.158537, -0.121951, 33.141762
2544908, 0.018799, -0.015869, 0.913330, 2.317073, -1.036585, -0.121951, 33.188824
2546541, 0.022217, -0.013672, 0.918701, 2.195122, -1.219512, -0.121951, 33.141762
2548174, 0.022705, -0.012207, 0.915771, 2.256098, -0.853659, -0.243902, 33.094704
2549808, 0.024170, -0.019043, 0.914551, 2.195122, -1.158537, -0.060976, 33.047646
2551441, 0.025391, -0.015625, 0.905762, 2.073171, -1.097561, -0.243902, 33.094704
2553075, 0.019775, -0.015137, 0.921631, 2.134146, -1.158537, -0.121951, 33.094704
2554708, 0.022217, -0.016113, 0.913818, 2.134146, -1.280488, -0.182927, 33.047646
2556341, 0.024658, -0.021729, 0.916260, 2.134146, -1.219512, -0.243902, 33.094704
2557975, 0.020264, -0.013916, 0.905273, 2.134146, -1.158537, -0.243902, 33.047646
2559615, 0.015869, -0.017334, 0.918945, 2.012195, -1.158537, -0.365854, 33.094704
2561248, 0.016846, -0.018066, 0.908203, 2.195122, -1.280488, -0.304878, 33.141762
2562882, 0.017578, -0.016602, 0.918945, 2.195122, -0.975610, -0.121951, 33.094704
2564516, 0.023682, -0.018066, 0.913086, 1.951220, -0.975610, -0.121951, 33.141762
2566149, 0.021973, -0.016846, 0.921875, 2.134146, -1.158537, -0.243902, 33.094704
2567782, 0.020996, -0.012451, 0.917480, 2.317073, -1.158537, -0.243902, 33.047646
2569416, 0.011230, -0.014893, 0.914551, 2.317073, -1.097561, -0.304878, 33.094704
2571049, 0.021484, -0.019043, 0.920166, 2.012195, -0.975610, -0.304878, 33.235882
2572683, 0.023682, -0.013428, 0.917480, 2.195122, -1.097561, -0.365854, 33.094704
2574316, 0.023438, -0.017578, 0.921631, 2.134146, -0.975610, -0.182927, 33.141762
2575949, 0.019775, -0.014404, 0.920654, 2.195122, -1.158537, -0.304878, 33.094704
2577583, 0.020508, -0.010986, 0.916748, 2.073171, -1.219512, -0.182927, 33.141762
2579216, 0.017334, -0.010254, 0.903809, 2.256098, -0.975610, -0.060976, 33.047646
2580850, 0.019287, -0.015381, 0.920654, 2.134146, -0.914634, -0.243902, 33.094704
2582483, 0.023193, -0.016357, 0.908203, 2.439024, -1.036585, -0.243902, 33.094704
2584117, 0.021484, -0.016602, 0.920166, 2.195122, -1.158537, -0.121951, 33.094704
2585751, 0.019287, -0.016846, 0.902100, 1.951220, -1.158537, -0.243902, 33.141762
2587384, 0.022461, -0.014160, 0.907471, 2.134146, -1.341463, -0.304878, 33.094704
2589007, 0.022949, -0.013428, 0.922363, 2.256098, -1.036585, 0.000000, 33.047646
2590641, 0.020752, -0.020020, 0.910400, 2.195122, -1.036585, -0.182927, 33.094704
2592274, 0.023438, -0.016602, 0.910889, 2.134146, -0.914634, 0.000000, 33.141762
2593908, 0.017334, -0.011719, 0.908691, 2.256098, -1.036585, -0.304878, 33.188824
2595541, 0.021240, -0.015381, 0.910645, 2.134146, -1.097561, -0.304878, 33.141762
2597174, 0.017578, -0.018555, 0.918945, 2.073171, -1.036585, -0.182927, 33.094704
2598808, 0.021240, -0.019287, 0.910889, 2.134146, -1.036585, -0.304878, 33.141762
2600441, 0.017578, -0.021729, 0.918701, 2.317073, -1.036585, -0.243902, 33.094704
2602075, 0.017090, -0.009766, 0.919678, 2.256098, -1.219512, -0.182927, 33.047646
2603708, 0.020996, -0.016846, 0.906494, 2.073171, -1.097561, -0.182927, 33.094704
2605341, 0.023926, -0.020264, 0.915771, 2.256098, -1.158537, -0.365854, 33.141762
2606975, 0.014648, -0.020508, 0.909668, 2.256098, -0.975610, -0.365854, 33.094704
2608615, 0.021484, -0.025391, 0.916260, 2.134146, -0.975610, -0.182927, 33.094704
2610248, 0.014893, -0.021729, 0.916748, 2.134146, -1.219512, -0.182927, 33.141762
2611882, 0.012939, -0.010742, 0.910400, 2.195122, -1.158537, -0.243902, 33.188824
2613516, 0.024170, -0.012695, 0.913818, 2.195122, -1.036585, -0.243902, 33.094704
2615149, 0.016357, -0.018799, 0.912598, 2.317073, -1.097561, -0.365854, 33.094704
2616782, 0.013672, -0.013672, 0.913086, 2.195122, -1.158537, -0.182927, 33.047646
2618416, 0.013428, -0.013916, 0.911865, 2.073171, -1.219512, -0.121951, 33.094704
2620049, 0.021484, -0.012695, 0.915283, 2.134146, -1.097561, -0.304878, 33.141762
2621683, 0.016846, -0.017090, 0.922363, 2.317073, -1.280488, -0.365854, 33.094704
2623316, 0.018066, -0.014893, 0.911865, 2.134146, -1.097561, -0.243902, 33.141762
2624949, 0.020508, -0.019287, 0.918457, 2.073171, -0.914634, -0.365854, 33.094704
2626583, 0.026611, -0.015137, 0.917725, 2.256098, -1.036585, -0.060976, 33.141762
2628216, 0.020264, -0.014404, 0.914795, 2.195122, -0.914634, -0.304878, 33.094704
2629850, 0.018311, -0.019287, 0.913086, 1.951220, -1.158537, -0.304878, 33.047646
2631483, 0.015137, -0.019531, 0.917725, 2.195122, -1.036585, -0.060976, 33.094704
2633117, 0.021484, -0.020996, 0.915039, 2.195122, -1.158537, -0.365854, 33.047646
2634751, 0.018066, -0.017334, 0.907959, 2.195122, -1.280488, -0.365854, 33.094704
2636384, 0.014648, -0.017090, 0.916016, 2.195122, -1.036585, -0.121951, 33.141762
2638007, 0.017334, -0.016846, 0.911133, 2.378049, -0.975610, -0.121951, 33.141762
2639641, 0.019043, -0.014160, 0.918213, 2.256098, -0.975610, -0.365854, 33.094704
2641274, 0.012695, -0.015137, 0.911377, 2.195122, -1.280488, -0.304878, 33.047646
2642908, 0.021973, -0.015625, 0.910156, 2.134146, -1.219512, -0.304878, 33.188824
2644541, 0.022461, -0.017578, 0.912354, 2.134146, -1.036585, -0.243902, 33.094704
2646174, 0.022461, -0.011475, 0.921387, 2.073171, -1.036585, -0.243902, 33.094704
2647808, 0.019043, -0.012207, 0.919678, 2.317073, -0.853659, -0.182927, 33.047646
2649441, 0.021484, -0.018311, 0.912598, 2.073171, -1.219512, -0.182927, 33.094704
2651075, 0.018311, -0.010742, 0.909912, 2.134146, -1.097561, -0.365854, 33.141762
2652708, 0.018066, -0.015137, 0.910645, 2.073171, -1.280488, -0.243902, 33.188824
2654341, 0.018311, -0.015869, 0.916260, 2.073171, -0.792683, -0.060976, 33.047646
2655975, 0.023438, -0.017822, 0.909912, 2.195122, -0.975610, -0.121951, 33.188824
2657615, 0.012451, -0.015381, 0.912842, 2.317073, -1.158537, -0.060976, 33.235882
2659248, 0.016357, -0.017822, 0.916748, 2.256098, -1.219512, -0.243902, 33.094704
2660882, 0.021240, -0.018799, 0.910156, 2.134146, -0.914634, -0.243902, 33.141762
2662516, 0.019775, -0.020752, 0.912354, 2.134146, -1.158537, -0.182927, 33.094704
2664149, 0.018555, -0.014648, 0.916748, 2.134146, -1.036585, -0.426829, 33.141762
2665782, 0.018066, -0.020752, 0.914551, 2.256098, -1.036585, -0.243902, 33.188824
2667416, 0.020508, -0.016846, 0.910400, 1.951220, -1.036585, -0.121951, 33.094704
2669049, 0.019531, -0.011230, 0.919434, 1.829268, -1.280488, -0.121951, 33.047646
2670683, 0.017334, -0.013672, 0.912598, 2.073171, -1.219512, -0.243902, 33.094704
2672316, 0.019775, -0.011719, 0.913574, 2.317073, -1.097561, -0.243902, 33.141762
2673949, 0.020264, -0.011963, 0.918945, 2.073171, -1.158537, -0.304878, 33.094704
2675583, 0.021973, -0.013672, 0.917236, 1.951220, -1.158537, -0.365854, 33.094704
2677216, 0.020264, -0.021240, 0.920654, 2.134146, -0.914634, -0.304878, 33.094704
2678850, 0.018066, -0.009766, 0.907227, 2.256098, -1.036585, -0.243902, 33.141762
2680483, 0.016846, -0.013916, 0.916504, 2.256098, -1.036585, -0.182927, 33.188824
2682117, 0.023926, -0.015625, 0.911865, 2.256098, -1.219512, -0.182927, 33.047646
2683751, 0.018066, -0.013672, 0.908936, 2.073171, -1.097561, 0.060976, 33.094704
2685384, 0.019775, -0.013428, 0.913574, 2.073171, -0.975610, -0.182927, 33.141762
2687007, 0.025879, -0.016357, 0.916016, 2.378049, -1.097561, 0.000000, 33.094704
2688641, 0.022461, -0.011963, 0.908691, 2.195122, -1.219512, -0.121951, 33.047646
2690274, 0.018799, -0.015137, 0.916504, 2.195122, -1.097561, -0.365854, 33.094704
2691908, 0.018311, -0.010986, 0.923828, 2.195122, -0.975610, -0.304878, 33.047646
2693541, 0.023926, -0.018555, 0.918213, 2.134146, -0.914634, -0.121951, 33.094704
2695174, 0.020264, -0.016846, 0.910400, 2.073171, -1.036585, -0.304878, 33.141762
2696808, 0.019531, -0.016113, 0.916504, 2.195122, -1.097561, -0.121951, 33.094704
2698441, 0.017578, -0.020508, 0.911865, 2.378049, -1.158537, -0.304878, 33.094704
2700075, 0.020264, -0.021240, 0.912598, 2.195122, -1.158537, -0.182927, 33.141762
2701708, 0.019287, -0.015625, 0.927246, 2.256098, -0.975610, -0.182927, 33.094704
2703341, 0.019531, -0.017334, 0.919434, 2.195122, -1.036585, -0.182927, 33.047646
2704975, 0.023438, -0.013428, 0.913086, 2.195122, -1.036585, -0.243902, 33.094704
2706615, 0.020020, -0.012695, 0.904053, 2.195122, -1.036585, -0.243902, 33.094704
2708248, 0.021729, -0.021729, 0.909668, 2.256098, -0.914634, -0.060976, 33.094704
2709882, 0.017090, -0.016113, 0.911133, 2.195122, -1.097561, -0.121951, 33.141762
2711516, 0.019287, -0.017090, 0.913086, 2.256098, -1.036585, -0.426829, 33.188824
2713149, 0.022949, -0.013428, 0.913818, 2.195122, -1.158537, -0.243902, 33.141762
2714782, 0.022949, -0.017334, 0.916016, 2.256098, -0.975610, -0.243902, 33.188824
2716416, 0.027588, -0.016602, 0.913330, 2.256098, -0.975610, -0.182927, 33.047646
2718049, 0.020020, -0.013428, 0.911133, 2.195122, -1.158537, -0.182927, 33.188824
2719683, 0.020020, -0.013428, 0.910400, 2.195122, -1.036585, -0.182927, 33.141762
2721316, 0.019531, -0.016846, 0.912598, 2.195122, -1.158537, -0.182927, 33.094704
2722949, 0.018799, -0.016602, 0.912598, 2.134146, -1.036585, -0.182927, 33.047646
2724583, 0.018555, -0.016357, 0.908447, 2.073171, -1.097561, -0.182927, 33.094704
2726216, 0.018555, -0.015869, 0.915527, 2.256098, -1.036585, 0.000000, 33.094704
2727850, 0.020752, -0.017578, 0.914062, 2.134146, -1.158537, 0.000000, 33.141762
2729483, 0.015869, -0.015625, 0.919434, 2.012195, -1.097561, -0.243902, 33.094704
2731117, 0.022949, -0.016602, 0.911621, 2.195122, -0.975610, -0.182927, 33.141762
2732751, 0.019775, -0.013672, 0.920410, 2.195122, -1.097561, -0.182927, 33.094704
2734384, 0.025391, -0.012939, 0.915283, 2.256098, -1.280488, -0.121951, 33.141762
2736007, 0.020508, -0.021729, 0.916504, 2.012195, -1.158537, -0.121951, 33.094704
2737641, 0.019043, -0.017334, 0.913574, 2.012195, -1.219512, -0.243902, 33.188824
2739274, 0.014404, -0.017578, 0.918213, 2.256098, -1.036585, -0.243902, 33.094704
2740908, 0.022217, -0.017578, 0.922119, 2.195122, -1.036585, -0.304878, 33.047646
2742541, 0.021973, -0.017578, 0.916748, 2.256098, -1.219512, -0.182927, 33.000587
2744174, 0.016602, -0.013184, 0.914551, 2.256098, -1.158537, -0.243902, 33.047646
2745808, 0.018799, -0.013428, 0.914551, 2.195122, -1.036585, -0.304878, 33.094704
2747441, 0.017090, -0.014893, 0.916260, 2.073171, -1.219512, -0.121951, 33.047646
2749075, 0.020508, -0.013916, 0.913330, 2.073171, -1.341463, -0.243902, 33.188824
2750708, 0.025879, -0.019775, 0.914551, 2.195122, -1.219512, -0.243902, 33.141762
2752341, 0.021729, -0.014893, 0.910400, 2.256098, -1.036585, -0.182927, 33.188824
2753975, 0.022949, -0.016113, 0.917969, 2.195122, -1.097561, -0.304878, 33.141762
2755615, 0.019043, -0.013672, 0.910889, 2.134146, -1.097561, 0.121951, 33.094704
2757248, 0.023438, -0.011475, 0.926025, 2.073171, -1.158537, -0.121951, 33.094704
2758882, 0.018311, -0.012451, 0.910400, 2.195122, -1.219512, -0.243902, 33.141762
2760516, 0.015869, -0.014648, 0.909424, 2.317073, -1.219512, -0.060976, 33.094704
2762149, 0.021240, -0.017334, 0.909668, 2.134146, -1.158537, -0.182927, 33.141762
2763782, 0.024170, -0.014648, 0.915039, 2.195122, -0.975610, -0.182927, 33.094704
2765416, 0.017578, -0.014404, 0.914551, 2.378049, -0.792683, -0.243902, 33.141762
2767049, 0.019287, -0.019775, 0.912598, 2.317073, -1.036585, -0.121951, 33.094704
2768683, 0.025635, -0.017334, 0.913330, 2.134146, -1.158537, -0.243902, 33.141762
2770316, 0.016846, -0.013184, 0.916260, 1.951220, -1.158537, -0.243902, 33.000587
2771949, 0.020996, -0.013672, 0.911621, 2.134146, -1.158537, -0.182927, 33.141762
2773583, 0.016602, -0.016113, 0.908936, 2.134146, -0.914634, -0.060976, 33.188824
2775216, 0.014404, -0.016357, 0.909668, 2.134146, -0.914634, -0.243902, 33.047646
2776850, 0.015137, -0.020752, 0.914795, 2.012195, -0.975610, -0.182927, 33.094704
2778483, 0.015869, -0.020264, 0.906738, 2.073171, -0.853659, -0.182927, 33.141762
2780117, 0.019043, -0.016846, 0.912109, 2.256098, -1.158537, -0.243902, 33.094704
2781751, 0.018311, -0.011475, 0.919189, 2.195122, -1.097561, -0.243902, 33.141762
2783384, 0.023926, -0.010498, 0.927246, 2.195122, -0.914634, -0.182927, 33.141762
2785007, 0.016846, -0.014893, 0.916504, 2.134146, -1.036585, -0.060976, 33.094704
2786641, 0.018555, -0.018311, 0.916016, 2.195122, -1.036585, -0.243902, 33.188824
2788274, 0.023193, -0.018799, 0.917480, 2.195122, -1.036585, -0.304878, 33.094704
2789908, 0.020508, -0.015381, 0.913330, 2.134146, -1.158537, -0.121951, 33.141762
2791541, 0.020020, -0.012451, 0.917969, 2.073171, -1.097561, -0.121951, 33.094704
2793174, 0.015869, -0.013916, 0.917236, 2.134146, -1.036585, -0.304878, 33.141762
2794808, 0.017334, -0.011719, 0.910156, 2.195122, -0.853659, -0.304878, 33.188824
2796441, 0.017822, -0.014160, 0.923096, 2.134146, -1.036585, -0.182927, 33.141762
2798075, 0.017578, -0.009277, 0.916504, 2.012195, -1.158537, -0.304878, 33.094704
2799708, 0.019775, -0.015381, 0.912598, 2.073171, -1.158537, -0.243902, 33.141762
2801341, 0.023926, -0.016113, 0.906738, 2.317073, -1.158537, -0.121951, 33.094704
2802975, 0.020264, -0.017822, 0.913818, 2.134146, -1.219512, -0.182927, 33.047646
2804615, 0.023193, -0.014648, 0.910400, 2.195122, -1.036585, -0.182927, 33.188824
2806248, 0.018066, -0.015137, 0.918701, 2.134146, -0.853659, -0.121951, 33.141762
2807882, 0.018311, -0.020752, 0.915283, 2.073171, -1.219512, -0.182927, 33.094704
2809516, 0.018066, -0.015625, 0.911377, 1.951220, -1.280488, -0.182927, 33.141762
2811149, 0.022217, -0.016846, 0.911621, 2.256098, -1.036585, -0.243902, 33.188824
2812782, 0.020996, -0.018066, 0.917480, 2.195122, -1.097561, -0.365854, 33.047646
2814416, 0.020264, -0.017090, 0.913574, 2.195122, -1.158537, -0.182927, 33.141762
2816049, 0.016357, -0.015625, 0.913086, 2.073171, -1.158537, -0.121951, 33.188824
2817683, 0.018311, -0.012939, 0.908936, 2.195122, -0.975610, -0.182927, 33.188824
2819316, 0.021973, -0.013916, 0.920410, 2.317073, -1.097561, -0.182927, 33.094704
2820949, 0.023926, -0.014648, 0.907471, 2.012195, -1.036585, -0.121951, 33.141762
2822583, 0.020996, -0.018799, 0.915771, 2.073171, -1.036585, -0.121951, 33.094704
2824216, 0.017822, -0.011230, 0.924561, 2.256098, -1.036585, -0.060976, 33.047646
2825850, 0.020508, -0.019287, 0.916504, 2.195122, -1.158537, -0.182927, 33.094704
2827483, 0.021729, -0.013184, 0.917725, 2.073171, -1.036585, -0.060976, 33.141762
2829117, 0.017578, -0.014648, 0.915283, 2.195122, -0.975610, -0.060976, 33.094704
2830751, 0.021240, -0.016357, 0.916260, 2.378049, -1.097561, -0.121951, 33.141762
2832384, 0.020996, -0.015381, 0.915527, 2.317073, -1.097561, -0.060976, 33.094704
2834007, 0.012451, -0.019287, 0.912354, 2.134146, -1.036585, -0.243902, 33.047646
2835641, 0.017578, -0.016357, 0.914062, 2.073171, -1.036585, -0.243902, 33.094704
2837274, 0.021484, -0.019043, 0.912109, 2.012195, -1.036585, -0.182927, 33.047646
2838908, 0.023438, -0.018311, 0.909668, 2.134146, -0.975610, -0.182927, 33.094704
2840541, 0.020996, -0.013672, 0.915039, 2.317073, -1.036585, -0.182927, 33.141762
2842174, 0.023926, -0.010010, 0.911377, 2.317073, -1.097561, -0.304878, 33.188824
2843808, 0.015137, -0.008057, 0.911865, 2.256098, -1.036585, -0.365854, 33.141762
2845441, 0.016357, -0.011719, 0.912598, 2.134146, -0.914634, -0.182927, 33.141762
2847075, 0.018555, -0.011719, 0.919189, 2.134146, -1.097561, -0.182927, 33.094704
2848708, 0.023193, -0.011963, 0.914551, 2.317073, -1.097561, -0.060976, 33.094704
2850341, 0.020020, -0.014160, 0.908691, 2.195122, -0.792683, -0.243902, 33.188824
2851975, 0.024170, -0.017822, 0.916016, 2.134146, -0.792683, -0.060976, 33.141762
2853615, 0.022217, -0.014648, 0.912598, 2.134146, -0.914634, -0.121951, 33.188824
2855248, 0.024170, -0.019775, 0.911865, 2.317073, -1.158537, -0.304878, 33.141762
2856882, 0.021484, -0.015381, 0.913086, 2.012195, -1.219512, -0.182927, 33.094704
2858516, 0.024170, -0.019531, 0.913818, 2.256098, -1.219512, -0.243902, 33.047646
2860149, 0.024414, -0.021484, 0.916016, 2.195122, -0.914634, -0.487805, 33.094704
2861782, 0.020752, -0.014893, 0.906738, 2.073171, -1.219512, -0.304878, 33.141762
2863416, 0.018066, -0.020264, 0.914795, 2.134146, -1.158537, -0.304878, 33.094704
2865049, 0.019531, -0.018311, 0.916992, 2.317073, -1.036585, -0.060976, 33.141762
2866683, 0.018311, -0.017090, 0.910645, 2.378049, -1.036585, 0.000000, 33.094704
2868316, 0.022461, -0.015381, 0.905029, 2.195122, -1.097561, -0.243902, 33.141762
2869949, 0.026611, -0.020752, 0.914795, 2.012195, -1.036585, -0.182927, 33.094704
2871583, 0.024170, -0.020752, 0.919189, 2.256098, -1.036585, -0.060976, 33.047646
2873216, 0.022705, -0.015381, 0.908691, 2.195122, -1.158537, -0.121951, 33.141762
2874850, 0.016602, -0.013428, 0.912109, 2.256098, -0.914634, -0.243902, 33.094704
2876483, 0.021973, -0.013916, 0.909180, 2.195122, -1.036585, -0.304878, 33.047646
2878117, 0.024414, -0.018311, 0.916504, 2.195122, -0.853659, -0.121951, 33.188824
2879751, 0.027344, -0.016113, 0.909424, 1.951220, -1.036585, -0.182927, 33.000587
2881384, 0.023438, -0.011719, 0.912354, 2.256098, -1.219512, -0.121951, 33.188824
2883007, 0.019531, -0.018555, 0.914062, 2.134146, -0.853659, -0.243902, 33.047646
2884641, 0.020996, -0.020020, 0.907715, 2.073171, -0.914634, -0.243902, 33.188824
2886274, 0.019287, -0.012695, 0.909180, 2.073171, -1.158537, -0.365854, 33.047646
2887908, 0.017822, -0.018311, 0.920410, 2.073171, -1.158537, -0.304878, 33.188824
2889541, 0.022949, -0.016846, 0.919678, 2.012195, -1.219512, -0.243902, 33.047646
2891174, 0.013916, -0.012939, 0.917236, 2.134146, -1.219512, -0.182927, 33.188824
2892808, 0.030029, -0.015869, 0.914551, 2.134146, -0.914634, -0.304878, 33.141762
2894441, 0.023926, -0.018555, 0.918457, 2.134146, -0.914634, -0.182927, 33.000587
2896075, 0.019287, -0.012207, 0.909912, 2.012195, -1.158537, -0.121951, 33.141762
2897708, 0.021729, -0.012939, 0.912598, 2.012195, -1.036585, -0.121951, 33.094704
2899341, 0.018799, -0.015381, 0.919434, 2.134146, -1.097561, -0.426829, 33.141762
2900975, 0.018066, -0.018066, 0.911377, 2.134146, -0.975610, -0.365854, 33.094704
2902615, 0.018066, -0.019043, 0.911133, 2.378049, -1.158537, -0.121951, 33.094704
2904248, 0.024902, -0.012695, 0.910889, 2.195122, -1.219512, -0.243902, 33.141762
2905882, 0.012695, -0.017578, 0.919189, 2.134146, -1.158537, -0.426829, 33.094704
2907516, 0.018555, -0.019531, 0.917725, 2.134146, -1.158537, -0.060976, 33.235882
2909149, 0.018066, -0.017334, 0.912354, 2.195122, -1.097561, -0.121951, 33.188824
2910782, 0.020020, -0.018555, 0.920654, 2.012195, -1.097561, -0.121951, 33.094704
2912416, 0.023926, -0.020264, 0.916748, 2.256098, -1.097561, -0.121951, 33.000587
2914049, 0.023193, -0.018799, 0.919922, 2.256098, -1.219512, -0.182927, 33.141762
2915683, 0.015381, -0.013672, 0.912354, 2.195122, -1.036585, -0.060976, 33.188824
2917316, 0.017822, -0.013672, 0.912842, 2.195122, -1.158537, -0.060976, 33.141762
2918949, 0.015137, -0.015137, 0.913330, 2.195122, -0.975610, -0.304878, 33.000587
2920583, 0.013672, -0.019043, 0.912598, 2.195122, -0.975610, -0.243902, 33.141762
2922216, 0.020752, -0.021729, 0.913086, 2.073171, -1.036585, -0.182927, 33.188824
2923850, 0.016357, -0.012939, 0.911377, 2.195122, -1.158537, -0.243902, 33.141762
2925483, 0.020996, -0.018555, 0.912354, 2.134146, -0.975610, -0.304878, 33.094704
2927117, 0.013428, -0.013916, 0.916504, 1.951220, -1.097561, -0.121951, 33.047646
2928751, 0.015625, -0.010010, 0.909912, 2.195122, -0.853659, -0.304878, 33.094704
2930384, 0.019287, -0.014893, 0.912598, 2.134146, -1.036585, -0.243902, 33.188824
2932007, 0.017822, -0.014404, 0.919678, 2.195122, -0.975610, 0.000000, 33.047646
2933641, 0.022217, -0.017578, 0.917236, 2.195122, -1.097561, -0.243902, 33.000587
2935274, 0.017578, -0.019287, 0.907227, 2.195122, -1.097561, -0.182927, 33.141762
2936908, 0.021973, -0.016846, 0.910645, 2.195122, -1.280488, -0.060976, 33.094704
2938541, 0.019287, -0.014404, 0.916748, 2.195122, -1.097561, -0.243902, 33.047646
2940174, 0.019287, -0.015381, 0.906982, 2.134146, -1.036585, -0.304878, 33.094704
2941808, 0.017334, -0.020508, 0.915039, 2.256098, -0.914634, -0.243902, 33.094704
2943441, 0.022949, -0.016357, 0.920166, 2.378049, -0.975610, -0.243902, 33.094704
2945075, 0.015137, -0.015869, 0.911133, 2.195122, -0.975610, -0.182927, 33.141762
2946708, 0.024658, -0.019287, 0.910400, 2.134146, -1.036585, -0.060976, 33.188824
2948341, 0.020264, -0.016113, 0.912354, 2.134146, -0.792683, -0.243902, 33.047646
2949975, 0.018066, -0.020020, 0.909180, 2.195122, -0.975610, -0.243902, 33.188824
2951615, 0.014160, -0.016602, 0.911133, 2.073171, -1.036585, -0.121951, 33.141762
2953248, 0.022217, -0.020264, 0.920898, 2.256098, -1.036585, -0.182927, 33.000587
2954882, 0.016113, -0.016846, 0.911133, 2.134146, -1.036585, -0.182927, 33.047646
2956516, 0.020508, -0.016113, 0.917236, 2.134146, -1.158537, -0.182927, 33.094704
2958149, 0.019775, -0.012451, 0.919434, 2.195122, -1.097561, -0.365854, 33.141762
2959782, 0.019531, -0.018555, 0.919189, 2.073171, -1.036585, -0.060976, 33.188824
2961416, 0.025391, -0.020020, 0.918945, 2.012195, -1.097561, -0.182927, 33.188824
2963049, 0.020264, -0.014160, 0.914307, 1.890244, -1.036585, -0.365854, 33.047646
2964683, 0.022705, -0.016113, 0.915771, 2.073171, -1.097561, -0.182927, 33.094704
2966316, 0.014160, -0.016357, 0.905518, 2.256098, -0.975610, -0.060976, 33.141762
2967949, 0.016602, -0.015625, 0.907959, 2.195122, -1.219512, -0.304878, 33.000587
2969583, 0.018555, -0.012451, 0.911865, 2.073171, -1.158537, -0.304878, 33.141762
2971216, 0.019287, -0.013916, 0.918457, 2.317073, -0.853659, -0.304878, 33.094704
2972850, 0.020996, -0.016846, 0.920410, 2.256098, -1.097561, -0.304878, 33.141762
2974483, 0.020508, -0.014648, 0.913818, 2.134146, -1.097561, -0.121951, 33.188824
2976117, 0.019043, -0.011475, 0.910645, 2.012195, -1.280488, -0.060976, 33.141762
2977751, 0.017822, -0.011475, 0.908936, 2.317073, -1.158537, -0.304878, 33.094704
2979384, 0.021729, -0.019775, 0.919678, 2.256098, -0.975610, -0.243902, 33.141762
2981007, 0.018555, -0.015137, 0.914551, 2.134146, -1.158537, -0.121951, 33.094704
2982641, 0.015625, -0.015869, 0.913330, 2.012195, -1.097561, -0.121951, 33.047646
2984274, 0.021240, -0.014648, 0.918701, 2.256098, -0.914634, -0.060976, 33.188824
2985908, 0.018555, -0.016602, 0.921143, 2.439024, -1.097561, -0.365854, 33.047646
2987541, 0.019775, -0.012695, 0.912598, 2.073171, -1.341463, -0.182927, 33.094704
2989174, 0.016602, -0.018799, 0.918945, 2.317073, -1.097561, -0.243902, 33.141762
2990808, 0.019775, -0.016602, 0.904541, 2.134146, -1.036585, -0.121951, 33.188824
2992441, 0.021729, -0.020020, 0.915039, 2.073171, -1.036585, -0.243902, 33.188824
2994075, 0.016846, -0.014160, 0.917480, 2.073171, -1.097561, -0.243902, 33.047646
2995708, 0.021729, -0.013428, 0.913574, 2.012195, -1.158537, -0.243902, 33.188824
2997341, 0.016113, -0.017090, 0.917236, 2.134146, -1.280488, -0.304878, 33.141762
2998975, 0.020264, -0.015137, 0.917969, 2.256098, -0.914634, -0.304878, 33.188824
3000615, 0.018066, -0.011475, 0.914795, 2.012195, -1.036585, -0.365854, 33.047646
3002248, 0.018555, -0.015137, 0.916504, 2.073171, -1.158537, -0.365854, 33.094704
3003882, 0.020996, -0.016602, 0.913574, 2.134146, -0.975610, -0.182927, 33.141762
3005516, 0.020996, -0.014160, 0.910889, 2.195122, -0.853659, -0.121951, 33.094704
3007149, 0.021729, -0.010498, 0.914062, 2.134146, -1.219512, -0.365854, 33.047646
3008782, 0.022217, -0.014648, 0.917725, 2.195122, -1.219512, -0.487805, 33.094704
3010416, 0.020508, -0.019043, 0.916992, 2.256098, -0.975610, -0.182927, 33.235882
3012049, 0.016357, -0.021973, 0.913818, 2.073171, -1.036585, -0.243902, 33.094704
3013683, 0.016602, -0.021729, 0.914062, 2.012195, -1.341463, -0.243902, 33.141762
3015316, 0.012939, -0.013672, 0.917480, 2.134146, -1.219512, -0.182927, 33.188824
3016949, 0.024170, -0.013184, 0.928467, 2.134146, -1.219512, -0.060976, 33.141762
3018583, 0.019775, -0.010254, 0.921631, 2.195122, -1.036585, -0.121951, 33.141762
3020216, 0.016602, -0.014160, 0.916016, 2.134146, -1.219512, -0.121951, 33.094704
3021850, 0.021240, -0.016846, 0.910889, 1.951220, -0.914634, 0.000000, 33.094704
3023483, 0.023438, -0.014648, 0.912354, 2.134146, -0.975610, -0.182927, 33.000587
3025117, 0.020996, -0.004883, 0.917969, 2.134146, -1.097561, -0.365854, 33.141762
3026751, 0.019287, -0.010010, 0.909912, 2.012195, -1.158537, -0.426829, 33.094704
3028384, 0.018311, -0.014893, 0.915039, 2.073171, -1.219512, -0.182927, 33.141762
3030007, 0.023926, -0.018799, 0.914062, 2.317073, -1.097561, -0.182927, 33.094704
3031641, 0.021973, -0.016357, 0.915527, 2.256098, -0.975610, -0.121951, 33.141762
3033274, 0.023682, -0.010742, 0.925293, 2.134146, -1.097561, -0.121951, 33.094704
3034908, 0.014160, -0.014893, 0.918945, 2.134146, -1.219512, -0.121951, 33.141762
3036541, 0.019287, -0.016846, 0.920410, 2.134146, -0.975610, -0.304878, 33.094704
3038174, 0.017822, -0.014404, 0.920898, 2.195122, -0.975610, -0.243902, 33.141762
3039808, 0.019287, -0.015381, 0.915283, 2.256098, -1.097561, -0.121951, 33.094704
3041441, 0.017090, -0.017334, 0.915283, 2.134146, -1.219512, -0.243902, 33.047646
3043075, 0.017578, -0.015869, 0.915039, 2.134146, -1.280488, -0.304878, 33.094704
3044708, 0.018066, -0.014160, 0.912354, 2.256098, -1.036585, -0.304878, 33.141762
3046341, 0.017822, -0.010010, 0.912354, 2.256098, -0.975610, -0.304878, 33.094704
3047975, 0.021729, -0.018555, 0.913330, 2.195122, -1.036585, -0.304878, 33.141762
3049615, 0.020020, -0.012695, 0.915039, 2.378049, -0.975610, 0.000000, 33.141762
3051248, 0.026123, -0.018311, 0.917725, 2.256098, -1.097561, -0.121951, 33.094704
3052882, 0.020508, -0.014404, 0.921143, 2.256098, -1.280488, -0.182927, 33.094704
3054516, 0.022461, -0.013428, 0.909912, 2.012195, -1.036585, -0.243902, 33.094704
3056149, 0.017334, -0.012451, 0.917969, 2.012195, -1.158537, -0.182927, 33.141762
3057782, 0.017090, -0.015869, 0.911133, 2.256098, -0.853659, -0.243902, 33.188824
3059416, 0.016357, -0.018311, 0.915527, 2.195122, -0.731707, -0.365854, 33.047646
3061049, 0.020508, -0.015625, 0.911621, 2.073171, -1.036585, -0.060976, 33.188824
3062683, 0.022949, -0.013428, 0.907227, 2.195122, -1.097561, -0.060976, 33.141762
3064316, 0.018311, -0.016846, 0.912598, 2.195122, -1.158537, -0.365854, 33.188824
3065949, 0.021729, -0.015381, 0.916748, 2.256098, -1.097561, -0.182927, 33.141762
3067583, 0.018799, -0.010986, 0.917480, 1.951220, -1.036585, -0.182927, 33.000587
3069216, 0.014648, -0.019287, 0.914307, 2.256098, -1.158537, -0.426829, 33.047646
3070850, 0.021729, -0.018311, 0.912109, 2.195122, -1.158537, 0.000000, 33.094704
3072483, 0.023438, -0.017822, 0.919678, 2.012195, -1.158537, -0.182927, 33.141762
3074117, 0.020996, -0.015137, 0.915771, 2.134146, -1.036585, -0.182927, 33.188824
3075751, 0.019775, -0.012695, 0.917236, 2.195122, -0.975610, -0.304878, 33.141762
3077384, 0.015869, -0.017090, 0.909668, 2.195122, -0.975610, -0.182927, 33.047646
3079007, 0.021973, -0.009521, 0.913330, 2.134146, -1.219512, -0.121951, 33.000587
3080641, 0.016113, -0.016357, 0.921143, 2.195122, -0.975610, -0.182927, 33.141762
3082274, 0.015869, -0.018799, 0.918945, 2.073171, -0.792683, -0.243902, 33.188824
3083908, 0.014893, -0.017090, 0.926514, 2.073171, -0.792683, -0.182927, 33.094704
3085541, 0.022949, -0.017090, 0.915039, 2.378049, -1.158537, -0.182927, 33.094704
3087174, 0.022461, -0.021729, 0.926025, 2.134146, -1.097561, -0.365854, 33.047646
3088808, 0.019043, -0.014893, 0.922363, 2.073171, -0.914634, -0.121951, 33.188824
3090441, 0.017822, -0.015381, 0.905762, 2.256098, -0.853659, 0.000000, 33.047646
3092075, 0.023438, -0.015137, 0.914795, 2.134146, -1.036585, -0.182927, 33.188824
3093708, 0.021729, -0.010498, 0.911865, 2.012195, -0.853659, -0.121951, 33.141762
3095341, 0.015137, -0.015381, 0.916016, 2.195122, -0.914634, -0.365854, 33.282940
3096975, 0.023438, -0.016357, 0.919434, 2.195122, -1.097561, -0.121951, 33.047646
3098615, 0.020752, -0.017578, 0.910645, 2.134146, -1.280488, -0.121951, 33.094704
3100248, 0.021484, -0.017334, 0.912109, 2.195122, -1.219512, -0.243902, 33.141762
3101882, 0.019775, -0.017090, 0.916016, 2.378049, -1.158537, -0.365854, 33.188824
3103516, 0.016846, -0.013672, 0.921143, 2.256098, -1.036585, -0.121951, 33.141762
3105149, 0.018066, -0.010498, 0.921875, 2.256098, -1.097561, -0.304878, 33.188824
3106782, 0.018311, -0.010986, 0.916504, 2.073171, -1.036585, -0.365854, 33.000587
3108416, 0.018555, -0.020508, 0.919434, 2.195122, -0.975610, -0.243902, 33.141762
3110049, 0.020264, -0.017822, 0.914307, 2.317073, -1.036585, -0.121951, 33.094704
3111683, 0.020508, -0.020020, 0.916260, 2.256098, -1.158537, -0.182927, 33.047646
3113316, 0.022949, -0.023193, 0.920898, 2.195122, -1.097561, -0.060976, 33.000587
3114949, 0.018555, -0.019775, 0.913574, 2.073171, -1.158537, -0.243902, 33.188824
3116583, 0.019775, -0.017578, 0.913818, 2.073171, -0.853659, -0.243902, 33.188824
3118216, 0.026367, -0.017822, 0.908936, 2.195122, -1.036585, -0.060976, 33.141762
3119850, 0.023438, -0.013672, 0.912354, 2.256098, -1.158537, -0.182927, 33.094704
3121483, 0.018311, -0.015137, 0.920166, 2.317073, -1.097561, -0.060976, 33.141762
3123117, 0.019287, -0.016846, 0.914551, 2.012195, -0.914634, -0.121951, 33.094704
3124751, 0.024414, -0.015381, 0.909424, 1.951220, -1.036585, -0.060976, 33.141762
3126384, 0.020508, -0.015381, 0.919434, 2.073171, -1.219512, -0.243902, 33.094704
3128007, 0.018066, -0.020020, 0.908447, 2.134146, -1.219512, -0.304878, 33.141762
3129641, 0.022705, -0.018555, 0.911133, 2.134146, -1.158537, -0.060976, 33.094704
3131274, 0.018555, -0.013428, 0.913086, 2.073171, -1.097561, -0.182927, 33.047646
3132908, 0.018066, -0.013916, 0.910645, 2.256098, -1.097561, -0.121951, 33.188824
3134541, 0.020996, -0.019287, 0.907715, 2.317073, -1.280488, 0.000000, 33.047646
3136174, 0.020996, -0.019043, 0.913818, 2.073171, -1.158537, -0.121951, 33.094704
3137808, 0.020508, -0.017090, 0.913086, 2.073171, -0.975610, -0.060976, 33.141762
3139441, 0.017578, -0.017578, 0.921875, 2.195122, -0.975610, -0.304878, 33.047646
3141075, 0.022949, -0.019287, 0.916748, 2.195122, -1.036585, -0.121951, 33.094704
3142708, 0.025879, -0.013428, 0.916016, 2.195122, -1.097561, -0.182927, 33.141762
3144341, 0.018799, -0.017578, 0.916504, 2.134146, -0.975610, -0.304878, 33.094704
3145975, 0.018066, -0.017334, 0.910645, 2.134146, -1.097561, -0.304878, 33.094704
3147615, 0.026611, -0.018555, 0.914062, 2.195122, -1.036585, -0.243902, 33.188824
3149248, 0.018555, -0.014893, 0.914795, 2.134146, -1.097561, -0.182927, 33.141762
3150882, 0.022949, -0.013916, 0.910889, 2.195122, -1.036585, -0.304878, 33.188824
3152516, 0.023926, -0.015869, 0.921631, 2.256098, -1.036585, -0.182927, 33.141762
3154149, 0.024658, -0.015869, 0.913818, 2.195122, -1.036585, -0.243902, 33.094704
3155782, 0.025146, -0.014648, 0.912354, 2.134146, -1.219512, -0.243902, 33.141762
3157416, 0.020508, -0.021240, 0.916504, 2.134146, -0.975610, -0.243902, 33.188824
3159049, 0.017578, -0.018066, 0.913330, 2.195122, -1.158537, -0.121951, 33.141762
3160683, 0.024414, -0.017334, 0.906738, 2.073171, -1.036585, -0.121951, 33.188824
3162316, 0.020264, -0.017822, 0.911865, 2.195122, -0.914634, -0.182927, 33.141762
3163949, 0.021973, -0.016113, 0.916016, 2.195122, -1.036585, -0.243902, 33.188824
3165583, 0.023682, -0.012695, 0.918701, 2.134146, -1.158537, -0.243902, 33.094704
3167216, 0.017578, -0.020264, 0.915527, 2.317073, -1.036585, -0.121951, 33.141762
3168850, 0.019531, -0.021240, 0.916748, 2.012195, -1.036585, -0.121951, 33.094704
3170483, 0.021729, -0.017090, 0.918945, 1.951220, -1.036585, -0.060976, 33.235882
3172117, 0.018555, -0.014893, 0.905273, 2.195122, -1.097561, -0.060976, 33.094704
3173751, 0.021484, -0.011719, 0.913818, 2.073171, -1.158537, -0.304878, 33.141762
3175384, 0.023682, -0.012695, 0.914062, 2.012195, -1.097561, -0.182927, 33.188824
3177007, 0.022217, -0.015869, 0.920898, 2.195122, -0.975610, -0.365854, 33.141762
3178641, 0.017090, -0.014160, 0.913818, 2.012195, -1.036585, -0.365854, 33.094704
3180274, 0.015869, -0.013184, 0.916748, 2.073171, -1.158537, -0.426829, 33.141762
3181908, 0.018311, -0.014893, 0.917480, 2.134146, -1.158537, -0.060976, 33.094704
3183541, 0.022461, -0.019043, 0.910400, 2.195122, -1.097561, -0.182927, 33.141762
3185174, 0.017334, -0.016357, 0.918701, 2.134146, -1.158537, -0.182927, 33.094704
3186808, 0.022217, -0.021484, 0.910400, 2.073171, -1.097561, -0.304878, 33.047646
3188441, 0.020996, -0.012939, 0.911133, 2.012195, -1.158537, -0.243902, 33.094704
3190075, 0.017822, -0.016846, 0.909180, 2.073171, -0.975610, -0.182927, 33.047646
3191708, 0.015137, -0.013672, 0.914307, 2.073171, -1.036585, -0.182927, 33.094704
3193341, 0.016357, -0.012207, 0.915527, 2.195122, -1.158537, -0.243902, 33.141762
3194975, 0.017090, -0.013672, 0.914307, 2.195122, -1.219512, -0.121951, 33.094704
3196615, 0.021484, -0.012695, 0.917236, 1.951220, -1.097561, -0.182927, 33.094704
3198248, 0.023682, -0.016846, 0.916260, 2.195122, -1.219512, -0.182927, 33.141762
3199882, 0.023438, -0.012939, 0.921387, 2.256098, -1.036585, -0.121951, 33.094704
3201516, 0.015381, -0.021729, 0.907471, 1.951220, -0.975610, -0.121951, 33.141762
3203149, 0.025391, -0.012451, 0.908936, 2.073171, -1.158537, -0.182927, 33.188824
3204782, 0.022461, -0.015625, 0.911621, 2.317073, -0.975610, -0.060976, 33.047646
3206416, 0.017822, -0.021240, 0.916504, 2.195122, -1.036585, -0.243902, 33.094704
3208049, 0.016113, -0.019287, 0.911621, 2.195122, -0.914634, -0.426829, 33.047646
3209683, 0.019043, -0.016113, 0.917480, 2.317073, -1.158537, -0.243902, 33.094704
3211316, 0.020020, -0.015381, 0.915283, 2.073171, -1.097561, -0.365854, 33.141762
3212949, 0.017090, -0.013184, 0.914795, 2.012195, -1.158537, -0.182927, 33.188824
3214583, 0.022705, -0.014160, 0.909912, 2.195122, -1.219512, -0.426829, 33.047646
3216216, 0.022217, -0.016113, 0.913574, 2.073171, -1.097561, -0.365854, 33.094704
3217850, 0.024170, -0.017578, 0.913086, 2.195122, -1.036585, -0.182927, 33.141762
3219483, 0.016602, -0.018066, 0.920410, 2.256098, -1.036585, -0.121951, 33.094704
3221117, 0.020752, -0.012939, 0.921631, 2.073171, -1.158537, -0.243902, 33.141762
3222751, 0.020996, -0.015381, 0.916504, 2.073171, -1.097561, -0.426829, 33.094704
3224384, 0.017578, -0.018066, 0.908203, 2.195122, -0.914634, -0.304878, 33.094704
3226007, 0.026367, -0.015869, 0.916992, 2.195122, -1.219512, 0.000000, 33.000587
3227641, 0.019775, -0.017334, 0.913330, 2.012195, -1.280488, -0.182927, 33.094704
3229274, 0.017334, -0.016846, 0.922363, 2.195122, -1.097561, -0.060976, 33.141762
3230908, 0.017822, -0.017090, 0.922363, 2.134146, -1.036585, -0.243902, 33.094704
3232541, 0.018799, -0.015381, 0.916260, 2.195122, -1.036585, -0.243902, 33.141762
3234174, 0.018311, -0.013916, 0.908691, 2.134146, -1.158537, -0.121951, 33.094704
3235808, 0.018311, -0.016113, 0.915039, 2.256098, -1.097561, -0.182927, 33.141762
3237441, 0.016602, -0.017822, 0.911377, 2.256098, -1.158537, -0.243902, 33.188824
3239075, 0.019043, -0.023438, 0.913574, 2.134146, -1.036585, 0.000000, 33.235882
3240708, 0.022705, -0.019287, 0.912842, 2.317073, -0.975610, -0.121951, 33.188824
3242341, 0.018311, -0.009521, 0.917725, 2.195122, -1.158537, -0.121951, 33.141762
3243975, 0.017090, -0.011719, 0.922852, 2.195122, -0.914634, -0.121951, 33.188824
3245615, 0.016846, -0.018555, 0.908936, 2.256098, -1.097561, -0.182927, 33.141762
3247248, 0.022461, -0.015869, 0.915771, 2.073171, -1.158537, -0.121951, 33.188824
3248882, 0.019287, -0.015137, 0.913574, 1.951220, -1.097561, -0.243902, 33.047646
3250516, 0.019775, -0.017334, 0.918213, 2.195122, -0.914634, -0.243902, 33.188824
3252149, 0.017334, -0.008057, 0.913330, 2.195122, -1.097561, -0.304878, 33.141762
3253782, 0.020264, -0.010498, 0.922852, 2.195122, -1.036585, -0.182927, 33.141762
3255416, 0.016602, -0.016113, 0.917236, 2.256098, -0.975610, -0.060976, 33.094704
3257049, 0.015869, -0.018799, 0.909424, 2.256098, -0.975610, -0.426829, 33.094704
3258683, 0.015869, -0.009277, 0.926270, 2.134146, -0.914634, -0.182927, 33.188824
3260316, 0.012695, -0.016357, 0.915771, 2.256098, -1.158537, -0.182927, 33.141762
3261949, 0.019287, -0.010742, 0.911133, 2.195122, -1.036585, -0.060976, 33.188824
3263583, 0.020752, -0.014404, 0.911133, 2.012195, -1.097561, -0.060976, 33.141762
3265216, 0.017578, -0.015869, 0.912842, 2.195122, -1.158537, -0.121951, 33.094704
3266850, 0.018555, -0.015381, 0.921387, 2.073171, -1.097561, -0.121951, 33.141762
3268483, 0.020020, -0.018066, 0.921631, 1.951220, -1.158537, -0.060976, 33.094704
3270117, 0.014893, -0.019775, 0.909668, 2.256098, -1.158537, -0.121951, 33.047646
3271751, 0.018066, -0.016113, 0.915283, 2.195122, -1.036585, -0.121951, 33.094704
3273384, 0.025391, -0.015625, 0.907715, 2.134146, -1.097561, -0.243902, 33.141762
3275007, 0.023193, -0.014404, 0.917725, 2.073171, -1.158537, -0.182927, 33.094704
3276641, 0.025879, -0.018799, 0.913086, 2.012195, -1.219512, -0.121951, 33.047646
3278274, 0.022705, -0.020752, 0.914062, 2.073171, -0.975610, -0.060976, 33.000587
3279908, 0.023682, -0.021484, 0.910645, 2.195122, -1.097561, -0.243902, 33.141762
3281541, 0.022217, -0.017090, 0.909424, 2.134146, -0.914634, -0.243902, 33.188824
3283174, 0.017822, -0.019043, 0.911133, 2.195122, -1.158537, -0.243902, 33.235882
3284808, 0.019287, -0.014648, 0.912842, 2.195122, -1.097561, -0.304878, 33.141762
3286441, 0.020020, -0.013916, 0.916992, 2.134146, -1.036585, -0.365854, 33.094704
3288075, 0.019287, -0.014893, 0.913818, 2.134146, -1.036585, -0.121951, 33.094704
3289708, 0.027100, -0.007812, 0.908936, 2.195122, -1.219512, -0.304878, 33.094704
3291341, 0.022217, -0.014648, 0.914062, 2.256098, -1.158537, -0.365854, 33.141762
3292975, 0.021484, -0.012695, 0.912842, 2.073171, -1.097561, -0.182927, 33.094704
3294615, 0.022461, -0.018066, 0.913086, 2.195122, -0.914634, -0.182927, 33.141762
3296248, 0.019043, -0.015381, 0.917480, 2.134146, -1.097561, -0.304878, 33.094704
3297882, 0.021240, -0.018555, 0.918457, 2.256098, -1.280488, -0.182927, 33.141762
3299516, 0.022217, -0.017334, 0.912842, 2.012195, -1.097561, 0.000000, 33.094704
3301149, 0.024902, -0.016357, 0.912598, 2.012195, -1.097561, -0.060976, 33.141762
3302782, 0.015625, -0.016113, 0.924805, 2.073171, -0.975610, -0.243902, 33.094704
3304416, 0.020996, -0.015137, 0.921143, 2.134146, -1.097561, -0.182927, 33.047646
3306049, 0.016357, -0.020020, 0.920898, 2.256098, -1.280488, -0.182927, 33.000587
3307683, 0.017334, -0.014893, 0.909912, 2.195122, -1.158537, -0.182927, 33.047646
3309316, 0.014648, -0.013428, 0.910156, 2.256098, -1.036585, -0.182927, 33.094704
3310949, 0.014160, -0.020752, 0.909180, 2.073171, -1.097561, -0.182927, 33.141762
3312583, 0.015869, -0.014404, 0.915283, 2.012195, -1.097561, -0.304878, 33.141762
3314216, 0.019287, -0.015625, 0.914062, 2.134146, -0.975610, -0.182927, 33.094704
3315850, 0.021973, -0.016357, 0.905518, 2.378049, -0.853659, -0.182927, 33.141762
3317483, 0.023438, -0.015625, 0.913818, 2.195122, -1.036585, -0.426829, 33.094704
3319117, 0.020996, -0.024658, 0.905518, 2.256098, -1.097561, -0.304878, 33.094704
3320751, 0.019043, -0.014648, 0.910400, 2.317073, -1.097561, -0.304878, 33.188824
3322384, 0.018311, -0.016602, 0.917480, 2.134146, -0.914634, -0.365854, 33.047646
3324007, 0.019287, -0.017334, 0.916016, 2.195122, -1.097561, -0.243902, 33.188824
3325641, 0.017578, -0.016357, 0.908691, 2.195122, -0.853659, -0.243902, 33.141762
3327274, 0.009521, -0.017090, 0.916504, 2.012195, -1.036585, -0.243902, 33.094704
3328908, 0.020752, -0.014160, 0.915771, 2.317073, -1.097561, -0.243902, 33.141762
3330541, 0.015869, -0.016602, 0.913086, 2.317073, -1.036585, -0.243902, 33.094704
3332174, 0.027588, -0.014648, 0.913330, 2.195122, -1.097561, -0.304878, 33.141762
3333808, 0.018555, -0.019531, 0.919678, 2.073171, -1.219512, -0.182927, 33.094704
3335441, 0.013184, -0.019531, 0.915039, 2.073171, -0.975610, -0.243902, 33.141762
3337075, 0.012695, -0.018311, 0.914795, 2.317073, -1.097561, -0.182927, 33.094704
3338708, 0.018066, -0.013428, 0.915527, 2.195122, -1.219512, -0.121951, 33.141762
3340341, 0.019287, -0.013916, 0.917480, 2.195122, -0.914634, -0.365854, 33.094704
3341975, 0.016846, -0.015381, 0.914307, 2.195122, -1.036585, -0.182927, 33.235882
3343615, 0.021729, -0.015137, 0.907471, 2.256098, -1.036585, -0.243902, 33.141762
3345248, 0.026367, -0.012939, 0.917480, 2.256098, -0.975610, -0.182927, 33.094704
3346882, 0.025635, -0.020508, 0.918945, 2.073171, -1.097561, -0.121951, 33.141762
3348516, 0.023926, -0.012207, 0.908447, 2.134146, -1.097561, -0.304878, 33.094704
3350149, 0.016602, -0.019287, 0.903564, 2.195122, -1.097561, -0.243902, 33.000587
3351782, 0.023438, -0.016846, 0.907959, 2.256098, -0.914634, -0.365854, 33.094704
3353416, 0.019287, -0.011963, 0.915283, 2.256098, -1.158537, -0.304878, 33.141762
3355049, 0.018311, -0.015381, 0.917969, 2.195122, -1.036585, -0.304878, 33.188824
3356683, 0.023682, -0.018555, 0.907227, 2.012195, -0.975610, -0.426829, 33.141762
3358316, 0.019287, -0.018311, 0.918945, 2.195122, -1.158537, -0.304878, 33.094704
3359949, 0.018799, -0.020752, 0.924316, 2.195122, -1.036585, -0.121951, 33.141762
3361583, 0.016602, -0.016113, 0.919678, 2.195122, -1.158537, -0.182927, 33.094704
3363216, 0.020264, -0.015137, 0.920654, 2.256098, -1.097561, -0.365854, 33.141762
3364850, 0.020508, -0.011963, 0.915771, 2.134146, -0.975610, -0.060976, 33.094704
3366483, 0.021729, -0.016113, 0.914795, 2.195122, -0.975610, -0.243902, 33.141762
3368117, 0.020752, -0.019287, 0.911865, 2.134146, -0.914634, -0.121951, 33.094704
3369751, 0.023438, -0.015869, 0.918701, 2.256098, -1.036585, -0.182927, 33.141762
3371384, 0.015869, -0.022461, 0.924072, 2.256098, -1.036585, -0.243902, 33.047646
3373007, 0.023438, -0.020508, 0.918213, 2.195122, -0.975610, -0.243902, 33.094704
3374641, 0.019531, -0.017578, 0.915039, 2.134146, -1.097561, -0.243902, 33.141762
3376274, 0.023438, -0.020020, 0.910156, 2.073171, -1.036585, -0.121951, 33.188824
3377908, 0.022217, -0.011475, 0.922363, 2.256098, -1.219512, 0.000000, 33.141762
3379541, 0.021973, -0.013672, 0.922607, 2.012195, -1.219512, -0.121951, 33.188824
3381174, 0.022949, -0.014404, 0.915527, 2.073171, -1.219512, -0.182927, 33.094704
3382808, 0.016357, -0.017578, 0.906250, 2.317073, -1.097561, -0.060976, 33.094704
3384441, 0.015869, -0.010986, 0.917236, 2.073171, -0.975610, -0.121951, 33.235882
3386075, 0.019043, -0.015869, 0.910400, 2.195122, -1.097561, -0.304878, 33.094704
3387708, 0.022705, -0.015869, 0.915771, 2.256098, -1.097561, -0.365854, 33.141762
3389341, 0.019043, -0.018311, 0.911621, 2.134146, -1.097561, -0.243902, 33.188824
3390975, 0.025879, -0.012695, 0.913574, 2.195122, -0.975610, -0.060976, 33.141762
3392615, 0.017578, -0.018799, 0.914551, 2.195122, -1.036585, -0.182927, 33.094704
3394248, 0.018311, -0.011230, 0.912109, 2.195122, -1.158537, -0.365854, 33.047646
3395882, 0.017090, -0.016846, 0.915039, 2.195122, -0.975610, -0.121951, 33.094704
3397516, 0.028564, -0.018799, 0.912109, 2.256098, -1.036585, -0.304878, 33.047646
3399149, 0.024414, -0.013672, 0.919434, 2.134146, -1.097561, -0.243902, 33.094704
3400782, 0.019287, -0.020996, 0.904297, 2.256098, -1.036585, -0.243902, 33.188824
3402416, 0.014893, -0.016846, 0.919189, 2.073171, -0.975610, -0.182927, 33.141762
3404049, 0.022217, -0.014648, 0.919189, 2.073171, -1.219512, -0.243902, 33.188824
3405683, 0.019043, -0.024170, 0.919189, 2.134146, -1.158537, -0.182927, 33.141762
3407316, 0.022949, -0.015137, 0.913818, 2.195122, -1.097561, -0.060976, 33.094704
3408949, 0.015137, -0.020508, 0.911621, 2.134146, -1.097561, -0.243902, 33.047646
3410583, 0.018311, -0.020752, 0.910156, 2.073171, -0.975610, -0.121951, 33.188824
3412216, 0.020508, -0.014893, 0.919434, 2.134146, -1.158537, -0.243902, 33.141762
3413850, 0.014404, -0.011719, 0.911865, 2.134146, -1.158537, -0.487805, 33.188824
3415483, 0.020996, -0.017822, 0.922119, 2.195122, -0.914634, -0.121951, 33.141762
3417117, 0.020020, -0.015381, 0.920166, 2.073171, -1.036585, -0.060976, 33.094704
3418751, 0.021973, -0.016113, 0.916016, 2.256098, -1.158537, -0.304878, 33.047646
3420384, 0.018311, -0.015625, 0.916504, 2.134146, -1.158537, -0.243902, 33.094704
3422007, 0.014404, -0.019531, 0.914307, 2.134146, -1.097561, -0.182927, 33.141762
3423641, 0.020508, -0.020020, 0.917969, 2.134146, -1.097561, -0.304878, 33.094704
3425274, 0.017578, -0.012939, 0.915771, 2.256098, -1.158537, -0.182927, 33.141762
3426908, 0.019775, -0.010010, 0.917725, 2.256098, -1.280488, 0.000000, 33.188824
3428541, 0.020020, -0.017578, 0.925293, 2.134146, -0.792683, -0.121951, 33.141762
3430174, 0.014404, -0.014648, 0.926758, 2.256098, -0.731707, -0.121951, 33.188824
3431808, 0.014404, -0.017090, 0.920654, 2.195122, -1.158537, -0.243902, 33.094704
3433441, 0.019287, -0.014648, 0.913330, 2.256098, -1.219512, -0.243902, 33.141762
3435075, 0.017578, -0.011475, 0.913330, 2.134146, -1.219512, -0.060976, 33.094704
3436708, 0.010742, -0.015625, 0.921631, 2.195122, -1.036585, -0.121951, 33.047646
3438341, 0.023438, -0.018799, 0.923584, 2.317073, -1.097561, -0.121951, 33.094704
3439975, 0.021240, -0.016846, 0.912842, 2.317073, -0.975610, 0.060976, 33.141762
3441615, 0.021240, -0.015137, 0.907471, 2.195122, -1.219512, -0.121951, 33.188824
3443248, 0.016846, -0.019287, 0.920654, 2.012195, -1.097561, -0.121951, 33.235882
3444882, 0.017822, -0.016357, 0.918945, 2.256098, -1.219512, -0.182927, 33.094704
3446516, 0.020508, -0.018311, 0.912354, 2.195122, -1.219512, -0.243902, 32.953529
3448149, 0.022217, -0.018066, 0.914307, 2.195122, -1.097561, -0.121951, 33.000587
3449782, 0.023193, -0.018066, 0.913086, 2.256098, -0.975610, -0.182927, 33.141762
3451416, 0.022705, -0.012695, 0.912598, 2.256098, -1.097561, -0.243902, 33.094704
3453049, 0.016357, -0.013916, 0.909668, 2.134146, -1.219512, -0.182927, 33.047646
3454683, 0.029297, -0.017578, 0.906738, 2.195122, -1.219512, 0.060976, 33.188824
3456316, 0.017578, -0.017090, 0.908691, 2.317073, -1.097561, -0.243902, 33.141762
3457949, 0.025391, -0.017578, 0.918701, 2.195122, -0.975610, -0.426829, 33.094704
3459583, 0.017822, -0.010986, 0.919189, 2.256098, -1.158537, -0.182927, 33.188824
3461216, 0.016602, -0.017090, 0.917236, 2.256098, -1.097561, -0.182927, 33.094704
3462850, 0.018799, -0.016113, 0.910645, 2.134146, -1.036585, -0.243902, 33.094704
3464483, 0.014404, -0.019775, 0.912842, 2.195122, -1.097561, -0.243902, 33.141762
3466117, 0.018555, -0.012939, 0.914307, 2.195122, -1.158537, -0.304878, 33.188824
3467751, 0.018799, -0.013428, 0.912598, 2.134146, -0.975610, -0.243902, 33.047646
3469384, 0.024902, -0.014648, 0.915771, 2.134146, -0.975610, -0.243902, 33.094704
3471007, 0.021484, -0.018555, 0.910645, 2.195122, -0.914634, -0.243902, 33.141762
3472641, 0.015137, -0.011230, 0.903564, 2.378049, -1.097561, -0.243902, 33.000587
3474274, 0.013428, -0.012451, 0.910156, 2.317073, -1.219512, -0.365854, 33.141762
3475908, 0.011475, -0.016357, 0.914795, 2.317073, -1.158537, -0.365854, 33.188824
3477541, 0.014160, -0.015381, 0.909912, 2.195122, -1.158537, -0.182927, 33.047646
3479174, 0.014160, -0.016846, 0.913330, 2.012195, -1.097561, -0.182927, 33.188824
3480808, 0.020264, -0.017334, 0.916504, 2.195122, -1.036585, -0.243902, 33.047646
3482441, 0.018555, -0.013428, 0.914307, 2.012195, -1.036585, -0.243902, 33.094704
3484075, 0.021484, -0.017090, 0.919678, 2.317073, -0.975610, -0.304878, 33.047646
3485708, 0.021973, -0.017090, 0.909180, 2.134146, -1.097561, -0.243902, 33.094704
3487341, 0.023438, -0.015869, 0.910400, 2.256098, -1.280488, -0.182927, 33.047646
3488975, 0.022949, -0.010986, 0.913818, 2.073171, -0.975610, -0.182927, 33.094704
3490615, 0.022705, -0.017822, 0.907227, 2.256098, -1.097561, -0.182927, 33.094704
3492248, 0.020752, -0.013916, 0.912842, 2.195122, -1.158537, -0.304878, 33.094704
3493882, 0.020508, -0.010254, 0.917969, 2.073171, -1.036585, -0.182927, 33.188824
3495516, 0.015869, -0.017822, 0.916992, 2.195122, -1.158537, -0.060976, 33.141762
3497149, 0.021484, -0.018799, 0.926758, 2.317073, -1.036585, -0.182927, 33.188824
3498782, 0.022705, -0.014648, 0.911865, 2.073171, -1.036585, -0.243902, 33.141762
3500416, 0.020508, -0.016846, 0.916992, 2.195122, -0.975610, -0.304878, 33.188824
3502049, 0.019531, -0.014648, 0.911621, 2.195122, -1.219512, -0.182927, 33.141762
3503683, 0.014404, -0.016113, 0.907471, 2.134146, -1.097561, 0.000000, 33.094704
3505316, 0.018555, -0.017090, 0.917480, 2.134146, -1.158537, -0.182927, 33.141762
3506949, 0.017578, -0.016113, 0.916748, 2.012195, -1.158537, -0.243902, 33.094704
3508583, 0.020508, -0.020508, 0.924316, 2.134146, -0.975610, -0.487805, 33.141762
3510216, 0.016113, -0.015625, 0.912354, 2.256098, -1.158537, -0.426829, 33.094704
3511850, 0.016113, -0.011963, 0.915283, 2.134146, -1.158537, -0.182927, 33.047646
3513483, 0.015869, -0.016602, 0.917480, 2.073171, -0.975610, -0.060976, 33.094704
3515117, 0.015869, -0.018555, 0.910645, 2.134146, -0.975610, -0.243902, 33.141762
3516751, 0.022705, -0.013184, 0.912109, 2.134146, -1.036585, -0.182927, 33.094704
3518384, 0.023438, -0.015625, 0.914795, 2.134146, -1.158537, -0.304878, 33.188824
3520007, 0.020020, -0.017090, 0.918701, 2.256098, -1.158537, -0.243902, 33.141762
3521641, 0.007080, -0.014893, 0.903076, 2.256098, -1.158537, -0.182927, 33.094704
3523274, 0.015381, -0.017090, 0.911865, 2.134146, -0.914634, 0.000000, 33.094704
3524908, 0.023438, -0.019287, 0.915039, 2.134146, -1.036585, -0.121951, 33.094704
3526541, 0.013916, -0.020508, 0.911377, 2.256098, -1.036585, -0.060976, 33.141762
3528174, 0.020508, -0.015137, 0.907959, 2.073171, -1.036585, -0.182927, 33.094704
3529808, 0.024658, -0.011719, 0.917725, 2.195122, -0.914634, -0.243902, 33.047646
3531441, 0.020752, -0.014893, 0.911621, 2.256098, -0.975610, -0.182927, 33.188824
3533075, 0.018066, -0.014160, 0.922607, 2.073171, -0.914634, -0.304878, 33.047646
3534708, 0.020264, -0.010498, 0.915527, 2.073171, -1.036585, -0.365854, 33.094704
3536341, 0.018311, -0.017090, 0.913330, 2.134146, -0.914634, -0.121951, 33.047646
3537975, 0.014160, -0.018066, 0.916504, 2.012195, -1.158537, -0.182927, 33.094704
3539615, 0.016113, -0.014404, 0.904297, 2.134146, -1.402439, -0.487805, 33.141762
3541248, 0.020508, -0.015137, 0.916992, 2.073171, -1.097561, -0.243902, 33.000587
3542882, 0.017578, -0.017334, 0.921875, 2.073171, -1.036585, -0.182927, 33.141762
3544516, 0.019531, -0.019043, 0.911865, 2.317073, -1.280488, -0.243902, 33.094704
3546149, 0.021484, -0.021484, 0.914062, 2.134146, -1.036585, -0.304878, 33.141762
3547782, 0.012207, -0.017578, 0.913086, 2.134146, -0.975610, -0.243902, 33.141762
3549416, 0.016846, -0.015625, 0.910400, 2.195122, -1.097561, -0.121951, 33.188824
3551049, 0.017578, -0.020996, 0.916504, 2.256098, -1.158537, -0.060976, 33.047646
3552683, 0.023438, -0.012451, 0.909180, 2.073171, -0.914634, -0.182927, 33.188824
3554316, 0.015869, -0.012695, 0.912842, 2.317073, -0.914634, -0.182927, 33.094704
3555949, 0.020996, -0.011719, 0.907959, 2.073171, -0.975610, -0.182927, 33.094704
3557583, 0.020020, -0.018311, 0.922119, 2.317073, -1.036585, -0.121951, 33.141762
3559216, 0.019287, -0.016113, 0.923828, 2.439024, -1.158537, -0.243902, 33.188824
3560850, 0.022217, -0.017090, 0.914062, 2.134146, -1.097561, -0.243902, 33.141762
3562483, 0.020020, -0.014404, 0.912109, 2.073171, -1.036585, -0.304878, 33.188824
3564117, 0.018799, -0.015869, 0.918701, 2.317073, -1.097561, -0.182927, 33.141762
3565751, 0.019531, -0.017334, 0.905762, 2.073171, -0.975610, -0.182927, 33.094704
3567384, 0.017334, -0.016846, 0.919189, 2.073171, -1.097561, -0.182927, 33.141762
3569007, 0.016357, -0.013672, 0.926270, 2.134146, -1.097561, -0.182927, 33.094704
3570641, 0.018799, -0.015869, 0.906494, 2.256098, -0.914634, -0.182927, 33.047646
3572274, 0.013916, -0.019287, 0.913818, 2.134146, -1.158537, -0.304878, 33.094704
3573908, 0.020020, -0.015869, 0.916260, 2.134146, -1.097561, -0.121951, 33.141762
3575541, 0.024414, -0.011719, 0.920410, 2.195122, -1.036585, -0.304878, 33.000587
3577174, 0.020264, -0.017578, 0.914062, 2.195122, -1.341463, -0.304878, 33.141762
3578808, 0.017578, -0.012695, 0.920166, 2.073171, -1.097561, -0.304878, 33.047646
3580441, 0.015869, -0.020752, 0.913574, 2.317073, -1.280488, -0.182927, 33.188824
3582075, 0.018066, -0.020264, 0.903809, 2.195122, -0.975610, -0.121951, 33.141762
3583708, 0.024170, -0.015869, 0.920166, 2.134146, -0.853659, -0.182927, 33.188824
3585341, 0.023193, -0.013916, 0.916748, 2.134146, -1.280488, -0.243902, 33.188824
3586975, 0.020264, -0.017090, 0.911133, 2.134146, -1.280488, -0.243902, 33.188824
3588615, 0.024414, -0.019043, 0.916748, 2.195122, -1.097561, -0.060976, 33.047646
3590248, 0.021484, -0.013184, 0.918701, 2.073171, -0.914634, 0.060976, 33.188824
3591882, 0.016113, -0.013916, 0.906006, 2.256098, -0.975610, -0.243902, 33.141762
3593516, 0.021240, -0.012451, 0.924316, 2.134146, -1.036585, -0.182927, 33.094704
3595149, 0.017334, -0.016846, 0.917236, 2.195122, -1.158537, -0.243902, 33.141762
3596782, 0.021240, -0.021484, 0.915771, 2.012195, -1.158537, -0.182927, 33.094704
3598416, 0.022461, -0.014893, 0.914551, 2.378049, -1.402439, -0.243902, 33.141762
3600049, 0.015381, -0.018799, 0.917725, 2.195122, -1.158537, -0.304878, 33.094704
3601683, 0.014893, -0.017822, 0.916748, 2.256098, -1.036585, -0.121951, 33.141762
3603316, 0.021729, -0.015869, 0.913086, 2.317073, -0.975610, -0.243902, 33.188824
3604949, 0.020996, -0.013672, 0.915771, 2.134146, -0.975610, -0.243902, 33.235882
3606583, 0.017090, -0.016357, 0.906982, 2.073171, -0.975610, -0.243902, 33.141762
3608216, 0.016846, -0.013916, 0.908447, 2.256098, -1.036585, -0.426829, 33.094704
3609850, 0.015625, -0.012207, 0.915771, 2.134146, -0.975610, -0.365854, 33.141762
3611483, 0.011719, -0.018066, 0.919434, 2.073171, -0.975610, -0.182927, 33.094704
3613117, 0.019043, -0.017090, 0.917480, 2.256098, -1.097561, -0.121951, 33.235882
3614751, 0.018799, -0.016602, 0.916748, 2.073171, -1.097561, -0.121951, 33.094704
3616384, 0.015137, -0.018555, 0.913574, 1.951220, -1.097561, 0.060976, 33.141762
3618007, 0.024902, -0.012207, 0.916260, 2.073171, -1.036585, -0.060976, 33.188824
3619641, 0.019043, -0.011475, 0.916504, 2.073171, -1.036585, -0.182927, 33.141762
3621274, 0.024170, -0.021240, 0.914551, 2.195122, -0.914634, -0.182927, 33.188824
3622908, 0.020752, -0.015381, 0.912598, 2.073171, -0.975610, -0.243902, 33.047646
3624541, 0.018799, -0.014893, 0.908447, 2.195122, -1.036585, -0.121951, 33.188824
3626174, 0.023438, -0.010986, 0.920410, 2.134146, -0.975610, -0.121951, 33.047646
3627808, 0.020752, -0.018066, 0.919678, 2.134146, -0.914634, -0.182927, 33.188824
3629441, 0.018066, -0.014404, 0.917969, 2.256098, -1.036585, -0.304878, 33.047646
3631075, 0.018799, -0.011963, 0.916016, 2.195122, -1.097561, -0.121951, 33.188824
3632708, 0.020996, -0.015625, 0.919189, 2.012195, -1.036585, -0.182927, 33.235882
3634341, 0.018799, -0.016357, 0.918213, 2.134146, -1.097561, -0.121951, 33.188824
3635975, 0.023193, -0.016113, 0.917236, 2.195122, -1.219512, -0.182927, 33.235882
3637615, 0.014648, -0.020020, 0.921631, 2.134146, -0.792683, -0.182927, 33.047646
3639248, 0.020020, -0.014404, 0.919189, 2.073171, -1.097561, -0.304878, 33.188824
3640882, 0.021973, -0.016602, 0.924561, 2.317073, -1.158537, -0.243902, 33.047646
3642516, 0.020264, -0.015381, 0.912354, 2.317073, -1.097561, -0.243902, 33.094704
3644149, 0.017822, -0.017822, 0.911133, 2.134146, -1.158537, -0.121951, 33.141762
3645782, 0.022461, -0.010986, 0.911621, 2.134146, -1.036585, -0.243902, 33.094704
3647416, 0.022461, -0.011475, 0.912598, 2.073171, -0.853659, -0.304878, 33.141762
3649049, 0.016357, -0.018066, 0.913330, 2.134146, -1.097561, -0.121951, 33.188824
3650683, 0.022949, -0.014404, 0.909912, 2.012195, -1.280488, -0.182927, 33.141762
3652316, 0.023438, -0.013672, 0.911621, 2.256098, -1.097561, -0.121951, 33.094704
3653949, 0.018311, -0.006348, 0.914795, 2.256098, -1.158537, -0.060976, 33.141762
3655583, 0.017334, -0.013672, 0.918945, 2.317073, -1.158537, -0.182927, 33.094704
3657216, 0.016113, -0.015137, 0.910889, 1.951220, -0.975610, -0.182927, 33.141762
3658850, 0.018799, -0.014893, 0.914307, 2.195122, -1.036585, -0.365854, 33.188824
3660483, 0.017578, -0.013184, 0.918945, 2.195122, -0.975610, -0.182927, 33.047646
3662117, 0.017822, -0.014648, 0.921387, 2.256098, -1.097561, -0.182927, 33.188824
3663751, 0.021484, -0.017090, 0.922363, 2.134146, -1.219512, -0.182927, 33.141762
3665384, 0.027832, -0.016846, 0.916748, 2.195122, -1.219512, -0.182927, 33.094704
3667007, 0.023193, -0.014648, 0.909180, 2.134146, -1.158537, -0.304878, 33.188824
3668641, 0.018311, -0.009521, 0.910400, 2.195122, -1.158537, -0.121951, 33.141762
3670274, 0.020264, -0.014893, 0.920654, 2.256098, -1.280488, -0.182927, 33.094704
3671908, 0.019531, -0.016602, 0.914307, 2.195122, -1.036585, -0.121951, 33.141762
3673541, 0.019043, -0.019531, 0.909180, 2.134146, -1.341463, -0.182927, 33.094704
3675174, 0.022217, -0.015137, 0.899658, 2.195122, -1.219512, -0.121951, 33.141762
3676808, 0.020752, -0.015869, 0.920898, 2.134146, -1.036585, -0.121951, 33.188824
3678441, 0.019043, -0.007812, 0.916260, 2.073171, -1.097561, -0.121951, 33.141762
3680075, 0.021240, -0.011475, 0.924805, 2.256098, -1.280488, -0.426829, 33.094704
3681708, 0.023193, -0.013184, 0.915283, 2.378049, -1.036585, -0.182927, 33.047646
3683341, 0.017090, -0.016113, 0.918701, 2.317073, -1.036585, -0.243902, 33.094704
3684975, 0.019531, -0.016113, 0.908203, 2.317073, -1.158537, -0.121951, 33.141762
3686615, 0.022461, -0.016113, 0.923584, 2.256098, -1.036585, -0.304878, 33.094704
3688248, 0.022217, -0.018555, 0.923096, 2.134146, -0.914634, -0.182927, 33.141762
3689882, 0.020996, -0.017334, 0.908691, 2.256098, -0.853659, -0.304878, 33.094704
3691516, 0.021729, -0.015625, 0.917236, 2.073171, -1.158537, -0.182927, 33.047646
3693149, 0.015625, -0.017578, 0.915039, 2.134146, -0.914634, -0.304878, 33.094704
3694782, 0.022949, -0.020020, 0.915039, 2.256098, -1.219512, -0.182927, 33.188824
3696416, 0.022949, -0.020752, 0.921875, 2.073171, -1.036585, -0.304878, 33.094704
3698049, 0.020752, -0.015137, 0.910156, 2.073171, -1.158537, -0.060976, 33.094704
3699683, 0.020020, -0.024170, 0.909912, 2.073171, -1.036585, -0.121951, 33.141762
3701316, 0.019287, -0.013672, 0.920654, 2.317073, -1.036585, -0.121951, 33.094704
3702949, 0.013672, -0.012939, 0.913818, 2.134146, -0.975610, -0.243902, 33.141762
3704583, 0.023438, -0.012939, 0.921631, 2.134146, -1.097561, -0.182927, 33.188824
3706216, 0.021973, -0.017578, 0.914307, 2.073171, -1.036585, -0.304878, 33.141762
3707850, 0.023438, -0.014893, 0.912842, 2.378049, -1.219512, -0.060976, 33.094704
3709483, 0.017090, -0.014648, 0.905518, 2.134146, -0.914634, -0.243902, 33.047646
3711117, 0.020264, -0.020752, 0.911865, 2.012195, -0.975610, -0.060976, 33.188824
3712751, 0.023193, -0.017334, 0.920166, 2.073171, -1.097561, -0.304878, 33.141762
3714384, 0.024658, -0.015869, 0.915771, 2.439024, -1.280488, -0.426829, 33.094704
3716007, 0.021973, -0.009766, 0.915771, 2.195122, -1.097561, -0.060976, 33.141762
3717641, 0.020020, -0.013916, 0.921631, 2.195122, -1.036585, -0.060976, 33.094704
3719274, 0.024170, -0.016113, 0.909180, 2.195122, -1.219512, -0.243902, 33.141762
3720908, 0.026367, -0.013672, 0.916260, 2.317073, -1.158537, -0.365854, 33.188824
3722541, 0.015381, -0.017578, 0.912109, 2.256098, -1.097561, -0.182927, 33.141762
3724174, 0.022217, -0.016602, 0.911133, 2.134146, -1.341463, -0.243902, 33.094704
3725808, 0.020996, -0.017822, 0.917236, 2.317073, -1.036585, -0.121951, 33.094704
3727441, 0.022217, -0.013428, 0.919434, 2.378049, -0.975610, -0.121951, 33.094704
3729075, 0.017090, -0.013916, 0.920166, 2.134146, -1.097561, -0.182927, 33.188824
3730708, 0.017334, -0.018311, 0.911865, 2.256098, -0.975610, -0.060976, 33.141762
3732341, 0.023682, -0.018066, 0.915283, 2.378049, -1.097561, -0.243902, 33.188824
3733975, 0.022705, -0.013184, 0.907959, 2.012195, -1.219512, -0.182927, 33.141762
3735615, 0.015381, -0.017822, 0.911377, 2.134146, -1.036585, -0.060976, 33.094704
3737248, 0.017334, -0.018799, 0.906738, 2.073171, -1.158537, -0.243902, 33.141762
3738882, 0.018311, -0.017090, 0.907715, 2.134146, -0.975610, -0.243902, 33.094704
3740516, 0.015137, -0.016602, 0.908203, 2.195122, -1.036585, -0.121951, 33.141762
3742149, 0.016357, -0.017822, 0.915527, 2.134146, -1.036585, -0.304878, 33.094704
3743782, 0.019287, -0.013672, 0.917480, 2.195122, -1.097561, -0.182927, 33.141762
3745416, 0.024170, -0.013428, 0.919434, 2.256098, -1.097561, -0.243902, 33.188824
3747049, 0.015869, -0.013672, 0.914307, 2.195122, -1.036585, -0.182927, 33.047646
3748683, 0.019531, -0.015869, 0.914062, 2.134146, -1.158537, -0.121951, 33.094704
3750316, 0.020508, -0.013184, 0.909668, 2.195122, -0.975610, -0.182927, 33.141762
3751949, 0.020264, -0.018555, 0.916504, 2.195122, -0.914634, -0.243902, 33.188824
3753583, 0.019287, -0.012939, 0.918945, 2.195122, -1.097561, -0.121951, 33.094704
3755216, 0.021729, -0.015625, 0.920410, 2.134146, -0.975610, 0.060976, 33.141762
3756850, 0.022217, -0.017578, 0.914062, 2.256098, -0.853659, -0.243902, 33.094704
3758483, 0.021240, -0.017090, 0.918213, 2.317073, -1.097561, -0.365854, 33.188824
3760117, 0.016846, -0.011475, 0.915039, 2.317073, -1.158537, -0.182927, 33.094704
3761751, 0.017578, -0.022217, 0.910889, 2.317073, -0.975610, -0.182927, 33.047646
3763384, 0.016846, -0.017578, 0.910889, 2.195122, -1.097561, 0.000000, 33.094704
3765007, 0.019531, -0.013672, 0.910156, 2.195122, -1.097561, -0.365854, 32.953529
3766641, 0.015381, -0.012939, 0.916748, 2.317073, -0.853659, -0.182927, 33.188824
3768274, 0.018311, -0.013428, 0.919922, 2.378049, -1.158537, -0.121951, 33.141762
3769908, 0.017090, -0.023193, 0.918213, 2.073171, -1.219512, -0.060976, 33.094704
3771541, 0.017090, -0.017578, 0.918701, 2.195122, -1.097561, -0.243902, 33.047646
3773174, 0.024170, -0.025146, 0.917725, 2.317073, -1.158537, -0.304878, 33.094704
3774808, 0.019775, -0.019043, 0.912354, 2.012195, -1.158537, -0.182927, 33.141762
3776441, 0.025879, -0.018311, 0.915039, 2.012195, -0.914634, 0.000000, 33.094704
3778075, 0.018066, -0.015137, 0.916260, 2.195122, -0.975610, -0.365854, 33.047646
3779708, 0.018066, -0.015869, 0.912354, 2.012195, -1.341463, -0.182927, 33.094704
3781341, 0.020264, -0.020752, 0.913330, 2.134146, -0.975610, -0.182927, 33.047646
3782975, 0.015625, -0.019775, 0.917725, 2.073171, -1.036585, -0.121951, 33.094704
3784615, 0.014893, -0.014160, 0.917480, 2.134146, -1.158537, -0.243902, 33.188824
3786248, 0.017090, -0.014404, 0.910645, 2.256098, -1.097561, -0.304878, 33.141762
3787882, 0.015869, -0.017090, 0.907227, 2.317073, -1.158537, -0.243902, 33.094704
3789516, 0.028809, -0.010986, 0.910889, 2.134146, -1.158537, -0.243902, 33.188824
3791149, 0.020020, -0.014648, 0.908936, 2.195122, -1.158537, -0.304878, 33.188824
3792782, 0.018311, -0.015381, 0.916504, 2.256098, -1.280488, -0.243902, 33.047646
3794416, 0.017090, -0.016846, 0.916504, 2.134146, -1.219512, -0.304878, 33.094704
3796049, 0.019531, -0.017334, 0.914062, 2.134146, -1.219512, -0.060976, 33.235882
3797683, 0.021240, -0.023438, 0.911621, 2.134146, -1.097561, 0.000000, 33.094704
3799316, 0.018799, -0.020020, 0.912598, 2.378049, -1.158537, -0.121951, 33.047646
3800949, 0.016846, -0.020996, 0.915771, 2.134146, -1.158537, -0.182927, 33.188824
3802583, 0.020508, -0.013672, 0.917725, 2.073171, -1.097561, -0.060976, 33.141762
3804216, 0.023438, -0.011963, 0.920410, 1.951220, -0.853659, -0.182927, 33.188824
3805850, 0.022949, -0.011475, 0.917236, 2.195122, -0.975610, -0.365854, 33.141762
3807483, 0.021240, -0.016602, 0.919922, 2.195122, -1.097561, -0.121951, 33.188824
3809117, 0.019775, -0.018066, 0.916748, 2.256098, -1.158537, -0.121951, 33.141762
3810751, 0.022217, -0.014648, 0.921143, 2.073171, -0.853659, 0.000000, 33.188824
3812384, 0.025635, -0.010742, 0.917236, 2.012195, -1.097561, -0.182927, 33.094704
3814007, 0.018799, -0.020996, 0.912598, 2.195122, -1.036585, -0.243902, 33.141762
3815641, 0.018555, -0.015625, 0.909912, 2.134146, -1.219512, -0.304878, 33.188824
3817274, 0.018311, -0.016602, 0.910645, 2.073171, -1.341463, -0.243902, 33.047646
3818908, 0.022949, -0.012207, 0.913330, 2.073171, -0.975610, -0.060976, 33.094704
3820541, 0.020996, -0.016113, 0.918945, 2.012195, -0.975610, -0.304878, 33.094704
3822174, 0.020508, -0.017578, 0.911865, 2.073171, -1.097561, -0.304878, 33.094704
3823808, 0.020508, -0.020020, 0.914795, 2.195122, -1.097561, -0.121951, 33.141762
3825441, 0.020020, -0.022461, 0.921875, 2.195122, -1.158537, -0.365854, 33.094704
3827075, 0.024902, -0.016113, 0.913086, 2.256098, -0.975610, -0.182927, 33.047646
3828708, 0.022949, -0.016602, 0.912109, 1.951220, -0.975610, -0.548781, 33.094704
3830341, 0.024902, -0.012207, 0.916748, 2.073171, -0.975610, -0.304878, 33.235882
3831975, 0.022461, -0.016357, 0.908203, 2.134146, -1.036585, -0.304878, 33.188824
3833615, 0.022217, -0.013916, 0.917969, 2.134146, -0.914634, -0.243902, 33.141762
3835248, 0.023438, -0.015381, 0.920410, 2.317073, -1.158537, -0.426829, 33.188824
3836882, 0.024170, -0.013916, 0.913574, 2.378049, -1.158537, -0.182927, 33.141762
3838516, 0.020020, -0.020264, 0.912109, 2.134146, -1.097561, 0.121951, 33.094704
3840149, 0.020996, -0.011963, 0.912598, 2.256098, -1.036585, -0.182927, 33.047646
3841782, 0.019531, -0.016602, 0.910645, 2.134146, -0.975610, -0.121951, 33.141762
3843416, 0.019287, -0.017578, 0.917236, 2.134146, -1.036585, -0.365854, 33.094704
3845049, 0.025635, -0.011719, 0.915527, 2.073171, -0.914634, -0.304878, 33.141762
3846683, 0.025146, -0.010986, 0.924316, 2.195122, -1.097561, -0.060976, 33.094704
3848316, 0.020264, -0.016357, 0.916748, 2.256098, -1.280488, -0.121951, 33.141762
3849949, 0.017578, -0.016846, 0.923828, 2.256098, -1.097561, -0.243902, 33.188824
3851583, 0.025635, -0.018555, 0.921143, 2.195122, -1.036585, -0.243902, 33.141762
3853216, 0.022461, -0.010742, 0.919922, 2.134146, -1.280488, -0.243902, 33.188824
3854850, 0.021240, -0.015137, 0.918701, 2.073171, -1.036585, -0.304878, 33.141762
3856483, 0.021484, -0.018799, 0.907227, 2.256098, -0.975610, -0.487805, 33.094704
3858117, 0.012695, -0.012207, 0.910889, 2.317073, -0.914634, -0.121951, 33.047646
3859751, 0.014648, -0.019043, 0.907959, 2.134146, -1.158537, -0.365854, 33.094704
3861384, 0.019775, -0.014893, 0.906982, 2.073171, -1.219512, -0.426829, 33.235882
3863007, 0.021973, -0.019043, 0.915283, 2.073171, -1.036585, -0.060976, 33.188824
3864641, 0.014160, -0.015381, 0.916748, 2.317073, -0.914634, -0.182927, 33.141762
3866274, 0.020264, -0.012695, 0.910400, 2.073171, -1.158537, -0.182927, 33.094704
3867908, 0.013672, -0.012207, 0.912598, 2.256098, -1.280488, -0.182927, 33.235882
3869541, 0.019043, -0.015869, 0.904541, 2.195122, -1.158537, -0.243902, 33.188824
3871174, 0.020020, -0.016602, 0.914062, 2.134146, -1.158537, -0.304878, 33.141762
3872808, 0.020020, -0.018555, 0.909424, 2.073171, -0.975610, -0.121951, 33.235882
3874441, 0.018799, -0.015625, 0.909668, 2.134146, -1.097561, -0.121951, 33.094704
3876075, 0.020508, -0.014893, 0.909668, 2.317073, -1.097561, -0.243902, 33.141762
3877708, 0.023926, -0.017090, 0.908203, 2.256098, -1.219512, -0.304878, 33.188824
3879341, 0.019287, -0.018066, 0.913574, 2.134146, -0.975610, -0.304878, 33.141762
3880975, 0.019043, -0.009521, 0.917480, 2.134146, -1.097561, -0.121951, 33.000587
3882615, 0.025146, -0.014648, 0.914795, 2.195122, -1.158537, -0.243902, 33.141762
3884248, 0.018066, -0.012939, 0.908691, 2.134146, -1.036585, -0.243902, 33.094704
3885882, 0.021484, -0.011963, 0.910400, 2.256098, -1.097561, -0.243902, 33.141762
3887516, 0.019287, -0.015137, 0.912354, 2.256098, -1.097561, -0.304878, 33.094704
3889149, 0.019775, -0.015137, 0.913330, 1.951220, -1.097561, -0.121951, 33.047646
3890782, 0.017090, -0.012939, 0.909424, 2.256098, -1.219512, -0.182927, 33.094704
3892416, 0.019775, -0.015869, 0.912842, 2.195122, -1.097561, -0.304878, 33.141762
3894049, 0.026123, -0.015625, 0.915283, 2.134146, -1.158537, -0.365854, 33.094704
3895683, 0.023193, -0.015381, 0.911133, 2.134146, -1.219512, -0.121951, 33.141762
3897316, 0.020020, -0.015625, 0.912842, 2.256098, -1.097561, -0.243902, 33.000587
3898949, 0.020020, -0.013916, 0.908447, 2.134146, -1.036585, -0.365854, 33.047646
3900583, 0.024658, -0.015381, 0.902832, 2.317073, -1.158537, -0.060976, 33.094704
3902216, 0.020752, -0.015137, 0.915527, 2.134146, -0.914634, -0.243902, 33.094704
3903850, 0.022461, -0.014893, 0.906006, 2.134146, -1.219512, -0.304878, 33.047646
3905483, 0.017090, -0.018799, 0.918701, 2.073171, -1.219512, -0.304878, 33.094704
3907117, 0.022217, -0.016602, 0.920410, 2.256098, -1.097561, -0.365854, 33.141762
3908751, 0.016357, -0.016357, 0.912354, 2.256098, -0.914634, -0.365854, 33.094704
3910384, 0.022461, -0.012451, 0.915771, 2.012195, -1.158537, -0.304878, 33.141762
3912007, 0.021729, -0.016357, 0.910156, 2.256098, -1.219512, -0.182927, 33.094704
3913641, 0.021729, -0.011719, 0.912109, 2.317073, -0.853659, -0.121951, 33.141762
3915274, 0.020508, -0.014160, 0.912354, 2.195122, -1.158537, -0.182927, 33.094704
3916908, 0.023438, -0.015381, 0.907959, 2.317073, -1.219512, 0.060976, 33.141762
3918541, 0.018311, -0.015625, 0.908691, 2.073171, -0.914634, -0.060976, 33.094704
3920174, 0.016846, -0.017822, 0.919434, 2.256098, -1.097561, -0.304878, 33.047646
3921808, 0.018799, -0.018555, 0.904785, 2.195122, -1.280488, -0.121951, 33.188824
3923441, 0.018311, -0.016846, 0.913574, 2.012195, -1.097561, -0.060976, 33.141762
3925075, 0.018066, -0.013428, 0.912598, 2.256098, -1.158537, -0.365854, 33.094704
3926708, 0.015625, -0.017090, 0.914551, 2.256098, -1.280488, -0.243902, 33.141762
3928341, 0.018311, -0.017334, 0.904541, 2.317073, -0.975610, -0.365854, 33.094704
3929975, 0.015869, -0.016602, 0.916016, 2.012195, -0.853659, -0.487805, 33.047646
3931615, 0.018311, -0.018066, 0.915771, 2.073171, -1.036585, -0.121951, 33.094704
3933248, 0.020264, -0.018066, 0.924805, 2.256098, -1.341463, -0.182927, 33.000587
3934882, 0.020020, -0.015869, 0.916504, 2.195122, -0.975610, -0.365854, 33.141762
3936516, 0.024414, -0.018066, 0.915283, 2.012195, -0.914634, 0.000000, 33.094704
3938149, 0.019531, -0.011475, 0.918701, 2.134146, -0.792683, -0.121951, 33.141762
3939782, 0.021729, -0.018311, 0.916260, 2.195122, -1.036585, -0.243902, 33.094704
3941416, 0.016602, -0.013428, 0.913818, 2.073171, -1.097561, -0.182927, 33.141762
3943049, 0.014648, -0.014160, 0.914062, 2.073171, -1.280488, -0.182927, 33.188824
3944683, 0.020752, -0.018799, 0.913818, 2.195122, -1.097561, -0.121951, 33.141762
3946316, 0.013184, -0.018555, 0.928711, 2.256098, -1.219512, -0.121951, 33.188824
3947949, 0.017578, -0.015625, 0.917969, 2.256098, -1.158537, -0.182927, 33.141762
3949583, 0.013672, -0.017822, 0.917236, 2.073171, -1.097561, -0.182927, 33.094704
3951216, 0.018799, -0.017578, 0.915527, 2.134146, -1.036585, -0.304878, 33.141762
3952850, 0.016113, -0.017822, 0.909180, 2.134146, -1.158537, -0.182927, 33.282940
3954483, 0.013916, -0.015625, 0.915527, 2.134146, -1.036585, -0.121951, 33.047646
3956117, 0.019775, -0.017822, 0.906982, 2.195122, -0.975610, -0.182927, 33.188824
3957751, 0.020020, -0.017090, 0.919678, 2.134146, -1.097561, -0.182927, 33.188824
3959384, 0.023438, -0.020752, 0.910889, 2.134146, -1.097561, -0.426829, 33.141762
3961007, 0.026611, -0.017822, 0.923828, 2.012195, -1.097561, -0.243902, 33.188824
3962641, 0.024414, -0.016113, 0.918213, 2.134146, -1.158537, -0.060976, 33.094704
3964274, 0.018799, -0.016846, 0.904785, 2.378049, -1.097561, -0.243902, 33.188824
3965908, 0.014893, -0.020020, 0.912109, 2.256098, -1.097561, -0.182927, 33.141762
3967541, 0.018066, -0.017334, 0.915527, 2.256098, -1.097561, -0.182927, 33.188824
3969174, 0.021484, -0.014893, 0.914307, 2.134146, -1.219512, -0.243902, 33.141762
3970808, 0.021729, -0.014404, 0.916748, 2.012195, -1.097561, -0.243902, 33.094704
3972441, 0.022217, -0.017090, 0.915283, 2.195122, -1.158537, -0.243902, 33.141762
3974075, 0.020508, -0.018799, 0.913574, 2.195122, -1.097561, -0.304878, 33.188824
3975708, 0.018311, -0.015869, 0.907471, 2.134146, -1.158537, -0.182927, 33.141762
3977341, 0.017090, -0.013916, 0.910156, 2.317073, -1.158537, -0.182927, 33.094704
3978975, 0.013428, -0.015381, 0.920410, 2.134146, -1.097561, -0.182927, 33.141762
3980615, 0.013184, -0.016846, 0.914062, 1.951220, -1.158537, -0.243902, 33.094704
3982248, 0.020996, -0.012451, 0.910645, 2.012195, -1.097561, -0.060976, 33.141762
3983882, 0.020508, -0.014648, 0.909424, 2.134146, -1.097561, -0.121951, 33.094704
3985516, 0.020264, -0.012695, 0.925781, 2.134146, -1.158537, -0.182927, 33.141762
3987149, 0.021973, -0.018555, 0.924316, 2.256098, -1.036585, -0.304878, 33.094704
3988782, 0.018799, -0.019043, 0.920654, 2.378049, -1.097561, -0.304878, 33.094704
3990416, 0.019287, -0.017578, 0.909668, 2.195122, -1.036585, -0.304878, 33.141762
3992049, 0.021973, -0.014648, 0.916504, 2.256098, -1.097561, -0.304878, 33.094704
3993683, 0.020020, -0.017090, 0.916748, 2.256098, -0.975610, -0.304878, 33.094704
3995316, 0.016113, -0.018555, 0.918701, 2.073171, -1.158537, -0.365854, 33.094704
3996949, 0.014893, -0.019287, 0.911621, 2.195122, -0.914634, -0.304878, 33.141762
3998583, 0.012939, -0.015869, 0.922119, 2.134146, -1.097561, -0.182927, 33.000587
4000216, 0.024414, -0.018311, 0.919678, 2.256098, -1.158537, -0.304878, 33.141762
4001850, 0.020508, -0.014648, 0.916504, 2.256098, -1.219512, -0.121951, 33.094704
4003483, 0.015869, -0.014160, 0.912354, 2.256098, -1.219512, -0.304878, 33.141762
4005117, 0.020996, -0.015381, 0.916992, 2.134146, -1.097561, -0.182927, 33.000587
4006751, 0.022217, -0.013184, 0.919434, 2.012195, -1.219512, -0.304878, 33.047646
4008384, 0.020020, -0.016357, 0.918945, 2.073171, -1.219512, -0.365854, 33.188824
4010007, 0.018311, -0.015869, 0.926270, 2.195122, -1.402439, -0.243902, 33.047646
4011641, 0.021484, -0.020264, 0.920898, 2.195122, -1.158537, -0.243902, 33.094704
4013274, 0.019287, -0.016602, 0.914062, 2.134146, -1.341463, -0.182927, 33.047646
4014908, 0.024170, -0.018311, 0.924316, 2.256098, -1.158537, -0.243902, 33.094704
4016541, 0.018311, -0.014404, 0.923340, 2.256098, -1.219512, -0.060976, 33.141762
4018174, 0.024902, -0.011230, 0.917480, 2.317073, -0.975610, 0.060976, 33.094704
4019808, 0.025635, -0.014160, 0.916748, 2.134146, -1.097561, -0.060976, 33.094704
4021441, 0.022217, -0.018555, 0.909424, 2.073171, -1.097561, -0.121951, 33.141762
4023075, 0.018555, -0.014404, 0.908203, 2.195122, -1.158537, -0.121951, 33.094704
4024708, 0.021240, -0.017090, 0.917969, 2.317073, -0.914634, -0.304878, 33.094704
4026341, 0.021729, -0.017578, 0.910156, 2.195122, -0.914634, -0.304878, 33.094704
4027975, 0.020752, -0.020508, 0.910400, 2.195122, -1.097561, -0.182927, 33.047646
4029615, 0.019531, -0.015137, 0.913818, 2.256098, -1.158537, -0.182927, 33.188824
4031248, 0.022461, -0.011963, 0.909668, 2.195122, -1.158537, -0.243902, 33.141762
4032882, 0.021240, -0.013428, 0.918213, 2.073171, -1.158537, -0.365854, 33.000587
4034516, 0.017090, -0.012207, 0.918213, 2.012195, -0.975610, -0.243902, 33.141762
4036149, 0.020508, -0.020020, 0.915527, 2.134146, -0.975610, -0.121951, 33.094704
4037782, 0.022217, -0.014160, 0.914551, 2.134146, -1.158537, -0.182927, 33.141762
4039416, 0.014160, -0.015381, 0.916504, 2.256098, -1.341463, -0.121951, 33.094704
4041049, 0.023438, -0.020020, 0.916016, 2.134146, -1.097561, -0.182927, 33.235882
4042683, 0.020508, -0.016357, 0.921631, 2.012195, -0.792683, -0.060976, 33.094704
4044316, 0.015137, -0.020264, 0.914795, 2.012195, -1.097561, -0.182927, 33.047646
4045949, 0.018311, -0.010010, 0.922119, 2.073171, -0.914634, -0.182927, 33.188824
4047583, 0.023193, -0.018555, 0.909668, 2.317073, -0.975610, -0.121951, 33.188824
4049216, 0.019043, -0.013672, 0.910645, 2.073171, -0.975610, -0.182927, 33.141762
4050850, 0.018799, -0.014404, 0.914795, 2.073171, -0.975610, -0.121951, 33.094704
4052483, 0.020752, -0.017578, 0.911865, 2.134146, -1.036585, -0.243902, 33.141762
4054117, 0.020996, -0.015869, 0.922852, 2.134146, -1.097561, -0.243902, 33.188824
4055751, 0.016113, -0.019287, 0.910400, 2.073171, -1.036585, -0.182927, 33.094704
4057384, 0.014648, -0.014648, 0.904541, 2.195122, -1.036585, 0.000000, 33.094704
4059007, 0.021729, -0.011230, 0.906738, 2.134146, -1.097561, -0.243902, 33.047646
4060641, 0.020996, -0.012939, 0.911133, 2.256098, -1.036585, -0.304878, 33.094704
4062274, 0.022217, -0.022949, 0.920410, 2.134146, -1.219512, -0.182927, 33.141762
4063908, 0.024658, -0.020508, 0.915771, 2.256098, -1.036585, -0.182927, 33.094704
4065541, 0.021484, -0.013184, 0.915039, 2.195122, -1.036585, -0.304878, 33.047646
4067174, 0.021729, -0.018799, 0.917969, 2.195122, -1.036585, -0.121951, 33.094704
4068808, 0.019043, -0.017334, 0.914551, 2.195122, -1.219512, -0.365854, 33.141762
4070441, 0.020996, -0.017822, 0.915771, 2.134146, -1.219512, -0.121951, 33.188824
4072075, 0.022217, -0.017334, 0.921875, 2.134146, -1.036585, -0.243902, 33.047646
4073708, 0.019775, -0.017334, 0.917969, 2.134146, -0.914634, -0.304878, 33.094704
4075341, 0.021973, -0.021973, 0.921631, 2.073171, -1.036585, -0.182927, 33.141762
4076975, 0.017822, -0.013672, 0.908447, 2.195122, -0.975610, -0.182927, 33.094704
4078615, 0.016846, -0.014893, 0.907959, 2.012195, -1.036585, -0.243902, 33.188824
4080248, 0.024170, -0.012939, 0.906494, 2.134146, -1.097561, -0.304878, 33.141762
4081882, 0.018799, -0.021973, 0.911133, 2.012195, -1.097561, -0.243902, 33.094704
4083516, 0.017822, -0.022461, 0.910889, 2.012195, -1.219512, -0.182927, 33.047646
4085149, 0.020996, -0.019775, 0.920898, 2.134146, -1.097561, -0.182927, 33.094704
4086782, 0.022461, -0.021240, 0.916992, 2.073171, -1.158537, -0.182927, 33.141762
4088416, 0.016846, -0.019531, 0.915039, 2.073171, -1.219512, -0.121951, 33.094704
4090049, 0.019287, -0.023682, 0.918701, 2.073171, -1.158537, -0.060976, 33.141762
4091683, 0.020020, -0.016357, 0.913330, 2.195122, -1.097561, -0.304878, 33.094704
4093316, 0.025391, -0.010254, 0.910156, 2.195122, -0.975610, -0.121951, 33.047646
4094949, 0.020264, -0.016602, 0.917969, 2.073171, -0.914634, -0.182927, 33.188824
4096583, 0.014404, -0.016602, 0.920898, 2.134146, -0.914634, -0.365854, 33.141762
4098216, 0.018555, -0.022461, 0.915283, 2.195122, -1.097561, 0.060976, 33.188824
4099850, 0.023926, -0.010742, 0.913086, 2.073171, -1.097561, -0.243902, 33.141762
4101483, 0.023438, -0.014648, 0.913574, 2.134146, -0.975610, -0.182927, 33.094704
4103117, 0.023438, -0.019287, 0.917236, 2.134146, -1.341463, -0.243902, 33.141762
4104751, 0.023926, -0.018555, 0.913818, 2.073171, -1.158537, -0.182927, 33.094704
4106384, 0.020020, -0.015137, 0.922119, 2.256098, -1.036585, -0.060976, 33.188824
4108007, 0.023193, -0.014648, 0.911621, 2.378049, -1.158537, -0.365854, 33.141762
4109641, 0.027100, -0.020752, 0.910889, 2.073171, -1.097561, -0.487805, 33.094704
4111274, 0.023682, -0.022461, 0.909668, 2.195122, -1.097561, -0.182927, 33.141762
4112908, 0.019287, -0.019775, 0.910400, 2.256098, -0.975610, -0.243902, 33.094704
4114541, 0.020752, -0.017334, 0.910400, 2.134146, -1.158537, -0.365854, 33.141762
4116174, 0.013916, -0.020020, 0.905518, 2.134146, -1.036585, -0.365854, 33.000587
4117808, 0.016113, -0.016113, 0.915283, 2.317073, -1.158537, -0.304878, 33.047646
4119441, 0.017334, -0.018799, 0.923096, 2.195122, -0.975610, -0.182927, 33.094704
4121075, 0.019043, -0.017334, 0.927734, 2.012195, -1.219512, -0.243902, 33.047646
4122708, 0.018555, -0.018555, 0.920898, 2.134146, -1.097561, -0.182927, 33.094704
4124341, 0.014404, -0.015137, 0.913574, 2.256098, -0.914634, -0.243902, 33.141762
4125975, 0.018555, -0.023193, 0.916260, 2.134146, -1.097561, -0.121951, 33.188824
4127615, 0.025879, -0.017578, 0.918945, 2.256098, -1.219512, -0.304878, 33.141762
4129248, 0.013672, -0.018066, 0.914551, 2.195122, -1.158537, -0.243902, 33.094704
4130882, 0.023438, -0.017334, 0.913330, 2.317073, -1.158537, -0.243902, 33.141762
4132516, 0.021973, -0.016846, 0.916260, 2.134146, -1.158537, -0.121951, 33.094704
4134149, 0.019043, -0.012451, 0.909912, 2.073171, -1.036585, -0.121951, 33.047646
4135782, 0.016602, -0.015137, 0.911377, 2.256098, -1.280488, -0.121951, 33.188824
4137416, 0.017578, -0.021240, 0.919189, 2.012195, -1.219512, -0.182927, 33.188824
4139049, 0.018555, -0.020508, 0.910645, 2.317073, -1.036585, -0.304878, 33.047646
4140683, 0.016357, -0.023193, 0.919922, 2.378049, -1.036585, -0.243902, 33.188824
4142316, 0.026855, -0.012207, 0.914551, 2.134146, -1.097561, -0.243902, 33.047646
4143949, 0.022461, -0.018066, 0.911865, 2.073171, -1.097561, -0.121951, 33.094704
4145583, 0.021973, -0.012939, 0.918213, 2.073171, -0.914634, -0.243902, 33.047646
4147216, 0.017822, -0.014893, 0.913818, 2.073171, -1.036585, -0.121951, 33.094704
4148850, 0.010986, -0.014404, 0.906738, 2.195122, -1.097561, -0.121951, 33.141762
4150483, 0.010254, -0.015869, 0.910645, 2.256098, -1.219512, -0.060976, 33.094704
4152117, 0.025391, -0.017090, 0.916504, 2.134146, -1.158537, -0.182927, 33.235882
4153751, 0.024414, -0.018555, 0.917236, 2.195122, -1.097561, -0.121951, 33.094704
4155384, 0.018311, -0.012207, 0.913574, 2.317073, -1.158537, -0.060976, 33.141762
4157007, 0.031494, -0.017822, 0.913330, 2.195122, -1.036585, 0.000000, 33.094704
4158641, 0.021729, -0.018799, 0.911377, 2.134146, -0.914634, -0.121951, 33.235882
4160274, 0.015869, -0.014648, 0.915283, 2.317073, -0.914634, -0.182927, 33.094704
4161908, 0.020996, -0.014893, 0.921875, 2.134146, -0.975610, -0.365854, 33.141762
4163541, 0.023438, -0.020020, 0.919189, 2.012195, -1.036585, -0.182927, 33.094704
4165174, 0.021240, -0.019043, 0.910645, 2.256098, -1.280488, -0.243902, 33.047646
4166808, 0.023926, -0.017090, 0.907959, 2.195122, -1.036585, -0.182927, 33.094704
4168441, 0.014404, -0.016357, 0.913574, 2.073171, -0.975610, -0.060976, 33.094704
4170075, 0.019043, -0.013672, 0.915527, 2.073171, -0.975610, -0.182927, 33.047646
4171708, 0.016113, -0.023926, 0.924561, 2.195122, -1.036585, -0.365854, 33.188824
4173341, 0.022949, -0.015869, 0.919434, 2.195122, -0.914634, -0.365854, 33.141762
4174975, 0.026855, -0.014893, 0.925293, 2.134146, -1.158537, -0.304878, 33.094704
4176615, 0.023438, -0.020752, 0.918457, 2.012195, -1.036585, -0.243902, 33.141762
4178248, 0.026367, -0.019287, 0.920410, 2.195122, -1.036585, -0.182927, 33.188824
4179882, 0.020508, -0.019043, 0.910889, 2.256098, -1.036585, -0.182927, 33.141762
4181516, 0.018311, -0.019775, 0.914795, 2.195122, -0.914634, -0.304878, 33.188824
4183149, 0.020752, -0.016357, 0.909668, 2.195122, -1.036585, -0.304878, 33.141762
4184782, 0.017090, -0.018799, 0.919189, 2.195122, -1.158537, -0.304878, 33.188824
4186416, 0.024902, -0.014648, 0.911621, 2.195122, -1.097561, -0.243902, 33.141762
4188049, 0.016846, -0.010986, 0.914307, 2.195122, -1.097561, -0.182927, 33.188824
4189683, 0.016357, -0.019043, 0.924072, 2.012195, -0.975610, -0.365854, 33.141762
4191316, 0.016846, -0.016846, 0.913330, 2.012195, -0.914634, -0.365854, 33.188824
4192949, 0.018555, -0.018555, 0.912354, 2.195122, -1.097561, -0.182927, 33.094704
4194583, 0.016357, -0.020264, 0.909668, 2.134146, -1.036585, -0.243902, 33.141762
4196216, 0.019531, -0.016113, 0.913330, 2.134146, -1.158537, -0.060976, 33.094704
4197850, 0.023438, -0.014648, 0.915283, 2.012195, -1.158537, -0.060976, 33.188824
4199483, 0.017822, -0.016357, 0.925049, 2.073171, -0.853659, 0.000000, 33.094704
4201117, 0.019287, -0.020996, 0.921631, 2.134146, -1.097561, -0.121951, 33.047646
4202751, 0.015137, -0.017334, 0.924561, 2.317073, -1.158537, -0.243902, 33.094704
4204384, 0.018066, -0.020752, 0.918701, 2.134146, -1.158537, -0.121951, 33.141762
4206007, 0.020508, -0.022217, 0.914795, 2.256098, -1.158537, -0.182927, 33.094704
4207641, 0.020264, -0.015625, 0.921875, 2.073171, -1.158537, -0.304878, 33.047646
4209274, 0.025635, -0.015381, 0.916016, 2.134146, -1.158537, -0.121951, 33.188824
4210908, 0.020020, -0.016357, 0.912598, 2.195122, -1.280488, -0.304878, 33.141762
4212541, 0.014404, -0.013916, 0.913818, 2.256098, -1.158537, -0.304878, 33.188824
4214174, 0.016846, -0.012939, 0.922607, 2.256098, -1.036585, -0.182927, 33.141762
4215808, 0.017090, -0.012451, 0.908936, 2.256098, -1.036585, -0.182927, 33.188824
4217441, 0.021729, -0.012939, 0.915039, 2.134146, -1.036585, -0.182927, 33.047646
4219075, 0.019775, -0.020752, 0.916260, 2.439024, -1.158537, -0.304878, 33.094704
4220708, 0.023682, -0.018555, 0.909668, 2.134146, -1.280488, -0.304878, 33.141762
4222341, 0.022217, -0.019531, 0.918701, 2.073171, -1.158537, -0.182927, 33.188824
4223975, 0.015381, -0.015625, 0.917969, 2.134146, -1.097561, -0.243902, 33.141762
4225615, 0.022217, -0.017090, 0.915771, 2.500000, -1.280488, -0.243902, 33.141762
4227248, 0.026123, -0.019287, 0.917725, 2.256098, -1.219512, -0.121951, 33.094704
4228882, 0.027832, -0.015625, 0.914307, 2.134146, -1.036585, -0.121951, 33.094704
4230516, 0.022217, -0.016602, 0.916992, 2.134146, -0.975610, -0.182927, 33.188824
4232149, 0.028564, -0.018311, 0.912842, 2.134146, -1.097561, -0.121951, 33.141762
4233782, 0.022217, -0.018066, 0.915039, 2.195122, -1.036585, -0.060976, 33.094704
4235416, 0.023193, -0.016602, 0.907715, 2.256098, -1.097561, -0.243902, 33.141762
4237049, 0.016846, -0.016357, 0.920410, 2.073171, -1.219512, -0.121951, 33.094704
4238683, 0.019775, -0.016846, 0.918945, 2.134146, -1.036585, -0.182927, 33.047646
4240316, 0.017334, -0.015869, 0.909180, 2.195122, -0.975610, -0.060976, 33.000587
4241949, 0.019043, -0.019775, 0.915039, 2.256098, -1.219512, -0.243902, 33.141762
4243583, 0.020996, -0.018799, 0.918945, 2.134146, -0.975610, -0.243902, 33.188824
4245216, 0.019043, -0.015869, 0.921875, 2.012195, -1.097561, -0.182927, 33.047646
4246850, 0.019775, -0.012695, 0.920410, 2.195122, -1.097561, -0.060976, 33.188824
4248483, 0.017090, -0.019287, 0.912354, 2.195122, -1.158537, -0.121951, 33.235882
4250117, 0.018311, -0.019531, 0.916748, 2.134146, -1.158537, -0.304878, 33.094704
4251751, 0.017578, -0.015869, 0.923828, 2.439024, -1.158537, -0.304878, 33.094704
4253384, 0.018799, -0.015381, 0.915039, 2.134146, -0.975610, -0.365854, 33.047646
4255007, 0.020020, -0.022217, 0.915039, 2.012195, -1.097561, -0.304878, 33.000587
4256641, 0.018066, -0.015137, 0.916016, 2.134146, -1.158537, -0.243902, 33.141762
4258274, 0.024170, -0.022217, 0.914795, 2.195122, -1.097561, -0.426829, 33.094704
4259908, 0.015137, -0.021240, 0.913574, 2.317073, -1.219512, -0.426829, 33.000587
4261541, 0.014893, -0.013184, 0.916260, 2.134146, -1.036585, -0.365854, 33.094704
4263174, 0.020020, -0.017822, 0.907715, 2.195122, -0.853659, -0.182927, 33.141762
4264808, 0.018799, -0.016357, 0.919678, 2.317073, -1.036585, -0.060976, 33.094704
4266441, 0.017334, -0.016113, 0.921143, 2.195122, -1.158537, -0.304878, 33.141762
4268075, 0.015381, -0.019531, 0.917236, 2.195122, -0.914634, -0.243902, 33.188824
4269708, 0.010498, -0.012695, 0.919189, 2.073171, -1.219512, -0.304878, 33.047646
4271341, 0.023926, -0.017334, 0.916504, 2.073171, -1.158537, -0.121951, 33.094704
4272975, 0.021973, -0.015381, 0.916016, 2.317073, -0.975610, -0.426829, 33.047646
4274615, 0.017822, -0.013916, 0.903320, 2.134146, -1.219512, -0.243902, 33.094704
4276248, 0.021484, -0.016357, 0.915283, 2.256098, -1.158537, 0.121951, 33.141762
4277882, 0.012695, -0.016602, 0.913330, 2.195122, -1.036585, -0.182927, 33.094704
4279516, 0.017578, -0.014404, 0.917480, 2.256098, -0.914634, -0.426829, 33.047646
4281149, 0.018799, -0.018799, 0.916016, 2.256098, -1.219512, -0.365854, 33.047646
4282782, 0.017822, -0.020020, 0.920654, 2.134146, -1.158537, -0.182927, 33.188824
4284416, 0.019775, -0.014893, 0.910400, 2.317073, -1.097561, -0.304878, 33.047646
4286049, 0.018066, -0.014648, 0.921631, 1.951220, -0.914634, -0.304878, 33.094704
4287683, 0.025879, -0.014404, 0.918945, 2.012195, -0.792683, -0.182927, 33.141762
4289316, 0.026367, -0.013916, 0.913818, 2.317073, -1.036585, -0.121951, 33.094704
4290949, 0.022949, -0.013916, 0.906738, 2.134146, -1.036585, -0.121951, 33.094704
4292583, 0.022217, -0.016357, 0.910400, 2.256098, -1.158537, -0.243902, 33.188824
4294216, 0.015625, -0.013184, 0.906982, 2.073171, -1.036585, -0.121951, 33.047646
4295850, 0.020020, -0.012939, 0.913574, 1.951220, -1.097561, -0.365854, 33.094704
4297483, 0.014160, -0.015137, 0.911621, 2.134146, -1.097561, -0.243902, 33.141762
4299117, 0.018799, -0.015625, 0.919434, 2.256098, -1.036585, -0.304878, 33.094704
4300751, 0.019287, -0.015137, 0.914795, 2.195122, -1.036585, -0.121951, 33.047646
4302384, 0.020020, -0.022705, 0.916504, 2.134146, -1.036585, -0.365854, 33.000587
4304007, 0.024658, -0.012451, 0.917236, 2.134146, -1.097561, -0.182927, 33.141762
4305641, 0.015381, -0.012451, 0.909180, 2.195122, -0.975610, -0.182927, 33.188824
4307274, 0.012207, -0.014160, 0.916016, 2.378049, -1.158537, -0.182927, 33.141762
4308908, 0.016113, -0.014648, 0.909912, 2.073171, -1.219512, -0.121951, 33.094704
4310541, 0.017578, -0.017822, 0.904053, 2.073171, -1.097561, -0.304878, 33.047646
4312174, 0.015381, -0.015381, 0.911377, 2.073171, -1.158537, -0.121951, 33.094704
4313808, 0.012695, -0.017822, 0.916992, 2.256098, -1.097561, -0.243902, 33.188824
4315441, 0.017090, -0.016113, 0.920166, 2.073171, -0.975610, -0.182927, 33.047646
4317075, 0.012451, -0.017334, 0.909668, 2.134146, -0.975610, -0.060976, 33.094704
4318708, 0.020020, -0.012451, 0.907715, 2.256098, -1.097561, -0.182927, 33.141762
4320341, 0.021973, -0.016357, 0.910400, 2.134146, -1.219512, -0.243902, 33.094704
4321975, 0.020752, -0.016357, 0.917480, 2.134146, -1.036585, -0.365854, 33.094704
4323615, 0.017822, -0.020508, 0.917725, 2.134146, -1.097561, -0.243902, 33.188824
4325248, 0.019775, -0.002930, 0.920898, 2.195122, -1.036585, -0.182927, 33.141762
4326882, 0.020264, -0.010498, 0.909424, 2.317073, -0.975610, -0.243902, 33.188824
4328516, 0.015625, -0.016602, 0.912109, 2.134146, -1.219512, -0.243902, 33.047646
4330149, 0.022705, -0.013428, 0.910889, 2.134146, -1.036585, -0.243902, 33.094704
4331782, 0.020264, -0.012207, 0.914551, 2.134146, -1.097561, -0.182927, 33.141762
4333416, 0.021729, -0.019043, 0.909180, 2.195122, -0.975610, -0.060976, 33.188824
4335049, 0.019287, -0.008057, 0.918945, 2.317073, -1.097561, -0.121951, 33.235882
4336683, 0.015137, -0.011963, 0.927246, 2.317073, -0.975610, -0.304878, 33.094704
4338316, 0.029053, -0.014648, 0.907959, 2.134146, -1.097561, -0.121951, 33.047646
4339949, 0.021240, -0.010742, 0.906982, 2.134146, -0.853659, -0.182927, 33.094704
4341583, 0.019287, -0.014893, 0.918457, 2.134146, -1.158537, -0.060976, 33.188824
4343216, 0.022949, -0.015625, 0.913086, 2.134146, -1.097561, -0.060976, 33.141762
4344850, 0.019287, -0.012695, 0.912598, 2.134146, -0.914634, -0.182927, 33.094704
4346483, 0.024902, -0.010742, 0.917480, 2.195122, -1.036585, -0.365854, 33.141762
4348117, 0.018311, -0.013184, 0.918457, 2.134146, -0.914634, -0.182927, 33.188824
4349751, 0.012451, -0.014404, 0.916016, 2.256098, -1.097561, -0.243902, 33.141762
4351384, 0.025879, -0.015869, 0.917969, 2.134146, -1.097561, -0.365854, 33.094704
4353007, 0.025635, -0.021484, 0.911621, 2.256098, -0.914634, -0.243902, 33.235882
4354641, 0.020752, -0.020508, 0.914307, 2.256098, -0.914634, -0.243902, 33.094704
4356274, 0.014893, -0.017090, 0.911133, 2.134146, -0.853659, -0.365854, 33.141762
4357908, 0.014404, -0.017578, 0.909668, 2.256098, -1.158537, -0.182927, 33.094704
4359541, 0.026367, -0.012939, 0.919189, 2.256098, -1.036585, -0.121951, 33.141762
4361174, 0.014893, -0.017090, 0.914062, 2.073171, -1.097561, -0.182927, 33.094704
4362808, 0.013916, -0.016357, 0.914307, 2.195122, -1.097561, -0.060976, 33.235882
4364441, 0.018066, -0.016602, 0.913330, 2.317073, -1.036585, -0.304878, 33.094704
4366075, 0.019287, -0.013672, 0.915771, 2.256098, -1.158537, -0.365854, 33.141762
4367708, 0.018799, -0.015381, 0.916748, 2.134146, -1.036585, -0.182927, 33.094704
4369341, 0.018311, -0.014404, 0.910889, 2.195122, -1.219512, -0.121951, 33.141762
4370975, 0.019531, -0.012939, 0.916748, 2.134146, -0.914634, -0.304878, 33.094704
4372615, 0.029297, -0.021729, 0.920654, 2.378049, -1.036585, -0.243902, 33.000587
4374248, 0.023682, -0.011963, 0.914551, 2.317073, -1.158537, -0.243902, 33.141762
4375882, 0.020508, -0.019287, 0.917480, 2.195122, -0.975610, -0.243902, 33.188824
4377516, 0.021973, -0.011230, 0.910400, 2.012195, -1.036585, -0.304878, 33.141762
4379149, 0.020508, -0.020752, 0.920166, 2.134146, -1.158537, -0.060976, 33.094704
4380782, 0.021240, -0.017090, 0.920166, 2.134146, -1.219512, -0.182927, 33.141762
4382416, 0.017822, -0.013428, 0.926270, 2.012195, -1.036585, -0.121951, 33.094704
4384049, 0.020752, -0.018311, 0.908203, 1.951220, -1.036585, -0.365854, 33.141762
4385683, 0.017090, -0.015137, 0.918213, 2.256098, -1.158537, -0.365854, 33.188824
4387316, 0.020020, -0.016602, 0.915527, 2.256098, -0.975610, -0.182927, 33.047646
4388949, 0.014404, -0.013184, 0.909424, 2.073171, -1.036585, -0.243902, 33.094704
4390583, 0.021240, -0.017090, 0.911621, 2.012195, -0.975610, -0.243902, 33.141762
4392216, 0.018799, -0.010742, 0.916748, 2.134146, -0.731707, -0.304878, 33.094704
4393850, 0.016357, -0.007812, 0.921631, 2.195122, -1.280488, -0.121951, 33.141762
4395483, 0.018799, -0.016602, 0.915771, 2.134146, -1.158537, -0.304878, 33.188824
4397117, 0.012695, -0.013184, 0.918457, 2.073171, -0.914634, -0.182927, 33.047646
4398751, 0.017578, -0.015137, 0.922607, 2.134146, -0.975610, -0.243902, 33.141762
4400384, 0.020508, -0.017578, 0.922852, 2.256098, -1.219512, -0.182927, 33.094704
4402007, 0.023682, -0.018799, 0.906738, 2.073171, -1.158537, -0.243902, 33.188824
4403641, 0.020020, -0.017822, 0.917969, 2.195122, -1.097561, -0.243902, 33.188824
4405274, 0.013916, -0.020264, 0.910889, 2.134146, -0.975610, -0.121951, 33.141762
4406908, 0.017822, -0.013672, 0.916748, 2.195122, -0.975610, -0.121951, 33.094704
4408541, 0.012939, -0.015137, 0.917236, 2.195122, -1.097561, -0.121951, 33.047646
4410174, 0.020020, -0.016357, 0.916992, 2.195122, -1.097561, 0.000000, 33.094704
4411808, 0.018799, -0.019043, 0.914062, 2.195122, -1.036585, -0.426829, 33.141762
4413441, 0.020752, -0.017334, 0.909424, 2.073171, -0.975610, -0.121951, 33.094704
4415075, 0.016113, -0.010010, 0.912842, 2.195122, -1.097561, 0.000000, 33.047646
4416708, 0.013428, -0.017334, 0.914307, 2.195122, -1.158537, -0.121951, 33.094704
4418341, 0.017090, -0.018555, 0.906006, 2.012195, -1.158537, -0.304878, 33.141762
4419975, 0.021973, -0.020508, 0.910645, 2.195122, -1.158537, -0.243902, 33.094704
4421615, 0.021484, -0.013916, 0.909424, 2.195122, -0.975610, -0.243902, 33.047646
4423248, 0.022705, -0.019531, 0.920410, 2.012195, -1.097561, -0.304878, 33.094704
4424882, 0.020020, -0.016357, 0.915283, 2.073171, -0.975610, -0.304878, 33.141762
4426516, 0.020020, -0.016113, 0.906494, 2.256098, -1.158537, -0.121951, 33.188824
4428149, 0.017578, -0.017090, 0.911133, 2.378049, -1.036585, -0.365854, 33.094704
4429782, 0.022217, -0.016357, 0.908203, 2.134146, -0.975610, -0.182927, 33.141762
4431416, 0.022217, -0.012939, 0.914551, 2.256098, -1.219512, -0.182927, 33.094704
4433049, 0.014404, -0.011475, 0.915283, 2.134146, -1.097561, -0.182927, 33.094704
4434683, 0.019287, -0.013428, 0.913330, 2.073171, -1.036585, -0.304878, 33.094704
4436316, 0.017090, -0.012695, 0.913330, 2.073171, -1.036585, -0.243902, 33.141762
4437949, 0.020508, -0.010010, 0.915039, 2.195122, -1.097561, -0.121951, 33.000587
4439583, 0.015869, -0.020020, 0.921875, 2.195122, -1.036585, -0.243902, 33.141762
4441216, 0.014404, -0.017578, 0.919434, 2.256098, -1.219512, -0.304878, 33.188824
4442850, 0.019287, -0.013916, 0.913818, 2.134146, -0.975610, -0.121951, 33.047646
4444483, 0.022217, -0.019531, 0.910889, 2.012195, -1.097561, -0.182927, 33.094704
4446117, 0.021729, -0.017578, 0.919189, 2.134146, -1.097561, -0.182927, 33.141762
4447751, 0.020264, -0.017822, 0.916260, 2.134146, -1.036585, -0.060976, 33.188824
4449384, 0.015869, -0.013184, 0.925781, 2.012195, -1.097561, -0.243902, 33.047646
4451007, 0.016357, -0.015625, 0.921143, 2.073171, -1.097561, -0.182927, 33.094704
4452641, 0.019531, -0.019531, 0.918213, 2.073171, -1.036585, -0.182927, 33.141762
4454274, 0.021729, -0.015137, 0.917236, 2.195122, -0.914634, -0.304878, 33.094704
4455908, 0.017334, -0.010254, 0.917725, 2.378049, -0.914634, -0.243902, 33.141762
4457541, 0.020020, -0.017090, 0.920898, 2.195122, -1.036585, -0.182927, 33.094704
4459174, 0.019531, -0.015869, 0.919434, 2.195122, -1.097561, -0.060976, 33.094704
4460808, 0.019287, -0.017578, 0.917236, 2.256098, -0.853659, -0.121951, 33.141762
4462441, 0.019043, -0.016357, 0.916748, 2.012195, -1.280488, -0.182927, 33.188824
4464075, 0.015625, -0.012695, 0.918213, 1.951220, -0.975610, -0.243902, 33.094704
4465708, 0.021729, -0.020508, 0.915771, 2.195122, -1.036585, -0.121951, 33.188824
4467341, 0.009521, -0.016357, 0.913574, 2.134146, -1.219512, -0.243902, 33.141762
4468975, 0.013916, -0.017334, 0.922119, 2.134146, -1.036585, -0.243902, 33.094704
4470615, 0.014893, -0.013672, 0.914551, 2.256098, -1.036585, -0.304878, 33.047646
4472248, 0.018799, -0.016602, 0.923096, 2.134146, -1.219512, -0.304878, 33.094704
4473882, 0.018799, -0.016113, 0.916748, 2.134146, -0.792683, -0.121951, 33.047646
4475516, 0.018799, -0.015137, 0.910889, 2.195122, -0.975610, -0.304878, 33.094704
4477149, 0.020508, -0.014648, 0.915283, 2.012195, -0.792683, -0.182927, 33.047646
4478782, 0.018311, -0.015869, 0.912598, 2.195122, -0.975610, -0.243902, 33.094704
4480416, 0.019775, -0.011963, 0.917480, 2.195122, -1.280488, -0.182927, 33.141762
4482049, 0.017334, -0.015137, 0.910156, 2.195122, -1.036585, -0.243902, 33.094704
4483683, 0.019287, -0.015869, 0.920166, 2.195122, -1.036585, -0.243902, 33.141762
4485316, 0.017334, -0.017822, 0.920410, 2.195122, -0.914634, -0.182927, 33.094704
4486949, 0.017578, -0.015381, 0.916748, 2.256098, -1.158537, -0.243902, 33.094704
4488583, 0.018555, -0.015869, 0.917236, 2.317073, -1.036585, -0.426829, 33.141762
4490216, 0.018066, -0.017334, 0.910645, 2.378049, -0.975610, -0.243902, 33.094704
4491850, 0.019043, -0.017578, 0.903076, 2.317073, -1.097561, -0.182927, 33.141762
4493483, 0.018311, -0.018555, 0.917969, 1.951220, -1.097561, -0.182927, 33.188824
4495117, 0.021240, -0.018066, 0.919189, 2.073171, -1.097561, -0.182927, 33.188824
4496751, 0.017334, -0.016846, 0.916016, 2.317073, -0.914634, -0.304878, 33.188824
4498384, 0.013428, -0.012451, 0.921631, 2.073171, -1.158537, -0.121951, 33.141762
4500007, 0.013672, -0.018799, 0.918213, 2.073171, -1.036585, -0.060976, 33.188824
4501641, 0.021484, -0.015381, 0.912109, 2.195122, -1.036585, -0.365854, 33.047646
4503274, 0.018066, -0.016846, 0.910400, 2.073171, -1.158537, -0.365854, 33.188824
4504908, 0.018311, -0.017578, 0.915771, 2.073171, -1.158537, -0.121951, 33.141762
4506541, 0.018555, -0.009521, 0.927002, 2.256098, -1.097561, -0.243902, 33.094704
4508174, 0.030518, -0.016846, 0.915039, 2.134146, -1.036585, -0.304878, 33.141762
4509808, 0.024902, -0.019043, 0.918213, 2.195122, -0.975610, -0.243902, 33.094704
4511441, 0.022705, -0.015869, 0.917969, 2.134146, -0.914634, -0.121951, 33.141762
4513075, 0.020508, -0.018555, 0.908936, 2.256098, -1.036585, -0.121951, 33.094704
4514708, 0.014404, -0.015869, 0.915771, 2.378049, -1.219512, -0.243902, 32.953529
4516341, 0.021240, -0.016113, 0.916504, 2.256098, -1.036585, -0.060976, 33.188824
4517975, 0.023193, -0.015869, 0.911621, 2.134146, -1.158537, -0.060976, 33.282940
4519615, 0.023193, -0.016357, 0.923584, 2.134146, -1.097561, 0.000000, 33.141762
4521248, 0.017334, -0.017822, 0.919189, 2.134146, -1.158537, -0.182927, 33.188824
4522882, 0.018799, -0.020020, 0.917969, 2.012195, -1.097561, -0.243902, 33.141762
4524516, 0.014893, -0.014893, 0.919678, 2.317073, -1.158537, -0.060976, 33.188824
4526149, 0.014648, -0.017822, 0.923584, 2.134146, -1.158537, -0.182927, 33.094704
4527782, 0.015869, -0.020020, 0.919189, 2.073171, -1.097561, -0.243902, 33.188824
4529416, 0.027588, -0.021973, 0.906982, 2.256098, -1.158537, -0.304878, 33.235882
4531049, 0.020020, -0.015625, 0.917236, 2.134146, -1.158537, -0.182927, 33.094704
4532683, 0.017578, -0.012451, 0.911621, 2.012195, -1.158537, -0.182927, 33.047646
4534316, 0.019775, -0.014893, 0.907959, 2.134146, -0.914634, 0.000000, 33.094704
4535949, 0.019287, -0.011963, 0.916016, 2.012195, -1.097561, -0.304878, 33.141762
4537583, 0.013672, -0.017578, 0.913574, 2.073171, -0.853659, -0.243902, 33.094704
4539216, 0.020752, -0.015381, 0.916504, 2.256098, -1.097561, -0.121951, 33.141762
4540850, 0.021484, -0.013428, 0.914307, 2.195122, -1.158537, -0.304878, 33.094704
4542483, 0.022461, -0.019287, 0.909912, 2.073171, -1.097561, -0.426829, 33.235882
4544117, 0.021484, -0.017334, 0.914551, 2.134146, -1.097561, -0.182927, 33.188824
4545751, 0.017578, -0.018066, 0.911377, 2.073171, -0.975610, 0.000000, 33.094704
4547384, 0.020508, -0.016602, 0.908203, 2.134146, -0.975610, -0.304878, 33.141762
4549007, 0.015137, -0.012451, 0.912598, 2.134146, -1.158537, -0.243902, 33.094704
4550641, 0.020020, -0.018799, 0.907471, 2.012195, -1.036585, -0.243902, 33.141762
4552274, 0.020020, -0.017334, 0.917236, 2.195122, -1.158537, -0.243902, 33.000587
4553908, 0.019043, -0.018066, 0.918701, 2.134146, -1.036585, -0.243902, 33.141762
4555541, 0.013672, -0.019043, 0.908691, 2.134146, -1.097561, -0.060976, 33.188824
4557174, 0.020020, -0.014893, 0.915527, 2.195122, -1.219512, -0.182927, 33.094704
4558808, 0.020508, -0.013184, 0.913086, 2.256098, -0.975610, -0.182927, 33.094704
4560441, 0.019287, -0.016846, 0.914551, 2.317073, -1.036585, -0.304878, 33.141762
4562075, 0.023682, -0.019531, 0.911621, 2.134146, -1.097561, -0.304878, 33.188824
4563708, 0.021240, -0.018066, 0.916748, 2.195122, -1.158537, -0.304878, 33.235882
4565341, 0.023926, -0.014404, 0.922363, 2.256098, -1.280488, -0.182927, 33.188824
4566975, 0.022461, -0.015625, 0.917969, 2.134146, -1.097561, -0.182927, 33.141762
4568615, 0.018311, -0.014893, 0.921875, 2.195122, -1.280488, -0.182927, 33.094704
4570248, 0.018799, -0.014160, 0.914307, 2.134146, -0.975610, -0.304878, 33.047646
4571882, 0.025635, -0.012939, 0.916992, 2.195122, -0.975610, -0.243902, 33.000587
4573516, 0.020508, -0.012939, 0.917480, 2.134146, -1.097561, -0.182927, 33.141762
4575149, 0.017334, -0.017822, 0.922852, 2.256098, -1.097561, -0.548781, 33.094704
4576782, 0.029053, -0.015137, 0.914307, 2.195122, -1.158537, -0.121951, 33.094704
4578416, 0.016113, -0.015869, 0.914795, 2.195122, -1.036585, -0.060976, 33.047646
4580049, 0.018799, -0.012939, 0.913818, 2.134146, -1.158537, -0.182927, 33.094704
4581683, 0.019531, -0.020020, 0.916748, 2.012195, -1.158537, -0.243902, 33.047646
4583316, 0.017334, -0.014160, 0.914551, 2.073171, -0.853659, -0.182927, 33.094704
4584949, 0.019287, -0.013916, 0.912109, 2.134146, -0.975610, -0.365854, 33.141762
4586583, 0.020508, -0.016846, 0.908936, 2.256098, -1.158537, -0.243902, 33.094704
4588216, 0.014648, -0.015625, 0.914307, 2.317073, -1.158537, -0.182927, 33.235882
4589850, 0.017090, -0.016846, 0.916016, 2.134146, -1.158537, -0.060976, 33.094704
4591483, 0.021240, -0.017578, 0.908936, 2.134146, -1.158537, 0.000000, 33.141762
4593117, 0.017822, -0.012451, 0.909668, 2.256098, -1.097561, -0.060976, 33.094704
4594751, 0.019287, -0.021484, 0.921143, 2.012195, -0.975610, -0.182927, 33.141762
4596384, 0.016357, -0.018555, 0.910400, 2.195122, -1.036585, -0.182927, 33.094704
4598007, 0.023682, -0.011719, 0.913818, 2.073171, -1.097561, -0.304878, 33.141762
4599641, 0.018799, -0.016846, 0.921143, 2.317073, -1.402439, -0.060976, 33.094704
4601274, 0.022217, -0.013672, 0.918701, 2.195122, -1.158537, 0.060976, 33.047646
4602908, 0.016846, -0.013184, 0.912354, 2.134146, -0.975610, -0.243902, 33.188824
4604541, 0.021729, -0.017090, 0.918945, 2.195122, -0.914634, -0.121951, 33.141762
4606174, 0.022705, -0.012695, 0.916016, 2.256098, -1.097561, -0.121951, 33.094704
4607808, 0.012939, -0.012451, 0.914307, 2.195122, -1.036585, -0.182927, 33.000587
4609441, 0.015869, -0.017822, 0.921387, 2.134146, -0.853659, -0.304878, 33.141762
4611075, 0.021484, -0.018311, 0.914307, 2.134146, -1.158537, -0.426829, 33.094704
4612708, 0.023438, -0.012939, 0.914551, 2.317073, -1.219512, -0.243902, 33.141762
4614341, 0.015625, -0.013916, 0.920898, 2.256098, -1.036585, -0.304878, 33.094704
4615975, 0.015381, -0.018799, 0.908936, 2.378049, -1.036585, -0.060976, 33.047646
4617615, 0.019531, -0.017090, 0.912109, 2.256098, -1.036585, -0.121951, 33.094704
4619248, 0.021240, -0.013428, 0.918945, 2.317073, -1.036585, -0.243902, 33.047646
4620882, 0.016846, -0.012939, 0.906982, 2.012195, -0.914634, -0.304878, 33.188824
4622516, 0.018066, -0.011475, 0.911133, 2.073171, -0.975610, -0.426829, 33.047646
4624149, 0.018311, -0.015625, 0.913330, 2.439024, -1.036585, -0.121951, 33.094704
4625782, 0.017090, -0.016113, 0.917480, 2.195122, -0.975610, -0.060976, 33.141762
4627416, 0.020264, -0.013184, 0.914795, 2.195122, -1.280488, -0.304878, 33.094704
4629049, 0.029053, -0.020264, 0.920898, 2.195122, -1.158537, -0.121951, 33.141762
4630683, 0.012695, -0.017334, 0.914307, 2.134146, -0.853659, -0.243902, 33.094704
4632316, 0.018555, -0.016846, 0.917725, 2.256098, -1.097561, -0.182927, 33.141762
4633949, 0.022217, -0.011475, 0.911377, 2.134146, -0.975610, -0.182927, 33.141762
4635583, 0.016846, -0.014404, 0.915771, 2.195122, -1.036585, -0.426829, 33.188824
4637216, 0.024414, -0.016357, 0.907471, 2.012195, -1.158537, -0.304878, 33.188824
4638850, 0.020508, -0.014648, 0.912109, 2.073171, -1.036585, -0.182927, 33.094704
4640483, 0.020020, -0.015869, 0.905273, 2.195122, -1.036585, -0.121951, 33.141762
4642117, 0.019043, -0.018066, 0.914307, 2.195122, -0.975610, -0.182927, 33.094704
4643751, 0.018799, -0.013672, 0.920654, 2.317073, -1.158537, -0.121951, 33.141762
4645384, 0.018311, -0.013672, 0.916504, 2.256098, -0.914634, -0.304878, 33.094704
4647007, 0.022461, -0.010254, 0.907227, 2.195122, -1.158537, -0.182927, 33.047646
4648641, 0.020752, -0.010254, 0.922363, 2.317073, -1.158537, -0.182927, 33.094704
4650274, 0.022217, -0.011963, 0.913818, 1.890244, -1.219512, 0.000000, 33.141762
4651908, 0.018311, -0.018066, 0.907959, 2.195122, -1.036585, -0.243902, 33.188824
4653541, 0.021484, -0.019043, 0.914551, 2.317073, -1.158537, -0.182927, 33.141762
4655174, 0.021729, -0.015137, 0.914062, 2.256098, -1.158537, -0.182927, 33.188824
4656808, 0.019287, -0.016357, 0.909912, 2.195122, -1.097561, -0.243902, 33.235882
4658441, 0.018799, -0.013428, 0.910400, 2.195122, -1.280488, -0.182927, 33.094704
4660075, 0.016846, -0.012939, 0.923584, 2.256098, -1.158537, -0.182927, 33.141762
4661708, 0.019043, -0.016602, 0.907959, 2.195122, -1.097561, -0.060976, 33.000587
4663341, 0.020996, -0.013184, 0.913086, 2.195122, -1.280488, -0.487805, 33.141762
4664975, 0.024658, -0.015625, 0.914307, 2.195122, -1.097561, -0.182927, 33.141762
4666615, 0.022705, -0.020996, 0.915283, 2.256098, -1.097561, -0.243902, 33.094704
4668248, 0.029541, -0.014404, 0.911133, 2.256098, -0.975610, -0.243902, 33.094704
4669882, 0.018799, -0.014404, 0.911377, 2.134146, -1.097561, -0.121951, 33.188824
4671516, 0.021240, -0.013428, 0.926025, 2.012195, -1.036585, -0.182927, 33.047646
4673149, 0.018311, -0.015625, 0.919678, 2.073171, -1.158537, -0.243902, 33.000587
4674782, 0.024658, -0.015625, 0.913818, 2.195122, -0.914634, -0.304878, 33.141762
4676416, 0.023438, -0.015869, 0.913574, 2.195122, -1.036585, -0.243902, 33.094704
4678049, 0.021973, -0.015381, 0.913086, 2.195122, -1.036585, -0.243902, 33.047646
4679683, 0.022949, -0.010010, 0.914551, 2.134146, -0.914634, -0.243902, 33.094704
4681316, 0.016357, -0.010010, 0.913330, 2.134146, -1.036585, -0.243902, 33.047646
4682949, 0.020020, -0.012695, 0.908936, 2.012195, -0.975610, -0.121951, 33.000587
4684583, 0.016602, -0.010986, 0.920166, 2.134146, -1.219512, -0.182927, 33.141762
4686216, 0.018311, -0.016357, 0.913818, 2.012195, -1.097561, -0.182927, 33.094704
4687850, 0.020020, -0.020508, 0.916992, 2.134146, -1.219512, -0.304878, 33.141762
4689483, 0.023682, -0.020752, 0.904053, 2.195122, -1.036585, -0.304878, 33.094704
4691117, 0.016846, -0.016602, 0.911865, 2.195122, -1.158537, -0.121951, 33.141762
4692751, 0.023193, -0.014160, 0.920166, 2.195122, -1.036585, -0.182927, 33.141762
4694384, 0.020996, -0.021484, 0.921143, 2.378049, -1.158537, -0.365854, 33.188824
4696007, 0.019775, -0.021240, 0.922852, 2.195122, -1.097561, -0.182927, 33.141762
4697641, 0.024414, -0.013672, 0.922363, 2.134146, -1.036585, -0.121951, 33.000587
4699274, 0.022949, -0.009033, 0.916992, 2.256098, -1.036585, -0.243902, 33.094704
4700908, 0.012939, -0.018799, 0.918213, 2.195122, -1.097561, -0.121951, 33.094704
4702541, 0.018311, -0.019531, 0.918945, 2.134146, -1.097561, -0.243902, 33.141762
4704174, 0.019287, -0.014648, 0.918213, 1.951220, -1.036585, -0.182927, 33.094704
4705808, 0.022217, -0.020996, 0.919678, 2.134146, -1.158537, -0.243902, 33.141762
4707441, 0.017578, -0.013428, 0.913330, 2.073171, -0.975610, 0.000000, 33.188824
4709075, 0.020020, -0.010742, 0.914551, 2.195122, -1.097561, -0.121951, 33.047646
4710708, 0.019287, -0.012695, 0.917236, 2.134146, -1.097561, -0.121951, 33.094704
4712341, 0.023438, -0.008057, 0.922852, 2.012195, -1.036585, -0.121951, 33.047646
4713975, 0.022461, -0.019775, 0.914551, 2.073171, -1.097561, -0.365854, 33.094704
4715615, 0.021484, -0.013184, 0.917236, 2.195122, -1.158537, -0.426829, 33.141762
4717248, 0.018799, -0.015137, 0.912598, 2.195122, -0.975610, -0.182927, 33.188824
4718882, 0.015381, -0.011475, 0.918213, 2.195122, -1.097561, -0.121951, 33.141762
4720516, 0.018799, -0.014404, 0.916260, 2.134146, -1.097561, -0.060976, 33.094704
4722149, 0.014160, -0.014893, 0.911133, 2.073171, -0.975610, -0.121951, 33.094704
4723782, 0.020264, -0.019043, 0.918701, 2.134146, -1.219512, -0.182927, 33.141762
4725416, 0.016113, -0.015869, 0.912354, 2.073171, -1.219512, -0.182927, 33.094704
4727049, 0.019287, -0.016357, 0.912354, 2.317073, -1.036585, -0.243902, 33.047646
4728683, 0.015625, -0.022461, 0.913574, 2.256098, -1.036585, -0.121951, 33.094704
4730316, 0.020020, -0.014648, 0.916992, 2.073171, -1.158537, -0.060976, 33.188824
4731949, 0.016357, -0.018555, 0.908691, 2.195122, -1.158537, -0.243902, 33.188824
4733583, 0.020020, -0.012451, 0.915283, 2.012195, -1.036585, -0.243902, 33.141762
4735216, 0.019531, -0.021484, 0.907959, 2.134146, -1.158537, -0.243902, 33.094704
4736850, 0.014648, -0.018799, 0.920410, 2.134146, -1.341463, -0.182927, 33.141762
4738483, 0.024170, -0.020996, 0.922119, 2.195122, -1.097561, -0.121951, 33.094704
4740117, 0.020996, -0.019531, 0.913818, 2.012195, -1.097561, 0.121951, 33.235882
4741751, 0.022949, -0.019043, 0.920898, 2.317073, -1.036585, -0.121951, 33.094704
4743384, 0.016846, -0.019043, 0.920898, 2.256098, -1.097561, -0.304878, 33.141762
4745007, 0.015137, -0.016357, 0.914795, 2.195122, -1.158537, -0.121951, 33.188824
4746641, 0.013916, -0.014648, 0.924805, 2.195122, -0.975610, 0.000000, 33.047646
4748274, 0.021240, -0.015869, 0.920410, 2.012195, -1.036585, -0.243902, 33.094704
4749908, 0.011963, -0.018555, 0.916748, 2.012195, -1.280488, -0.365854, 33.047646
4751541, 0.019775, -0.017334, 0.912598, 2.134146, -1.219512, -0.548781, 33.188824
4753174, 0.017090, -0.018555, 0.917969, 2.073171, -1.097561, -0.304878, 33.094704
4754808, 0.026123, -0.020508, 0.911621, 2.134146, -1.036585, -0.365854, 33.141762
4756441, 0.017334, -0.013916, 0.914307, 2.073171, -1.036585, -0.365854, 33.094704
4758075, 0.024902, -0.013428, 0.920410, 2.256098, -1.219512, -0.243902, 33.047646
4759708, 0.018311, -0.014893, 0.915283, 2.134146, -1.097561, -0.182927, 33.094704
4761341, 0.016846, -0.015869, 0.916260, 2.317073, -0.975610, -0.182927, 33.188824
4762975, 0.018555, -0.020020, 0.915283, 2.256098, -1.158537, -0.182927, 33.094704
4764615, 0.022705, -0.012939, 0.908936, 2.256098, -1.097561, 0.000000, 33.047646
4766248, 0.022705, -0.015869, 0.905762, 2.378049, -0.914634, -0.060976, 33.000587
4767882, 0.024902, -0.012451, 0.914795, 2.073171, -1.158537, -0.121951, 33.047646
4769516, 0.013916, -0.019287, 0.914307, 2.012195, -1.036585, -0.182927, 33.188824
4771149, 0.012451, -0.015869, 0.916016, 2.073171, -1.036585, -0.243902, 33.141762
4772782, 0.013916, -0.018311, 0.909668, 2.195122, -0.914634, -0.243902, 33.094704
4774416, 0.015869, -0.016846, 0.925049, 2.012195, -1.158537, -0.243902, 33.141762
4776049, 0.018311, -0.018066, 0.907471, 2.256098, -1.158537, -0.182927, 33.094704
4777683, 0.015381, -0.023193, 0.917725, 2.256098, -1.097561, -0.060976, 33.047646
4779316, 0.016357, -0.010010, 0.918701, 2.256098, -1.097561, -0.243902, 33.094704
4780949, 0.017334, -0.013672, 0.910156, 2.195122, -1.036585, -0.121951, 33.188824
4782583, 0.018555, -0.020996, 0.913086, 2.134146, -1.036585, -0.182927, 33.141762
4784216, 0.017822, -0.017090, 0.913086, 2.317073, -1.036585, -0.182927, 33.188824
4785850, 0.017822, -0.015137, 0.919678, 2.195122, -1.036585, -0.060976, 33.141762
4787483, 0.019531, -0.021973, 0.917480, 2.012195, -1.097561, -0.121951, 33.188824
4789117, 0.026611, -0.015381, 0.919922, 2.195122, -0.975610, -0.243902, 33.235882
4790751, 0.021484, -0.018799, 0.915039, 2.439024, -1.219512, -0.182927, 33.094704
4792384, 0.026611, -0.017334, 0.917969, 2.134146, -1.158537, -0.182927, 33.141762
4794007, 0.021240, -0.014404, 0.919678, 2.073171, -1.158537, -0.182927, 33.094704
4795641, 0.016357, -0.011719, 0.920654, 2.073171, -1.158537, -0.182927, 33.141762
4797274, 0.019775, -0.011230, 0.917236, 2.073171, -1.097561, -0.121951, 33.094704
4798908, 0.019287, -0.019531, 0.918701, 2.012195, -1.036585, -0.182927, 33.141762
4800541, 0.019531, -0.008545, 0.910400, 2.195122, -1.097561, -0.182927, 33.188824
4802174, 0.024170, -0.012451, 0.916260, 2.317073, -1.097561, -0.182927, 33.047646
4803808, 0.016357, -0.020996, 0.919434, 2.256098, -1.219512, -0.121951, 33.094704
4805441, 0.020508, -0.017578, 0.918213, 2.073171, -1.158537, -0.243902, 33.141762
4807075, 0.022217, -0.013916, 0.918701, 2.134146, -1.097561, -0.243902, 33.188824
4808708, 0.019287, -0.019043, 0.916504, 2.134146, -1.036585, -0.060976, 33.141762
4810341, 0.016602, -0.013916, 0.912598, 2.256098, -0.975610, -0.182927, 33.188824
4811975, 0.023438, -0.014893, 0.923340, 2.073171, -1.036585, -0.060976, 33.188824
4813615, 0.023926, -0.013672, 0.910156, 2.073171, -0.975610, -0.304878, 33.141762
4815248, 0.019043, -0.015625, 0.909668, 2.195122, -0.792683, -0.365854, 33.188824
4816882, 0.021240, -0.016113, 0.916748, 2.134146, -1.097561, -0.243902, 33.047646
4818516, 0.025146, -0.013428, 0.920654, 2.073171, -1.036585, -0.243902, 33.000587
4820149, 0.022461, -0.015381, 0.914795, 2.134146, -0.914634, -0.182927, 33.141762
4821782, 0.019531, -0.019531, 0.911377, 2.195122, -1.219512, -0.243902, 33.094704
4823416, 0.016602, -0.013916, 0.911377, 2.134146, -1.036585, -0.243902, 33.141762
4825049, 0.014160, -0.017090, 0.916016, 2.195122, -1.219512, -0.304878, 33.094704
4826683, 0.020508, -0.019287, 0.919922, 2.012195, -1.036585, -0.243902, 33.047646
4828316, 0.022949, -0.020752, 0.915039, 2.134146, -0.853659, -0.304878, 33.188824
4829949, 0.027588, -0.015625, 0.916504, 2.256098, -1.036585, -0.182927, 33.141762
4831583, 0.027588, -0.020508, 0.907471, 2.134146, -1.097561, -0.121951, 33.000587
4833216, 0.022949, -0.016602, 0.905518, 2.073171, -0.975610, -0.182927, 33.141762
4834850, 0.018799, -0.015869, 0.915283, 2.256098, -1.097561, -0.121951, 33.188824
4836483, 0.015137, -0.016357, 0.914307, 2.256098, -1.158537, -0.121951, 33.141762
4838117, 0.014648, -0.015381, 0.915771, 2.073171, -0.975610, -0.243902, 33.094704
4839751, 0.017334, -0.017090, 0.916992, 2.073171, -1.097561, -0.121951, 33.188824
4841384, 0.018311, -0.017822, 0.923828, 2.256098, -1.036585, -0.121951, 33.094704
4843007, 0.016602, -0.021484, 0.916748, 2.134146, -1.158537, -0.365854, 33.188824
4844641, 0.015381, -0.016846, 0.918701, 2.256098, -1.158537, -0.426829, 33.047646
4846274, 0.018311, -0.014160, 0.919922, 2.256098, -0.914634, -0.182927, 33.094704
4847908, 0.020264, -0.016357, 0.916260, 2.378049, -1.158537, -0.182927, 33.047646
4849541, 0.025879, -0.010742, 0.911621, 2.134146, -1.158537, -0.121951, 33.094704
4851174, 0.024170, -0.016602, 0.916992, 2.012195, -1.097561, -0.304878, 33.141762
4852808, 0.024414, -0.021729, 0.917725, 2.317073, -0.975610, -0.121951, 33.094704
4854441, 0.023193, -0.017334, 0.914307, 2.256098, -0.914634, -0.304878, 33.141762
4856075, 0.016602, -0.018555, 0.910889, 2.256098, -1.097561, -0.243902, 33.094704
4857708, 0.018555, -0.020752, 0.914795, 2.317073, -1.097561, -0.243902, 33.047646
4859341, 0.020264, -0.012695, 0.917480, 2.073171, -1.158537, -0.243902, 33.094704
4860975, 0.019775, -0.017090, 0.913818, 2.195122, -1.036585, -0.426829, 33.141762
4862615, 0.018311, -0.012207, 0.919189, 2.073171, -1.036585, -0.182927, 33.188824
4864248, 0.018066, -0.018555, 0.920166, 2.012195, -1.219512, -0.121951, 33.141762
4865882, 0.023682, -0.008545, 0.909424, 2.317073, -1.036585, -0.304878, 33.188824
4867516, 0.018311, -0.010986, 0.910645, 2.378049, -1.158537, -0.243902, 33.141762
4869149, 0.026123, -0.010742, 0.913086, 2.134146, -1.097561, -0.121951, 33.047646
4870782, 0.017578, -0.017822, 0.908691, 2.134146, -1.097561, -0.304878, 33.094704
4872416, 0.018555, -0.010742, 0.908691, 2.317073, -1.158537, -0.304878, 33.094704
4874049, 0.022949, -0.020264, 0.921875, 2.256098, -1.036585, 0.000000, 33.094704
4875683, 0.022217, -0.012207, 0.918457, 2.134146, -1.158537, -0.121951, 33.141762
4877316, 0.020752, -0.017090, 0.912598, 2.012195, -1.158537, -0.121951, 33.094704
4878949, 0.018311, -0.008789, 0.910400, 2.134146, -1.036585, 0.000000, 32.953529
4880583, 0.019043, -0.014893, 0.912842, 2.195122, -1.036585, -0.243902, 33.094704
4882216, 0.021729, -0.010254, 0.917969, 2.134146, -1.280488, -0.182927, 33.141762
4883850, 0.018799, -0.020020, 0.903809, 2.134146, -1.402439, -0.121951, 33.188824
4885483, 0.021484, -0.014893, 0.905273, 2.256098, -1.219512, 0.000000, 33.141762
4887117, 0.020264, -0.014648, 0.908447, 2.256098, -0.975610, -0.121951, 33.188824
4888751, 0.021729, -0.017578, 0.917480, 2.134146, -1.097561, -0.060976, 33.141762
4890384, 0.021240, -0.012207, 0.916016, 2.500000, -1.219512, -0.121951, 33.188824
4892007, 0.023438, -0.019287, 0.921875, 2.195122, -0.975610, 0.060976, 33.141762
4893641, 0.026367, -0.019043, 0.914062, 2.317073, -0.975610, -0.243902, 33.094704
4895274, 0.019043, -0.018066, 0.913330, 2.256098, -1.097561, -0.304878, 33.047646
4896908, 0.018799, -0.016846, 0.907227, 2.378049, -1.036585, -0.121951, 33.094704
4898541, 0.016602, -0.019287, 0.918457, 2.195122, -1.036585, -0.243902, 33.141762
4900174, 0.021484, -0.023926, 0.908447, 2.256098, -1.158537, -0.365854, 33.047646
4901808, 0.019043, -0.020508, 0.908203, 2.195122, -1.036585, -0.365854, 33.188824
4903441, 0.016846, -0.017090, 0.907471, 2.256098, -0.914634, -0.121951, 33.094704
4905075, 0.019531, -0.017334, 0.922119, 2.134146, -1.097561, -0.182927, 33.094704
4906708, 0.015625, -0.023682, 0.924316, 2.073171, -1.158537, -0.304878, 33.141762
4908341, 0.021729, -0.015625, 0.914062, 2.317073, -1.097561, -0.243902, 33.094704
4909975, 0.020264, -0.023682, 0.907227, 2.195122, -0.975610, -0.121951, 33.141762
4911615, 0.019043, -0.013916, 0.919434, 2.073171, -1.036585, -0.304878, 33.000587
4913248, 0.018555, -0.015869, 0.912842, 2.012195, -0.975610, -0.121951, 33.141762
4914882, 0.019531, -0.019531, 0.911865, 2.134146, -1.036585, 0.000000, 33.094704
4916516, 0.012939, -0.014893, 0.908691, 2.073171, -0.914634, 0.060976, 33.141762
4918149, 0.011963, -0.016846, 0.913086, 2.256098, -0.914634, -0.182927, 33.094704
4919782, 0.017822, -0.018066, 0.918213, 2.256098, -1.158537, -0.060976, 33.141762
4921416, 0.017090, -0.021240, 0.917236, 2.134146, -1.097561, -0.121951, 33.094704
4923049, 0.023193, -0.013916, 0.916748, 2.317073, -1.097561, -0.243902, 33.047646
4924683, 0.019287, -0.018799, 0.906250, 2.317073, -1.036585, -0.182927, 33.188824
4926316, 0.022217, -0.015869, 0.911865, 1.890244, -1.097561, -0.060976, 33.141762
4927949, 0.016602, -0.013916, 0.915527, 2.134146, -1.158537, -0.060976, 33.141762
4929583, 0.023682, -0.013916, 0.906738, 2.195122, -1.097561, -0.182927, 33.094704
4931216, 0.021729, -0.011963, 0.909912, 2.195122, -0.975610, -0.121951, 33.141762
4932850, 0.019043, -0.023438, 0.915527, 2.195122, -0.975610, -0.304878, 33.094704
4934483, 0.014648, -0.019287, 0.917969, 2.195122, -1.219512, -0.243902, 33.094704
4936117, 0.020508, -0.017334, 0.913330, 2.073171, -1.097561, -0.121951, 33.000587
4937751, 0.017090, -0.015625, 0.915527, 2.134146, -1.158537, -0.243902, 33.141762
4939384, 0.013672, -0.013916, 0.916016, 2.073171, -1.158537, -0.304878, 33.094704
4941007, 0.018311, -0.018799, 0.920410, 2.073171, -1.097561, -0.182927, 33.235882
4942641, 0.017090, -0.011719, 0.915771, 2.256098, -1.280488, -0.182927, 33.094704
4944274, 0.015625, -0.014893, 0.909668, 2.195122, -1.280488, -0.304878, 33.141762
4945908, 0.023926, -0.015625, 0.904053, 2.256098, -1.036585, -0.060976, 33.094704
4947541, 0.016113, -0.014404, 0.915527, 2.134146, -1.097561, -0.060976, 33.141762
4949174, 0.013428, -0.015137, 0.913818, 2.073171, -1.219512, -0.121951, 33.094704
4950808, 0.023682, -0.017090, 0.918701, 2.195122, -1.097561, -0.060976, 33.141762
4952441, 0.019287, -0.015869, 0.919189, 2.256098, -1.097561, -0.182927, 33.188824
4954075, 0.014648, -0.017822, 0.919434, 2.134146, -1.158537, -0.060976, 33.141762
4955708, 0.023682, -0.018066, 0.920654, 2.134146, -1.097561, -0.121951, 33.188824
4957341, 0.018311, -0.015625, 0.907227, 2.195122, -1.036585, -0.182927, 33.141762
4958975, 0.017334, -0.017822, 0.914062, 2.195122, -1.219512, -0.121951, 33.141762
4960615, 0.014893, -0.022461, 0.917236, 2.012195, -1.219512, -0.060976, 33.188824
4962248, 0.013672, -0.014648, 0.914795, 2.012195, -1.097561, -0.304878, 33.141762
4963882, 0.027100, -0.018066, 0.911621, 2.134146, -1.219512, -0.121951, 33.188824
4965516, 0.020264, -0.016113, 0.912598, 2.073171, -1.097561, -0.121951, 33.094704
4967149, 0.016846, -0.014404, 0.917236, 2.195122, -0.792683, -0.243902, 33.094704
4968782, 0.016846, -0.016602, 0.916016, 2.256098, -1.219512, -0.304878, 33.047646
4970416, 0.018555, -0.019775, 0.913818, 2.073171, -1.097561, -0.304878, 33.094704
4972049, 0.019287, -0.011719, 0.916260, 2.256098, -0.853659, -0.182927, 32.953529
4973683, 0.019531, -0.016113, 0.916504, 2.256098, -1.036585, -0.060976, 33.188824
4975316, 0.020020, -0.019531, 0.921875, 2.195122, -1.158537, -0.121951, 33.141762
4976949, 0.020996, -0.017822, 0.916992, 2.256098, -1.097561, -0.426829, 33.094704
4978583, 0.021240, -0.019043, 0.918701, 2.195122, -1.158537, -0.304878, 33.141762
4980216, 0.019043, -0.024414, 0.918945, 2.012195, -0.914634, -0.243902, 33.188824
4981850, 0.020264, -0.016113, 0.912354, 2.073171, -1.219512, -0.243902, 33.141762
4983483, 0.019287, -0.008301, 0.908447, 2.012195, -1.158537, -0.243902, 33.188824
4985117, 0.014893, -0.017090, 0.917725, 2.073171, -1.219512, -0.182927, 33.047646
4986751, 0.026367, -0.017334, 0.914551, 2.012195, -0.975610, -0.121951, 33.047646
4988384, 0.025391, -0.024902, 0.910156, 2.134146, -1.158537, -0.182927, 33.094704
4990007, 0.016357, -0.011230, 0.915527, 2.134146, -1.097561, -0.182927, 33.141762
4991641, 0.018066, -0.016113, 0.910156, 2.073171, -0.975610, -0.243902, 33.094704
4993274, 0.016357, -0.015381, 0.916504, 2.256098, -1.280488, -0.182927, 33.235882
4994908, 0.014893, -0.019287, 0.917969, 2.195122, -0.975610, -0.365854, 33.094704
4996541, 0.019775, -0.020996, 0.919678, 2.134146, -1.036585, -0.121951, 33.000587
4998174, 0.028320, -0.015137, 0.913086, 2.073171, -1.036585, -0.243902, 33.000587
4999808, 0.020264, -0.018066, 0.919678, 2.134146, -1.036585, -0.304878, 33.141762
5001441, 0.016113, -0.017822, 0.912842, 2.256098, -1.097561, -0.182927, 33.094704
5003075, 0.019287, -0.013184, 0.919678, 2.256098, -1.036585, -0.182927, 33.047646
5004708, 0.024414, -0.018799, 0.911621, 2.195122, -1.158537, -0.121951, 33.094704
5006341, 0.021729, -0.022461, 0.919678, 2.195122, -1.097561, -0.060976, 33.141762
5007975, 0.019287, -0.015381, 0.912598, 2.134146, -1.036585, -0.243902, 33.094704
5009615, 0.020020, -0.018066, 0.915039, 2.195122, -1.097561, -0.243902, 33.141762
5011248, 0.017578, -0.013428, 0.920166, 2.195122, -1.219512, -0.182927, 33.094704
5012882, 0.020996, -0.014160, 0.921387, 2.195122, -1.097561, -0.182927, 33.141762
5014516, 0.012939, -0.017578, 0.919678, 2.439024, -1.097561, -0.243902, 33.188824
5016149, 0.024170, -0.011719, 0.912598, 2.195122, -1.097561, -0.365854, 33.094704
5017782, 0.019775, -0.013916, 0.912598, 2.195122, -0.975610, -0.426829, 33.141762
5019416, 0.017578, -0.015625, 0.910400, 2.195122, -1.219512, -0.243902, 33.000587
5021049, 0.017090, -0.013916, 0.925781, 2.134146, -1.097561, -0.182927, 33.141762
5022683, 0.020508, -0.012451, 0.912354, 2.195122, -1.097561, -0.243902, 33.188824
5024316, 0.021973, -0.012451, 0.915039, 2.317073, -1.280488, -0.182927, 33.047646
5025949, 0.018799, -0.015869, 0.917969, 2.073171, -0.975610, -0.121951, 33.094704
5027583, 0.016846, -0.015381, 0.917236, 2.195122, -0.975610, -0.365854, 33.047646
5029216, 0.015869, -0.013428, 0.911377, 2.256098, -1.097561, -0.060976, 33.188824
5030850, 0.017578, -0.015625, 0.918701, 2.256098, -1.097561, -0.182927, 33.141762
5032483, 0.015869, -0.015381, 0.916504, 2.195122, -0.975610, -0.060976, 33.188824
5034117, 0.015869, -0.017578, 0.913818, 2.256098, -1.158537, 0.060976, 33.141762
5035751, 0.023682, -0.020264, 0.914062, 2.256098, -1.097561, -0.182927, 33.188824
5037384, 0.019775, -0.018066, 0.912598, 2.195122, -1.097561, -0.365854, 33.141762
5039007, 0.026123, -0.018311, 0.910889, 2.134146, -1.097561, -0.365854, 33.000587
5040641, 0.026855, -0.017334, 0.924316, 2.195122, -1.036585, -0.121951, 33.141762
5042274, 0.020996, -0.017090, 0.923828, 2.073171, -1.280488, -0.060976, 33.094704
5043908, 0.016602, -0.022949, 0.907227, 2.317073, -1.158537, -0.304878, 33.047646
5045541, 0.019287, -0.015625, 0.911377, 2.317073, -0.853659, -0.426829, 33.000587
5047174, 0.019775, -0.017090, 0.916260, 2.195122, -1.158537, -0.182927, 33.188824
5048808, 0.017822, -0.016113, 0.908691, 2.134146, -1.280488, -0.365854, 33.141762
5050441, 0.018555, -0.018066, 0.915039, 2.012195, -1.036585, -0.304878, 33.188824
5052075, 0.017090, -0.017090, 0.915771, 2.073171, -1.036585, -0.365854, 33.141762
5053708, 0.024170, -0.015869, 0.916992, 2.134146, -0.975610, -0.182927, 33.094704
5055341, 0.026123, -0.019531, 0.914307, 2.317073, -1.036585, -0.060976, 33.047646
5056975, 0.022705, -0.012451, 0.909424, 2.134146, -1.097561, -0.365854, 33.188824
5058615, 0.016846, -0.012451, 0.918213, 2.012195, -1.158537, -0.243902, 33.141762
5060248, 0.017334, -0.013184, 0.905029, 2.073171, -1.036585, -0.121951, 33.094704
5061882, 0.015625, -0.018555, 0.913574, 2.317073, -1.158537, -0.121951, 33.047646
5063516, 0.018555, -0.011963, 0.912598, 2.012195, -1.097561, -0.060976, 33.188824
5065149, 0.019043, -0.018555, 0.919678, 1.890244, -1.280488, -0.121951, 33.047646
5066782, 0.020264, -0.012451, 0.914795, 2.256098, -1.158537, -0.121951, 33.188824
5068416, 0.023682, -0.018066, 0.925781, 2.317073, -1.219512, -0.121951, 33.141762
5070049, 0.020996, -0.022461, 0.910889, 2.195122, -0.975610, -0.060976, 33.094704
5071683, 0.020508, -0.016846, 0.914307, 2.073171, -1.158537, -0.304878, 33.047646
5073316, 0.018799, -0.014648, 0.914795, 2.195122, -1.158537, -0.121951, 33.094704
5074949, 0.017822, -0.014160, 0.916016, 2.073171, -1.097561, -0.365854, 33.000587
5076583, 0.019287, -0.014893, 0.923340, 2.195122, -1.097561, -0.243902, 33.094704
5078216, 0.014893, -0.015625, 0.909912, 2.195122, -0.975610, -0.426829, 33.188824
5079850, 0.022217, -0.017090, 0.913086, 2.073171, -1.036585, -0.304878, 33.047646
5081483, 0.020020, -0.020752, 0.921631, 2.195122, -1.036585, -0.182927, 33.188824
5083117, 0.016846, -0.018066, 0.915527, 2.073171, -1.158537, -0.304878, 33.141762
5084751, 0.022217, -0.015137, 0.914795, 2.195122, -1.219512, -0.487805, 33.000587
5086384, 0.022217, -0.011963, 0.919678, 2.073171, -1.219512, -0.182927, 33.141762
5088007, 0.019775, -0.013916, 0.914551, 2.073171, -0.853659, 0.060976, 33.188824
5089641, 0.027832, -0.015137, 0.914795, 2.134146, -0.975610, 0.000000, 33.141762
5091274, 0.021484, -0.017090, 0.920654, 2.134146, -1.036585, -0.060976, 33.188824
5092908, 0.019531, -0.020508, 0.916748, 2.256098, -1.097561, -0.121951, 33.047646
5094541, 0.017822, -0.014160, 0.914551, 2.195122, -1.402439, -0.243902, 33.094704
5096174, 0.019531, -0.015869, 0.909424, 2.134146, -1.341463, -0.182927, 33.141762
5097808, 0.024902, -0.021240, 0.910889, 2.195122, -1.036585, -0.121951, 33.094704
5099441, 0.017090, -0.014404, 0.910889, 2.134146, -1.036585, -0.304878, 33.141762
5101075, 0.014160, -0.015625, 0.915283, 2.134146, -1.158537, -0.243902, 33.188824
5102708, 0.017090, -0.018555, 0.914795, 2.012195, -1.036585, -0.182927, 33.141762
5104341, 0.024658, -0.018066, 0.915771, 2.134146, -1.219512, -0.121951, 33.094704
5105975, 0.019287, -0.017578, 0.910889, 2.134146, -1.158537, -0.365854, 33.094704
5107615, 0.023926, -0.024414, 0.907471, 2.195122, -1.158537, -0.243902, 33.094704
5109248, 0.020020, -0.018311, 0.919678, 2.012195, -1.158537, -0.243902, 33.188824
5110882, 0.020752, -0.014648, 0.918213, 2.317073, -1.402439, -0.182927, 33.141762
5112516, 0.021729, -0.013672, 0.912109, 2.378049, -1.097561, -0.182927, 33.188824
5114149, 0.023926, -0.015137, 0.920166, 2.134146, -1.158537, -0.426829, 33.141762
5115782, 0.018799, -0.018311, 0.919189, 2.073171, -1.280488, -0.304878, 33.188824
5117416, 0.022461, -0.018799, 0.920654, 2.378049, -0.975610, -0.182927, 33.141762
5119049, 0.027344, -0.018066, 0.907959, 2.195122, -1.158537, -0.182927, 33.188824
5120683, 0.022949, -0.016357, 0.918945, 2.195122, -0.975610, -0.121951, 33.141762
5122316, 0.020752, -0.015869, 0.919189, 2.195122, -1.280488, -0.304878, 33.188824
5123949, 0.020752, -0.017090, 0.911621, 2.317073, -1.158537, 0.060976, 33.141762
5125583, 0.021729, -0.014893, 0.913818, 2.134146, -1.097561, -0.365854, 33.094704
5127216, 0.019775, -0.016602, 0.914551, 2.073171, -1.219512, -0.182927, 33.141762
5128850, 0.015381, -0.012695, 0.916016, 1.951220, -1.097561, -0.243902, 33.094704
5130483, 0.016602, -0.016602, 0.911865, 2.012195, -0.975610, -0.182927, 33.141762
5132117, 0.020508, -0.018066, 0.916504, 2.012195, -1.097561, -0.243902, 33.047646
5133751, 0.021240, -0.017090, 0.915527, 2.195122, -1.097561, -0.426829, 33.094704
5135384, 0.018555, -0.016113, 0.917480, 2.317073, -1.158537, -0.121951, 33.141762
5137007, 0.019775, -0.010742, 0.912354, 2.073171, -1.097561, 0.000000, 33.094704
5138641, 0.018555, -0.017578, 0.917236, 2.012195, -1.097561, -0.121951, 33.094704
5140274, 0.027344, -0.015381, 0.914062, 2.134146, -1.036585, -0.243902, 33.188824
5141908, 0.019043, -0.022461, 0.915771, 2.134146, -0.853659, -0.182927, 33.141762
5143541, 0.018799, -0.020996, 0.917236, 2.195122, -1.341463, -0.182927, 33.094704
5145174, 0.022461, -0.022705, 0.918213, 2.073171, -0.975610, -0.243902, 33.047646
5146808, 0.018799, -0.018066, 0.913818, 2.134146, -1.036585, -0.304878, 33.094704
5148441, 0.016113, -0.011719, 0.915771, 2.317073, -1.036585, -0.243902, 33.141762
5150075, 0.022461, -0.015869, 0.914062, 2.012195, -0.975610, -0.182927, 33.094704
5151708, 0.018311, -0.014648, 0.925049, 2.073171, -1.036585, -0.121951, 33.141762
5153341, 0.016357, -0.009521, 0.915039, 2.317073, -0.914634, -0.304878, 33.094704
5154975, 0.023926, -0.010986, 0.922119, 2.195122, -1.158537, -0.121951, 33.047646
5156615, 0.018311, -0.015137, 0.915771, 2.317073, -1.036585, -0.121951, 33.188824
5158248, 0.021729, -0.013916, 0.911621, 2.195122, -1.097561, -0.182927, 33.141762
5159882, 0.019287, -0.019531, 0.910645, 2.134146, -1.219512, -0.121951, 33.094704
5161516, 0.019775, -0.013916, 0.903564, 2.073171, -1.097561, -0.243902, 33.141762
5163149, 0.021729, -0.016357, 0.930908, 2.134146, -1.219512, -0.243902, 33.141762
5164782, 0.022705, -0.012207, 0.913818, 2.195122, -1.097561, -0.182927, 33.094704
5166416, 0.019775, -0.010986, 0.913330, 2.073171, -1.158537, -0.182927, 33.047646
5168049, 0.020752, -0.012939, 0.908936, 2.134146, -1.402439, -0.182927, 33.094704
5169683, 0.019531, -0.015381, 0.911865, 2.134146, -1.036585, -0.304878, 33.188824
5171316, 0.017822, -0.015137, 0.916504, 2.195122, -0.792683, -0.365854, 33.094704
5172949, 0.024902, -0.014893, 0.910156, 2.134146, -1.158537, -0.243902, 33.047646
5174583, 0.025879, -0.011475, 0.905273, 2.012195, -1.097561, -0.243902, 33.094704
5176216, 0.017578, -0.014404, 0.912354, 2.256098, -1.097561, -0.304878, 33.235882
5177850, 0.021729, -0.016846, 0.913330, 2.317073, -1.036585, -0.426829, 33.188824
5179483, 0.020508, -0.015869, 0.917969, 2.256098, -1.036585, -0.121951, 33.141762
5181117, 0.022461, -0.016357, 0.921875, 2.195122, -1.036585, -0.182927, 33.094704
5182751, 0.017578, -0.020020, 0.916992, 2.012195, -1.158537, -0.243902, 33.141762
5184384, 0.019043, -0.012451, 0.914551, 2.195122, -1.158537, -0.243902, 33.188824
5186007, 0.024658, -0.011475, 0.912109, 2.317073, -1.158537, -0.243902, 33.141762
5187641, 0.023193, -0.016602, 0.916992, 2.073171, -1.097561, -0.243902, 33.094704
5189274, 0.018799, -0.017578, 0.918701, 2.195122, -1.097561, -0.365854, 33.047646
5190908, 0.018311, -0.011963, 0.924805, 2.256098, -0.975610, -0.304878, 33.094704
5192541, 0.013184, -0.015381, 0.916016, 2.378049, -1.158537, -0.304878, 33.047646
5194174, 0.021484, -0.020996, 0.925049, 2.195122, -1.097561, -0.243902, 33.235882
5195808, 0.015869, -0.013672, 0.914062, 2.012195, -1.341463, -0.060976, 33.094704
5197441, 0.014648, -0.015625, 0.925049, 2.195122, -1.158537, -0.182927, 33.141762
5199075, 0.022461, -0.017334, 0.921631, 2.256098, -1.097561, -0.182927, 33.188824
5200708, 0.020020, -0.018555, 0.917725, 2.256098, -1.280488, -0.182927, 33.094704
5202341, 0.023682, -0.013184, 0.912842, 2.195122, -1.219512, -0.182927, 33.094704
5203975, 0.023193, -0.013428, 0.922363, 2.195122, -1.280488, 0.000000, 33.141762
5205615, 0.020508, -0.015137, 0.917725, 2.195122, -1.219512, -0.060976, 33.094704
5207248, 0.020020, -0.022217, 0.916504, 2.134146, -1.036585, -0.243902, 33.141762
5208882, 0.022949, -0.017578, 0.909180, 2.195122, -1.280488, -0.243902, 33.094704
5210516, 0.019043, -0.014893, 0.914062, 2.134146, -1.097561, -0.182927, 33.141762
5212149, 0.020264, -0.013428, 0.917480, 2.134146, -0.914634, -0.243902, 33.094704
5213782, 0.019043, -0.014404, 0.915771, 2.256098, -0.914634, -0.243902, 33.141762
5215416, 0.018311, -0.011230, 0.920654, 2.073171, -1.158537, -0.182927, 33.094704
5217049, 0.018799, -0.014893, 0.908203, 2.256098, -1.280488, -0.304878, 33.047646
5218683, 0.019043, -0.022461, 0.916748, 2.195122, -1.158537, -0.182927, 33.000587
5220316, 0.020264, -0.015137, 0.913330, 1.951220, -1.036585, -0.243902, 33.047646
5221949, 0.021240, -0.018555, 0.915283, 2.134146, -1.097561, -0.426829, 33.141762
5223583, 0.017822, -0.016846, 0.922363, 2.195122, -1.036585, -0.121951, 33.188824
5225216, 0.018311, -0.013184, 0.922119, 2.073171, -0.975610, -0.182927, 33.141762
5226850, 0.021729, -0.018066, 0.904297, 2.256098, -1.097561, -0.304878, 33.094704
5228483, 0.018799, -0.020264, 0.910645, 2.256098, -1.219512, -0.060976, 33.141762
5230117, 0.017334, -0.011230, 0.920654, 2.317073, -1.158537, -0.121951, 33.188824
5231751, 0.016846, -0.010254, 0.909912, 2.195122, -0.853659, -0.121951, 33.141762
5233384, 0.017334, -0.009277, 0.913818, 2.256098, -0.975610, -0.182927, 33.188824
5235007, 0.020264, -0.015869, 0.913574, 2.256098, -1.158537, -0.060976, 33.141762
5236641, 0.020264, -0.015137, 0.918213, 1.890244, -1.219512, -0.182927, 33.094704
5238274, 0.021729, -0.020508, 0.913818, 2.134146, -1.097561, -0.243902, 33.141762
5239908, 0.015625, -0.011719, 0.920898, 2.195122, -1.097561, -0.243902, 33.094704
5241541, 0.015869, -0.015869, 0.910645, 2.195122, -1.280488, -0.060976, 33.047646
5243174, 0.020508, -0.017822, 0.915283, 2.134146, -1.036585, -0.304878, 33.188824
5244808, 0.018066, -0.017822, 0.914062, 2.195122, -0.914634, 0.121951, 33.047646
5246441, 0.005127, -0.011719, 0.915527, 2.134146, -0.914634, 0.000000, 33.094704
5248075, 0.013916, -0.016846, 0.910645, 2.195122, -1.097561, -0.548781, 33.141762
5249708, 0.017578, -0.017090, 0.912109, 2.317073, -1.036585, -0.365854, 33.188824
5251341, 0.016846, -0.013916, 0.915283, 2.256098, -1.036585, -0.060976, 33.047646
5252975, 0.022217, -0.012695, 0.922363, 2.317073, -1.097561, -0.060976, 33.141762
5254615, 0.020996, -0.012695, 0.920654, 2.134146, -1.158537, -0.182927, 33.094704
5256248, 0.017578, -0.016846, 0.917725, 2.317073, -1.097561, -0.182927, 33.141762
5257882, 0.018311, -0.010986, 0.915527, 2.134146, -1.097561, -0.243902, 33.188824
5259516, 0.021973, -0.016602, 0.920410, 2.378049, -1.036585, -0.243902, 33.047646
5261149, 0.020996, -0.015137, 0.917725, 2.256098, -1.158537, -0.243902, 33.094704
5262782, 0.017334, -0.016846, 0.914795, 2.195122, -1.036585, -0.243902, 33.047646
5264416, 0.018799, -0.013672, 0.915527, 2.134146, -1.036585, -0.121951, 33.094704
5266049, 0.012207, -0.015381, 0.911865, 2.134146, -1.158537, -0.243902, 33.141762
5267683, 0.017090, -0.014648, 0.914795, 2.378049, -1.097561, -0.365854, 33.188824
5269316, 0.023682, -0.015381, 0.910400, 2.195122, -1.097561, -0.121951, 33.141762
5270949, 0.020508, -0.012451, 0.907227, 2.012195, -1.097561, -0.243902, 33.188824
5272583, 0.022949, -0.012207, 0.912598, 2.256098, -1.036585, -0.182927, 33.141762
5274216, 0.018799, -0.012939, 0.901855, 2.073171, -1.097561, -0.243902, 33.094704
5275850, 0.018311, -0.022461, 0.914062, 2.256098, -1.036585, -0.182927, 33.141762
5277483, 0.014160, -0.019287, 0.918457, 2.439024, -1.158537, -0.121951, 33.094704
5279117, 0.017578, -0.015381, 0.912354, 2.195122, -1.219512, -0.365854, 33.188824
5280751, 0.022949, -0.010742, 0.908936, 1.951220, -1.158537, -0.182927, 33.094704
5282384, 0.022461, -0.014404, 0.916016, 2.256098, -1.036585, -0.121951, 33.094704
5284007, 0.017578, -0.015625, 0.916504, 2.012195, -1.036585, -0.060976, 33.141762
5285641, 0.015381, -0.017578, 0.912598, 2.134146, -1.097561, -0.182927, 33.000587
5287274, 0.013916, -0.012207, 0.913330, 2.134146, -1.280488, -0.365854, 33.141762
5288908, 0.012695, -0.015869, 0.915039, 2.073171, -0.975610, -0.304878, 33.094704
5290541, 0.010010, -0.020752, 0.921143, 2.195122, -0.914634, -0.121951, 33.047646
5292174, 0.020752, -0.021484, 0.918945, 2.195122, -1.097561, -0.365854, 33.094704
5293808, 0.021729, -0.015137, 0.914307, 2.195122, -1.097561, -0.426829, 33.047646
5295441, 0.023438, -0.017334, 0.912598, 2.012195, -1.036585, -0.243902, 33.094704
5297075, 0.019287, -0.014160, 0.910889, 2.134146, -1.036585, -0.243902, 33.047646
5298708, 0.020996, -0.019775, 0.911621, 2.134146, -1.158537, -0.365854, 33.094704
5300341, 0.014893, -0.014404, 0.922852, 2.073171, -1.219512, -0.243902, 33.141762
5301975, 0.017822, -0.013916, 0.909912, 2.195122, -1.097561, -0.243902, 33.094704
5303615, 0.015381, -0.019043, 0.914795, 2.195122, -1.280488, -0.121951, 33.141762
5305248, 0.019043, -0.021484, 0.921631, 2.195122, -1.097561, -0.304878, 33.094704
5306882, 0.020996, -0.013672, 0.913818, 2.195122, -1.158537, -0.243902, 33.141762
5308516, 0.020508, -0.014893, 0.925781, 2.134146, -0.975610, -0.243902, 33.094704
5310149, 0.016357, -0.017822, 0.906494, 2.134146, -1.097561, -0.182927, 33.094704
5311782, 0.022217, -0.016846, 0.909424, 2.073171, -1.097561, -0.060976, 33.094704
5313416, 0.016357, -0.015381, 0.918213, 2.195122, -1.158537, -0.182927, 33.094704
5315049, 0.017090, -0.010498, 0.922852, 2.195122, -0.914634, -0.243902, 33.047646
5316683, 0.022949, -0.012695, 0.926025, 2.195122, -1.036585, -0.243902, 33.188824
5318316, 0.023193, -0.017822, 0.912109, 2.134146, -1.097561, -0.243902, 33.141762
5319949, 0.026367, -0.016113, 0.919189, 2.195122, -0.975610, -0.304878, 33.094704
5321583, 0.026611, -0.012207, 0.908447, 2.195122, -0.975610, -0.365854, 33.141762
5323216, 0.021729, -0.009766, 0.907227, 2.195122, -0.914634, -0.304878, 33.094704
5324850, 0.023682, -0.014160, 0.913574, 2.195122, -1.097561, -0.304878, 33.141762
5326483, 0.022705, -0.019775, 0.918213, 2.134146, -1.158537, -0.243902, 33.094704
5328117, 0.024414, -0.016113, 0.914551, 2.256098, -1.219512, -0.182927, 33.141762
5329751, 0.020508, -0.014160, 0.909668, 2.317073, -1.097561, -0.182927, 33.094704
5331384, 0.023682, -0.013672, 0.917725, 2.134146, -0.914634, -0.487805, 33.141762
5333007, 0.014160, -0.020752, 0.910645, 2.195122, -1.097561, -0.182927, 33.094704
5334641, 0.021973, -0.011963, 0.910889, 2.012195, -1.158537, -0.243902, 33.141762
5336274, 0.023926, -0.014160, 0.917236, 1.951220, -0.975610, -0.060976, 33.094704
5337908, 0.025879, -0.006836, 0.905273, 2.134146, -1.036585, -0.060976, 33.141762
5339541, 0.017578, -0.015869, 0.906494, 2.012195, -1.219512, -0.365854, 33.094704
5341174, 0.020752, -0.021973, 0.907471, 2.134146, -1.097561, -0.243902, 33.094704
5342808, 0.020752, -0.022461, 0.912109, 2.195122, -0.975610, -0.121951, 33.000587
5344441, 0.020264, -0.015869, 0.916992, 2.134146, -1.158537, -0.243902, 33.094704
5346075, 0.019287, -0.019531, 0.917236, 2.073171, -0.975610, -0.426829, 33.141762
5347708, 0.015869, -0.013428, 0.916504, 2.256098, -1.280488, -0.182927, 33.188824
5349341, 0.020264, -0.016846, 0.920898, 2.256098, -1.219512, -0.060976, 33.141762
5350975, 0.021729, -0.016357, 0.917725, 2.195122, -1.036585, -0.121951, 33.094704
5352615, 0.025879, -0.016846, 0.919922, 2.256098, -0.975610, -0.182927, 33.047646
5354248, 0.027100, -0.011230, 0.921631, 2.256098, -1.158537, -0.243902, 33.188824
5355882, 0.020020, -0.015137, 0.909180, 2.195122, -0.975610, -0.304878, 33.141762
5357516, 0.019287, -0.009033, 0.917969, 1.951220, -1.097561, -0.304878, 33.188824
5359149, 0.019287, -0.015137, 0.915039, 2.195122, -1.280488, -0.121951, 33.141762
5360782, 0.025635, -0.015381, 0.915527, 2.134146, -1.097561, -0.304878, 33.094704
5362416, 0.015381, -0.009277, 0.915527, 2.256098, -1.280488, -0.243902, 33.047646
5364049, 0.020996, -0.014648, 0.917725, 2.317073, -1.402439, -0.182927, 33.094704
5365683, 0.017822, -0.016846, 0.909668, 2.134146, -1.219512, -0.243902, 33.235882
5367316, 0.024170, -0.018066, 0.908691, 2.073171, -1.158537, -0.121951, 33.047646
5368949, 0.019775, -0.016113, 0.908203, 2.195122, -1.158537, -0.121951, 33.188824
5370583, 0.021729, -0.014648, 0.912354, 2.012195, -1.097561, -0.243902, 33.141762
5372216, 0.022949, -0.015381, 0.928467, 1.890244, -1.097561, -0.243902, 33.094704
5373850, 0.020508, -0.021240, 0.924805, 2.378049, -1.158537, -0.182927, 33.188824
5375483, 0.020996, -0.013672, 0.907227, 2.134146, -1.158537, 0.060976, 33.188824
5377117, 0.022217, -0.014404, 0.917236, 2.134146, -1.036585, -0.182927, 33.141762
5378751, 0.021240, -0.013672, 0.916504, 2.012195, -1.219512, -0.060976, 33.094704
5380384, 0.016846, -0.018555, 0.915527, 2.195122, -1.097561, 0.000000, 33.141762
5382007, 0.022705, -0.018311, 0.915039, 2.256098, -1.097561, -0.182927, 33.094704
5383641, 0.021729, -0.013672, 0.911377, 2.317073, -1.036585, -0.243902, 33.141762
5385274, 0.024902, -0.011719, 0.921143, 2.195122, -1.036585, -0.304878, 33.094704
5386908, 0.011963, -0.011475, 0.911865, 2.195122, -1.097561, -0.243902, 33.141762
5388541, 0.014648, -0.013184, 0.912354, 2.073171, -1.219512, -0.121951, 33.188824
5390174, 0.016357, -0.014893, 0.915771, 2.134146, -1.158537, -0.243902, 33.235882
5391808, 0.020752, -0.014648, 0.917969, 2.134146, -1.097561, -0.182927, 33.094704
5393441, 0.015137, -0.011475, 0.918457, 2.134146, -1.036585, -0.182927, 33.047646
5395075, 0.016357, -0.013428, 0.916748, 2.012195, -1.280488, -0.060976, 33.000587
5396708, 0.017090, -0.014160, 0.918213, 2.134146, -1.097561, -0.121951, 33.141762
5398341, 0.017822, -0.017334, 0.913574, 2.195122, -1.036585, -0.304878, 33.094704
5399975, 0.022949, -0.021484, 0.907959, 2.195122, -1.158537, 0.000000, 33.094704
5401615, 0.018799, -0.022461, 0.915527, 2.195122, -1.158537, -0.182927, 33.047646
5403248, 0.018799, -0.019043, 0.919189, 2.195122, -1.158537, -0.365854, 33.000587
5404882, 0.017822, -0.014404, 0.922119, 2.134146, -1.158537, -0.426829, 33.094704
5406516, 0.025391, -0.012695, 0.924561, 1.951220, -1.097561, -0.182927, 33.094704
5408149, 0.017578, -0.017822, 0.917969, 1.951220, -1.219512, -0.182927, 33.141762
5409782, 0.019775, -0.016846, 0.925049, 2.012195, -1.036585, -0.182927, 33.094704
5411416, 0.019775, -0.022705, 0.912842, 2.134146, -0.975610, -0.121951, 33.235882
5413049, 0.010010, -0.022461, 0.914307, 2.195122, -0.975610, -0.121951, 33.188824
5414683, 0.015869, -0.021484, 0.920166, 2.195122, -1.158537, -0.060976, 33.047646
5416316, 0.019287, -0.016602, 0.916016, 2.378049, -1.036585, -0.060976, 33.188824
5417949, 0.015137, -0.019287, 0.912598, 2.256098, -0.975610, -0.121951, 33.141762
5419583, 0.018311, -0.015137, 0.917236, 2.195122, -1.097561, -0.243902, 33.000587
5421216, 0.019775, -0.014160, 0.922119, 2.134146, -0.975610, -0.304878, 33.047646
5422850, 0.024902, -0.016602, 0.915283, 2.256098, -0.975610, -0.243902, 33.000587
5424483, 0.018311, -0.019287, 0.915039, 2.195122, -1.219512, -0.060976, 33.141762
5426117, 0.018066, -0.021729, 0.915283, 2.195122, -1.219512, -0.243902, 33.047646
5427751, 0.022949, -0.018799, 0.907959, 2.012195, -1.219512, -0.487805, 33.094704
5429384, 0.013428, -0.018799, 0.915283, 2.195122, -1.280488, -0.426829, 33.047646
5431007, 0.018311, -0.020996, 0.920410, 2.134146, -0.914634, -0.182927, 33.188824
5432641, 0.018066, -0.020020, 0.915039, 2.012195, -0.975610, -0.121951, 33.141762
5434274, 0.012451, -0.020020, 0.921631, 2.195122, -1.219512, -0.182927, 33.000587
5435908, 0.015869, -0.019287, 0.911133, 2.012195, -0.975610, -0.243902, 33.188824
5437541, 0.020752, -0.010742, 0.909180, 2.012195, -1.036585, -0.243902, 33.094704
5439174, 0.018311, -0.013428, 0.917480, 2.256098, -1.097561, -0.121951, 33.141762
5440808, 0.016113, -0.017822, 0.922363, 2.134146, -1.036585, -0.365854, 33.094704
5442441, 0.010498, -0.016357, 0.912842, 2.012195, -1.158537, -0.365854, 33.141762
5444075, 0.021484, -0.019775, 0.917969, 2.134146, -0.975610, -0.304878, 33.094704
5445708, 0.014648, -0.018066, 0.913330, 2.195122, -1.097561, -0.304878, 33.141762
5447341, 0.014893, -0.010742, 0.911865, 2.317073, -1.036585, -0.243902, 33.000587
5448975, 0.016846, -0.015381, 0.914307, 2.134146, -1.036585, -0.060976, 33.141762
5450615, 0.018311, -0.010742, 0.918213, 2.195122, -1.097561, -0.182927, 33.094704
5452248, 0.018066, -0.014648, 0.909180, 2.317073, -0.975610, -0.243902, 33.047646
5453882, 0.014160, -0.015625, 0.913330, 2.012195, -1.036585, -0.304878, 33.094704
5455516, 0.021240, -0.014893, 0.916016, 2.134146, -1.036585, -0.182927, 33.188824
5457149, 0.012207, -0.015137, 0.912842, 2.134146, -1.097561, -0.304878, 33.141762
5458782, 0.020264, -0.015625, 0.913330, 2.073171, -1.097561, -0.426829, 33.094704
5460416, 0.021240, -0.021484, 0.911377, 2.195122, -0.853659, -0.182927, 33.141762
5462049, 0.019287, -0.017578, 0.912354, 2.134146, -0.914634, 0.000000, 33.094704
5463683, 0.022217, -0.020752, 0.913818, 2.073171, -1.219512, -0.182927, 33.141762
5465316, 0.014893, -0.017578, 0.912842, 2.134146, -0.975610, -0.304878, 33.094704
5466949, 0.020996, -0.017090, 0.912354, 2.073171, -1.097561, -0.487805, 33.141762
5468583, 0.022705, -0.016602, 0.915283, 2.012195, -1.036585, -0.304878, 33.188824
5470216, 0.017822, -0.016113, 0.911621, 2.073171, -1.097561, -0.243902, 33.141762
5471850, 0.014404, -0.017578, 0.913574, 2.195122, -1.097561, -0.304878, 33.188824
5473483, 0.018799, -0.013184, 0.923584, 2.378049, -1.280488, -0.182927, 33.141762
5475117, 0.013916, -0.012451, 0.913574, 2.317073, -1.036585, -0.121951, 33.094704
5476751, 0.016602, -0.021484, 0.913330, 2.073171, -1.158537, -0.365854, 33.141762
5478384, 0.019287, -0.015381, 0.913574, 1.951220, -1.036585, -0.243902, 33.094704
5480007, 0.020264, -0.017334, 0.915771, 2.073171, -0.975610, -0.304878, 33.141762
5481641, 0.016357, -0.018799, 0.921875, 2.012195, -0.914634, -0.304878, 33.094704
5483274, 0.021240, -0.022217, 0.915283, 2.256098, -0.914634, -0.304878, 33.047646
5484908, 0.019531, -0.020996, 0.914551, 2.134146, -1.158537, -0.365854, 33.000587
5486541, 0.017334, -0.015869, 0.905762, 2.195122, -1.280488, -0.365854, 33.188824
5488174, 0.015869, -0.019531, 0.917236, 2.073171, -1.280488, -0.182927, 33.047646
5489808, 0.019775, -0.018555, 0.911865, 2.134146, -1.158537, -0.243902, 33.188824
5491441, 0.023682, -0.017822, 0.905029, 2.439024, -1.097561, -0.182927, 33.141762
5493075, 0.022705, -0.017090, 0.915039, 2.134146, -1.036585, -0.365854, 33.094704
5494708, 0.025146, -0.014160, 0.911621, 2.012195, -0.975610, -0.121951, 33.141762
5496341, 0.023193, -0.006592, 0.917969, 2.012195, -1.097561, -0.060976, 33.094704
5497975, 0.011963, -0.014160, 0.923096, 2.256098, -1.341463, -0.182927, 33.235882
5499615, 0.020020, -0.011230, 0.921387, 2.256098, -1.158537, -0.243902, 33.094704
5501248, 0.022217, -0.009277, 0.914551, 2.317073, -1.097561, -0.365854, 33.141762
5502882, 0.018799, -0.016357, 0.918945, 2.134146, -1.097561, -0.243902, 33.094704
5504516, 0.024902, -0.011963, 0.917480, 2.073171, -1.036585, -0.182927, 33.141762
5506149, 0.012939, -0.015381, 0.920410, 2.256098, -0.975610, -0.365854, 33.094704
5507782, 0.017090, -0.015625, 0.907959, 2.256098, -1.280488, -0.182927, 33.047646
5509416, 0.021973, -0.013672, 0.917725, 2.317073, -1.158537, -0.365854, 33.094704
5511049, 0.020752, -0.017334, 0.913086, 2.317073, -1.036585, -0.121951, 33.235882
5512683, 0.024902, -0.017334, 0.914307, 2.256098, -1.219512, -0.243902, 33.094704
5514316, 0.025146, -0.016113, 0.921387, 2.073171, -1.036585, -0.243902, 33.094704
5515949, 0.023682, -0.014404, 0.916016, 2.195122, -1.036585, -0.243902, 33.000587
5517583, 0.021240, -0.016357, 0.910156, 2.073171, -1.097561, -0.243902, 33.188824
5519216, 0.019287, -0.012207, 0.916016, 2.256098, -1.036585, -0.182927, 33.047646
5520850, 0.019043, -0.017090, 0.918701, 2.317073, -1.097561, -0.243902, 33.094704
5522483, 0.027100, -0.016357, 0.917480, 2.195122, -1.036585, -0.182927, 33.047646
5524117, 0.022217, -0.007080, 0.911621, 2.134146, -1.219512, -0.243902, 33.094704
5525751, 0.022949, -0.013916, 0.913086, 2.073171, -1.341463, -0.060976, 33.141762
5527384, 0.025635, -0.015137, 0.925781, 2.134146, -1.341463, -0.121951, 33.094704
5529007, 0.020508, -0.017334, 0.911133, 2.134146, -1.219512, -0.182927, 33.141762
5530641, 0.016357, -0.018799, 0.922607, 2.317073, -1.280488, -0.121951, 33.188824
5532274, 0.022217, -0.015381, 0.920166, 2.256098, -0.975610, -0.304878, 33.141762
5533908, 0.018555, -0.019287, 0.917969, 2.195122, -1.097561, -0.365854, 33.094704
5535541, 0.022949, -0.011230, 0.921875, 2.012195, -1.097561, -0.121951, 33.141762
5537174, 0.020264, -0.016602, 0.919434, 2.073171, -1.097561, -0.182927, 33.188824
5538808, 0.023438, -0.016357, 0.916260, 2.134146, -1.219512, -0.121951, 33.047646
5540441, 0.021240, -0.014648, 0.910889, 2.073171, -1.036585, -0.304878, 33.188824
5542075, 0.015137, -0.017090, 0.919189, 2.195122, -1.097561, -0.060976, 33.047646
5543708, 0.018799, -0.020996, 0.918457, 2.256098, -1.036585, -0.304878, 33.000587
5545341, 0.024902, -0.012939, 0.917725, 2.195122, -1.036585, -0.304878, 33.094704
5546975, 0.022217, -0.015869, 0.912842, 2.134146, -1.097561, -0.182927, 33.094704
5548615, 0.017334, -0.009277, 0.918213, 2.134146, -1.158537, -0.121951, 33.094704
5550248, 0.020996, -0.012207, 0.908936, 2.134146, -1.097561, -0.121951, 33.141762
5551882, 0.023438, -0.014404, 0.913086, 2.134146, -0.914634, -0.243902, 33.094704
5553516, 0.025635, -0.017090, 0.921143, 2.134146, -1.036585, -0.243902, 33.047646
5555149, 0.022949, -0.014893, 0.914551, 2.134146, -1.219512, -0.121951, 33.094704
5556782, 0.013672, -0.017578, 0.918945, 2.073171, -1.219512, -0.182927, 33.141762
5558416, 0.019531, -0.011963, 0.917725, 2.195122, -0.975610, -0.121951, 33.094704
5560049, 0.024658, -0.021729, 0.919678, 2.012195, -1.219512, -0.304878, 33.047646
5561683, 0.018066, -0.019531, 0.915527, 2.134146, -1.158537, -0.304878, 33.094704
5563316, 0.018799, -0.017578, 0.909180, 2.134146, -0.914634, -0.304878, 33.141762
5564949, 0.017090, -0.013916, 0.916504, 2.134146, -1.158537, -0.243902, 33.094704
5566583, 0.018799, -0.020752, 0.923828, 2.134146, -1.280488, -0.243902, 33.141762
5568216, 0.017578, -0.016113, 0.915283, 2.317073, -1.463415, -0.121951, 33.094704
5569850, 0.020508, -0.013184, 0.913574, 2.012195, -1.219512, -0.060976, 33.141762
5571483, 0.022949, -0.017578, 0.920410, 2.012195, -1.219512, -0.121951, 33.094704
5573117, 0.020508, -0.013184, 0.920410, 2.073171, -0.914634, -0.243902, 33.094704
5574751, 0.016113, -0.020020, 0.913574, 2.134146, -0.975610, -0.060976, 33.047646
5576384, 0.019287, -0.012451, 0.914062, 2.073171, -1.097561, -0.243902, 33.094704
5578007, 0.016113, -0.012695, 0.913818, 2.195122, -1.219512, -0.182927, 33.094704
5579641, 0.014893, -0.020996, 0.918213, 2.256098, -1.097561, -0.243902, 33.094704
5581274, 0.014893, -0.012695, 0.915771, 2.195122, -1.158537, -0.121951, 33.141762
5582908, 0.019531, -0.013428, 0.916748, 2.134146, -1.097561, -0.304878, 33.094704
5584541, 0.015381, -0.017090, 0.909912, 2.256098, -1.036585, -0.365854, 33.047646
5586174, 0.018311, -0.013916, 0.915771, 2.195122, -1.158537, -0.304878, 33.094704
5587808, 0.020508, -0.016846, 0.919678, 2.073171, -0.975610, -0.182927, 33.141762
5589441, 0.013428, -0.020020, 0.912598, 2.134146, -0.975610, 0.060976, 33.094704
5591075, 0.015381, -0.023682, 0.907959, 2.134146, -1.097561, -0.243902, 33.047646
5592708, 0.017090, -0.018799, 0.917969, 1.951220, -1.036585, -0.060976, 33.188824
5594341, 0.020752, -0.019043, 0.913818, 2.012195, -1.036585, 0.000000, 33.141762
5595975, 0.018555, -0.017090, 0.904785, 2.134146, -1.097561, -0.182927, 33.188824
5597615, 0.018799, -0.012207, 0.917480, 2.134146, -0.975610, -0.304878, 33.047646
5599248, 0.023438, -0.019531, 0.914795, 2.256098, -1.097561, -0.243902, 33.094704
5600882, 0.019043, -0.011963, 0.916748, 2.073171, -1.341463, -0.060976, 33.141762
5602516, 0.020020, -0.018555, 0.914795, 2.012195, -1.158537, -0.243902, 33.141762
5604149, 0.024902, -0.015625, 0.917236, 2.256098, -0.975610, -0.304878, 33.094704
5605782, 0.020508, -0.012939, 0.906982, 2.134146, -1.097561, -0.243902, 33.141762
5607416, 0.017822, -0.014404, 0.917725, 2.195122, -1.158537, -0.304878, 33.094704
5609049, 0.020996, -0.014648, 0.918701, 2.195122, -1.097561, -0.243902, 33.188824
5610683, 0.018799, -0.014404, 0.913086, 1.951220, -1.280488, -0.182927, 33.000587
5612316, 0.016357, -0.013672, 0.901611, 2.134146, -1.097561, -0.365854, 33.141762
5613949, 0.015137, -0.018799, 0.914795, 2.134146, -1.158537, -0.304878, 33.094704
5615583, 0.024658, -0.020508, 0.908447, 2.134146, -0.975610, -0.121951, 33.141762
5617216, 0.014648, -0.012451, 0.913574, 2.317073, -1.036585, -0.182927, 33.000587
5618850, 0.015625, -0.015137, 0.919678, 2.195122, -1.097561, -0.121951, 33.047646
5620483, 0.018066, -0.014893, 0.909424, 2.134146, -1.036585, -0.182927, 33.094704
5622117, 0.019531, -0.020020, 0.907227, 2.317073, -0.975610, -0.182927, 33.141762
5623751, 0.014160, -0.018799, 0.914062, 2.317073, -1.097561, -0.304878, 33.188824
5625384, 0.015869, -0.011230, 0.915283, 2.195122, -1.158537, -0.060976, 33.141762
5627007, 0.019531, -0.015137, 0.916748, 2.256098, -0.975610, -0.365854, 33.188824
5628641, 0.021729, -0.016357, 0.914062, 2.256098, -1.036585, -0.182927, 33.141762
5630274, 0.019531, -0.017822, 0.912842, 2.073171, -0.914634, 0.000000, 33.000587
5631908, 0.020020, -0.014893, 0.915527, 2.073171, -1.036585, -0.182927, 33.141762
5633541, 0.019287, -0.016602, 0.911133, 2.195122, -0.975610, -0.182927, 33.141762
5635174, 0.020020, -0.012939, 0.917480, 2.256098, -1.158537, -0.304878, 33.094704
5636808, 0.023682, -0.013184, 0.913086, 2.256098, -1.280488, -0.182927, 33.141762
5638441, 0.024414, -0.017334, 0.914307, 2.073171, -1.097561, -0.243902, 33.094704
5640075, 0.021484, -0.017822, 0.911621, 2.317073, -1.097561, -0.182927, 33.094704
5641708, 0.021240, -0.021240, 0.919434, 2.439024, -0.975610, -0.121951, 33.094704
5643341, 0.016846, -0.014404, 0.913818, 2.317073, -1.036585, -0.182927, 33.141762
5644975, 0.019043, -0.008301, 0.917725, 2.073171, -1.158537, -0.365854, 33.094704
5646615, 0.020508, -0.013428, 0.920166, 2.012195, -1.097561, -0.304878, 33.235882
5648248, 0.019287, -0.017578, 0.919678, 2.134146, -1.097561, -0.365854, 33.188824
5649882, 0.016357, -0.017090, 0.923096, 2.256098, -1.097561, -0.365854, 33.047646
5651516, 0.021973, -0.019531, 0.913086, 2.073171, -1.158537, -0.243902, 33.094704
5653149, 0.021240, -0.021973, 0.907227, 2.073171, -1.097561, -0.121951, 33.235882
5654782, 0.021484, -0.021973, 0.914307, 2.195122, -1.158537, -0.304878, 33.094704
5656416, 0.022461, -0.022461, 0.915039, 2.134146, -0.914634, -0.243902, 33.141762
5658049, 0.018799, -0.014404, 0.909668, 2.073171, -0.975610, -0.243902, 33.188824
5659683, 0.016113, -0.010254, 0.906250, 2.012195, -1.097561, -0.365854, 33.141762
5661316, 0.016113, -0.015625, 0.921631, 1.890244, -1.097561, -0.182927, 33.141762
5662949, 0.027100, -0.014893, 0.916992, 2.073171, -1.036585, -0.060976, 33.094704
5664583, 0.021973, -0.017822, 0.917236, 2.195122, -1.097561, -0.182927, 33.047646
5666216, 0.017578, -0.017334, 0.913330, 2.134146, -1.036585, -0.121951, 33.094704
5667850, 0.021240, -0.017090, 0.916504, 2.134146, -1.219512, -0.060976, 33.235882
5669483, 0.016113, -0.016602, 0.924316, 2.073171, -1.219512, -0.060976, 33.188824
5671117, 0.022461, -0.016602, 0.918457, 2.073171, -0.975610, -0.182927, 33.188824
5672751, 0.024414, -0.012207, 0.919189, 2.134146, -1.158537, -0.304878, 33.094704
5674384, 0.027344, -0.014404, 0.917725, 2.134146, -0.975610, -0.121951, 33.141762
5676007, 0.016113, -0.015869, 0.925049, 2.134146, -0.914634, -0.243902, 33.094704
5677641, 0.018311, -0.017090, 0.916504, 2.256098, -1.280488, -0.426829, 33.047646
5679274, 0.021240, -0.009033, 0.909668, 2.012195, -0.914634, -0.243902, 33.282940
5680908, 0.024170, -0.013428, 0.912598, 2.195122, -1.097561, -0.182927, 33.047646
5682541, 0.024170, -0.019775, 0.920410, 2.256098, -1.097561, -0.243902, 33.094704
5684174, 0.018311, -0.015869, 0.912598, 2.134146, -1.097561, -0.182927, 33.141762
5685808, 0.023438, -0.011963, 0.909180, 2.134146, -1.036585, -0.182927, 33.094704
5687441, 0.021240, -0.010010, 0.918701, 2.195122, -0.914634, -0.304878, 33.141762
5689075, 0.020020, -0.017090, 0.909424, 2.195122, -1.036585, -0.243902, 33.094704
5690708, 0.015869, -0.017334, 0.915283, 2.256098, -1.097561, 0.000000, 33.141762
5692341, 0.019775, -0.016357, 0.909912, 2.256098, -1.158537, -0.304878, 33.047646
5693975, 0.019531, -0.017090, 0.914307, 2.317073, -1.341463, -0.304878, 33.188824
5695615, 0.023926, -0.018311, 0.913086, 2.134146, -1.219512, -0.243902, 33.047646
5697248, 0.021484, -0.019775, 0.918457, 2.073171, -1.219512, -0.365854, 33.188824
5698882, 0.019531, -0.018066, 0.912354, 2.012195, -1.219512, -0.182927, 33.141762
5700516, 0.017334, -0.013916, 0.914795, 2.134146, -1.036585, -0.243902, 33.094704
5702149, 0.024414, -0.017090, 0.912354, 2.195122, -1.036585, -0.243902, 33.141762
5703782, 0.018799, -0.014160, 0.914307, 2.256098, -1.280488, -0.121951, 33.094704
5705416, 0.025879, -0.017822, 0.912598, 2.195122, -1.097561, -0.304878, 33.141762
5707049, 0.023193, -0.013672, 0.917236, 2.073171, -1.219512, -0.243902, 33.094704
5708683, 0.023926, -0.016357, 0.925293, 2.012195, -1.097561, -0.182927, 33.141762
5710316, 0.016846, -0.017334, 0.916260, 2.134146, -1.158537, -0.243902, 33.094704
5711949, 0.022705, -0.018555, 0.921387, 2.195122, -1.219512, -0.182927, 33.047646
5713583, 0.028809, -0.019043, 0.923828, 2.134146, -1.097561, -0.243902, 33.188824
5715216, 0.018311, -0.013672, 0.909424, 2.134146, -0.975610, -0.304878, 33.047646
5716850, 0.020264, -0.010742, 0.912109, 2.134146, -1.158537, -0.304878, 33.094704
5718483, 0.018066, -0.017822, 0.921143, 2.134146, -1.097561, -0.243902, 33.141762
5720117, 0.014160, -0.018799, 0.914307, 2.195122, -1.036585, -0.304878, 33.094704
5721751, 0.021729, -0.014648, 0.905273, 2.256098, -0.914634, -0.304878, 33.094704
5723384, 0.022217, -0.019287, 0.914062, 2.317073, -1.158537, -0.243902, 33.141762
5725007, 0.019287, -0.019287, 0.918213, 2.195122, -1.097561, -0.243902, 33.000587
5726641, 0.024658, -0.016113, 0.911865, 2.134146, -1.097561, -0.243902, 33.047646
5728274, 0.022217, -0.016602, 0.917725, 2.134146, -1.036585, -0.121951, 33.094704
5729908, 0.019287, -0.021973, 0.916260, 2.317073, -0.853659, -0.060976, 33.047646
5731541, 0.016113, -0.018799, 0.905518, 2.317073, -1.280488, -0.182927, 33.094704
5733174, 0.024658, -0.013916, 0.910889, 2.073171, -0.975610, -0.365854, 33.047646
5734808, 0.020752, -0.016113, 0.906982, 2.195122, -0.853659, -0.182927, 33.188824
5736441, 0.014404, -0.015381, 0.909668, 2.073171, -1.036585, -0.182927, 33.141762
5738075, 0.015625, -0.019043, 0.910156, 2.256098, -1.036585, -0.121951, 33.094704
5739708, 0.014404, -0.011230, 0.922607, 2.317073, -1.158537, -0.121951, 33.141762
5741341, 0.017090, -0.013184, 0.923096, 2.073171, -1.341463, -0.060976, 33.094704
5742975, 0.023193, -0.015137, 0.917969, 2.256098, -1.158537, -0.182927, 33.141762
5744615, 0.018066, -0.018799, 0.904785, 2.195122, -1.097561, -0.243902, 33.094704
5746248, 0.019287, -0.015625, 0.906494, 2.256098, -1.219512, -0.182927, 33.141762
5747882, 0.020508, -0.014404, 0.913818, 2.134146, -1.036585, -0.060976, 33.094704
5749516, 0.017334, -0.016602, 0.922852, 2.134146, -0.975610, -0.243902, 33.188824
5751149, 0.020996, -0.016113, 0.921143, 2.195122, -1.158537, -0.121951, 33.188824
5752782, 0.008301, -0.016602, 0.916016, 2.195122, -1.158537, -0.365854, 33.094704
5754416, 0.022705, -0.015869, 0.906982, 2.195122, -1.097561, -0.365854, 33.141762
5756049, 0.023926, -0.016113, 0.909912, 2.195122, -1.036585, -0.243902, 33.188824
5757683, 0.022705, -0.016846, 0.908936, 2.073171, -1.036585, -0.121951, 33.141762
5759316, 0.017090, -0.012695, 0.916748, 2.134146, -1.036585, -0.243902, 33.094704
5760949, 0.019531, -0.013916, 0.917969, 2.012195, -1.036585, -0.243902, 33.235882
5762583, 0.020996, -0.016113, 0.923584, 2.073171, -1.341463, -0.243902, 33.188824
5764216, 0.017578, -0.019775, 0.919678, 2.256098, -1.097561, -0.182927, 33.141762
5765850, 0.019287, -0.019043, 0.913818, 2.195122, -1.036585, -0.243902, 33.188824
5767483, 0.021240, -0.012939, 0.909180, 2.195122, -0.914634, -0.121951, 33.141762
5769117, 0.018799, -0.014160, 0.908447, 2.195122, -1.097561, -0.121951, 33.094704
5770751, 0.020264, -0.011963, 0.916260, 2.134146, -1.219512, -0.182927, 33.141762
5772384, 0.014893, -0.019043, 0.913818, 1.951220, -1.036585, -0.121951, 33.000587
5774007, 0.025391, -0.017334, 0.913818, 2.134146, -1.036585, -0.182927, 33.141762
5775641, 0.021484, -0.015869, 0.912598, 2.134146, -0.975610, -0.182927, 33.094704
5777274, 0.020752, -0.013184, 0.913330, 2.195122, -0.853659, -0.121951, 33.141762
5778908, 0.018799, -0.015869, 0.911133, 2.195122, -0.792683, -0.304878, 33.094704
5780541, 0.022461, -0.012451, 0.912842, 2.073171, -1.158537, -0.243902, 33.282940
5782174, 0.022705, -0.011475, 0.915039, 2.012195, -1.036585, -0.182927, 33.094704
5783808, 0.022461, -0.013184, 0.914307, 2.073171, -0.975610, -0.060976, 33.094704
5785441, 0.026123, -0.018311, 0.907959, 2.195122, -1.097561, -0.365854, 33.047646
5787075, 0.019043, -0.015625, 0.907715, 2.134146, -0.914634, -0.182927, 33.188824
5788708, 0.017822, -0.015625, 0.908203, 2.134146, -1.097561, -0.182927, 33.047646
5790341, 0.020996, -0.017578, 0.912842, 2.195122, -1.219512, -0.243902, 33.094704
5791975, 0.015137, -0.014648, 0.907959, 2.073171, -1.158537, 0.000000, 33.141762
5793615, 0.011475, -0.017578, 0.922852, 2.134146, -1.280488, -0.121951, 33.094704
5795248, 0.012939, -0.012695, 0.909668, 2.195122, -1.280488, -0.304878, 33.047646
5796882, 0.014648, -0.009766, 0.906982, 2.317073, -1.158537, -0.121951, 33.188824
5798516, 0.027100, -0.009277, 0.916504, 2.073171, -1.097561, -0.182927, 33.141762
5800149, 0.021240, -0.017090, 0.915771, 2.134146, -0.914634, -0.182927, 33.094704
5801782, 0.017578, -0.017090, 0.915039, 2.134146, -0.975610, -0.121951, 33.141762
5803416, 0.021729, -0.015869, 0.911377, 2.012195, -1.158537, -0.243902, 33.188824
5805049, 0.024902, -0.018066, 0.914551, 2.134146, -1.158537, -0.182927, 33.141762
5806683, 0.017578, -0.013672, 0.917480, 2.073171, -1.158537, -0.060976, 33.188824
5808316, 0.018311, -0.019043, 0.915771, 2.195122, -1.036585, 0.000000, 33.188824
5809949, 0.018311, -0.012939, 0.910156, 2.134146, -1.158537, -0.243902, 33.047646
5811583, 0.021240, -0.010742, 0.923340, 2.012195, -1.158537, -0.060976, 33.094704
5813216, 0.030273, -0.012451, 0.923828, 2.195122, -1.097561, -0.182927, 33.094704
5814850, 0.018555, -0.015381, 0.922852, 2.256098, -1.219512, -0.243902, 33.094704
5816483, 0.027100, -0.012695, 0.910156, 2.134146, -1.036585, 0.000000, 33.047646
5818117, 0.022461, -0.011230, 0.915771, 2.317073, -1.036585, -0.365854, 33.094704
5819751, 0.022949, -0.014160, 0.917236, 2.256098, -1.280488, -0.304878, 33.141762
5821384, 0.022461, -0.011475, 0.912109, 2.012195, -1.097561, -0.243902, 33.094704
5823007, 0.017578, -0.008545, 0.910156, 2.134146, -1.158537, -0.365854, 33.047646
5824641, 0.016357, -0.010986, 0.922119, 2.012195, -1.097561, -0.243902, 33.094704
5826274, 0.017822, -0.020020, 0.910156, 2.195122, -0.914634, -0.243902, 33.047646
5827908, 0.021484, -0.019043, 0.911133, 2.256098, -0.975610, -0.304878, 33.094704
5829541, 0.019043, -0.018799, 0.916748, 2.195122, -1.036585, -0.121951, 33.141762
5831174, 0.021240, -0.017822, 0.916504, 2.195122, -1.097561, -0.243902, 33.094704
5832808, 0.021240, -0.015625, 0.921631, 2.317073, -1.280488, -0.426829, 33.141762
5834441, 0.026123, -0.019287, 0.922607, 2.256098, -1.219512, -0.182927, 33.094704
5836075, 0.022461, -0.017090, 0.920654, 2.317073, -1.158537, -0.182927, 33.141762
5837708, 0.022217, -0.012451, 0.914795, 2.256098, -0.975610, -0.182927, 33.188824
5839341, 0.022217, -0.014648, 0.910400, 2.012195, -1.036585, -0.243902, 33.094704
5840975, 0.024658, -0.021729, 0.912842, 2.195122, -1.219512, -0.365854, 33.141762
5842615, 0.024170, -0.016846, 0.918945, 2.134146, -1.036585, -0.121951, 33.188824
5844248, 0.019043, -0.016846, 0.911133, 2.073171, -1.097561, -0.182927, 33.094704
5845882, 0.024658, -0.015381, 0.913086, 2.195122, -1.097561, -0.243902, 33.094704
5847516, 0.023438, -0.013916, 0.916504, 2.195122, -1.158537, -0.121951, 33.141762
5849149, 0.027100, -0.015869, 0.912354, 2.134146, -0.975610, -0.121951, 33.094704
5850782, 0.024170, -0.013916, 0.914307, 2.195122, -1.158537, -0.182927, 33.141762
5852416, 0.022217, -0.020752, 0.918945, 2.195122, -1.036585, -0.121951, 33.188824
5854049, 0.024902, -0.017822, 0.914307, 2.134146, -1.158537, -0.182927, 33.047646
5855683, 0.024658, -0.015625, 0.917969, 2.073171, -1.036585, -0.365854, 33.094704
5857316, 0.023682, -0.020020, 0.915771, 2.195122, -1.036585, -0.487805, 33.235882
5858949, 0.017090, -0.018799, 0.915039, 2.317073, -0.975610, -0.243902, 33.188824
5860583, 0.019043, -0.016113, 0.913818, 2.256098, -0.975610, -0.243902, 33.047646
5862216, 0.024902, -0.017822, 0.911865, 2.134146, -1.097561, -0.182927, 33.094704
5863850, 0.021729, -0.015625, 0.912842, 2.134146, -1.280488, -0.365854, 33.141762
5865483, 0.020020, -0.017822, 0.906494, 2.256098, -1.158537, -0.365854, 33.188824
5867117, 0.019775, -0.022461, 0.917969, 2.317073, -1.341463, -0.243902, 33.188824
5868751, 0.021729, -0.017334, 0.918701, 2.073171, -1.158537, -0.182927, 33.141762
5870384, 0.022705, -0.021484, 0.923096, 2.134146, -0.914634, -0.182927, 33.094704
5872007, 0.019287, -0.017334, 0.913086, 2.317073, -0.975610, -0.243902, 33.141762
5873641, 0.018066, -0.017090, 0.916260, 2.256098, -1.158537, -0.182927, 33.188824
5875274, 0.020020, -0.019531, 0.922119, 2.073171, -1.280488, -0.243902, 33.094704
5876908, 0.020996, -0.014404, 0.909424, 2.012195, -1.097561, -0.121951, 33.188824
5878541, 0.019043, -0.015381, 0.920654, 2.134146, -1.341463, -0.426829, 33.141762
5880174, 0.011963, -0.016113, 0.914795, 2.012195, -1.097561, -0.304878, 33.094704
5881808, 0.014648, -0.018311, 0.912109, 2.073171, -1.097561, -0.182927, 33.141762
5883441, 0.017090, -0.016602, 0.913330, 2.195122, -0.975610, -0.060976, 33.094704
5885075, 0.023438, -0.014404, 0.917969, 2.073171, -1.036585, -0.060976, 33.141762
5886708, 0.022705, -0.008789, 0.922852, 2.073171, -1.280488, -0.121951, 33.094704
5888341, 0.022949, -0.014404, 0.918213, 2.195122, -1.280488, -0.182927, 33.141762
5889975, 0.018311, -0.014648, 0.915039, 2.073171, -1.097561, -0.182927, 33.094704
5891615, 0.025391, -0.016602, 0.916748, 2.134146, -1.097561, -0.243902, 33.141762
5893248, 0.023926, -0.016846, 0.910400, 2.012195, -1.036585, -0.426829, 33.094704
5894882, 0.020508, -0.011719, 0.912354, 2.134146, -0.975610, -0.121951, 33.141762
5896516, 0.024170, -0.017090, 0.916016, 2.134146, -1.219512, -0.243902, 33.141762
5898149, 0.025879, -0.014893, 0.915527, 2.195122, -1.036585, -0.426829, 33.188824
5899782, 0.022949, -0.014404, 0.918945, 2.134146, -1.158537, -0.426829, 33.141762
5901416, 0.022217, -0.015625, 0.915771, 2.195122, -1.219512, -0.304878, 33.094704
5903049, 0.018555, -0.015381, 0.915527, 2.195122, -1.158537, -0.243902, 33.141762
5904683, 0.022217, -0.019531, 0.911865, 2.378049, -1.280488, -0.365854, 33.188824
5906316, 0.020508, -0.016357, 0.906982, 2.317073, -1.097561, -0.243902, 33.094704
5907949, 0.017090, -0.017090, 0.910645, 2.134146, -1.036585, -0.243902, 33.188824
5909583, 0.027588, -0.014893, 0.920410, 2.012195, -0.914634, -0.243902, 33.141762
5911216, 0.023193, -0.015137, 0.913086, 2.012195, -0.975610, -0.182927, 33.094704
5912850, 0.022217, -0.013428, 0.916992, 2.073171, -1.097561, -0.243902, 33.141762
5914483, 0.022217, -0.016846, 0.918213, 2.134146, -1.158537, -0.182927, 33.094704
5916117, 0.025391, -0.017578, 0.915283, 2.012195, -1.036585, -0.060976, 33.141762
5917751, 0.019287, -0.023682, 0.915771, 2.256098, -1.036585, -0.060976, 33.094704
5919384, 0.017334, -0.018555, 0.917236, 2.195122, -0.975610, -0.365854, 33.047646
5921007, 0.019043, -0.017822, 0.910156, 1.951220, -0.914634, -0.121951, 33.094704
5922641, 0.021240, -0.017334, 0.915283, 2.195122, -0.975610, -0.365854, 33.141762
5924274, 0.016357, -0.016846, 0.912842, 2.134146, -1.036585, -0.365854, 33.094704
5925908, 0.014893, -0.013428, 0.922119, 2.073171, -1.097561, -0.121951, 33.235882
5927541, 0.018311, -0.014648, 0.919434, 2.134146, -1.158537, -0.304878, 33.141762
5929174, 0.021729, -0.013672, 0.920166, 2.073171, -0.914634, -0.182927, 33.094704
5930808, 0.026123, -0.018311, 0.917480, 2.012195, -0.975610, -0.304878, 33.047646
5932441, 0.026367, -0.016602, 0.915283, 2.195122, -1.036585, -0.426829, 33.000587
5934075, 0.016357, -0.010010, 0.913818, 2.195122, -1.158537, -0.182927, 33.047646
5935708, 0.013916, -0.015381, 0.915771, 2.195122, -1.036585, -0.182927, 33.188824
5937341, 0.016846, -0.014404, 0.910156, 2.256098, -0.975610, -0.304878, 33.094704
5938975, 0.024658, -0.020020, 0.922119, 2.256098, -1.158537, -0.121951, 33.188824
5940615, 0.016357, -0.014648, 0.914062, 2.439024, -1.036585, -0.182927, 33.047646
5942248, 0.017578, -0.016357, 0.919922, 2.134146, -1.036585, -0.182927, 33.094704
5943882, 0.022217, -0.018311, 0.913086, 2.134146, -0.975610, -0.243902, 33.141762
5945516, 0.018066, -0.016357, 0.913330, 2.195122, -1.463415, -0.182927, 33.094704
5947149, 0.013428, -0.013184, 0.922607, 2.073171, -1.158537, -0.243902, 33.141762
5948782, 0.022949, -0.010986, 0.908447, 2.073171, -0.975610, -0.304878, 33.094704
5950416, 0.022949, -0.010254, 0.910156, 2.073171, -1.036585, -0.243902, 33.047646
5952049, 0.016602, -0.015137, 0.910156, 2.256098, -1.219512, -0.121951, 33.188824
5953683, 0.016357, -0.012207, 0.921143, 2.195122, -1.158537, -0.182927, 33.141762
5955316, 0.023926, -0.012207, 0.915527, 2.012195, -1.036585, -0.304878, 33.188824
5956949, 0.019287, -0.015137, 0.909424, 2.134146, -1.158537, -0.060976, 33.094704
5958583, 0.023438, -0.013916, 0.908691, 2.256098, -1.158537, -0.121951, 33.141762
5960216, 0.016602, -0.016113, 0.914307, 2.195122, -1.036585, -0.304878, 33.094704
5961850, 0.016602, -0.013428, 0.915771, 2.073171, -1.097561, -0.243902, 33.141762
5963483, 0.020752, -0.011963, 0.916260, 2.195122, -1.097561, -0.365854, 33.094704
5965117, 0.021484, -0.020508, 0.922607, 2.195122, -1.219512, -0.182927, 33.141762
5966751, 0.022949, -0.018799, 0.911133, 2.256098, -1.158537, -0.243902, 33.094704
5968384, 0.018799, -0.016602, 0.904541, 2.012195, -1.158537, -0.182927, 33.235882
5970007, 0.016113, -0.013672, 0.908691, 2.073171, -1.097561, -0.182927, 33.094704
5971641, 0.019287, -0.016357, 0.924072, 2.195122, -0.975610, -0.243902, 33.141762
5973274, 0.022217, -0.016357, 0.920166, 2.317073, -1.036585, -0.426829, 33.094704
5974908, 0.026611, -0.013916, 0.914795, 2.256098, -0.975610, -0.182927, 33.141762
5976541, 0.017578, -0.019043, 0.919189, 2.134146, -1.158537, -0.121951, 33.188824
5978174, 0.013428, -0.017822, 0.912354, 2.317073, -1.341463, -0.243902, 33.141762
5979808, 0.019531, -0.011719, 0.918701, 2.134146, -1.036585, -0.182927, 33.094704
5981441, 0.021240, -0.020508, 0.907471, 2.073171, -1.219512, -0.243902, 33.141762
5983075, 0.019287, -0.011230, 0.910889, 2.256098, -1.219512, -0.365854, 33.188824
5984708, 0.018066, -0.018066, 0.917725, 2.134146, -1.158537, -0.243902, 33.047646
5986341, 0.013916, -0.019775, 0.924316, 2.134146, -1.036585, -0.121951, 33.094704
5987975, 0.011963, -0.013672, 0.916748, 2.134146, -1.097561, -0.182927, 33.094704
5989615, 0.022949, -0.013916, 0.921875, 2.073171, -1.097561, -0.060976, 33.141762
5991248, 0.021240, -0.013428, 0.923340, 2.012195, -0.975610, -0.060976, 33.094704
5992882, 0.022705, -0.015869, 0.913086, 2.195122, -0.975610, -0.182927, 33.235882
5994516, 0.015869, -0.014160, 0.913818, 2.195122, -0.853659, -0.426829, 33.094704
5996149, 0.014160, -0.012207, 0.922607, 2.073171, -0.975610, -0.060976, 33.141762
5997782, 0.016602, -0.011719, 0.918457, 2.073171, -1.158537, -0.060976, 33.094704
5999416, 0.020508, -0.017578, 0.920410, 2.134146, -1.036585, -0.121951, 33.141762
6001049, 0.020020, -0.012939, 0.911865, 2.012195, -0.975610, -0.182927, 33.094704
6002683, 0.012207, -0.017090, 0.910400, 2.195122, -1.158537, -0.304878, 33.141762
6004316, 0.015625, -0.013916, 0.910156, 2.134146, -0.975610, -0.182927, 33.094704
6005949, 0.023193, -0.021973, 0.914551, 2.195122, -1.158537, -0.121951, 33.141762
6007583, 0.020752, -0.020508, 0.914307, 2.134146, -0.914634, -0.182927, 33.094704
6009216, 0.018311, -0.016113, 0.916016, 2.134146, -0.792683, -0.365854, 33.141762
6010850, 0.019531, -0.019043, 0.907959, 2.195122, -1.158537, -0.243902, 33.094704
6012483, 0.019775, -0.015869, 0.913086, 2.256098, -0.975610, -0.182927, 33.235882
6014117, 0.018555, -0.014648, 0.911377, 2.012195, -1.036585, -0.365854, 33.235882
6015751, 0.021484, -0.019043, 0.913330, 2.134146, -0.975610, -0.182927, 33.188824
6017384, 0.025635, -0.010986, 0.922607, 2.317073, -1.036585, -0.365854, 33.188824
6019007, 0.019043, -0.019531, 0.917969, 2.439024, -1.097561, -0.182927, 33.188824
6020641, 0.019287, -0.015137, 0.912109, 2.195122, -1.036585, -0.060976, 33.141762
6022274, 0.023438, -0.013184, 0.904785, 2.073171, -1.097561, -0.060976, 33.094704
6023908, 0.019531, -0.017578, 0.912354, 2.134146, -1.097561, -0.243902, 33.141762
6025541, 0.017334, -0.018555, 0.909668, 2.256098, -1.036585, -0.182927, 33.094704
6027174, 0.022461, -0.016846, 0.913330, 2.134146, -1.158537, -0.060976, 33.047646
6028808, 0.018066, -0.012939, 0.908691, 2.134146, -1.036585, -0.060976, 33.094704
6030441, 0.018311, -0.014893, 0.907959, 2.073171, -0.975610, -0.182927, 33.235882
6032075, 0.019775, -0.017090, 0.911621, 1.951220, -1.219512, -0.182927, 33.094704
6033708, 0.022217, -0.016602, 0.907471, 1.951220, -1.158537, -0.243902, 33.047646
6035341, 0.015625, -0.016602, 0.913086, 2.134146, -1.158537, -0.121951, 33.094704
6036975, 0.019531, -0.017578, 0.913574, 2.134146, -1.219512, -0.243902, 33.141762
6038615, 0.021973, -0.015137, 0.910400, 2.134146, -1.158537, -0.243902, 33.188824
6040248, 0.017578, -0.017578, 0.907715, 2.256098, -0.975610, -0.121951, 33.047646
6041882, 0.016602, -0.016602, 0.913330, 2.195122, -1.036585, -0.243902, 33.188824
6043516, 0.028809, -0.018311, 0.914062, 2.073171, -1.097561, -0.365854, 33.188824
6045149, 0.023193, -0.017090, 0.916992, 2.134146, -1.158537, -0.243902, 33.141762
6046782, 0.023193, -0.020508, 0.914551, 2.012195, -1.036585, -0.365854, 33.094704
6048416, 0.017578, -0.018066, 0.916992, 2.012195, -0.975610, -0.304878, 33.094704
6050049, 0.025879, -0.017090, 0.910889, 2.195122, -1.158537, -0.121951, 33.094704
6051683, 0.022949, -0.017822, 0.911133, 2.073171, -1.280488, -0.243902, 33.047646
6053316, 0.018799, -0.014893, 0.910156, 2.195122, -1.158537, -0.182927, 33.094704
6054949, 0.017334, -0.019043, 0.917236, 2.256098, -0.975610, -0.243902, 33.141762
6056583, 0.019531, -0.017334, 0.916260, 2.134146, -0.975610, -0.182927, 33.094704
6058216, 0.016602, -0.016602, 0.912109, 2.012195, -0.853659, -0.121951, 33.141762
6059850, 0.024414, -0.017578, 0.915283, 2.195122, -1.158537, -0.243902, 33.188824
6061483, 0.013916, -0.018555, 0.923584, 2.195122, -1.097561, -0.121951, 33.047646
6063117, 0.023926, -0.019043, 0.911865, 2.073171, -1.158537, -0.243902, 33.094704
6064751, 0.015137, -0.020508, 0.912354, 2.317073, -1.158537, -0.243902, 33.141762
6066384, 0.016602, -0.019287, 0.918945, 2.317073, -1.036585, 0.000000, 33.094704
6068007, 0.017334, -0.022949, 0.906738, 2.134146, -1.097561, -0.243902, 33.141762
6069641, 0.016113, -0.019531, 0.910400, 2.012195, -1.158537, -0.182927, 33.094704
6071274, 0.020508, -0.019043, 0.914551, 2.134146, -1.158537, -0.243902, 33.141762
6072908, 0.022949, -0.020020, 0.912842, 2.134146, -1.036585, -0.243902, 33.094704
6074541, 0.018066, -0.017822, 0.920654, 2.195122, -1.097561, -0.243902, 33.094704
6076174, 0.015381, -0.014648, 0.920654, 2.317073, -0.975610, -0.365854, 33.141762
6077808, 0.013428, -0.014893, 0.915283, 2.195122, -1.036585, -0.304878, 33.094704
6079441, 0.022949, -0.020508, 0.914551, 2.012195, -1.097561, -0.121951, 33.188824
6081075, 0.021484, -0.020020, 0.921631, 2.195122, -0.975610, -0.182927, 33.094704
6082708, 0.016602, -0.019287, 0.919922, 2.195122, -0.914634, -0.182927, 33.141762
6084341, 0.017090, -0.017822, 0.912598, 2.195122, -1.036585, -0.304878, 33.094704
6085975, 0.017090, -0.013184, 0.925537, 2.134146, -1.036585, -0.243902, 33.047646
6087615, 0.018311, -0.011475, 0.915771, 2.195122, -0.975610, -0.060976, 33.094704
6089248, 0.020508, -0.019775, 0.918945, 2.134146, -1.097561, -0.304878, 33.047646
6090882, 0.016357, -0.013672, 0.912598, 2.256098, -0.975610, -0.182927, 33.094704
6092516, 0.021484, -0.016846, 0.906738, 2.317073, -1.158537, -0.182927, 33.141762
6094149, 0.024658, -0.018799, 0.915527, 2.195122, -1.402439, -0.243902, 33.094704
6095782, 0.018799, -0.022705, 0.917480, 2.195122, -0.914634, -0.304878, 33.047646
6097416, 0.026367, -0.021240, 0.918457, 2.317073, -0.914634, -0.182927, 33.094704
6099049, 0.021484, -0.015625, 0.924561, 2.134146, -1.036585, -0.060976, 33.141762
6100683, 0.022705, -0.011963, 0.908447, 2.073171, -1.097561, -0.060976, 33.188824
6102316, 0.022217, -0.017578, 0.911133, 2.256098, -1.036585, -0.121951, 33.188824
6103949, 0.019043, -0.020508, 0.917480, 2.195122, -1.097561, -0.304878, 33.141762
6105583, 0.024414, -0.016357, 0.919434, 2.134146, -0.975610, -0.243902, 33.094704
6107216, 0.020020, -0.010742, 0.918945, 2.195122, -1.280488, -0.182927, 33.141762
6108850, 0.020752, -0.020996, 0.914062, 2.195122, -1.036585, -0.243902, 33.094704
6110483, 0.016846, -0.015137, 0.916748, 1.890244, -1.158537, -0.182927, 33.094704
6112117, 0.017334, -0.012207, 0.920410, 2.073171, -1.097561, -0.304878, 33.094704
6113751, 0.022217, -0.014648, 0.916016, 2.012195, -0.975610, -0.243902, 33.141762
6115384, 0.019287, -0.013672, 0.909424, 2.134146, -0.975610, -0.243902, 33.000587
6117007, 0.013184, -0.014893, 0.917480, 2.195122, -0.975610, -0.243902, 33.047646
6118641, 0.014893, -0.018066, 0.913086, 2.012195, -1.036585, -0.365854, 33.094704
6120274, 0.016357, -0.016846, 0.911377, 2.134146, -1.097561, -0.243902, 33.047646
6121908, 0.017334, -0.016357, 0.912842, 2.378049, -1.097561, -0.243902, 33.188824
6123541, 0.016602, -0.017090, 0.913086, 2.134146, -1.158537, -0.060976, 33.047646
6125174, 0.020752, -0.015625, 0.913818, 2.195122, -1.158537, -0.182927, 33.094704
6126808, 0.021484, -0.015137, 0.912598, 2.195122, -1.280488, -0.182927, 33.141762
6128441, 0.024658, -0.023193, 0.913574, 2.195122, -1.097561, -0.121951, 33.094704
6130075, 0.026855, -0.014893, 0.909424, 2.073171, -1.158537, -0.243902, 33.141762
6131708, 0.027344, -0.017090, 0.918945, 2.073171, -1.341463, -0.182927, 33.188824
6133341, 0.019287, -0.013672, 0.916504, 2.134146, -1.158537, -0.060976, 33.094704
6134975, 0.026367, -0.017578, 0.913086, 2.317073, -1.158537, -0.182927, 33.141762
6136615, 0.022461, -0.013428, 0.911865, 2.073171, -1.097561, -0.243902, 33.094704
6138248, 0.018799, -0.013184, 0.911621, 2.073171, -0.914634, -0.182927, 33.141762
6139882, 0.024170, -0.019043, 0.907715, 2.256098, -1.158537, -0.243902, 33.094704
6141516, 0.019043, -0.010986, 0.917969, 2.134146, -1.097561, -0.426829, 33.141762
6143149, 0.023193, -0.015869, 0.916748, 2.134146, -0.853659, -0.243902, 33.094704
6144782, 0.014648, -0.017334, 0.915283, 2.134146, -1.158537, -0.365854, 33.141762
6146416, 0.024170, -0.008301, 0.913086, 2.134146, -1.097561, -0.182927, 33.094704
6148049, 0.021484, -0.017578, 0.906250, 2.317073, -1.158537, -0.182927, 33.141762
6149683, 0.017822, -0.013184, 0.908691, 2.073171, -0.975610, -0.304878, 33.094704
6151316, 0.018311, -0.016602, 0.910645, 2.195122, -1.036585, -0.243902, 33.047646
6152949, 0.016846, -0.018066, 0.917480, 2.256098, -1.219512, -0.365854, 33.094704
6154583, 0.017090, -0.009521, 0.914307, 2.256098, -1.097561, -0.243902, 33.047646
6156216, 0.018555, -0.009521, 0.913330, 2.012195, -1.036585, 0.000000, 33.094704
6157850, 0.014160, -0.013672, 0.915527, 2.317073, -0.975610, -0.243902, 33.141762
6159483, 0.017334, -0.011475, 0.906982, 2.134146, -1.097561, -0.182927, 33.094704
6161117, 0.019043, -0.014893, 0.907959, 2.134146, -1.036585, -0.182927, 33.188824
6162751, 0.019043, -0.012451, 0.915771, 1.951220, -1.036585, -0.243902, 33.141762
6164384, 0.019287, -0.017090, 0.920166, 2.317073, -1.158537, -0.182927, 33.094704
6166007, 0.018311, -0.020264, 0.920898, 2.195122, -1.219512, -0.304878, 33.235882
6167641, 0.020752, -0.019043, 0.921875, 2.195122, -0.914634, -0.121951, 33.094704
6169274, 0.019775, -0.019287, 0.918701, 2.256098, -1.097561, -0.304878, 33.141762
6170908, 0.018799, -0.019775, 0.909912, 2.195122, -0.853659, -0.243902, 33.094704
6172541, 0.020020, -0.015625, 0.916016, 2.317073, -0.975610, -0.243902, 33.141762
6174174, 0.024170, -0.016113, 0.910156, 2.073171, -1.097561, -0.365854, 33.094704
6175808, 0.017822, -0.015381, 0.921631, 2.134146, -1.097561, -0.243902, 33.141762
6177441, 0.021240, -0.016602, 0.910889, 2.134146, -0.975610, -0.182927, 33.094704
6179075, 0.018555, -0.009521, 0.919434, 2.012195, -1.280488, -0.243902, 33.047646
6180708, 0.014893, -0.015625, 0.915283, 2.256098, -1.097561, -0.243902, 33.188824
6182341, 0.015869, -0.017578, 0.908447, 2.195122, -0.975610, -0.182927, 33.047646
6183975, 0.020020, -0.017822, 0.910645, 2.134146, -1.158537, -0.060976, 33.094704
6185615, 0.019287, -0.017334, 0.916748, 2.256098, -0.975610, -0.060976, 33.141762
6187248, 0.022949, -0.014648, 0.921143, 2.317073, -1.036585, -0.182927, 33.094704
6188882, 0.021240, -0.015381, 0.911621, 2.073171, -1.036585, -0.304878, 33.047646
6190516, 0.020264, -0.021240, 0.914551, 1.951220, -1.158537, -0.243902, 33.188824
6192149, 0.013672, -0.022217, 0.913330, 2.317073, -1.097561, -0.182927, 33.188824
6193782, 0.021240, -0.020996, 0.927246, 2.073171, -1.036585, -0.121951, 33.141762
6195416, 0.018311, -0.019531, 0.913574, 2.073171, -1.158537, -0.304878, 33.094704
6197049, 0.021240, -0.017334, 0.921631, 2.073171, -0.975610, -0.243902, 33.141762
6198683, 0.023438, -0.024902, 0.916016, 2.317073, -0.853659, -0.365854, 33.094704
6200316, 0.028320, -0.017334, 0.911133, 2.256098, -1.097561, -0.365854, 33.141762
6201949, 0.018066, -0.019043, 0.917969, 2.073171, -1.036585, -0.182927, 33.094704
6203583, 0.019287, -0.014893, 0.913574, 2.073171, -1.097561, -0.060976, 33.047646
6205216, 0.026123, -0.017578, 0.915527, 2.134146, -1.036585, -0.121951, 33.188824
6206850, 0.019531, -0.018066, 0.910156, 2.195122, -1.097561, -0.304878, 33.141762
6208483, 0.021484, -0.020264, 0.908936, 2.317073, -1.036585, -0.121951, 33.188824
6210117, 0.016602, -0.017578, 0.915527, 1.951220, -1.158537, -0.182927, 33.047646
6211751, 0.023682, -0.020020, 0.914795, 2.195122, -1.219512, -0.243902, 33.094704
6213384, 0.021240, -0.019287, 0.913574, 2.256098, -1.097561, -0.182927, 33.141762
6215007, 0.017822, -0.014404, 0.915039, 2.134146, -1.036585, 0.121951, 33.094704
6216641, 0.023193, -0.015625, 0.912598, 2.012195, -0.975610, -0.060976, 33.047646
6218274, 0.024658, -0.018799, 0.919189, 2.073171, -1.158537, -0.243902, 33.188824
6219908, 0.017578, -0.019287, 0.918213, 2.317073, -1.158537, -0.304878, 33.141762
6221541, 0.018799, -0.013184, 0.915771, 2.256098, -1.280488, -0.182927, 33.000587
6223174, 0.021729, -0.015137, 0.911621, 2.256098, -1.158537, -0.426829, 33.094704
6224808, 0.021240, -0.020508, 0.915039, 2.073171, -1.036585, -0.365854, 33.047646
6226441, 0.020020, -0.019775, 0.906006, 2.256098, -0.914634, -0.304878, 33.094704
6228075, 0.017334, -0.015869, 0.921875, 2.012195, -1.097561, -0.182927, 33.141762
6229708, 0.019043, -0.017090, 0.922119, 2.195122, -1.219512, -0.243902, 33.188824
6231341, 0.017578, -0.017822, 0.917725, 2.256098, -1.158537, 0.000000, 33.141762
6232975, 0.018555, -0.016357, 0.917480, 2.073171, -0.975610, 0.000000, 33.094704
6234615, 0.015381, -0.019531, 0.915039, 2.256098, -0.975610, -0.182927, 33.141762
6236248, 0.019287, -0.012695, 0.906250, 2.134146, -1.036585, -0.121951, 33.188824
6237882, 0.022461, -0.010742, 0.913330, 2.012195, -0.975610, -0.243902, 33.235882
6239516, 0.023438, -0.013428, 0.909180, 2.134146, -0.792683, -0.243902, 33.094704
6241149, 0.019775, -0.015869, 0.919678, 2.073171, -1.158537, -0.182927, 33.141762
6242782, 0.017334, -0.014404, 0.920654, 2.134146, -0.975610, -0.182927, 33.094704
6244416, 0.019043, -0.023193, 0.915039, 2.256098, -1.097561, 0.000000, 33.047646
6246049, 0.016113, -0.018555, 0.915039, 2.134146, -1.036585, -0.182927, 33.094704
6247683, 0.018311, -0.024414, 0.920410, 2.195122, -1.036585, -0.243902, 33.141762
6249316, 0.020996, -0.017822, 0.914795, 2.195122, -0.792683, -0.304878, 33.141762
6250949, 0.020020, -0.015137, 0.909180, 2.134146, -1.097561, -0.121951, 33.188824
6252583, 0.014160, -0.013916, 0.923096, 2.073171, -1.158537, -0.243902, 33.094704
6254216, 0.018311, -0.012939, 0.913086, 2.073171, -1.219512, -0.487805, 33.094704
6255850, 0.014160, -0.014648, 0.912598, 2.134146, -1.097561, -0.426829, 33.047646
6257483, 0.014404, -0.017334, 0.913086, 2.256098, -0.975610, -0.304878, 33.094704
6259117, 0.020508, -0.011963, 0.918701, 2.195122, -1.036585, -0.182927, 33.141762
6260751, 0.020264, -0.017334, 0.918945, 2.256098, -1.219512, -0.121951, 33.094704
6262384, 0.020264, -0.016602, 0.916260, 2.256098, -1.097561, -0.426829, 33.141762
6264007, 0.021973, -0.012451, 0.908936, 2.195122, -1.280488, -0.426829, 33.094704
6265641, 0.015137, -0.015381, 0.916992, 2.134146, -1.219512, -0.304878, 33.141762
6267274, 0.017578, -0.018555, 0.920166, 2.134146, -1.219512, -0.304878, 33.094704
6268908, 0.011230, -0.019043, 0.920166, 2.073171, -1.036585, -0.304878, 33.047646
6270541, 0.010986, -0.014893, 0.924316, 2.134146, -0.914634, -0.121951, 33.094704
6272174, 0.013916, -0.012207, 0.910400, 2.073171, -1.097561, 0.060976, 33.235882
6273808, 0.021240, -0.016846, 0.906250, 2.134146, -1.158537, 0.060976, 33.094704
6275441, 0.018799, -0.016113, 0.911377, 2.256098, -1.341463, -0.121951, 33.047646
6277075, 0.016113, -0.014893, 0.916504, 2.012195, -1.158537, -0.243902, 33.188824
6278708, 0.021729, -0.018799, 0.918945, 2.195122, -1.158537, -0.243902, 33.141762
6280341, 0.017090, -0.018799, 0.915283, 2.073171, -1.036585, -0.304878, 33.047646
6281975, 0.022461, -0.017822, 0.919922, 2.073171, -1.036585, -0.243902, 33.188824
6283615, 0.017090, -0.015381, 0.925781, 2.012195, -1.036585, 0.000000, 33.188824
6285248, 0.017334, -0.012451, 0.904785, 2.195122, -1.036585, -0.304878, 33.094704
6286882, 0.007324, -0.013916, 0.910156, 2.073171, -1.158537, -0.182927, 33.141762
6288516, 0.011963, -0.018066, 0.909668, 2.134146, -1.219512, -0.365854, 33.094704
6290149, 0.020020, -0.011230, 0.920654, 2.073171, -0.975610, -0.365854, 33.141762
6291782, 0.016357, -0.014648, 0.919678, 1.951220, -1.158537, -0.182927, 33.000587
6293416, 0.024902, -0.015869, 0.910645, 2.256098, -1.219512, -0.365854, 33.141762
6295049, 0.021729, -0.015137, 0.917969, 2.195122, -1.219512, -0.365854, 33.094704
6296683, 0.019043, -0.015137, 0.915283, 2.073171, -1.036585, -0.182927, 33.141762
6298316, 0.014893, -0.015137, 0.912354, 2.317073, -1.036585, -0.243902, 33.188824
6299949, 0.016602, -0.014648, 0.908691, 2.195122, -1.097561, -0.243902, 33.141762
6301583, 0.019287, -0.014404, 0.907471, 2.134146, -1.158537, -0.182927, 33.094704
6303216, 0.018799, -0.010986, 0.912109, 2.317073, -0.975610, -0.243902, 33.141762
6304850, 0.021240, -0.009033, 0.920166, 2.195122, -1.219512, -0.243902, 33.094704
6306483, 0.016846, -0.012939, 0.910645, 1.890244, -1.097561, -0.182927, 33.047646
6308117, 0.019287, -0.019287, 0.917480, 2.134146, -1.097561, 0.000000, 33.141762
6309751, 0.022949, -0.017822, 0.921387, 2.134146, -1.097561, -0.060976, 33.094704
6311384, 0.014404, -0.015381, 0.920166, 2.195122, -1.097561, -0.182927, 33.047646
6313007, 0.025879, -0.016602, 0.909912, 2.195122, -0.975610, 0.000000, 33.094704
6314641, 0.017334, -0.015381, 0.910889, 2.134146, -1.036585, -0.060976, 33.094704
6316274, 0.018555, -0.010742, 0.918213, 2.134146, -1.036585, -0.182927, 33.094704
6317908, 0.018311, -0.012207, 0.913086, 2.256098, -1.158537, -0.182927, 33.141762
6319541, 0.020508, -0.014404, 0.911865, 2.134146, -1.036585, -0.121951, 33.000587
6321174, 0.020508, -0.016602, 0.917969, 2.073171, -1.158537, -0.060976, 33.141762
6322808, 0.017822, -0.017090, 0.918945, 2.195122, -1.158537, -0.243902, 33.094704
6324441, 0.014160, -0.014648, 0.918213, 2.195122, -0.975610, -0.243902, 33.047646
6326075, 0.022461, -0.011963, 0.913330, 2.256098, -1.097561, -0.365854, 33.094704
6327708, 0.017090, -0.016602, 0.918457, 2.256098, -1.036585, -0.243902, 33.141762
6329341, 0.015137, -0.016602, 0.923828, 2.256098, -1.097561, -0.304878, 33.188824
6330975, 0.017822, -0.013672, 0.919678, 2.134146, -1.097561, -0.365854, 33.047646
6332615, 0.020752, -0.016357, 0.921387, 2.195122, -1.097561, -0.182927, 33.094704
6334248, 0.017334, -0.014893, 0.910156, 2.134146, -1.097561, -0.182927, 33.141762
6335882, 0.021729, -0.014404, 0.915283, 2.439024, -1.219512, -0.243902, 33.094704
6337516, 0.015625, -0.012451, 0.918945, 1.890244, -1.158537, -0.304878, 33.188824
6339149, 0.014160, -0.014893, 0.919922, 2.073171, -0.975610, -0.121951, 33.047646
6340782, 0.022705, -0.014648, 0.921631, 2.073171, -1.036585, -0.060976, 33.188824
6342416, 0.018799, -0.019775, 0.919922, 2.012195, -1.219512, -0.121951, 33.047646
6344049, 0.021484, -0.012695, 0.913086, 2.195122, -1.280488, -0.060976, 33.094704
6345683, 0.019775, -0.010010, 0.917480, 2.256098, -1.097561, -0.243902, 33.094704
6347316, 0.019775, -0.013672, 0.923096, 2.073171, -0.975610, -0.121951, 33.188824
6348949, 0.027100, -0.019775, 0.917725, 2.134146, -1.158537, -0.121951, 33.141762
6350583, 0.021484, -0.019531, 0.919434, 2.195122, -1.036585, -0.365854, 33.094704
6352216, 0.016357, -0.018799, 0.906982, 2.073171, -1.097561, -0.304878, 33.141762
6353850, 0.019775, -0.011475, 0.915283, 1.951220, -1.036585, -0.182927, 33.094704
6355483, 0.019287, -0.013916, 0.920166, 2.012195, -1.097561, -0.182927, 33.047646
6357117, 0.017090, -0.015869, 0.916992, 2.134146, -1.097561, -0.365854, 33.188824
6358751, 0.016846, -0.018066, 0.915771, 2.134146, -0.853659, -0.243902, 33.141762
6360384, 0.017578, -0.017090, 0.923340, 2.012195, -1.341463, -0.182927, 33.094704
6362007, 0.015381, -0.014648, 0.911621, 2.012195, -1.097561, -0.243902, 33.141762
6363641, 0.022461, -0.020752, 0.916260, 2.195122, -0.975610, -0.182927, 33.094704
6365274, 0.019287, -0.012939, 0.916260, 2.073171, -1.219512, -0.243902, 33.141762
6366908, 0.019775, -0.018555, 0.915283, 2.073171, -1.158537, -0.243902, 33.188824
6368541, 0.021729, -0.017090, 0.916260, 2.256098, -0.975610, -0.243902, 33.094704
6370174, 0.023438, -0.019287, 0.923828, 2.073171, -0.853659, -0.121951, 33.141762
6371808, 0.020020, -0.012451, 0.914551, 2.073171, -0.975610, -0.304878, 33.094704
6373441, 0.020996, -0.012695, 0.919922, 2.195122, -1.280488, -0.060976, 33.047646
6375075, 0.021240, -0.017090, 0.913574, 2.073171, -1.280488, -0.121951, 33.188824
6376708, 0.016113, -0.021484, 0.918945, 2.134146, -1.219512, -0.243902, 33.188824
6378341, 0.022461, -0.011719, 0.916992, 2.134146, -1.036585, -0.060976, 33.094704
6379975, 0.022461, -0.016846, 0.905762, 2.256098, -1.097561, -0.365854, 33.235882
6381615, 0.018555, -0.020264, 0.909424, 2.073171, -1.158537, -0.182927, 33.094704
6383248, 0.021240, -0.018066, 0.916504, 2.073171, -1.097561, -0.182927, 33.047646
6384882, 0.020508, -0.017334, 0.917236, 2.134146, -1.036585, -0.304878, 33.094704
6386516, 0.020508, -0.012451, 0.913818, 2.195122, -0.914634, -0.121951, 33.047646
6388149, 0.024170, -0.019531, 0.906006, 2.134146, -1.097561, 0.000000, 33.188824
6389782, 0.020752, -0.016113, 0.918213, 2.195122, -0.975610, -0.182927, 33.235882
6391416, 0.021729, -0.014648, 0.917969, 1.951220, -1.036585, -0.365854, 33.094704
6393049, 0.019775, -0.015137, 0.911377, 2.073171, -1.158537, -0.365854, 33.141762
6394683, 0.022949, -0.014404, 0.921631, 2.195122, -1.158537, -0.060976, 33.094704
6396316, 0.026367, -0.017578, 0.910645, 2.256098, -1.280488, -0.182927, 33.094704
6397949, 0.016846, -0.016846, 0.912354, 2.134146, -1.036585, -0.243902, 33.047646
6399583, 0.020020, -0.012451, 0.912842, 2.134146, -0.975610, -0.121951, 33.188824
6401216, 0.018799, -0.019775, 0.910889, 2.134146, -1.280488, -0.365854, 33.141762
6402850, 0.020752, -0.018799, 0.914795, 2.134146, -1.280488, -0.426829, 33.094704
6404483, 0.015625, -0.019531, 0.919434, 2.256098, -1.097561, -0.365854, 33.141762
6406117, 0.018311, -0.016602, 0.916260, 2.134146, -1.097561, -0.243902, 33.188824
6407751, 0.021240, -0.016113, 0.916992, 2.134146, -1.097561, -0.243902, 33.047646
6409384, 0.017578, -0.012451, 0.914795, 2.073171, -1.036585, -0.304878, 33.188824
6411007, 0.022705, -0.018066, 0.912354, 2.134146, -0.853659, 0.000000, 33.141762
6412641, 0.022705, -0.018066, 0.926025, 2.256098, -1.097561, -0.060976, 33.094704
6414274, 0.020508, -0.019043, 0.927979, 2.134146, -1.158537, -0.121951, 33.047646
6415908, 0.016357, -0.023193, 0.919434, 2.073171, -1.158537, 0.000000, 33.188824
6417541, 0.019043, -0.018555, 0.924561, 2.256098, -1.097561, -0.060976, 33.141762
6419174, 0.027344, -0.010742, 0.912109, 2.195122, -1.036585, -0.304878, 33.188824
6420808, 0.020508, -0.013916, 0.916748, 2.073171, -0.853659, -0.182927, 33.141762
6422441, 0.022217, -0.013916, 0.910400, 2.012195, -1.097561, -0.121951, 33.094704
6424075, 0.017334, -0.015137, 0.910156, 2.317073, -1.219512, -0.243902, 33.047646
6425708, 0.018799, -0.014404, 0.912354, 2.195122, -1.097561, -0.243902, 33.188824
6427341, 0.020752, -0.014160, 0.915039, 2.134146, -0.975610, -0.243902, 33.094704
6428975, 0.015625, -0.016113, 0.916992, 2.195122, -0.975610, -0.121951, 33.141762
6430615, 0.020752, -0.015625, 0.913818, 2.073171, -0.975610, -0.304878, 33.000587
6432248, 0.018555, -0.019043, 0.920898, 2.134146, -1.036585, -0.060976, 33.141762
6433882, 0.021240, -0.012695, 0.901123, 2.073171, -1.219512, -0.304878, 33.188824
6435516, 0.021240, -0.014404, 0.905029, 2.256098, -1.097561, -0.304878, 33.047646
6437149, 0.019531, -0.015625, 0.904297, 2.195122, -0.853659, -0.243902, 33.188824
6438782, 0.021240, -0.013672, 0.916992, 2.195122, -1.036585, -0.304878, 33.141762
6440416, 0.018066, -0.015137, 0.915527, 1.951220, -1.219512, -0.060976, 33.188824
6442049, 0.022217, -0.016602, 0.919678, 2.195122, -1.097561, -0.121951, 33.047646
6443683, 0.019043, -0.013916, 0.913086, 2.073171, -1.158537, -0.243902, 33.094704
6445316, 0.024658, -0.014893, 0.913818, 2.195122, -1.158537, -0.243902, 33.047646
6446949, 0.019043, -0.015137, 0.919678, 2.073171, -1.158537, -0.121951, 33.094704
6448583, 0.022461, -0.014160, 0.918213, 2.195122, -1.219512, -0.182927, 33.141762
6450216, 0.021484, -0.014648, 0.917969, 2.134146, -1.219512, -0.182927, 33.094704
6451850, 0.020508, -0.011963, 0.915527, 2.195122, -0.975610, -0.243902, 33.141762
6453483, 0.018555, -0.017090, 0.917236, 2.256098, -1.097561, -0.060976, 33.047646
6455117, 0.015381, -0.015869, 0.917480, 2.134146, -1.158537, -0.243902, 33.094704
6456751, 0.023193, -0.020996, 0.922607, 2.134146, -1.036585, -0.243902, 33.094704
6458384, 0.026611, -0.014160, 0.913574, 2.256098, -1.097561, -0.304878, 33.094704
6460007, 0.013428, -0.018799, 0.917236, 2.256098, -1.036585, -0.121951, 33.141762
6461641, 0.020996, -0.017334, 0.918701, 2.195122, -0.853659, -0.243902, 33.094704
6463274, 0.014648, -0.007080, 0.919189, 2.134146, -0.731707, -0.304878, 33.141762
6464908, 0.023193, -0.010742, 0.908203, 2.134146, -0.792683, -0.060976, 33.094704
6466541, 0.024170, -0.018799, 0.912354, 2.195122, -1.097561, -0.243902, 33.141762
6468174, 0.019775, -0.013184, 0.916260, 2.317073, -0.975610, -0.182927, 33.094704
6469808, 0.019287, -0.020996, 0.913818, 2.073171, -0.975610, -0.243902, 33.141762
6471441, 0.013428, -0.018799, 0.920410, 2.073171, -1.341463, -0.243902, 33.094704
6473075, 0.016602, -0.009033, 0.918457, 2.256098, -1.097561, -0.243902, 33.141762
6474708, 0.024170, -0.015625, 0.919678, 2.195122, -0.914634, -0.060976, 33.094704
6476341, 0.020752, -0.017090, 0.911865, 2.134146, -1.036585, -0.182927, 33.141762
6477975, 0.011475, -0.015869, 0.918701, 2.012195, -0.914634, -0.304878, 33.094704
6479615, 0.017578, -0.021240, 0.924072, 2.012195, -0.975610, -0.182927, 33.047646
6481248, 0.020508, -0.016846, 0.917236, 2.134146, -1.036585, -0.121951, 33.188824
6482882, 0.025879, -0.016846, 0.915771, 2.256098, -1.219512, -0.182927, 33.141762
6484516, 0.024170, -0.020752, 0.919434, 2.195122, -1.036585, -0.182927, 33.141762
6486149, 0.020752, -0.012939, 0.911621, 2.256098, -1.036585, -0.182927, 33.094704
6487782, 0.019531, -0.012695, 0.911133, 2.195122, -1.219512, -0.365854, 33.000587
6489416, 0.023926, -0.020020, 0.914795, 2.195122, -1.158537, -0.243902, 33.094704
6491049, 0.012939, -0.016113, 0.920898, 2.256098, -1.036585, -0.060976, 33.141762
6492683, 0.018066, -0.020020, 0.915771, 2.073171, -0.914634, -0.182927, 33.094704
6494316, 0.021729, -0.015381, 0.919434, 2.073171, -1.036585, -0.304878, 33.141762
6495949, 0.020020, -0.015869, 0.917480, 2.012195, -0.792683, -0.243902, 33.188824
6497583, 0.023438, -0.015137, 0.917236, 2.195122, -0.975610, -0.182927, 33.141762
6499216, 0.017578, -0.018799, 0.919922, 2.134146, -1.158537, -0.182927, 33.188824
6500850, 0.015869, -0.020264, 0.921143, 2.195122, -1.158537, -0.060976, 33.047646
6502483, 0.015625, -0.017334, 0.914551, 2.073171, -1.097561, -0.365854, 33.188824
6504117, 0.020508, -0.016602, 0.914795, 2.073171, -1.036585, -0.243902, 33.047646
6505751, 0.020752, -0.021484, 0.916260, 2.256098, -0.853659, -0.121951, 33.094704
6507384, 0.022949, -0.015625, 0.911865, 2.317073, -1.036585, -0.121951, 33.047646
6509007, 0.020020, -0.017578, 0.915527, 2.134146, -1.097561, -0.243902, 33.000587
6510641, 0.023438, -0.012939, 0.917236, 2.317073, -1.219512, -0.182927, 33.235882
6512274, 0.020508, -0.022705, 0.921143, 2.195122, -1.219512, -0.243902, 33.188824
6513908, 0.023926, -0.017334, 0.911133, 2.134146, -0.792683, -0.304878, 33.141762
6515541, 0.015869, -0.018555, 0.916260, 2.134146, -1.097561, -0.121951, 33.141762
6517174, 0.018311, -0.017578, 0.913574, 2.195122, -1.158537, -0.243902, 33.094704
6518808, 0.021973, -0.020996, 0.903564, 2.195122, -0.975610, -0.182927, 33.094704
6520441, 0.028076, -0.016113, 0.912842, 2.256098, -1.158537, -0.243902, 33.000587
6522075, 0.020020, -0.016846, 0.916016, 2.195122, -1.158537, -0.304878, 33.141762
6523708, 0.015869, -0.019775, 0.926514, 2.256098, -1.036585, -0.365854, 33.188824
6525341, 0.017334, -0.022217, 0.912109, 2.195122, -1.036585, -0.243902, 33.141762
6526975, 0.025391, -0.012207, 0.912598, 2.256098, -1.097561, -0.182927, 33.094704
6528615, 0.016846, -0.013184, 0.910400, 2.317073, -1.097561, -0.243902, 33.047646
6530248, 0.018555, -0.023926, 0.911865, 2.134146, -1.036585, -0.121951, 33.188824
6531882, 0.015869, -0.017822, 0.909180, 2.134146, -1.097561, -0.182927, 33.141762
6533516, 0.011719, -0.022949, 0.916504, 2.134146, -1.036585, -0.182927, 33.188824
6535149, 0.019531, -0.018311, 0.917969, 2.012195, -0.975610, -0.365854, 33.141762
6536782, 0.016846, -0.017090, 0.916504, 2.195122, -1.036585, -0.121951, 33.094704
6538416, 0.017578, -0.018555, 0.926514, 2.134146, -1.097561, -0.060976, 33.141762
6540049, 0.018799, -0.022217, 0.921875, 2.134146, -1.219512, -0.304878, 33.188824
6541683, 0.022705, -0.017090, 0.912842, 2.012195, -0.914634, -0.304878, 33.094704
6543316, 0.014160, -0.019287, 0.913818, 2.134146, -1.036585, -0.304878, 33.047646
6544949, 0.022949, -0.012207, 0.912354, 2.134146, -1.219512, -0.304878, 33.188824
6546583, 0.022217, -0.014648, 0.907959, 2.134146, -1.097561, -0.304878, 33.141762
6548216, 0.022217, -0.016357, 0.919434, 2.134146, -1.036585, -0.304878, 33.094704
6549850, 0.015869, -0.016602, 0.914795, 2.073171, -1.036585, 0.000000, 33.094704
6551483, 0.019531, -0.012451, 0.914551, 2.134146, -0.914634, -0.060976, 33.094704
6553117, 0.016113, -0.019043, 0.909668, 2.195122, -0.914634, -0.182927, 33.235882
6554751, 0.016357, -0.017334, 0.910889, 2.195122, -1.158537, -0.182927, 33.094704
6556384, 0.024414, -0.013428, 0.921631, 2.073171, -1.036585, -0.487805, 33.141762
6558007, 0.019287, -0.018311, 0.916016, 2.195122, -1.097561, -0.304878, 33.094704
6559641, 0.019531, -0.009766, 0.911377, 2.256098, -1.097561, 0.000000, 33.047646
6561274, 0.024170, -0.020508, 0.913086, 2.195122, -1.036585, -0.243902, 33.188824
6562908, 0.021484, -0.018555, 0.912109, 2.073171, -1.158537, -0.304878, 33.047646
6564541, 0.015869, -0.016846, 0.910156, 2.195122, -1.158537, -0.060976, 33.094704
6566174, 0.017822, -0.010986, 0.914307, 2.256098, -1.158537, -0.365854, 33.141762
6567808, 0.017090, -0.013428, 0.921143, 2.195122, -1.219512, -0.060976, 33.094704
6569441, 0.022949, -0.017334, 0.923584, 2.134146, -1.036585, -0.182927, 33.047646
6571075, 0.021240, -0.010254, 0.904541, 2.134146, -0.792683, -0.365854, 33.094704
6572708, 0.020020, -0.010010, 0.910645, 2.073171, -1.036585, -0.121951, 33.188824
6574341, 0.022949, -0.018555, 0.916260, 2.134146, -1.036585, 0.000000, 33.141762
6575975, 0.022217, -0.011475, 0.920166, 2.073171, -0.975610, -0.243902, 33.188824
6577615, 0.018799, -0.014160, 0.924561, 2.256098, -0.975610, -0.365854, 33.141762
6579248, 0.024170, -0.011475, 0.914307, 2.256098, -1.219512, -0.304878, 33.094704
6580882, 0.021729, -0.017334, 0.916748, 2.134146, -0.975610, -0.182927, 33.188824
6582516, 0.018799, -0.015381, 0.916260, 2.134146, -1.097561, -0.365854, 33.094704
6584149, 0.013672, -0.017578, 0.920898, 2.195122, -1.219512, -0.304878, 33.235882
6585782, 0.015625, -0.020752, 0.916504, 2.134146, -1.036585, -0.121951, 33.094704
6587416, 0.024902, -0.013916, 0.919189, 2.256098, -1.036585, -0.182927, 33.141762
6589049, 0.019287, -0.013428, 0.916260, 2.256098, -1.158537, -0.365854, 33.188824
6590683, 0.015625, -0.010498, 0.923584, 2.073171, -1.036585, -0.304878, 33.141762
6592316, 0.022461, -0.014648, 0.915771, 2.134146, -1.158537, -0.182927, 33.094704
6593949, 0.021973, -0.017090, 0.919678, 2.134146, -1.036585, -0.060976, 33.141762
6595583, 0.016846, -0.018799, 0.923828, 2.195122, -1.036585, -0.060976, 33.094704
6597216, 0.021240, -0.014160, 0.910645, 2.195122, -0.975610, -0.060976, 33.047646
6598850, 0.019043, -0.014404, 0.916016, 2.134146, -1.097561, -0.182927, 33.094704
6600483, 0.021484, -0.017334, 0.917480, 2.256098, -0.975610, -0.243902, 33.188824
6602117, 0.025879, -0.010986, 0.910889, 2.134146, -0.975610, -0.182927, 33.235882
6603751, 0.022461, -0.009766, 0.910156, 2.134146, -0.914634, -0.243902, 33.094704
6605384, 0.022949, -0.014893, 0.915039, 2.073171, -1.036585, -0.182927, 33.141762
6607007, 0.022217, -0.019043, 0.923828, 2.134146, -1.036585, -0.365854, 33.094704
6608641, 0.018066, -0.015381, 0.918457, 2.256098, -1.036585, -0.304878, 33.141762
6610274, 0.020508, -0.017090, 0.914307, 2.195122, -1.158537, -0.182927, 33.188824
6611908, 0.024170, -0.014893, 0.909668, 2.195122, -1.158537, -0.243902, 33.094704
6613541, 0.019775, -0.017578, 0.916260, 2.134146, -1.097561, -0.365854, 33.094704
6615174, 0.023193, -0.011963, 0.912842, 2.195122, -0.792683, -0.243902, 33.141762
6616808, 0.024414, -0.017578, 0.901855, 2.195122, -1.158537, -0.121951, 33.094704
6618441, 0.023926, -0.010742, 0.906494, 2.195122, -1.097561, -0.304878, 33.141762
6620075, 0.012939, -0.016602, 0.924561, 2.134146, -0.975610, -0.365854, 33.094704
6621708, 0.015381, -0.012451, 0.918213, 2.195122, -1.097561, -0.182927, 33.047646
6623341, 0.018066, -0.018066, 0.922363, 2.317073, -1.097561, -0.182927, 33.094704
6624975, 0.017822, -0.013672, 0.915283, 2.195122, -1.097561, -0.304878, 33.141762
6626615, 0.016113, -0.015869, 0.917725, 2.195122, -1.280488, -0.304878, 33.094704
6628248, 0.032959, -0.013184, 0.914795, 2.195122, -1.097561, -0.243902, 33.047646
6629882, 0.023926, -0.019531, 0.912598, 2.073171, -1.036585, -0.060976, 33.188824
6631516, 0.020264, -0.011963, 0.914062, 2.134146, -0.914634, -0.304878, 33.094704
6633149, 0.020264, -0.021240, 0.911133, 2.134146, -0.914634, -0.182927, 33.235882
6634782, 0.016846, -0.020996, 0.911377, 2.195122, -1.036585, -0.182927, 33.094704
6636416, 0.019287, -0.019775, 0.913330, 2.195122, -1.097561, -0.243902, 33.141762
6638049, 0.014648, -0.021484, 0.909912, 2.134146, -1.280488, -0.243902, 33.188824
6639683, 0.020264, -0.010742, 0.913818, 2.195122, -1.158537, 0.000000, 33.047646
6641316, 0.021240, -0.013916, 0.916504, 2.195122, -1.036585, -0.182927, 33.094704
6642949, 0.021729, -0.011963, 0.914551, 2.195122, -1.158537, -0.121951, 33.235882
6644583, 0.016846, -0.015625, 0.922607, 2.134146, -0.975610, -0.121951, 33.188824
6646216, 0.021729, -0.014404, 0.924561, 2.195122, -0.975610, -0.304878, 33.141762
6647850, 0.022949, -0.021484, 0.919678, 2.195122, -0.914634, -0.121951, 33.094704
6649483, 0.021729, -0.016357, 0.919434, 2.256098, -1.036585, -0.060976, 33.141762
6651117, 0.020020, -0.018066, 0.910645, 2.195122, -1.097561, -0.182927, 33.188824
6652751, 0.016357, -0.014648, 0.915771, 2.256098, -1.097561, -0.304878, 33.047646
6654384, 0.024902, -0.019775, 0.913574, 2.256098, -1.036585, -0.365854, 33.094704
6656007, 0.020508, -0.014648, 0.910645, 2.073171, -1.219512, -0.365854, 33.141762
6657641, 0.020508, -0.018555, 0.909424, 2.012195, -1.219512, -0.304878, 33.094704
6659274, 0.021240, -0.011475, 0.922852, 2.073171, -1.097561, -0.304878, 33.235882
6660908, 0.020020, -0.008301, 0.924316, 2.134146, -1.097561, -0.243902, 33.188824
6662541, 0.017578, -0.014404, 0.920898, 2.134146, -1.036585, -0.060976, 33.188824
6664174, 0.016846, -0.016602, 0.919434, 2.134146, -1.158537, -0.121951, 33.141762
6665808, 0.013916, -0.018799, 0.914307, 2.195122, -1.280488, -0.304878, 33.188824
6667441, 0.020508, -0.012451, 0.915283, 2.134146, -1.036585, -0.182927, 33.141762
6669075, 0.020020, -0.019775, 0.917480, 2.195122, -0.853659, -0.121951, 33.188824
6670708, 0.020996, -0.019287, 0.922852, 2.256098, -1.036585, -0.121951, 33.141762
6672341, 0.019531, -0.020508, 0.918945, 2.195122, -1.158537, -0.121951, 33.000587
6673975, 0.018066, -0.022949, 0.913574, 2.134146, -0.914634, -0.182927, 33.141762
6675615, 0.014404, -0.024414, 0.910889, 2.134146, -1.097561, -0.304878, 33.094704
6677248, 0.017578, -0.015869, 0.923096, 2.134146, -1.036585, -0.304878, 33.047646
6678882, 0.019287, -0.019043, 0.924561, 2.256098, -1.036585, -0.121951, 33.094704
6680516, 0.017090, -0.021729, 0.916016, 2.073171, -1.097561, -0.243902, 33.141762
6682149, 0.025879, -0.020752, 0.917725, 2.195122, -1.158537, -0.121951, 33.094704
6683782, 0.024902, -0.017090, 0.923096, 2.195122, -1.219512, -0.243902, 33.141762
6685416, 0.015137, -0.014404, 0.918457, 2.195122, -1.158537, -0.182927, 33.188824
6687049, 0.015137, -0.021484, 0.907715, 2.378049, -0.914634, -0.060976, 33.141762
6688683, 0.017334, -0.017090, 0.914551, 2.134146, -1.280488, -0.304878, 33.047646
6690316, 0.018311, -0.014648, 0.917236, 2.134146, -0.975610, -0.304878, 33.094704
6691949, 0.021729, -0.018555, 0.915039, 2.256098, -1.036585, -0.243902, 33.094704
6693583, 0.021729, -0.023193, 0.915771, 2.134146, -1.158537, -0.121951, 33.188824
6695216, 0.017822, -0.020508, 0.909180, 2.195122, -1.158537, -0.182927, 33.141762
6696850, 0.020508, -0.013672, 0.920410, 2.012195, -1.158537, -0.243902, 33.094704
6698483, 0.021484, -0.014893, 0.910645, 2.012195, -1.219512, 0.000000, 33.141762
6700117, 0.025146, -0.019287, 0.912842, 2.256098, -1.158537, -0.243902, 33.188824
6701751, 0.020996, -0.019043, 0.907227, 2.195122, -1.219512, -0.304878, 33.235882
6703384, 0.012207, -0.012207, 0.912598, 1.951220, -1.219512, -0.243902, 33.094704
6705007, 0.022461, -0.013184, 0.912598, 2.256098, -1.097561, -0.121951, 33.235882
6706641, 0.018066, -0.021484, 0.913818, 2.378049, -1.097561, -0.121951, 33.188824
6708274, 0.020264, -0.011230, 0.920898, 2.134146, -1.158537, -0.304878, 33.047646
6709908, 0.023438, -0.016113, 0.917725, 2.256098, -1.036585, -0.121951, 33.188824
6711541, 0.013428, -0.017090, 0.907227, 2.195122, -0.975610, -0.182927, 33.141762
6713174, 0.012939, -0.015381, 0.911133, 2.256098, -1.036585, -0.243902, 33.094704
6714808, 0.014160, -0.016602, 0.912354, 2.195122, -0.975610, -0.243902, 33.141762
6716441, 0.016846, -0.017822, 0.915039, 2.256098, -1.097561, -0.182927, 33.094704
6718075, 0.019531, -0.013672, 0.917969, 2.195122, -0.975610, -0.243902, 33.141762
6719708, 0.021973, -0.015137, 0.916504, 2.134146, -1.219512, -0.365854, 33.141762
6721341, 0.017578, -0.013428, 0.925293, 2.195122, -1.097561, -0.060976, 33.094704
6722975, 0.015381, -0.011230, 0.923584, 2.012195, -1.036585, -0.182927, 33.094704
6724615, 0.015381, -0.015137, 0.919189, 2.195122, -1.036585, -0.304878, 33.094704
6726248, 0.022705, -0.015381, 0.916260, 2.195122, -1.097561, -0.182927, 33.141762
6727882, 0.019775, -0.016113, 0.924316, 2.073171, -1.158537, -0.182927, 33.094704
6729516, 0.020020, -0.013916, 0.911865, 2.195122, -1.097561, -0.487805, 33.141762
6731149, 0.019287, -0.018066, 0.916992, 2.256098, -1.097561, -0.121951, 33.188824
6732782, 0.016357, -0.015381, 0.914795, 2.134146, -0.853659, -0.182927, 33.141762
6734416, 0.021973, -0.016602, 0.923340, 2.195122, -1.097561, -0.243902, 33.188824
6736049, 0.018555, -0.015137, 0.917725, 2.134146, -1.097561, -0.243902, 33.141762
6737683, 0.017578, -0.017822, 0.926514, 2.500000, -1.219512, -0.121951, 33.188824
6739316, 0.017822, -0.014160, 0.916260, 2.195122, -1.097561, -0.060976, 33.141762
6740949, 0.021240, -0.016113, 0.912598, 2.134146, -1.036585, -0.182927, 33.094704
6742583, 0.022705, -0.011475, 0.913574, 2.195122, -0.975610, -0.121951, 33.141762
6744216, 0.015381, -0.012451, 0.918213, 2.012195, -1.097561, -0.121951, 33.094704
6745850, 0.020508, -0.013184, 0.904785, 2.134146, -1.158537, -0.121951, 33.047646
6747483, 0.021240, -0.016846, 0.915771, 2.195122, -1.036585, -0.365854, 33.047646
6749117, 0.017090, -0.019287, 0.917480, 2.134146, -0.975610, -0.243902, 33.094704
6750751, 0.016602, -0.022705, 0.920410, 2.134146, -0.914634, -0.304878, 33.047646
6752384, 0.019531, -0.007568, 0.918701, 2.256098, -1.219512, -0.365854, 33.094704
6754007, 0.024414, -0.016846, 0.921387, 2.073171, -0.975610, -0.304878, 33.094704
6755641, 0.016602, -0.017090, 0.919434, 2.012195, -1.097561, -0.182927, 33.094704
6757274, 0.012451, -0.010010, 0.917969, 2.256098, -1.036585, -0.182927, 33.141762
6758908, 0.019531, -0.018799, 0.917480, 2.256098, -0.975610, -0.304878, 33.094704
6760541, 0.016113, -0.013916, 0.913574, 2.134146, -1.158537, -0.304878, 33.047646
6762174, 0.018066, -0.019775, 0.921143, 2.012195, -0.975610, -0.243902, 33.094704
6763808, 0.022461, -0.016846, 0.920898, 2.012195, -1.158537, -0.121951, 33.141762
6765441, 0.022217, -0.011719, 0.915527, 2.256098, -0.975610, 0.000000, 33.094704
6767075, 0.024414, -0.014648, 0.914551, 2.134146, -1.219512, -0.060976, 33.141762
6768708, 0.022705, -0.020752, 0.903320, 2.012195, -0.914634, -0.304878, 33.188824
6770341, 0.017334, -0.020508, 0.912598, 2.195122, -1.036585, -0.060976, 33.047646
6771975, 0.017090, -0.020020, 0.914551, 2.195122, -0.792683, -0.243902, 33.094704
6773615, 0.022217, -0.014404, 0.910645, 2.256098, -1.158537, -0.121951, 33.141762
6775248, 0.021729, -0.021240, 0.910400, 2.134146, -1.219512, -0.304878, 33.188824
6776882, 0.021973, -0.019287, 0.924561, 2.134146, -1.280488, -0.182927, 33.094704
6778516, 0.017822, -0.015869, 0.910889, 2.256098, -1.036585, -0.243902, 33.047646
6780149, 0.020264, -0.017822, 0.912598, 2.134146, -1.158537, -0.060976, 33.188824
6781782, 0.025879, -0.024658, 0.911133, 2.195122, -0.975610, -0.121951, 33.141762
6783416, 0.017822, -0.012451, 0.920898, 2.256098, -1.036585, -0.548781, 33.188824
6785049, 0.017578, -0.016846, 0.911133, 2.073171, -1.097561, -0.426829, 33.188824
6786683, 0.018799, -0.010742, 0.913086, 2.073171, -1.097561, -0.182927, 33.094704
6788316, 0.023438, -0.018066, 0.918701, 2.134146, -1.219512, -0.243902, 33.141762
6789949, 0.020996, -0.015869, 0.917480, 2.073171, -1.158537, -0.426829, 33.094704
6791583, 0.024170, -0.015625, 0.919678, 2.134146, -1.097561, -0.426829, 33.235882
6793216, 0.018311, -0.010498, 0.914307, 2.256098, -1.097561, -0.121951, 33.094704
6794850, 0.025146, -0.015137, 0.917725, 1.951220, -1.036585, -0.121951, 33.047646
6796483, 0.020752, -0.018799, 0.917969, 2.195122, -0.914634, -0.243902, 33.188824
6798117, 0.022461, -0.019043, 0.916504, 2.134146, -1.097561, -0.182927, 33.141762
6799751, 0.019775, -0.016602, 0.914062, 2.195122, -1.158537, -0.243902, 33.094704
6801384, 0.022461, -0.015625, 0.910400, 2.256098, -1.219512, -0.182927, 33.047646
6803007, 0.017334, -0.014160, 0.908447, 2.378049, -1.097561, -0.243902, 33.000587
6804641, 0.024414, -0.015625, 0.913574, 2.195122, -1.097561, -0.060976, 33.047646
6806274, 0.019043, -0.012207, 0.912842, 2.195122, -1.097561, -0.121951, 33.094704
6807908, 0.017578, -0.014893, 0.909424, 2.378049, -1.097561, -0.121951, 33.188824
6809541, 0.017334, -0.017578, 0.906982, 2.317073, -1.036585, -0.121951, 33.141762
6811174, 0.025635, -0.013184, 0.912109, 2.134146, -1.280488, -0.182927, 33.188824
6812808, 0.017334, -0.013184, 0.906738, 2.256098, -0.914634, -0.182927, 33.047646
6814441, 0.017334, -0.015137, 0.919922, 2.012195, -0.975610, -0.182927, 33.188824
6816075, 0.019043, -0.012939, 0.922607, 2.134146, -1.097561, -0.182927, 33.094704
6817708, 0.023926, -0.013428, 0.916992, 2.073171, -0.975610, -0.121951, 33.094704
6819341, 0.021484, -0.013428, 0.915283, 2.073171, -1.036585, -0.121951, 33.047646
6820975, 0.019531, -0.013428, 0.916260, 2.256098, -1.158537, -0.060976, 33.094704
6822615, 0.022949, -0.018555, 0.912354, 2.439024, -1.280488, -0.182927, 33.141762
6824248, 0.018555, -0.018066, 0.921631, 2.195122, -1.219512, -0.304878, 33.094704
6825882, 0.018555, -0.015625, 0.916748, 2.073171, -1.036585, -0.182927, 33.141762
6827516, 0.020752, -0.012207, 0.913086, 2.134146, -1.036585, 0.000000, 33.188824
6829149, 0.015869, -0.020752, 0.916260, 2.195122, -1.219512, -0.304878, 33.141762
6830782, 0.019775, -0.022949, 0.914551, 2.134146, -1.280488, -0.487805, 33.094704
6832416, 0.020508, -0.015869, 0.904297, 2.134146, -1.097561, -0.365854, 33.141762
6834049, 0.023682, -0.015869, 0.909912, 2.195122, -1.158537, -0.304878, 33.188824
6835683, 0.021729, -0.013672, 0.919189, 2.256098, -1.158537, -0.121951, 33.188824
6837316, 0.015625, -0.015625, 0.904785, 2.134146, -0.975610, -0.121951, 33.141762
6838949, 0.013916, -0.014893, 0.916748, 2.317073, -1.158537, -0.243902, 33.094704
6840583, 0.018555, -0.014404, 0.906738, 2.317073, -1.036585, -0.060976, 33.047646
6842216, 0.018311, -0.020752, 0.920166, 2.378049, -0.853659, -0.304878, 33.094704
6843850, 0.015869, -0.021240, 0.913818, 2.073171, -1.158537, -0.121951, 33.141762
6845483, 0.016602, -0.016846, 0.920410, 2.073171, -1.219512, 0.000000, 33.094704
6847117, 0.018555, -0.011719, 0.916504, 2.134146, -1.219512, -0.060976, 33.235882
6848751, 0.022217, -0.011230, 0.916016, 2.256098, -0.975610, -0.182927, 33.094704
6850384, 0.023926, -0.018799, 0.913574, 2.256098, -0.914634, -0.182927, 33.141762
6852007, 0.020752, -0.021729, 0.919678, 2.134146, -0.975610, -0.365854, 33.188824
6853641, 0.013916, -0.014404, 0.910156, 2.134146, -0.975610, -0.304878, 33.141762
6855274, 0.019043, -0.019531, 0.920410, 2.134146, -0.975610, -0.121951, 33.188824
6856908, 0.016846, -0.020752, 0.913330, 2.195122, -1.158537, -0.243902, 33.141762
6858541, 0.019775, -0.022461, 0.912109, 2.256098, -1.158537, -0.365854, 33.188824
6860174, 0.015625, -0.020264, 0.912598, 2.134146, -1.097561, -0.365854, 33.141762
6861808, 0.022461, -0.015869, 0.924561, 2.134146, -1.158537, -0.060976, 33.000587
6863441, 0.020508, -0.013916, 0.915771, 2.195122, -1.158537, -0.182927, 33.141762
6865075, 0.020264, -0.013916, 0.909424, 2.134146, -1.158537, -0.182927, 33.094704
6866708, 0.015869, -0.014893, 0.916504, 2.012195, -1.097561, -0.060976, 33.094704
6868341, 0.018799, -0.016846, 0.918701, 2.195122, -0.975610, -0.304878, 33.047646
6869975, 0.021729, -0.016113, 0.916748, 2.256098, -1.097561, -0.060976, 33.094704
6871615, 0.020508, -0.012451, 0.910400, 2.195122, -0.975610, -0.182927, 33.047646
6873248, 0.019287, -0.022217, 0.915283, 2.134146, -1.158537, -0.243902, 33.188824
6874882, 0.023438, -0.015381, 0.912354, 2.012195, -1.097561, -0.182927, 33.141762
6876516, 0.019043, -0.017822, 0.916748, 2.134146, -1.158537, -0.304878, 33.094704
6878149, 0.018799, -0.014404, 0.913818, 2.134146, -1.036585, -0.060976, 33.141762
6879782, 0.019287, -0.014893, 0.916504, 2.073171, -1.036585, 0.000000, 33.094704
6881416, 0.023438, -0.016357, 0.908203, 2.134146, -0.975610, -0.121951, 33.235882
6883049, 0.016602, -0.013428, 0.917236, 1.951220, -1.036585, -0.060976, 33.094704
6884683, 0.015869, -0.013184, 0.916748, 2.256098, -1.097561, -0.243902, 33.141762
6886316, 0.017822, -0.023193, 0.908691, 2.073171, -1.097561, -0.182927, 33.188824
6887949, 0.020508, -0.020996, 0.908936, 2.256098, -1.158537, -0.182927, 33.141762
6889583, 0.021973, -0.017578, 0.914551, 2.256098, -0.914634, -0.304878, 33.094704
6891216, 0.025879, -0.017822, 0.917969, 2.073171, -0.975610, -0.121951, 33.141762
6892850, 0.023682, -0.015381, 0.909912, 2.073171, -0.975610, -0.060976, 33.094704
6894483, 0.016846, -0.011963, 0.915527, 2.195122, -1.097561, -0.121951, 33.094704
6896117, 0.020752, -0.015869, 0.912842, 2.134146, -1.036585, -0.121951, 33.094704
6897751, 0.015625, -0.019287, 0.910889, 2.073171, -0.975610, -0.121951, 33.188824
6899384, 0.020996, -0.016357, 0.909424, 2.195122, -0.975610, -0.182927, 33.047646
6901007, 0.016113, -0.017090, 0.919434, 2.500000, -1.280488, -0.243902, 33.188824
6902641, 0.020752, -0.020996, 0.918701, 2.256098, -1.097561, -0.304878, 33.141762
6904274, 0.019287, -0.018311, 0.911621, 2.195122, -0.975610, -0.304878, 33.000587
6905908, 0.022705, -0.014160, 0.914307, 2.134146, -1.036585, -0.182927, 33.141762
6907541, 0.028076, -0.019775, 0.917236, 2.073171, -1.219512, -0.060976, 33.188824
6909174, 0.018311, -0.015625, 0.908936, 2.256098, -1.158537, -0.243902, 33.141762
6910808, 0.016113, -0.013916, 0.911377, 2.134146, -0.975610, -0.182927, 33.188824
6912441, 0.019531, -0.012695, 0.930176, 2.134146, -0.975610, -0.182927, 33.141762
6914075, 0.023438, -0.014648, 0.917480, 2.012195, -1.036585, -0.121951, 33.094704
6915708, 0.018799, -0.013672, 0.908936, 2.134146, -1.097561, -0.182927, 33.141762
6917341, 0.019775, -0.018311, 0.913086, 2.317073, -1.097561, -0.304878, 33.094704
6918975, 0.019531, -0.018066, 0.922363, 2.439024, -1.097561, -0.060976, 33.141762
6920615, 0.015625, -0.016602, 0.915527, 2.256098, -0.975610, -0.182927, 33.188824
6922248, 0.019531, -0.019531, 0.910889, 2.134146, -1.036585, -0.060976, 33.141762
6923882, 0.028076, -0.018066, 0.907959, 2.073171, -1.097561, -0.243902, 33.141762
6925516, 0.016846, -0.021973, 0.919922, 2.195122, -1.097561, -0.304878, 33.094704
6927149, 0.016846, -0.018066, 0.915527, 2.195122, -1.097561, -0.121951, 33.094704
6928782, 0.015869, -0.016357, 0.912598, 2.073171, -1.036585, -0.304878, 33.094704
6930416, 0.014893, -0.012451, 0.921143, 2.134146, -1.097561, -0.182927, 33.141762
6932049, 0.020508, -0.017090, 0.918213, 2.195122, -1.097561, -0.121951, 33.188824
6933683, 0.015625, -0.016357, 0.915039, 2.073171, -1.158537, -0.121951, 33.141762
6935316, 0.015869, -0.015381, 0.913330, 2.134146, -1.158537, -0.121951, 33.094704
6936949, 0.013184, -0.016113, 0.917969, 2.073171, -1.219512, -0.182927, 33.235882
6938583, 0.020264, -0.011719, 0.916260, 2.073171, -1.158537, -0.365854, 33.094704
6940216, 0.020020, -0.016846, 0.920898, 2.195122, -1.036585, -0.182927, 33.047646
6941850, 0.014893, -0.014893, 0.914307, 2.256098, -1.097561, -0.121951, 33.094704
6943483, 0.019531, -0.013916, 0.911621, 2.256098, -1.097561, -0.365854, 33.141762
6945117, 0.020020, -0.021729, 0.926025, 2.134146, -0.914634, -0.243902, 33.094704
6946751, 0.027100, -0.021240, 0.916016, 2.134146, -0.975610, -0.304878, 33.235882
6948384, 0.018066, -0.020508, 0.909180, 2.073171, -1.097561, -0.121951, 33.188824
6950007, 0.021240, -0.017578, 0.912354, 2.073171, -1.158537, -0.121951, 33.141762
6951641, 0.024902, -0.018799, 0.913818, 2.073171, -1.097561, -0.243902, 33.094704
6953274, 0.012695, -0.013184, 0.929199, 2.256098, -0.975610, -0.243902, 33.141762
6954908, 0.016357, -0.015869, 0.918457, 2.256098, -1.158537, -0.182927, 33.141762
6956541, 0.018555, -0.012939, 0.905029, 2.073171, -0.975610, 0.000000, 33.094704
6958174, 0.023438, -0.020020, 0.911865, 2.256098, -1.097561, -0.182927, 33.188824
6959808, 0.017334, -0.015381, 0.907715, 2.256098, -1.219512, -0.243902, 33.094704
6961441, 0.023193, -0.014160, 0.912598, 2.256098, -1.158537, -0.121951, 33.141762
6963075, 0.021729, -0.011719, 0.910400, 2.195122, -1.158537, -0.121951, 33.188824
6964708, 0.015137, -0.016357, 0.915283, 2.073171, -1.158537, -0.304878, 33.141762
6966341, 0.016846, -0.016357, 0.914307, 1.951220, -1.158537, -0.243902, 33.094704
6967975, 0.017090, -0.015869, 0.913086, 2.073171, -1.097561, -0.243902, 33.141762
6969615, 0.018311, -0.017822, 0.918701, 2.256098, -1.219512, -0.304878, 33.094704
6971248, 0.016357, -0.013428, 0.910889, 2.195122, -1.219512, -0.121951, 33.141762
6972882, 0.020752, -0.010498, 0.913330, 2.134146, -1.219512, -0.060976, 33.000587
6974516, 0.023193, -0.019775, 0.917480, 2.073171, -1.158537, -0.365854, 33.141762
6976149, 0.016602, -0.016602, 0.907471, 2.195122, -0.975610, -0.304878, 33.188824
6977782, 0.017090, -0.009521, 0.911865, 2.195122, -0.975610, -0.060976, 33.141762
6979416, 0.017334, -0.015625, 0.911865, 2.134146, -1.219512, -0.243902, 33.188824
6981049, 0.019043, -0.014160, 0.914551, 2.317073, -1.097561, -0.243902, 33.141762
6982683, 0.014648, -0.016602, 0.911133, 2.317073, -1.097561, -0.121951, 33.141762
6984316, 0.025879, -0.013672, 0.906982, 2.012195, -1.158537, -0.121951, 33.094704
6985949, 0.026367, -0.011963, 0.899658, 2.134146, -1.097561, -0.121951, 33.141762
6987583, 0.024414, -0.017578, 0.910156, 2.256098, -1.036585, -0.121951, 33.094704
6989216, 0.022217, -0.012939, 0.904541, 2.073171, -1.097561, -0.182927, 33.188824
6990850, 0.021240, -0.012207, 0.915771, 2.073171, -1.036585, -0.182927, 33.094704
6992483, 0.018311, -0.015625, 0.919678, 2.073171, -1.036585, -0.182927, 33.235882
6994117, 0.014160, -0.019775, 0.916504, 2.134146, -1.158537, -0.121951, 33.094704
6995751, 0.018555, -0.017334, 0.908691, 2.134146, -1.097561, -0.182927, 33.141762
6997384, 0.024902, -0.017822, 0.917725, 2.195122, -1.036585, -0.243902, 33.094704
6999007, 0.022217, -0.014648, 0.913574, 2.317073, -1.219512, -0.243902, 33.047646
7000641, 0.020508, -0.015137, 0.909668, 2.073171, -1.036585, -0.182927, 33.188824
7002274, 0.021729, -0.016846, 0.920898, 2.012195, -0.975610, -0.182927, 33.141762
7003908, 0.019287, -0.021240, 0.914551, 2.256098, -0.975610, -0.182927, 33.188824
7005541, 0.020508, -0.015381, 0.915039, 2.256098, -1.036585, -0.182927, 33.047646
7007174, 0.021484, -0.017578, 0.916260, 2.256098, -1.036585, -0.121951, 33.094704
7008808, 0.023438, -0.023926, 0.918213, 2.012195, -1.097561, -0.243902, 33.047646
7010441, 0.014648, -0.011963, 0.913818, 2.195122, -1.097561, -0.243902, 33.000587
7012075, 0.014404, -0.015381, 0.911133, 2.134146, -1.036585, -0.426829, 33.141762
7013708, 0.022705, -0.014893, 0.914307, 2.317073, -1.158537, 0.000000, 33.141762
7015341, 0.022949, -0.018799, 0.926025, 2.317073, -1.158537, 0.000000, 33.188824
7016975, 0.022217, -0.011475, 0.910889, 1.951220, -1.036585, -0.121951, 33.141762
7018615, 0.020264, -0.011230, 0.912109, 2.012195, -1.036585, -0.121951, 33.094704
7020248, 0.020020, -0.009521, 0.914551, 2.195122, -1.158537, -0.243902, 33.188824
7021882, 0.015625, -0.017334, 0.923584, 2.195122, -1.158537, -0.182927, 33.188824
7023516, 0.022461, -0.013672, 0.916016, 2.073171, -1.158537, -0.182927, 33.047646
7025149, 0.014893, -0.012939, 0.917480, 1.951220, -1.158537, -0.121951, 33.094704
7026782, 0.018799, -0.011475, 0.914062, 2.012195, -1.219512, -0.060976, 33.141762
7028416, 0.023438, -0.016846, 0.914795, 2.195122, -0.853659, -0.182927, 33.094704
7030049, 0.022705, -0.022461, 0.915771, 2.134146, -1.097561, -0.121951, 33.141762
7031683, 0.018799, -0.018799, 0.915039, 2.195122, -1.036585, -0.121951, 33.094704
7033316, 0.015381, -0.014893, 0.917725, 2.256098, -1.219512, -0.243902, 33.047646
7034949, 0.015137, -0.019531, 0.917480, 2.012195, -1.097561, -0.243902, 33.188824
7036583, 0.023438, -0.020752, 0.912354, 2.073171, -1.097561, -0.365854, 33.141762
7038216, 0.020996, -0.014648, 0.914307, 2.073171, -0.914634, -0.304878, 33.188824
7039850, 0.023682, -0.017822, 0.914551, 2.195122, -0.853659, -0.182927, 33.141762
7041483, 0.017090, -0.012207, 0.909424, 2.195122, -1.036585, -0.182927, 33.141762
7043117, 0.020996, -0.018555, 0.919922, 2.134146, -1.097561, -0.243902, 33.094704
7044751, 0.026855, -0.011475, 0.916748, 2.073171, -1.036585, -0.121951, 33.141762
7046384, 0.020752, -0.020752, 0.919189, 2.195122, -1.036585, -0.121951, 33.188824
7048007, 0.027588, -0.015381, 0.923340, 2.073171, -1.097561, -0.121951, 33.235882
7049641, 0.015625, -0.016113, 0.918213, 2.012195, -1.097561, -0.121951, 33.188824
7051274, 0.016846, -0.012207, 0.913086, 2.256098, -1.097561, -0.243902, 33.094704
7052908, 0.018799, -0.017090, 0.916748, 2.134146, -0.853659, -0.182927, 33.094704
7054541, 0.025146, -0.013916, 0.908936, 2.195122, -1.036585, -0.304878, 32.953529
7056174, 0.020996, -0.019531, 0.907959, 2.073171, -1.097561, -0.182927, 33.094704
7057808, 0.019287, -0.019043, 0.921875, 2.012195, -1.158537, -0.121951, 33.141762
7059441, 0.022949, -0.017090, 0.907471, 2.134146, -1.158537, -0.182927, 33.188824
7061075, 0.017090, -0.018066, 0.912598, 2.256098, -1.036585, -0.182927, 33.141762
7062708, 0.022217, -0.022461, 0.920654, 2.317073, -1.097561, -0.243902, 33.094704
7064341, 0.019287, -0.021240, 0.916748, 2.134146, -1.097561, -0.243902, 33.141762
7065975, 0.017090, -0.021484, 0.907959, 2.378049, -1.280488, -0.121951, 33.188824
7067615, 0.016357, -0.011475, 0.919434, 2.378049, -1.280488, -0.243902, 32.953529
7069248, 0.017090, -0.015381, 0.915039, 2.195122, -1.036585, -0.487805, 33.094704
7070882, 0.021973, -0.013672, 0.915771, 2.256098, -1.097561, -0.365854, 33.094704
7072516, 0.021484, -0.017334, 0.914307, 2.317073, -1.280488, -0.121951, 33.047646
7074149, 0.020264, -0.014648, 0.915039, 2.073171, -1.280488, -0.182927, 33.188824
7075782, 0.020264, -0.019531, 0.918457, 2.012195, -1.219512, -0.243902, 33.141762
7077416, 0.028076, -0.017822, 0.923828, 2.378049, -1.219512, -0.365854, 33.094704
7079049, 0.020020, -0.015625, 0.915039, 2.317073, -1.280488, -0.365854, 33.141762
7080683, 0.017578, -0.014404, 0.916992, 2.317073, -1.158537, -0.182927, 33.094704
7082316, 0.017578, -0.013672, 0.926514, 2.195122, -0.975610, -0.243902, 33.235882
7083949, 0.021484, -0.017334, 0.925049, 1.951220, -0.975610, -0.304878, 33.094704
7085583, 0.030518, -0.013428, 0.914795, 1.890244, -0.853659, -0.243902, 33.141762
7087216, 0.025391, -0.014648, 0.908203, 2.256098, -1.097561, -0.121951, 33.094704
7088850, 0.017090, -0.016846, 0.910889, 2.256098, -1.219512, -0.182927, 33.047646
7090483, 0.019287, -0.015625, 0.925293, 2.134146, -1.097561, -0.121951, 33.188824
7092117, 0.021240, -0.013672, 0.915771, 2.195122, -1.280488, -0.182927, 33.047646
7093751, 0.022949, -0.013428, 0.914551, 2.195122, -1.036585, -0.304878, 33.094704
7095384, 0.027832, -0.013184, 0.917969, 2.073171, -1.158537, -0.060976, 33.047646
7097007, 0.023193, -0.020264, 0.914062, 2.073171, -1.158537, -0.060976, 33.188824
7098641, 0.020020, -0.022949, 0.924561, 2.195122, -1.158537, -0.243902, 33.235882
7100274, 0.022949, -0.018066, 0.924072, 2.134146, -1.097561, -0.182927, 33.188824
7101908, 0.021484, -0.012695, 0.915283, 2.073171, -0.914634, -0.243902, 33.094704
7103541, 0.021973, -0.010254, 0.907959, 2.073171, -0.853659, -0.243902, 33.141762
7105174, 0.019531, -0.012939, 0.913574, 2.073171, -0.975610, -0.182927, 33.094704
7106808, 0.021729, -0.013428, 0.912354, 2.134146, -1.036585, -0.243902, 33.047646
7108441, 0.020264, -0.020752, 0.914795, 2.073171, -1.219512, -0.243902, 33.188824
7110075, 0.020020, -0.019043, 0.913818, 2.195122, -1.158537, -0.182927, 33.141762
7111708, 0.018311, -0.017822, 0.917480, 2.073171, -0.853659, -0.243902, 33.188824
7113341, 0.017822, -0.017090, 0.917236, 2.195122, -1.158537, -0.304878, 33.047646
7114975, 0.022217, -0.014893, 0.917725, 2.195122, -1.036585, -0.304878, 33.094704
7116615, 0.021973, -0.013672, 0.912842, 2.195122, -1.097561, -0.243902, 33.141762
7118248, 0.023193, -0.010986, 0.905762, 2.317073, -1.036585, -0.121951, 33.094704
7119882, 0.020020, -0.019287, 0.925049, 2.134146, -1.158537, -0.121951, 33.141762
7121516, 0.020020, -0.017822, 0.909180, 2.195122, -1.036585, -0.426829, 33.094704
7123149, 0.016113, -0.018799, 0.913818, 2.195122, -1.158537, -0.121951, 33.141762
7124782, 0.022217, -0.018555, 0.914062, 2.134146, -1.036585, -0.121951, 33.188824
7126416, 0.025146, -0.017334, 0.912354, 2.195122, -0.914634, -0.243902, 33.047646
7128049, 0.024414, -0.009277, 0.916260, 2.134146, -0.914634, -0.243902, 33.188824
7129683, 0.020020, -0.013428, 0.913330, 2.073171, -0.975610, -0.121951, 33.188824
7131316, 0.018311, -0.016113, 0.913574, 2.195122, -1.341463, -0.182927, 33.094704
7132949, 0.016846, -0.013916, 0.919678, 2.317073, -1.036585, -0.243902, 33.094704
7134583, 0.021240, -0.014404, 0.913574, 2.134146, -1.036585, -0.182927, 33.141762
7136216, 0.017578, -0.016602, 0.919678, 2.073171, -1.341463, -0.060976, 33.188824
7137850, 0.021729, -0.019043, 0.912598, 2.256098, -1.219512, -0.182927, 33.047646
7139483, 0.022217, -0.015137, 0.908203, 2.134146, -0.914634, -0.243902, 33.094704
7141117, 0.022461, -0.014160, 0.908691, 2.256098, -1.219512, -0.243902, 33.141762
7142751, 0.017334, -0.009277, 0.909912, 2.256098, -1.341463, -0.243902, 33.094704
7144384, 0.018799, -0.011230, 0.921631, 2.134146, -1.036585, -0.182927, 33.141762
7146007, 0.022217, -0.016357, 0.913818, 2.073171, -1.097561, -0.304878, 33.188824
7147641, 0.022705, -0.017090, 0.917725, 2.134146, -0.975610, 0.000000, 33.141762
7149274, 0.017822, -0.011230, 0.914551, 2.317073, -1.036585, -0.060976, 33.094704
7150908, 0.022217, -0.012939, 0.914307, 2.134146, -0.975610, -0.548781, 33.141762
7152541, 0.025146, -0.022217, 0.908936, 2.073171, -1.158537, -0.426829, 33.188824
7154174, 0.018799, -0.019043, 0.913330, 2.195122, -1.158537, -0.182927, 33.141762
7155808, 0.023438, -0.014648, 0.910645, 2.073171, -1.158537, -0.243902, 33.094704
7157441, 0.019531, -0.013428, 0.907959, 2.134146, -1.219512, -0.182927, 33.047646
7159075, 0.014648, -0.019043, 0.907959, 2.195122, -1.036585, -0.304878, 33.188824
7160708, 0.025391, -0.012939, 0.912842, 2.256098, -0.975610, -0.060976, 33.094704
7162341, 0.018799, -0.009277, 0.919678, 2.378049, -1.158537, -0.121951, 33.094704
7163975, 0.017578, -0.016602, 0.922852, 2.256098, -1.158537, 0.060976, 33.094704
7165615, 0.025391, -0.016357, 0.904785, 2.134146, -1.158537, -0.121951, 33.141762
7167248, 0.020020, -0.019531, 0.906738, 2.317073, -0.975610, -0.121951, 33.188824
7168882, 0.015625, -0.015869, 0.913086, 2.134146, -1.036585, -0.060976, 33.047646
7170516, 0.018311, -0.018555, 0.919189, 2.012195, -0.853659, -0.182927, 33.188824
7172149, 0.014160, -0.020752, 0.905762, 2.134146, -1.036585, -0.182927, 33.047646
7173782, 0.021973, -0.020508, 0.918457, 2.195122, -0.975610, -0.243902, 33.094704
7175416, 0.020264, -0.013428, 0.911133, 2.073171, -0.853659, -0.304878, 33.047646
7177049, 0.019531, -0.014893, 0.915283, 2.317073, -1.097561, -0.121951, 33.094704
7178683, 0.024414, -0.017090, 0.919434, 2.073171, -1.158537, -0.243902, 33.047646
7180316, 0.025879, -0.020996, 0.920410, 2.073171, -0.975610, -0.304878, 33.188824
7181949, 0.016357, -0.019043, 0.919189, 2.195122, -1.097561, -0.121951, 33.047646
7183583, 0.017334, -0.016602, 0.916992, 2.012195, -1.097561, -0.121951, 33.000587
7185216, 0.016357, -0.015381, 0.914062, 2.195122, -1.158537, -0.060976, 33.141762
7186850, 0.014893, -0.018066, 0.909668, 2.073171, -1.158537, -0.243902, 33.094704
7188483, 0.023682, -0.018799, 0.924561, 2.134146, -1.219512, -0.304878, 33.094704
7190117, 0.025879, -0.013428, 0.918213, 2.195122, -1.097561, -0.243902, 33.047646
7191751, 0.020264, -0.019775, 0.922607, 2.134146, -1.097561, -0.243902, 33.188824
7193384, 0.023682, -0.016602, 0.917236, 2.134146, -0.975610, -0.060976, 33.188824
7195007, 0.026611, -0.016357, 0.911865, 2.134146, -0.975610, -0.182927, 33.094704
7196641, 0.017822, -0.017090, 0.919434, 2.378049, -0.975610, -0.304878, 33.141762
7198274, 0.018555, -0.017578, 0.918213, 2.195122, -1.036585, -0.121951, 33.188824
7199908, 0.019043, -0.019775, 0.918945, 2.073171, -0.975610, 0.000000, 33.141762
7201541, 0.015381, -0.017090, 0.914551, 2.134146, -1.219512, -0.243902, 33.188824
7203174, 0.018555, -0.019531, 0.921875, 2.378049, -1.280488, -0.121951, 33.141762
7204808, 0.019043, -0.017822, 0.911865, 2.195122, -0.975610, -0.121951, 33.094704
7206441, 0.014160, -0.019043, 0.918457, 2.195122, -0.792683, -0.121951, 33.141762
7208075, 0.019287, -0.017822, 0.919434, 2.134146, -1.036585, -0.182927, 33.094704
7209708, 0.017334, -0.018555, 0.904297, 2.256098, -1.158537, -0.304878, 33.141762
7211341, 0.020996, -0.011230, 0.907227, 2.256098, -1.036585, -0.304878, 33.188824
7212975, 0.025879, -0.009766, 0.919678, 2.073171, -0.975610, -0.182927, 33.141762
7214615, 0.019531, -0.021729, 0.914062, 2.073171, -1.036585, -0.304878, 33.094704
7216248, 0.024658, -0.015381, 0.914307, 2.012195, -1.158537, -0.304878, 33.141762
7217882, 0.023193, -0.016113, 0.910645, 2.134146, -0.914634, -0.182927, 33.047646
7219516, 0.022949, -0.016113, 0.921875, 2.073171, -0.914634, -0.243902, 33.094704
7221149, 0.023438, -0.014404, 0.916260, 2.073171, -0.853659, -0.304878, 33.141762
7222782, 0.020996, -0.016113, 0.916260, 2.317073, -1.097561, -0.304878, 33.094704
7224416, 0.016357, -0.016602, 0.914307, 2.134146, -1.097561, -0.060976, 33.188824
7226049, 0.023438, -0.019531, 0.914795, 2.134146, -0.975610, -0.243902, 33.094704
7227683, 0.014893, -0.017578, 0.923828, 2.134146, -1.280488, -0.243902, 33.141762
7229316, 0.021729, -0.014404, 0.921875, 2.134146, -1.097561, -0.243902, 33.094704
7230949, 0.016602, -0.010986, 0.919189, 2.134146, -0.975610, -0.182927, 33.141762
7232583, 0.014648, -0.016113, 0.912109, 2.195122, -1.219512, -0.243902, 33.188824
7234216, 0.012939, -0.010498, 0.916748, 2.256098, -1.097561, -0.060976, 33.141762
7235850, 0.016357, -0.017578, 0.910156, 2.195122, -1.036585, -0.121951, 33.188824
7237483, 0.019531, -0.018799, 0.913330, 2.073171, -1.097561, -0.182927, 33.141762
7239117, 0.016602, -0.018066, 0.915771, 2.317073, -0.914634, -0.121951, 33.094704
7240751, 0.019043, -0.010498, 0.916504, 2.317073, -0.975610, -0.304878, 33.141762
7242384, 0.016846, -0.013672, 0.912598, 1.951220, -1.158537, -0.121951, 33.188824
7244007, 0.021484, -0.013184, 0.920166, 2.256098, -1.036585, -0.121951, 33.141762
7245641, 0.018311, -0.015137, 0.912354, 2.134146, -1.036585, -0.121951, 33.188824
7247274, 0.017334, -0.018311, 0.918213, 2.256098, -1.158537, -0.304878, 33.141762
7248908, 0.024414, -0.021240, 0.919678, 2.012195, -1.036585, -0.121951, 33.141762
7250541, 0.021484, -0.010742, 0.911865, 2.195122, -1.158537, -0.243902, 33.094704
7252174, 0.019775, -0.010010, 0.911865, 2.134146, -1.280488, -0.365854, 33.141762
7253808, 0.014893, -0.016602, 0.910400, 2.195122, -1.036585, -0.365854, 33.094704
7255441, 0.009277, -0.016602, 0.908936, 2.256098, -0.975610, -0.304878, 33.094704
7257075, 0.020752, -0.014404, 0.915771, 2.256098, -1.219512, -0.304878, 33.094704
7258708, 0.017822, -0.014160, 0.913086, 2.195122, -1.097561, -0.304878, 33.141762
7260341, 0.018555, -0.014893, 0.916748, 2.134146, -1.097561, -0.182927, 33.094704
7261975, 0.016357, -0.018555, 0.921631, 2.073171, -1.036585, -0.243902, 33.141762
7263615, 0.020020, -0.018799, 0.919678, 2.195122, -1.219512, -0.182927, 33.094704
7265248, 0.012695, -0.014648, 0.927490, 2.256098, -1.036585, -0.121951, 33.141762
7266882, 0.017822, -0.009033, 0.913086, 2.073171, -1.158537, -0.304878, 33.094704
7268516, 0.014160, -0.014648, 0.919678, 2.134146, -1.158537, -0.182927, 33.047646
7270149, 0.016602, -0.016113, 0.913330, 2.195122, -1.036585, -0.121951, 33.188824
7271782, 0.014160, -0.012695, 0.918701, 2.134146, -0.914634, -0.121951, 33.141762
7273416, 0.016357, -0.013428, 0.916260, 2.317073, -0.914634, 0.060976, 33.094704
7275049, 0.018555, -0.013428, 0.915527, 2.317073, -1.219512, -0.304878, 33.235882
7276683, 0.011963, -0.017822, 0.916504, 2.073171, -0.975610, -0.182927, 33.141762
7278316, 0.010986, -0.011719, 0.910889, 2.073171, -1.097561, -0.182927, 33.000587
7279949, 0.021729, -0.014404, 0.915039, 2.256098, -0.975610, -0.365854, 33.141762
7281583, 0.015381, -0.017090, 0.917236, 2.012195, -1.219512, -0.243902, 33.188824
7283216, 0.019287, -0.020020, 0.920410, 2.195122, -1.158537, -0.243902, 33.141762
7284850, 0.020508, -0.015625, 0.915039, 2.256098, -1.097561, -0.243902, 33.000587
7286483, 0.021484, -0.021240, 0.911865, 2.134146, -1.158537, -0.243902, 33.235882
7288117, 0.019531, -0.015869, 0.923828, 2.195122, -1.280488, -0.243902, 33.094704
7289751, 0.020020, -0.016357, 0.910400, 2.134146, -1.036585, -0.182927, 33.141762
7291384, 0.022705, -0.018066, 0.912842, 2.317073, -1.097561, -0.121951, 33.094704
7293007, 0.014160, -0.014160, 0.922119, 2.378049, -1.158537, -0.243902, 33.141762
7294641, 0.019531, -0.013428, 0.911377, 2.195122, -1.097561, -0.121951, 33.094704
7296274, 0.018066, -0.015381, 0.912842, 2.378049, -1.036585, -0.243902, 33.047646
7297908, 0.020020, -0.015137, 0.919189, 2.256098, -1.036585, -0.304878, 33.188824
7299541, 0.024658, -0.014404, 0.918213, 2.195122, -1.036585, -0.304878, 33.141762
7301174, 0.017822, -0.014648, 0.914795, 2.195122, -0.975610, -0.243902, 33.188824
7302808, 0.018799, -0.014648, 0.919434, 2.134146, -1.036585, -0.060976, 33.141762
7304441, 0.020508, -0.018066, 0.911377, 2.195122, -1.036585, -0.182927, 33.094704
7306075, 0.013916, -0.012939, 0.914551, 2.317073, -1.219512, -0.243902, 33.141762
7307708, 0.024902, -0.015137, 0.914307, 2.134146, -0.853659, -0.182927, 33.047646
7309341, 0.015137, -0.019531, 0.911865, 2.073171, -0.975610, -0.121951, 33.094704
7310975, 0.017090, -0.017090, 0.915771, 2.256098, -0.975610, -0.182927, 33.235882
7312615, 0.017334, -0.019043, 0.915771, 2.256098, -1.219512, -0.182927, 33.188824
7314248, 0.011475, -0.013916, 0.911133, 2.012195, -1.097561, -0.060976, 33.141762
7315882, 0.020996, -0.017822, 0.908447, 1.951220, -1.097561, -0.121951, 33.094704
7317516, 0.017578, -0.017334, 0.909912, 2.073171, -1.158537, -0.243902, 33.047646
7319149, 0.026367, -0.017334, 0.916992, 2.012195, -1.097561, -0.304878, 33.188824
7320782, 0.016113, -0.013184, 0.912842, 2.134146, -0.975610, -0.304878, 33.141762
7322416, 0.016602, -0.014404, 0.911133, 2.195122, -1.036585, -0.304878, 33.094704
7324049, 0.018555, -0.018555, 0.916992, 1.951220, -1.219512, -0.365854, 33.141762
7325683, 0.017578, -0.012207, 0.916016, 2.073171, -0.975610, -0.243902, 33.188824
7327316, 0.019043, -0.020996, 0.909668, 2.134146, -1.097561, -0.182927, 33.047646
7328949, 0.019531, -0.016846, 0.914062, 1.951220, -0.914634, -0.426829, 33.188824
7330583, 0.024170, -0.014404, 0.910400, 2.012195, -1.097561, -0.426829, 33.047646
7332216, 0.019531, -0.018066, 0.913086, 2.073171, -1.036585, -0.243902, 33.094704
7333850, 0.017090, -0.020508, 0.908936, 2.195122, -1.158537, -0.365854, 33.141762
7335483, 0.020020, -0.014893, 0.916016, 2.134146, -1.280488, -0.121951, 33.094704
7337117, 0.020264, -0.017090, 0.909668, 2.317073, -1.036585, -0.060976, 33.094704
7338751, 0.018555, -0.020020, 0.921631, 2.256098, -1.036585, -0.304878, 33.141762
7340384, 0.024414, -0.014648, 0.926758, 2.073171, -1.158537, -0.304878, 33.094704
7342007, 0.021973, -0.011230, 0.915283, 2.073171, -1.219512, -0.243902, 33.141762
7343641, 0.019287, -0.013184, 0.918945, 2.195122, -1.036585, -0.243902, 33.094704
7345274, 0.021484, -0.015381, 0.913818, 2.073171, -1.158537, -0.182927, 33.141762
7346908, 0.018311, -0.017334, 0.914062, 2.073171, -1.097561, -0.365854, 33.094704
7348541, 0.018799, -0.010742, 0.911133, 2.073171, -0.975610, -0.121951, 33.141762
7350174, 0.020020, -0.014648, 0.907959, 2.256098, -1.097561, -0.121951, 33.094704
7351808, 0.017090, -0.015625, 0.909424, 2.256098, -1.097561, -0.121951, 33.141762
7353441, 0.021729, -0.013672, 0.903320, 2.256098, -1.219512, -0.121951, 33.094704
7355075, 0.023682, -0.016602, 0.913818, 2.073171, -1.036585, -0.121951, 33.235882
7356708, 0.025635, -0.014404, 0.916504, 2.317073, -0.914634, -0.182927, 33.188824
7358341, 0.022705, -0.018799, 0.913818, 2.256098, -0.975610, -0.121951, 33.141762
7359975, 0.021973, -0.016602, 0.906738, 2.012195, -1.097561, -0.365854, 33.094704
7361615, 0.015625, -0.012695, 0.911377, 2.012195, -1.158537, -0.182927, 33.141762
7363248, 0.018311, -0.011963, 0.905273, 2.134146, -1.097561, -0.182927, 33.188824
7364882, 0.023438, -0.016113, 0.916016, 2.256098, -1.158537, -0.182927, 33.188824
7366516, 0.018311, -0.012695, 0.912598, 2.134146, -1.097561, -0.060976, 33.094704
7368149, 0.021240, -0.015625, 0.920166, 2.195122, -0.975610, -0.243902, 33.094704
7369782, 0.016846, -0.019531, 0.914307, 2.317073, -1.036585, -0.121951, 33.235882
7371416, 0.018799, -0.019531, 0.906006, 2.317073, -1.158537, -0.182927, 33.094704
7373049, 0.019531, -0.020996, 0.910889, 2.195122, -1.158537, -0.304878, 33.047646
7374683, 0.020508, -0.017090, 0.912598, 1.951220, -1.219512, -0.243902, 33.188824
7376316, 0.020508, -0.015137, 0.917725, 2.073171, -1.036585, -0.243902, 33.141762
7377949, 0.021973, -0.017578, 0.911621, 2.134146, -1.219512, -0.182927, 33.188824
7379583, 0.019287, -0.012939, 0.911377, 2.073171, -1.219512, -0.304878, 33.141762
7381216, 0.017578, -0.017822, 0.916016, 2.317073, -1.036585, -0.182927, 33.094704
7382850, 0.020996, -0.018555, 0.917969, 2.195122, -1.036585, 0.000000, 33.141762
7384483, 0.027832, -0.019531, 0.913086, 2.073171, -0.975610, -0.243902, 33.094704
7386117, 0.020020, -0.019775, 0.910889, 2.134146, -1.097561, -0.304878, 33.235882
7387751, 0.021484, -0.012695, 0.910889, 2.378049, -1.219512, -0.121951, 33.094704
7389384, 0.021729, -0.015381, 0.912842, 2.378049, -0.914634, -0.182927, 33.141762
7391007, 0.020752, -0.010498, 0.905762, 2.195122, -1.036585, -0.182927, 33.188824
7392641, 0.017090, -0.015381, 0.910156, 2.073171, -1.280488, 0.060976, 33.141762
7394274, 0.019287, -0.018066, 0.912109, 2.012195, -1.158537, -0.060976, 33.188824
7395908, 0.012695, -0.014648, 0.922852, 2.134146, -1.036585, -0.304878, 33.188824
7397541, 0.016357, -0.009277, 0.925781, 2.195122, -0.914634, -0.365854, 33.000587
7399174, 0.021729, -0.014160, 0.921143, 2.317073, -1.158537, -0.243902, 33.094704
7400808, 0.019043, -0.010742, 0.914307, 2.317073, -1.097561, -0.182927, 33.141762
7402441, 0.021240, -0.010742, 0.908936, 2.195122, -1.036585, -0.243902, 33.188824
7404075, 0.016846, -0.014160, 0.916016, 2.256098, -1.036585, -0.304878, 33.235882
7405708, 0.022461, -0.014404, 0.913330, 2.195122, -0.975610, -0.365854, 33.094704
7407341, 0.012695, -0.009521, 0.917236, 2.073171, -0.975610, -0.182927, 33.047646
7408975, 0.021729, -0.017822, 0.919434, 2.134146, -0.914634, -0.182927, 33.094704
7410615, 0.022949, -0.017090, 0.915283, 2.195122, -1.036585, -0.304878, 33.141762
7412248, 0.017578, -0.009277, 0.910889, 2.134146, -1.036585, -0.182927, 33.094704
7413882, 0.020752, -0.017090, 0.910645, 2.012195, -0.914634, -0.243902, 33.141762
7415516, 0.017334, -0.013916, 0.916992, 2.012195, -1.158537, -0.121951, 33.094704
7417149, 0.024658, -0.010010, 0.910889, 2.195122, -1.280488, -0.243902, 33.141762
7418782, 0.017334, -0.016113, 0.915039, 2.134146, -1.036585, -0.182927, 33.094704
7420416, 0.022461, -0.017578, 0.919434, 2.134146, -1.158537, -0.121951, 33.047646
7422049, 0.020752, -0.018066, 0.910156, 2.134146, -1.158537, 0.000000, 33.188824
7423683, 0.017578, -0.017578, 0.919189, 2.195122, -1.158537, -0.304878, 33.094704
7425316, 0.017090, -0.010254, 0.922119, 2.256098, -1.036585, -0.487805, 33.047646
7426949, 0.023193, -0.012695, 0.917969, 2.195122, -0.853659, -0.182927, 33.188824
7428583, 0.016846, -0.014648, 0.914307, 2.256098, -1.036585, -0.121951, 33.094704
7430216, 0.016113, -0.015137, 0.913086, 2.256098, -1.219512, -0.426829, 33.094704
7431850, 0.017822, -0.015625, 0.922363, 2.073171, -1.158537, -0.182927, 33.047646
7433483, 0.021240, -0.017578, 0.917969, 2.134146, -1.036585, -0.304878, 33.094704
7435117, 0.017090, -0.011230, 0.915039, 1.951220, -1.158537, -0.182927, 33.141762
7436751, 0.022217, -0.012939, 0.920654, 2.256098, -1.158537, -0.060976, 33.188824
7438384, 0.018555, -0.013184, 0.922119, 2.256098, -1.036585, -0.182927, 33.141762
7440007, 0.020508, -0.018311, 0.917969, 2.134146, -1.097561, -0.121951, 33.094704
7441641, 0.019531, -0.012939, 0.919678, 2.012195, -1.158537, -0.121951, 33.141762
7443274, 0.020020, -0.015381, 0.922852, 2.134146, -1.036585, -0.304878, 33.094704
7444908, 0.017090, -0.011475, 0.903564, 2.195122, -1.097561, -0.182927, 33.235882
7446541, 0.018799, -0.014893, 0.914307, 2.378049, -1.097561, -0.182927, 33.094704
7448174, 0.021729, -0.015869, 0.915039, 2.256098, -0.975610, -0.243902, 33.235882
7449808, 0.022461, -0.012695, 0.922119, 2.134146, -1.097561, -0.121951, 33.094704
7451441, 0.021973, -0.015625, 0.925781, 2.073171, -1.036585, -0.365854, 33.141762
7453075, 0.015137, -0.014648, 0.906250, 2.073171, -1.158537, -0.182927, 33.188824
7454708, 0.019287, -0.013184, 0.908936, 2.256098, -1.158537, -0.182927, 33.094704
7456341, 0.021973, -0.015381, 0.916260, 2.195122, -1.219512, -0.182927, 33.047646
7457975, 0.020020, -0.016846, 0.912598, 2.256098, -1.097561, -0.243902, 33.188824
7459615, 0.020508, -0.012451, 0.917725, 2.073171, -1.036585, -0.060976, 33.094704
7461248, 0.026367, -0.010010, 0.910889, 2.134146, -0.975610, -0.304878, 33.094704
7462882, 0.023438, -0.014648, 0.918701, 2.134146, -1.219512, -0.304878, 33.141762
7464516, 0.021240, -0.015869, 0.912354, 2.134146, -1.036585, -0.121951, 33.188824
7466149, 0.022949, -0.011963, 0.914307, 2.195122, -1.036585, -0.060976, 33.141762
7467782, 0.020508, -0.022217, 0.918945, 2.134146, -0.975610, -0.426829, 33.188824
7469416, 0.024658, -0.018555, 0.914551, 2.073171, -1.158537, -0.243902, 33.141762
7471049, 0.020996, -0.015869, 0.912109, 2.073171, -0.975610, -0.304878, 33.094704
7472683, 0.020508, -0.014160, 0.927734, 2.134146, -0.914634, -0.182927, 33.141762
7474316, 0.019043, -0.011475, 0.910645, 2.195122, -1.097561, -0.182927, 33.094704
7475949, 0.021484, -0.014648, 0.921143, 2.378049, -1.097561, -0.182927, 33.047646
7477583, 0.014160, -0.020752, 0.913330, 2.195122, -1.158537, -0.426829, 33.188824
7479216, 0.027100, -0.019043, 0.914551, 2.073171, -1.036585, -0.182927, 33.141762
7480850, 0.024170, -0.019043, 0.916992, 2.317073, -1.158537, -0.121951, 33.141762
7482483, 0.021240, -0.019775, 0.919922, 2.378049, -1.219512, -0.182927, 33.000587
7484117, 0.023682, -0.011963, 0.910400, 2.256098, -1.280488, -0.060976, 33.141762
7485751, 0.018311, -0.017578, 0.923340, 2.195122, -1.219512, -0.121951, 33.094704
7487384, 0.022217, -0.017822, 0.921875, 2.134146, -1.097561, -0.243902, 33.141762
7489007, 0.014404, -0.013916, 0.916504, 2.134146, -0.914634, -0.304878, 33.094704
7490641, 0.019775, -0.017578, 0.910645, 2.195122, -1.158537, -0.243902, 33.094704
7492274, 0.015137, -0.017334, 0.919434, 2.134146, -1.158537, -0.182927, 33.094704
7493908, 0.017334, -0.015625, 0.915771, 2.012195, -1.158537, -0.304878, 33.141762
7495541, 0.019531, -0.021484, 0.918945, 1.951220, -1.097561, -0.243902, 33.094704
7497174, 0.021973, -0.014404, 0.916504, 2.012195, -1.097561, 0.000000, 33.235882
7498808, 0.022949, -0.018311, 0.914795, 2.195122, -1.219512, -0.243902, 33.094704
7500441, 0.023682, -0.011719, 0.917969, 1.829268, -1.036585, -0.182927, 33.141762
7502075, 0.017822, -0.013672, 0.916992, 1.951220, -1.036585, -0.121951, 33.000587
7503708, 0.018311, -0.014404, 0.917236, 2.317073, -1.219512, -0.304878, 33.141762
7505341, 0.021729, -0.019287, 0.914062, 2.317073, -0.975610, -0.182927, 33.094704
7506975, 0.020508, -0.017090, 0.912598, 1.890244, -0.914634, -0.243902, 33.141762
7508615, 0.026123, -0.013428, 0.911133, 2.012195, -1.158537, -0.426829, 33.188824
7510248, 0.024658, -0.018066, 0.908691, 2.256098, -1.280488, -0.304878, 33.047646
7511882, 0.018311, -0.014893, 0.917969, 2.134146, -1.158537, -0.304878, 33.141762
7513516, 0.016357, -0.016602, 0.904297, 2.073171, -1.097561, -0.182927, 33.188824
7515149, 0.022705, -0.012451, 0.919922, 2.256098, -0.975610, -0.060976, 33.047646
7516782, 0.017090, -0.016846, 0.915771, 2.195122, -1.097561, -0.121951, 33.188824
7518416, 0.017334, -0.017822, 0.911133, 2.073171, -1.097561, 0.060976, 33.141762
7520049, 0.018555, -0.020508, 0.912354, 2.073171, -1.036585, 0.000000, 33.000587
7521683, 0.015137, -0.020020, 0.912598, 2.134146, -1.097561, -0.365854, 33.141762
7523316, 0.012939, -0.016357, 0.910889, 2.134146, -1.036585, -0.182927, 33.000587
7524949, 0.019043, -0.015381, 0.916260, 2.317073, -0.914634, -0.243902, 33.047646
7526583, 0.018799, -0.020264, 0.915771, 2.195122, -1.219512, -0.304878, 33.094704
7528216, 0.022461, -0.015625, 0.920410, 2.195122, -0.975610, -0.182927, 33.141762
7529850, 0.016846, -0.017822, 0.915527, 2.134146, -1.097561, -0.060976, 33.000587
7531483, 0.016846, -0.017578, 0.915039, 2.073171, -1.219512, -0.182927, 33.047646
7533117, 0.020752, -0.015625, 0.918945, 2.256098, -1.097561, -0.304878, 33.094704
7534751, 0.017334, -0.024658, 0.912109, 2.073171, -1.097561, -0.243902, 33.141762
7536384, 0.020996, -0.019287, 0.915039, 2.073171, -1.158537, -0.121951, 33.188824
7538007, 0.014160, -0.017334, 0.916748, 2.317073, -0.975610, -0.243902, 33.141762
7539641, 0.020508, -0.010498, 0.919434, 2.134146, -1.097561, -0.060976, 33.094704
7541274, 0.020264, -0.013428, 0.922363, 1.951220, -1.097561, -0.243902, 33.141762
7542908, 0.014160, -0.016113, 0.912598, 2.195122, -1.097561, -0.304878, 33.047646
7544541, 0.015869, -0.020508, 0.915039, 2.256098, -1.036585, -0.121951, 33.094704
7546174, 0.014160, -0.018555, 0.907959, 2.317073, -1.158537, -0.182927, 33.141762
7547808, 0.014160, -0.015381, 0.918945, 2.195122, -1.158537, -0.060976, 33.188824
7549441, 0.021973, -0.013184, 0.913818, 2.073171, -1.036585, -0.243902, 33.141762
7551075, 0.014160, -0.012207, 0.908447, 2.134146, -1.158537, 0.000000, 33.188824
7552708, 0.017334, -0.018799, 0.911133, 1.951220, -1.402439, 0.000000, 33.141762
7554341, 0.019531, -0.017578, 0.915771, 2.195122, -1.219512, -0.243902, 33.094704
7555975, 0.023193, -0.013916, 0.916504, 2.195122, -1.158537, -0.365854, 33.141762
7557615, 0.021484, -0.018799, 0.915283, 2.195122, -1.158537, -0.182927, 33.000587
7559248, 0.013184, -0.017090, 0.907471, 2.134146, -0.914634, -0.365854, 33.141762
7560882, 0.016357, -0.017090, 0.916504, 2.195122, -1.097561, -0.121951, 33.188824
7562516, 0.021484, -0.013916, 0.910889, 2.073171, -1.219512, -0.182927, 33.141762
7564149, 0.016602, -0.015381, 0.922119, 2.134146, -1.219512, -0.243902, 33.188824
7565782, 0.021729, -0.008301, 0.923096, 2.195122, -1.036585, -0.243902, 33.141762
7567416, 0.019531, -0.021484, 0.917480, 2.378049, -1.097561, -0.243902, 33.000587
7569049, 0.014648, -0.017334, 0.910889, 2.134146, -1.097561, -0.121951, 33.094704
7570683, 0.011963, -0.013916, 0.906982, 2.134146, -0.853659, -0.182927, 33.094704
7572316, 0.020508, -0.019043, 0.913086, 2.073171, -1.097561, -0.426829, 33.094704
7573949, 0.018799, -0.020752, 0.912354, 2.134146, -0.975610, -0.121951, 33.047646
7575583, 0.016357, -0.015137, 0.920166, 2.012195, -1.097561, -0.365854, 33.188824
7577216, 0.014404, -0.013428, 0.918457, 2.195122, -1.036585, -0.426829, 33.141762
7578850, 0.019043, -0.014404, 0.910889, 2.317073, -1.158537, -0.182927, 33.094704
7580483, 0.020752, -0.016357, 0.912109, 2.195122, -1.097561, -0.243902, 33.141762
7582117, 0.020508, -0.014404, 0.921631, 2.073171, -1.036585, -0.365854, 33.188824
7583751, 0.018799, -0.012939, 0.910156, 2.195122, -1.158537, -0.365854, 33.141762
7585384, 0.017090, -0.013672, 0.915527, 2.195122, -0.914634, -0.243902, 33.188824
7587007, 0.017090, -0.013672, 0.917969, 2.378049, -0.975610, -0.243902, 33.141762
7588641, 0.019775, -0.020508, 0.911133, 2.195122, -1.219512, -0.121951, 33.094704
7590274, 0.020508, -0.019531, 0.916748, 2.256098, -1.158537, -0.182927, 33.141762
7591908, 0.020508, -0.015625, 0.919678, 2.256098, -1.036585, -0.182927, 33.094704
7593541, 0.020264, -0.017578, 0.924316, 2.378049, -0.853659, -0.243902, 33.235882
7595174, 0.019043, -0.014404, 0.911621, 2.378049, -1.158537, -0.304878, 33.188824
7596808, 0.016846, -0.016113, 0.918701, 2.073171, -1.158537, -0.182927, 33.141762
7598441, 0.018311, -0.020264, 0.916748, 2.134146, -0.975610, -0.243902, 33.094704
7600075, 0.012939, -0.021484, 0.915771, 2.134146, -1.158537, -0.243902, 33.141762
7601708, 0.022217, -0.021484, 0.913086, 2.012195, -1.158537, -0.182927, 33.188824
7603341, 0.018799, -0.014404, 0.908203, 2.195122, -1.097561, -0.060976, 33.094704
7604975, 0.010498, -0.020996, 0.907227, 2.134146, -1.219512, 0.000000, 33.235882
7606615, 0.020020, -0.015869, 0.903809, 2.134146, -0.975610, -0.060976, 33.094704
7608248, 0.017578, -0.017090, 0.914307, 2.195122, -1.402439, -0.121951, 33.141762
7609882, 0.017090, -0.017334, 0.911133, 2.134146, -1.036585, 0.000000, 33.188824
7611516, 0.012451, -0.011230, 0.913330, 2.256098, -1.036585, -0.365854, 33.141762
7613149, 0.018311, -0.017822, 0.912109, 2.012195, -1.036585, -0.243902, 33.094704
7614782, 0.023193, -0.009521, 0.917236, 2.012195, -1.036585, -0.304878, 33.141762
7616416, 0.021484, -0.013672, 0.920654, 2.134146, -1.158537, -0.182927, 33.094704
7618049, 0.018799, -0.012939, 0.916504, 2.195122, -1.036585, -0.304878, 33.141762
7619683, 0.022949, -0.010986, 0.923096, 2.256098, -1.158537, -0.365854, 33.188824
7621316, 0.013916, -0.011475, 0.911133, 2.317073, -1.097561, -0.365854, 33.141762
7622949, 0.021973, -0.015381, 0.916504, 2.195122, -1.097561, -0.243902, 33.188824
7624583, 0.020752, -0.012451, 0.918213, 2.195122, -1.036585, -0.060976, 33.047646
7626216, 0.019287, -0.011719, 0.906494, 2.134146, -1.097561, -0.182927, 33.094704
7627850, 0.015381, -0.014160, 0.908203, 2.073171, -1.158537, -0.304878, 33.188824
7629483, 0.021240, -0.021484, 0.914795, 2.195122, -1.036585, -0.243902, 33.141762
7631117, 0.028320, -0.018311, 0.908203, 2.073171, -1.097561, -0.182927, 33.094704
7632751, 0.021973, -0.021240, 0.915771, 2.256098, -1.158537, -0.182927, 33.094704
7634384, 0.013672, -0.016113, 0.916992, 2.134146, -1.341463, -0.121951, 33.188824
7636007, 0.013428, -0.020508, 0.918213, 2.256098, -1.158537, -0.121951, 33.141762
7637641, 0.018066, -0.014648, 0.922363, 2.256098, -0.975610, -0.182927, 33.094704
7639274, 0.025635, -0.014893, 0.911377, 2.195122, -1.036585, -0.243902, 33.047646
7640908, 0.020020, -0.012695, 0.916748, 2.073171, -1.097561, -0.060976, 33.094704
7642541, 0.016357, -0.012207, 0.917236, 2.134146, -0.975610, -0.243902, 33.141762
7644174, 0.018555, -0.016846, 0.919678, 2.073171, -1.097561, -0.121951, 33.188824
7645808, 0.019531, -0.012939, 0.920166, 2.134146, -1.036585, -0.182927, 33.235882
7647441, 0.020996, -0.015381, 0.919434, 2.134146, -1.097561, -0.243902, 33.188824
7649075, 0.017090, -0.008545, 0.918945, 2.134146, -1.036585, -0.243902, 33.141762
7650708, 0.020508, -0.016357, 0.915283, 2.256098, -1.097561, -0.182927, 33.094704
7652341, 0.024170, -0.015869, 0.910889, 2.256098, -0.975610, -0.243902, 33.047646
7653975, 0.020508, -0.012207, 0.920410, 2.012195, -0.975610, -0.365854, 33.094704
7655615, 0.018555, -0.016113, 0.922119, 2.134146, -1.097561, -0.243902, 33.141762
7657248, 0.012207, -0.018311, 0.924072, 2.195122, -1.158537, -0.182927, 33.141762
7658882, 0.020264, -0.014893, 0.917725, 2.073171, -1.036585, -0.365854, 33.188824
7660516, 0.022949, -0.015381, 0.917969, 2.317073, -1.219512, -0.182927, 33.141762
7662149, 0.024414, -0.018799, 0.916748, 2.195122, -0.975610, -0.243902, 33.094704
7663782, 0.020020, -0.019043, 0.917236, 2.012195, -0.731707, -0.060976, 33.188824
7665416, 0.018555, -0.011230, 0.915039, 2.317073, -1.036585, -0.304878, 33.188824
7667049, 0.021729, -0.016846, 0.914795, 2.256098, -0.975610, -0.243902, 33.141762
7668683, 0.022949, -0.014404, 0.922852, 2.012195, -0.914634, -0.121951, 33.094704
7670316, 0.026611, -0.016113, 0.910889, 2.256098, -1.036585, -0.365854, 33.141762
7671949, 0.023682, -0.015625, 0.912842, 2.195122, -1.219512, -0.060976, 33.188824
7673583, 0.015625, -0.018799, 0.910156, 2.073171, -1.219512, -0.121951, 33.141762
7675216, 0.017578, -0.014404, 0.918945, 2.195122, -0.975610, -0.243902, 33.188824
7676850, 0.020264, -0.018555, 0.909424, 2.317073, -1.036585, -0.243902, 33.141762
7678483, 0.016357, -0.017090, 0.916992, 2.073171, -1.036585, -0.304878, 33.188824
7680117, 0.021973, -0.012939, 0.918213, 2.195122, -1.036585, -0.121951, 33.141762
7681751, 0.018799, -0.020020, 0.921387, 2.134146, -1.036585, -0.060976, 33.094704
7683384, 0.021484, -0.014404, 0.912354, 1.890244, -0.975610, -0.304878, 33.141762
7685007, 0.022461, -0.024902, 0.914062, 2.073171, -1.036585, -0.182927, 33.094704
7686641, 0.029053, -0.013184, 0.911133, 2.134146, -1.036585, -0.121951, 33.141762
7688274, 0.020752, -0.019043, 0.915771, 2.073171, -1.097561, -0.182927, 33.094704
7689908, 0.019043, -0.013916, 0.909424, 2.195122, -1.036585, -0.182927, 33.188824
7691541, 0.015869, -0.015381, 0.912354, 2.134146, -1.097561, -0.182927, 33.235882
7693174, 0.027832, -0.013428, 0.919189, 2.073171, -1.280488, -0.365854, 33.188824
7694808, 0.020996, -0.016602, 0.919922, 2.195122, -1.036585, -0.182927, 33.094704
7696441, 0.020508, -0.016602, 0.915283, 2.134146, -1.097561, -0.182927, 33.094704
7698075, 0.021484, -0.014893, 0.918213, 2.317073, -1.097561, -0.182927, 33.141762
7699708, 0.020508, -0.012695, 0.905273, 2.317073, -1.158537, -0.121951, 33.282940
7701341, 0.023926, -0.019287, 0.916992, 2.195122, -1.219512, -0.182927, 33.047646
7702975, 0.020264, -0.014160, 0.924805, 2.134146, -1.097561, -0.060976, 33.188824
7704615, 0.017090, -0.014648, 0.922607, 2.134146, -1.097561, -0.182927, 33.141762
7706248, 0.018066, -0.013184, 0.918945, 2.134146, -1.097561, -0.365854, 33.188824
7707882, 0.021973, -0.018066, 0.906006, 2.073171, -1.097561, -0.121951, 33.141762
7709516, 0.023438, -0.010498, 0.920410, 2.012195, -0.975610, -0.243902, 33.094704
7711149, 0.015137, -0.018555, 0.914307, 2.073171, -1.036585, -0.060976, 33.141762
7712782, 0.017090, -0.015625, 0.922119, 2.317073, -1.280488, -0.060976, 33.094704
7714416, 0.019287, -0.014160, 0.909424, 2.195122, -1.158537, -0.121951, 33.141762
7716049, 0.019287, -0.009521, 0.912109, 2.317073, -1.036585, -0.243902, 33.141762
7717683, 0.021484, -0.017578, 0.918945, 2.195122, -1.158537, -0.365854, 33.094704
7719316, 0.020752, -0.019043, 0.916992, 2.134146, -1.280488, -0.182927, 33.235882
7720949, 0.024658, -0.013184, 0.917969, 2.256098, -1.036585, -0.304878, 33.094704
7722583, 0.020508, -0.018555, 0.919189, 2.195122, -1.036585, -0.426829, 33.235882
7724216, 0.023438, -0.022461, 0.920410, 2.256098, -1.158537, -0.243902, 33.094704
7725850, 0.017822, -0.018066, 0.917480, 2.317073, -1.097561, -0.121951, 33.188824
7727483, 0.021729, -0.014893, 0.909912, 1.951220, -1.036585, -0.182927, 33.094704
7729117, 0.018066, -0.011230, 0.907715, 2.073171, -1.219512, -0.121951, 33.141762
7730751, 0.015625, -0.017334, 0.903320, 2.256098, -1.036585, -0.243902, 33.188824
7732384, 0.017334, -0.016602, 0.906250, 2.012195, -0.975610, -0.243902, 33.141762
7734007, 0.023193, -0.013672, 0.910156, 2.073171, -0.975610, -0.243902, 33.094704
7735641, 0.022949, -0.010742, 0.911865, 2.317073, -0.975610, -0.304878, 33.235882
7737274, 0.024414, -0.009766, 0.910889, 2.134146, -0.975610, -0.121951, 33.188824
7738908, 0.023193, -0.021729, 0.914062, 2.317073, -1.036585, -0.121951, 33.141762
7740541, 0.022461, -0.013184, 0.917480, 2.317073, -0.853659, -0.304878, 33.094704
7742174, 0.021729, -0.016846, 0.922363, 2.256098, -1.036585, -0.182927, 33.141762
7743808, 0.022949, -0.017578, 0.917480, 2.134146, -1.097561, -0.304878, 33.094704
7745441, 0.021240, -0.016846, 0.919189, 2.317073, -1.158537, -0.304878, 33.047646
7747075, 0.023438, -0.018555, 0.906006, 2.256098, -1.158537, -0.304878, 33.047646
7748708, 0.022949, -0.012207, 0.913574, 2.195122, -1.036585, -0.243902, 33.094704
7750341, 0.018555, -0.015625, 0.918213, 2.073171, -1.097561, -0.365854, 33.141762
7751975, 0.017090, -0.017822, 0.913330, 2.012195, -1.036585, -0.365854, 33.188824
7753615, 0.017822, -0.013428, 0.917480, 2.012195, -1.097561, -0.243902, 33.235882
7755248, 0.018799, -0.013428, 0.916016, 2.378049, -1.036585, -0.243902, 33.094704
7756882, 0.016602, -0.013672, 0.917480, 2.134146, -1.158537, -0.182927, 33.141762
7758516, 0.021729, -0.013672, 0.908936, 2.073171, -0.975610, -0.060976, 33.094704
7760149, 0.020508, -0.014160, 0.917969, 2.195122, -1.036585, -0.182927, 33.141762
7761782, 0.012207, -0.016113, 0.913574, 2.195122, -0.975610, -0.060976, 33.094704
7763416, 0.015869, -0.014893, 0.922852, 2.195122, -1.036585, -0.121951, 33.141762
7765049, 0.022461, -0.017822, 0.916992, 2.195122, -1.097561, -0.121951, 33.094704
7766683, 0.021240, -0.014160, 0.915771, 2.195122, -1.219512, 0.000000, 33.141762
7768316, 0.025391, -0.019043, 0.920166, 2.195122, -1.280488, -0.365854, 33.094704
7769949, 0.018799, -0.014404, 0.913574, 2.134146, -1.158537, -0.304878, 33.047646
7771583, 0.018066, -0.017334, 0.916016, 2.073171, -1.219512, -0.243902, 33.094704
7773216, 0.019287, -0.016113, 0.913818, 2.134146, -1.097561, -0.121951, 33.141762
7774850, 0.022705, -0.015137, 0.907959, 2.012195, -1.036585, -0.243902, 33.094704
7776483, 0.022461, -0.013184, 0.911621, 2.317073, -0.975610, -0.304878, 33.188824
7778117, 0.018311, -0.016846, 0.910400, 2.134146, -0.975610, -0.182927, 33.141762
7779751, 0.021484, -0.019043, 0.915283, 2.134146, -1.158537, -0.182927, 33.094704
7781384, 0.016113, -0.019287, 0.912354, 2.134146, -1.219512, -0.121951, 33.047646
7783007, 0.023438, -0.015137, 0.918945, 2.073171, -0.975610, -0.182927, 33.094704
7784641, 0.022949, -0.016113, 0.913574, 2.134146, -1.036585, -0.060976, 33.141762
7786274, 0.020264, -0.017090, 0.911621, 2.134146, -1.158537, -0.060976, 33.188824
7787908, 0.018066, -0.016113, 0.916748, 2.195122, -1.219512, -0.426829, 33.235882
7789541, 0.021240, -0.014160, 0.915527, 2.012195, -1.097561, -0.182927, 33.188824
7791174, 0.020264, -0.013916, 0.918457, 2.012195, -1.158537, -0.060976, 33.141762
7792808, 0.014893, -0.016602, 0.913330, 2.256098, -1.158537, -0.304878, 33.094704
7794441, 0.023193, -0.017090, 0.914795, 2.195122, -1.097561, -0.243902, 33.141762
7796075, 0.014648, -0.017334, 0.920166, 2.195122, -1.097561, -0.243902, 33.188824
7797708, 0.014404, -0.016113, 0.914551, 2.134146, -0.914634, -0.365854, 33.141762
7799341, 0.020020, -0.008789, 0.916016, 2.195122, -1.219512, -0.304878, 33.094704
7800975, 0.015869, -0.017090, 0.922363, 2.317073, -1.036585, -0.182927, 33.047646
7802615, 0.016357, -0.009521, 0.917969, 2.073171, -1.036585, -0.121951, 33.188824
7804248, 0.021729, -0.017578, 0.917236, 2.195122, -0.975610, -0.182927, 33.094704
7805882, 0.022949, -0.021973, 0.917480, 2.195122, -0.914634, -0.243902, 33.094704
7807516, 0.019287, -0.019043, 0.928223, 2.134146, -1.097561, -0.060976, 33.188824
7809149, 0.021973, -0.010742, 0.909424, 2.073171, -1.097561, -0.060976, 33.141762
7810782, 0.017822, -0.012451, 0.906006, 2.256098, -0.853659, -0.243902, 33.188824
7812416, 0.023926, -0.008545, 0.912109, 2.256098, -1.158537, -0.304878, 33.141762
7814049, 0.020264, -0.010742, 0.923340, 2.012195, -1.158537, -0.182927, 33.188824
7815683, 0.023926, -0.011963, 0.922363, 2.012195, -0.975610, -0.121951, 33.141762
7817316, 0.019043, -0.014893, 0.914062, 2.073171, -0.975610, -0.121951, 33.094704
7818949, 0.016846, -0.008301, 0.913818, 1.951220, -1.158537, -0.304878, 33.141762
7820583, 0.021484, -0.019043, 0.909912, 2.134146, -1.036585, -0.304878, 33.094704
7822216, 0.015625, -0.016113, 0.909668, 2.012195, -1.158537, -0.121951, 33.141762
7823850, 0.017578, -0.017090, 0.914551, 2.134146, -1.097561, -0.182927, 33.094704
7825483, 0.015869, -0.017334, 0.912598, 2.134146, -1.036585, -0.182927, 33.141762
7827117, 0.020752, -0.013428, 0.924561, 2.195122, -0.853659, 0.000000, 33.094704
7828751, 0.020508, -0.016602, 0.913330, 2.134146, -0.975610, -0.243902, 33.141762
7830384, 0.020264, -0.013672, 0.911865, 2.073171, -1.036585, -0.121951, 33.094704
7832007, 0.014648, -0.012451, 0.916992, 2.317073, -0.975610, -0.182927, 33.141762
7833641, 0.020508, -0.011719, 0.906738, 2.195122, -1.097561, -0.426829, 33.188824
7835274, 0.014160, -0.015869, 0.912842, 2.012195, -0.914634, -0.060976, 33.188824
7836908, 0.018311, -0.012939, 0.914307, 2.012195, -1.036585, -0.182927, 33.094704
7838541, 0.016357, -0.013184, 0.919434, 2.256098, -1.158537, -0.182927, 33.188824
7840174, 0.023682, -0.011230, 0.915527, 2.073171, -1.097561, -0.182927, 33.141762
7841808, 0.019287, -0.011963, 0.912354, 2.256098, -1.097561, -0.121951, 33.188824
7843441, 0.018066, -0.015625, 0.907227, 2.256098, -0.975610, -0.243902, 33.235882
7845075, 0.027588, -0.017090, 0.911865, 2.195122, -0.975610, -0.060976, 33.188824
7846708, 0.021973, -0.014648, 0.918457, 2.134146, -1.158537, 0.060976, 33.141762
7848341, 0.017334, -0.018066, 0.917969, 2.256098, -1.097561, -0.121951, 33.094704
7849975, 0.020264, -0.015381, 0.913818, 2.256098, -1.158537, -0.182927, 33.141762
7851615, 0.016113, -0.020508, 0.916504, 1.951220, -1.158537, -0.243902, 33.188824
7853248, 0.014160, -0.018799, 0.922119, 2.195122, -1.036585, -0.060976, 33.235882
7854882, 0.020508, -0.017090, 0.923584, 2.256098, -0.914634, -0.243902, 33.094704
7856516, 0.023926, -0.016113, 0.908936, 2.195122, -0.914634, -0.121951, 33.047646
7858149, 0.010742, -0.014893, 0.909668, 2.134146, -1.097561, -0.060976, 33.188824
7859782, 0.013672, -0.022217, 0.914551, 2.317073, -1.219512, -0.182927, 33.141762
7861416, 0.022705, -0.013672, 0.908936, 2.195122, -1.280488, -0.243902, 33.188824
7863049, 0.020264, -0.017334, 0.913574, 2.134146, -1.097561, -0.243902, 33.094704
7864683, 0.016602, -0.020020, 0.918213, 2.317073, -1.097561, -0.243902, 33.141762
7866316, 0.017090, -0.017334, 0.911865, 2.195122, -0.914634, -0.243902, 33.188824
7867949, 0.022217, -0.016846, 0.919189, 2.256098, -0.853659, -0.304878, 33.094704
7869583, 0.020508, -0.020264, 0.909180, 2.195122, -1.219512, -0.304878, 33.188824
7871216, 0.029053, -0.019287, 0.920166, 2.195122, -1.219512, -0.365854, 33.047646
7872850, 0.025879, -0.015381, 0.912354, 2.073171, -0.914634, -0.304878, 33.094704
7874483, 0.020996, -0.010986, 0.911133, 2.073171, -1.036585, -0.182927, 33.047646
7876117, 0.022461, -0.013916, 0.913330, 2.134146, -1.158537, -0.243902, 33.094704
7877751, 0.021973, -0.018555, 0.915527, 2.256098, -1.097561, -0.060976, 33.047646
7879384, 0.022461, -0.020996, 0.910645, 2.195122, -1.036585, -0.060976, 33.188824
7881007, 0.020508, -0.017334, 0.908936, 2.317073, -1.097561, -0.243902, 33.141762
7882641, 0.019531, -0.023682, 0.908936, 2.073171, -1.158537, -0.182927, 33.094704
7884274, 0.019775, -0.019287, 0.915771, 2.256098, -0.975610, -0.243902, 33.141762
7885908, 0.022217, -0.012939, 0.922607, 2.256098, -1.158537, -0.182927, 33.094704
7887541, 0.024414, -0.017822, 0.910400, 2.134146, -1.158537, -0.182927, 33.141762
7889174, 0.014893, -0.014404, 0.919189, 2.012195, -1.097561, -0.121951, 33.188824
7890808, 0.019531, -0.016846, 0.911133, 2.073171, -0.975610, -0.182927, 33.141762
7892441, 0.020264, -0.020996, 0.913086, 1.951220, -1.036585, -0.121951, 33.094704
7894075, 0.019531, -0.010986, 0.919189, 2.195122, -1.158537, -0.243902, 33.094704
7895708, 0.022217, -0.021484, 0.917725, 2.134146, -1.097561, -0.365854, 33.141762
7897341, 0.026855, -0.016602, 0.911621, 2.195122, -1.097561, -0.121951, 33.094704
7898975, 0.024658, -0.010254, 0.916504, 2.134146, -0.975610, -0.182927, 33.094704
7900615, 0.016113, -0.011230, 0.918701, 2.195122, -1.158537, -0.121951, 33.094704
7902248, 0.025879, -0.021729, 0.917725, 2.195122, -1.097561, -0.548781, 33.047646
7903882, 0.020020, -0.021729, 0.904785, 2.317073, -1.036585, -0.304878, 33.094704
7905516, 0.021973, -0.024902, 0.920654, 2.195122, -1.219512, -0.182927, 33.141762
7907149, 0.021729, -0.009277, 0.921875, 2.134146, -1.219512, -0.121951, 33.188824
7908782, 0.019531, -0.018555, 0.918457, 2.195122, -1.036585, -0.304878, 33.141762
7910416, 0.019287, -0.017578, 0.916016, 2.134146, -0.975610, -0.426829, 33.094704
7912049, 0.014404, -0.015137, 0.919189, 2.134146, -1.158537, -0.304878, 33.141762
7913683, 0.016357, -0.012939, 0.919189, 2.195122, -1.219512, -0.060976, 33.094704
7915316, 0.020020, -0.019531, 0.915283, 2.134146, -1.158537, -0.243902, 33.235882
7916949, 0.021240, -0.015869, 0.914551, 2.134146, -1.219512, -0.426829, 33.188824
7918583, 0.027832, -0.015381, 0.908447, 2.134146, -0.975610, -0.182927, 33.047646
7920216, 0.020264, -0.019287, 0.906494, 2.317073, -1.036585, -0.060976, 33.094704
7921850, 0.016846, -0.021729, 0.915527, 2.256098, -1.097561, -0.060976, 33.188824
7923483, 0.016602, -0.017090, 0.916016, 2.134146, -1.158537, -0.182927, 33.141762
7925117, 0.014160, -0.016846, 0.917236, 2.134146, -1.158537, -0.121951, 33.094704
7926751, 0.018799, -0.016602, 0.915771, 2.134146, -0.914634, -0.304878, 33.141762
7928384, 0.020020, -0.013184, 0.912598, 2.256098, -0.853659, -0.365854, 33.094704
7930007, 0.021240, -0.013672, 0.914307, 2.012195, -1.219512, -0.060976, 33.094704
7931641, 0.025391, -0.022217, 0.914795, 2.134146, -1.158537, -0.243902, 33.094704
7933274, 0.022949, -0.019775, 0.915771, 2.317073, -0.975610, -0.243902, 33.141762
7934908, 0.015625, -0.016846, 0.921631, 2.195122, -0.975610, -0.182927, 33.188824
7936541, 0.026611, -0.015381, 0.922852, 2.195122, -1.341463, -0.243902, 33.235882
7938174, 0.016113, -0.017822, 0.909912, 2.012195, -1.097561, -0.365854, 33.094704
7939808, 0.016357, -0.019287, 0.917236, 2.195122, -0.975610, -0.121951, 33.141762
7941441, 0.020264, -0.010254, 0.912842, 2.134146, -0.975610, -0.426829, 33.188824
7943075, 0.020020, -0.012939, 0.911621, 2.073171, -1.158537, -0.243902, 33.141762
7944708, 0.020752, -0.020508, 0.921631, 2.012195, -1.036585, -0.243902, 33.188824
7946341, 0.021729, -0.015869, 0.915771, 2.134146, -1.097561, -0.243902, 33.141762
7947975, 0.022217, -0.011230, 0.917725, 2.195122, -1.158537, -0.182927, 33.094704
7949615, 0.017822, -0.013428, 0.920410, 2.134146, -1.158537, -0.304878, 33.141762
7951248, 0.018555, -0.014648, 0.914307, 2.134146, -1.097561, -0.243902, 33.141762
7952882, 0.019043, -0.017822, 0.907959, 2.317073, -1.097561, -0.182927, 33.282940
7954516, 0.020508, -0.006592, 0.922363, 2.134146, -1.158537, -0.060976, 33.141762
7956149, 0.020020, -0.013184, 0.920654, 2.378049, -1.036585, -0.060976, 33.094704
7957782, 0.020020, -0.020508, 0.912598, 2.195122, -1.036585, -0.060976, 33.047646
7959416, 0.019287, -0.014893, 0.919189, 2.317073, -1.097561, 0.000000, 33.094704
7961049, 0.010498, -0.011475, 0.919189, 2.134146, -1.097561, -0.121951, 33.094704
7962683, 0.013184, -0.010986, 0.919678, 2.073171, -1.158537, -0.243902, 33.094704
7964316, 0.017822, -0.015869, 0.912354, 2.012195, -1.097561, -0.182927, 33.141762
7965949, 0.020752, -0.015625, 0.912109, 2.073171, -1.219512, -0.182927, 33.000587
7967583, 0.023682, -0.014404, 0.923340, 1.951220, -1.036585, -0.182927, 33.141762
7969216, 0.021729, -0.019531, 0.914062, 1.951220, -1.097561, -0.182927, 33.094704
7970850, 0.015137, -0.020264, 0.913086, 2.134146, -1.036585, -0.365854, 33.141762
7972483, 0.022949, -0.013428, 0.915039, 2.195122, -1.097561, -0.182927, 33.188824
7974117, 0.023682, -0.010010, 0.918213, 2.134146, -1.158537, -0.182927, 33.141762
7975751, 0.019287, -0.010010, 0.920410, 2.134146, -1.036585, -0.304878, 33.094704
7977384, 0.022949, -0.012939, 0.914795, 2.256098, -0.975610, -0.060976, 33.141762
7979007, 0.020996, -0.017090, 0.916748, 2.195122, -1.158537, 0.000000, 33.094704
7980641, 0.015137, -0.015625, 0.922363, 2.073171, -1.158537, -0.365854, 33.141762
7982274, 0.010742, -0.015381, 0.909424, 2.256098, -1.158537, -0.182927, 33.141762
7983908, 0.019287, -0.016846, 0.914062, 2.073171, -1.158537, -0.243902, 33.188824
7985541, 0.019531, -0.018066, 0.913330, 2.134146, -0.975610, -0.121951, 33.141762
7987174, 0.022217, -0.013916, 0.920654, 2.317073, -1.158537, -0.182927, 33.094704
7988808, 0.020996, -0.010742, 0.913330, 2.134146, -1.097561, -0.304878, 33.141762
7990441, 0.023926, -0.011230, 0.920654, 2.134146, -0.914634, -0.365854, 33.188824
7992075, 0.016113, -0.014893, 0.913330, 2.073171, -1.097561, -0.243902, 33.094704
7993708, 0.020996, -0.021240, 0.916504, 2.134146, -1.158537, 0.060976, 33.188824
7995341, 0.024170, -0.014648, 0.912354, 2.195122, -0.914634, -0.060976, 33.141762
7996975, 0.018311, -0.015625, 0.914307, 2.195122, -1.158537, -0.182927, 33.188824
7998615, 0.023682, -0.008789, 0.922607, 2.012195, -1.036585, -0.121951, 33.141762
8000248, 0.021973, -0.014648, 0.913818, 2.195122, -1.097561, -0.182927, 33.188824
8001882, 0.018555, -0.015381, 0.917725, 2.256098, -1.158537, -0.243902, 33.141762
8003516, 0.017578, -0.015625, 0.912354, 2.256098, -1.280488, -0.304878, 33.094704
8005149, 0.020264, -0.013184, 0.920410, 2.256098, -1.097561, -0.304878, 33.047646
8006782, 0.022705, -0.017822, 0.911377, 2.012195, -1.097561, -0.182927, 33.094704
8008416, 0.023682, -0.017334, 0.915527, 2.256098, -0.853659, -0.243902, 33.141762
8010049, 0.022949, -0.012695, 0.916016, 2.500000, -0.914634, -0.304878, 33.188824
8011683, 0.021484, -0.015869, 0.914551, 2.134146, -1.219512, -0.243902, 33.188824
8013316, 0.022217, -0.014648, 0.917725, 2.195122, -1.158537, -0.182927, 33.047646
8014949, 0.023926, -0.019775, 0.917236, 2.195122, -1.280488, -0.243902, 33.188824
8016583, 0.021484, -0.014404, 0.926270, 2.195122, -1.097561, -0.243902, 33.141762
8018216, 0.017578, -0.009766, 0.912109, 2.073171, -0.975610, 0.121951, 33.094704
8019850, 0.013672, -0.005371, 0.913086, 2.012195, -0.853659, -0.121951, 33.047646
8021483, 0.021729, -0.016602, 0.921143, 2.073171, -0.975610, -0.182927, 33.094704
8023117, 0.012695, -0.017578, 0.912598, 2.195122, -1.097561, -0.182927, 33.141762
8024751, 0.016357, -0.017578, 0.923828, 2.073171, -1.036585, -0.182927, 33.094704
8026384, 0.018311, -0.015137, 0.908203, 2.256098, -0.914634, 0.000000, 33.141762
8028007, 0.024902, -0.017822, 0.919678, 2.134146, -1.097561, 0.000000, 33.094704
8029641, 0.015625, -0.016113, 0.910400, 2.134146, -1.036585, -0.304878, 33.141762
8031274, 0.020020, -0.014893, 0.913818, 2.134146, -1.158537, -0.121951, 33.094704
8032908, 0.019043, -0.011963, 0.910645, 2.256098, -1.097561, -0.304878, 33.235882
8034541, 0.016602, -0.017578, 0.913574, 2.439024, -1.097561, -0.121951, 33.094704
8036174, 0.023193, -0.016846, 0.924072, 2.134146, -1.219512, -0.304878, 33.141762
8037808, 0.021240, -0.013916, 0.923340, 2.134146, -0.975610, -0.365854, 33.188824
8039441, 0.018066, -0.014160, 0.924561, 2.012195, -0.975610, -0.121951, 33.235882
8041075, 0.019287, -0.011230, 0.920898, 2.195122, -1.097561, -0.304878, 33.094704
8042708, 0.022461, -0.017334, 0.921143, 2.317073, -1.219512, -0.365854, 33.094704
8044341, 0.013672, -0.011475, 0.913574, 2.134146, -1.341463, -0.182927, 33.141762
8045975, 0.022705, -0.013672, 0.911621, 2.256098, -1.219512, -0.182927, 33.188824
8047615, 0.020508, -0.019775, 0.915039, 2.256098, -1.097561, -0.243902, 33.141762
8049248, 0.019775, -0.011230, 0.918945, 2.134146, -1.036585, -0.182927, 33.094704
8050882, 0.020020, -0.010498, 0.920898, 2.256098, -0.975610, -0.182927, 33.141762
8052516, 0.016357, -0.011963, 0.910645, 2.012195, -1.097561, -0.121951, 33.188824
8054149, 0.018555, -0.012207, 0.917480, 2.317073, -1.219512, -0.182927, 33.141762
8055782, 0.020020, -0.012451, 0.912598, 2.439024, -1.036585, -0.121951, 33.188824
8057416, 0.014160, -0.015381, 0.915771, 2.195122, -1.158537, -0.182927, 33.141762
8059049, 0.015625, -0.015625, 0.907959, 2.134146, -1.219512, -0.060976, 33.094704
8060683, 0.016113, -0.017334, 0.908203, 2.134146, -0.914634, -0.243902, 33.141762
8062316, 0.010254, -0.019775, 0.913818, 2.134146, -1.097561, -0.182927, 33.188824
8063949, 0.015625, -0.016113, 0.918457, 2.256098, -1.158537, 0.000000, 33.141762
8065583, 0.015625, -0.018066, 0.923828, 2.195122, -1.036585, -0.243902, 33.094704
8067216, 0.018066, -0.011719, 0.905273, 2.195122, -0.975610, -0.182927, 33.141762
8068850, 0.021240, -0.016113, 0.912109, 2.256098, -1.097561, -0.243902, 33.141762
8070483, 0.016602, -0.019287, 0.909424, 1.951220, -1.097561, -0.243902, 33.188824
8072117, 0.019043, -0.015625, 0.908936, 1.890244, -1.097561, -0.243902, 33.188824
8073751, 0.022705, -0.012451, 0.917725, 2.195122, -1.097561, -0.243902, 33.188824
8075384, 0.016113, -0.010254, 0.915527, 2.256098, -1.097561, -0.182927, 33.141762
8077007, 0.010254, -0.017822, 0.913086, 2.195122, -1.097561, -0.121951, 33.094704
8078641, 0.015381, -0.016846, 0.926025, 2.195122, -1.097561, -0.243902, 33.141762
8080274, 0.014648, -0.018066, 0.919922, 2.073171, -1.219512, -0.304878, 33.094704
8081908, 0.016113, -0.017822, 0.916260, 2.195122, -1.097561, -0.304878, 33.235882
8083541, 0.022217, -0.016846, 0.910645, 2.134146, -1.158537, -0.304878, 33.188824
8085174, 0.020020, -0.017578, 0.915039, 2.134146, -1.158537, -0.304878, 33.141762
8086808, 0.020752, -0.016846, 0.918457, 2.195122, -1.036585, -0.304878, 33.094704
8088441, 0.025879, -0.017822, 0.914551, 2.256098, -1.097561, -0.060976, 33.141762
8090075, 0.022949, -0.010498, 0.916504, 2.073171, -1.036585, -0.182927, 33.094704
8091708, 0.021240, -0.016113, 0.921387, 2.195122, -1.097561, -0.304878, 33.141762
8093341, 0.016113, -0.020996, 0.906738, 2.134146, -1.036585, -0.243902, 33.094704
8094975, 0.015137, -0.018311, 0.923828, 2.134146, -1.219512, -0.304878, 33.141762
8096615, 0.020996, -0.012207, 0.912354, 2.317073, -1.280488, -0.243902, 33.094704
8098248, 0.019043, -0.019287, 0.918457, 2.195122, -1.158537, -0.182927, 33.188824
8099882, 0.019043, -0.021973, 0.917236, 2.317073, -1.158537, -0.182927, 33.141762
8101516, 0.026611, -0.015137, 0.916504, 2.134146, -1.036585, -0.304878, 33.094704
8103149, 0.020996, -0.018311, 0.921387, 2.195122, -1.158537, -0.243902, 33.188824
8104782, 0.019775, -0.020996, 0.916260, 2.256098, -1.158537, -0.182927, 33.188824
8106416, 0.020508, -0.023193, 0.918701, 2.134146, -1.036585, -0.060976, 33.235882
8108049, 0.018799, -0.013184, 0.916016, 2.256098, -0.975610, -0.182927, 33.094704
8109683, 0.017334, -0.015869, 0.914551, 2.195122, -0.975610, -0.365854, 33.047646
8111316, 0.017822, -0.018555, 0.913818, 2.134146, -0.914634, -0.304878, 33.094704
8112949, 0.020020, -0.013916, 0.919434, 2.073171, -1.097561, -0.060976, 33.141762
8114583, 0.020996, -0.012207, 0.910156, 2.073171, -0.975610, -0.365854, 33.094704
8116216, 0.019287, -0.016602, 0.917236, 2.195122, -0.975610, -0.365854, 33.141762
8117850, 0.018311, -0.018555, 0.916016, 2.134146, -1.097561, -0.182927, 33.094704
8119483, 0.022217, -0.016846, 0.911133, 2.012195, -1.097561, -0.182927, 33.141762
8121117, 0.022217, -0.016846, 0.912354, 2.317073, -1.158537, -0.243902, 33.000587
8122751, 0.021729, -0.016357, 0.913574, 2.317073, -0.914634, -0.304878, 33.047646
8124384, 0.011475, -0.017822, 0.916260, 2.195122, -0.914634, -0.365854, 33.094704
8126007, 0.015137, -0.017090, 0.916260, 2.256098, -1.097561, -0.182927, 33.141762
8127641, 0.016113, -0.015381, 0.915039, 2.073171, -1.158537, -0.182927, 33.188824
8129274, 0.016846, -0.013428, 0.927246, 2.012195, -1.158537, -0.182927, 33.188824
8130908, 0.021729, -0.017578, 0.912109, 2.012195, -0.975610, -0.060976, 33.141762
8132541, 0.022705, -0.018311, 0.914795, 2.012195, -0.914634, -0.182927, 33.188824
8134174, 0.016846, -0.013184, 0.908691, 2.195122, -1.097561, -0.182927, 33.094704
8135808, 0.017334, -0.014404, 0.915039, 2.195122, -1.280488, -0.304878, 33.094704
8137441, 0.012207, -0.021240, 0.916260, 2.195122, -1.097561, -0.060976, 33.141762
8139075, 0.021729, -0.020264, 0.906982, 2.073171, -1.036585, -0.121951, 33.094704
8140708, 0.016357, -0.015137, 0.911133, 2.134146, -1.219512, -0.304878, 33.047646
8142341, 0.017822, -0.015137, 0.922119, 2.195122, -1.036585, -0.182927, 33.094704
8143975, 0.018799, -0.016846, 0.911133, 2.073171, -1.036585, -0.182927, 33.235882
8145615, 0.020264, -0.014648, 0.924805, 2.378049, -1.097561, -0.304878, 33.094704
8147248, 0.026367, -0.018311, 0.912354, 2.012195, -1.097561, -0.060976, 33.047646
8148882, 0.020264, -0.018311, 0.919678, 2.073171, -0.914634, -0.182927, 33.188824
8150516, 0.015625, -0.013428, 0.914062, 2.256098, -1.097561, 0.000000, 33.141762
8152149, 0.010742, -0.015869, 0.916504, 2.195122, -1.158537, -0.304878, 33.188824
8153782, 0.021973, -0.014404, 0.923584, 2.134146, -0.853659, -0.304878, 33.141762
8155416, 0.013916, -0.014893, 0.909668, 2.195122, -0.975610, -0.121951, 33.094704
8157049, 0.020996, -0.017090, 0.914307, 2.195122, -1.097561, -0.182927, 33.188824
8158683, 0.015869, -0.014648, 0.920410, 2.256098, -1.036585, -0.182927, 33.141762
8160316, 0.015381, -0.022461, 0.906982, 2.195122, -1.036585, -0.060976, 33.188824
8161949, 0.021729, -0.014648, 0.922363, 2.195122, -1.280488, -0.304878, 33.141762
8163583, 0.010742, -0.011475, 0.909912, 2.134146, -1.158537, -0.243902, 33.188824
8165216, 0.009766, -0.017822, 0.914795, 2.256098, -1.097561, -0.182927, 33.094704
8166850, 0.014404, -0.015625, 0.917725, 2.134146, -1.097561, -0.365854, 33.094704
8168483, 0.018311, -0.016113, 0.910645, 2.073171, -0.975610, -0.304878, 33.235882
8170117, 0.019043, -0.015137, 0.914551, 1.951220, -1.097561, -0.121951, 33.188824
8171751, 0.024658, -0.022705, 0.919434, 2.195122, -0.914634, -0.365854, 33.047646
8173384, 0.022949, -0.012207, 0.911377, 2.134146, -1.036585, -0.243902, 33.094704
8175007, 0.020020, -0.014648, 0.913086, 2.012195, -1.097561, -0.182927, 33.047646
8176641, 0.024414, -0.012939, 0.915039, 2.256098, -1.036585, -0.121951, 33.188824
8178274, 0.026367, -0.019043, 0.920410, 2.256098, -1.097561, -0.182927, 33.047646
8179908, 0.020020, -0.018555, 0.916260, 2.256098, -1.158537, -0.182927, 33.094704
8181541, 0.021484, -0.013916, 0.914551, 2.012195, -1.036585, -0.060976, 33.141762
8183174, 0.010498, -0.014893, 0.910889, 2.134146, -1.280488, -0.182927, 33.094704
8184808, 0.016113, -0.018066, 0.915527, 2.256098, -1.219512, 0.000000, 33.141762
8186441, 0.027344, -0.015625, 0.916260, 2.317073, -0.914634, -0.243902, 33.188824
8188075, 0.020508, -0.014648, 0.912598, 2.256098, -0.975610, -0.304878, 33.188824
8189708, 0.018799, -0.005615, 0.914062, 2.073171, -1.036585, -0.365854, 33.235882
8191341, 0.022949, -0.008789, 0.918945, 2.256098, -1.158537, -0.243902, 33.188824
8192975, 0.025879, -0.018066, 0.912598, 2.195122, -1.097561, -0.243902, 33.235882
8194615, 0.020020, -0.015869, 0.919678, 2.073171, -1.097561, -0.182927, 33.094704
8196248, 0.022949, -0.017090, 0.915527, 1.951220, -1.036585, -0.243902, 33.094704
8197882, 0.022217, -0.016602, 0.918457, 2.378049, -0.853659, -0.182927, 33.094704
8199516, 0.013428, -0.017334, 0.908447, 2.134146, -1.036585, -0.243902, 33.141762
8201149, 0.017578, -0.018799, 0.910156, 2.073171, -0.975610, -0.121951, 33.094704
8202782, 0.017334, -0.018311, 0.920654, 2.134146, -1.280488, -0.182927, 33.141762
8204416, 0.024658, -0.013428, 0.922607, 2.073171, -1.097561, -0.121951, 33.094704
8206049, 0.019531, -0.015869, 0.918457, 1.951220, -0.853659, -0.182927, 33.141762
8207683, 0.022461, -0.016113, 0.919678, 2.134146, -1.219512, -0.060976, 33.188824
8209316, 0.014893, -0.018311, 0.910889, 2.134146, -1.158537, -0.182927, 33.047646
8210949, 0.018799, -0.017090, 0.911377, 2.195122, -0.914634, -0.365854, 33.094704
8212583, 0.015137, -0.012695, 0.923096, 2.073171, -0.914634, -0.243902, 33.141762
8214216, 0.021240, -0.013184, 0.916748, 2.134146, -1.158537, -0.243902, 33.188824
8215850, 0.016357, -0.015137, 0.912842, 2.134146, -1.158537, -0.304878, 33.188824
8217483, 0.019531, -0.011963, 0.918945, 2.134146, -1.158537, -0.304878, 33.141762
8219117, 0.021973, -0.010498, 0.917480, 2.317073, -0.975610, -0.365854, 33.188824
8220751, 0.020264, -0.018311, 0.907959, 2.134146, -1.036585, -0.365854, 33.235882
8222384, 0.019043, -0.016846, 0.910400, 2.256098, -1.036585, -0.182927, 33.188824
8224007, 0.019043, -0.012695, 0.914551, 2.195122, -1.158537, -0.182927, 33.047646
8225641, 0.019531, -0.012939, 0.917725, 2.073171, -1.158537, -0.243902, 33.188824
8227274, 0.023682, -0.018066, 0.919922, 2.012195, -1.097561, -0.304878, 33.094704
8228908, 0.019287, -0.020508, 0.913818, 2.073171, -1.036585, -0.243902, 33.188824
8230541, 0.021240, -0.017334, 0.913330, 2.012195, -0.975610, -0.365854, 33.141762
8232174, 0.017334, -0.010010, 0.914307, 2.134146, -1.219512, -0.365854, 33.094704
8233808, 0.021484, -0.012207, 0.915283, 2.073171, -1.097561, -0.243902, 33.141762
8235441, 0.014160, -0.013428, 0.908936, 2.195122, -1.097561, -0.182927, 33.094704
8237075, 0.020264, -0.014160, 0.908936, 2.073171, -1.158537, -0.182927, 33.141762
8238708, 0.020264, -0.018311, 0.914551, 2.195122, -0.914634, 0.000000, 33.188824
8240341, 0.019043, -0.015381, 0.908936, 2.195122, -0.975610, -0.121951, 33.141762
8241975, 0.020020, -0.017822, 0.905518, 2.134146, -1.036585, -0.304878, 33.188824
8243615, 0.025635, -0.019043, 0.912598, 2.012195, -1.036585, -0.304878, 33.141762
8245248, 0.018555, -0.017578, 0.909424, 2.195122, -0.975610, 0.000000, 33.094704
8246882, 0.020996, -0.011475, 0.918945, 2.073171, -1.219512, -0.243902, 33.188824
8248516, 0.025879, -0.016846, 0.916016, 2.195122, -1.219512, -0.121951, 33.047646
8250149, 0.025635, -0.014648, 0.921631, 2.256098, -0.975610, -0.182927, 33.094704
8251782, 0.022217, -0.016602, 0.912598, 2.134146, -0.975610, -0.243902, 33.141762
8253416, 0.020020, -0.013672, 0.913086, 2.134146, -1.158537, -0.060976, 33.188824
8255049, 0.019531, -0.020996, 0.916992, 2.012195, -1.097561, -0.060976, 33.047646
8256683, 0.021973, -0.013916, 0.910156, 2.012195, -1.158537, -0.182927, 33.094704
8258316, 0.017822, -0.019043, 0.912842, 2.134146, -1.158537, -0.243902, 33.047646
8259949, 0.018555, -0.015869, 0.911621, 2.195122, -1.158537, -0.304878, 33.094704
8261583, 0.020020, -0.012207, 0.904785, 2.012195, -1.097561, -0.426829, 33.141762
8263216, 0.025391, -0.014893, 0.903564, 2.134146, -1.219512, -0.243902, 33.094704
8264850, 0.018311, -0.022461, 0.912354, 2.073171, -1.280488, -0.121951, 33.141762
8266483, 0.020264, -0.021973, 0.920898, 2.134146, -0.975610, -0.060976, 33.000587
8268117, 0.025879, -0.020264, 0.912109, 2.195122, -0.914634, -0.365854, 33.047646
8269751, 0.018799, -0.016113, 0.925293, 2.134146, -1.097561, -0.426829, 33.188824
8271384, 0.017334, -0.019287, 0.911377, 2.134146, -1.280488, -0.365854, 33.235882
8273007, 0.018799, -0.018799, 0.913818, 2.073171, -1.097561, -0.182927, 33.094704
8274641, 0.020752, -0.010986, 0.915771, 1.951220, -1.036585, -0.182927, 33.141762
8276274, 0.018799, -0.015625, 0.912109, 2.134146, -1.219512, -0.121951, 33.094704
8277908, 0.017090, -0.019043, 0.919922, 2.073171, -1.158537, -0.182927, 33.188824
8279541, 0.012939, -0.016113, 0.923096, 2.195122, -1.219512, -0.365854, 33.141762
8281174, 0.016357, -0.017334, 0.909180, 2.195122, -1.158537, -0.182927, 33.094704
8282808, 0.014160, -0.017334, 0.909668, 2.134146, -1.097561, -0.182927, 33.047646
8284441, 0.019775, -0.013184, 0.914795, 2.256098, -1.219512, -0.121951, 33.188824
8286075, 0.024902, -0.014893, 0.908691, 2.195122, -1.036585, -0.121951, 33.047646
8287708, 0.016602, -0.010742, 0.928467, 2.256098, -1.219512, -0.304878, 33.188824
8289341, 0.019775, -0.017822, 0.910889, 2.378049, -1.219512, -0.121951, 33.141762
8290975, 0.019287, -0.021240, 0.912109, 2.134146, -0.975610, -0.182927, 33.188824
8292615, 0.016846, -0.015381, 0.913086, 2.317073, -1.158537, -0.243902, 33.235882
8294248, 0.018066, -0.016113, 0.909424, 2.317073, -1.097561, -0.182927, 33.188824
8295882, 0.017822, -0.019043, 0.925049, 2.073171, -1.097561, -0.365854, 33.141762
8297516, 0.023438, -0.019531, 0.915283, 2.073171, -1.219512, -0.304878, 33.094704
8299149, 0.011963, -0.021484, 0.916260, 2.073171, -1.036585, -0.243902, 33.235882
8300782, 0.022461, -0.010498, 0.912842, 2.073171, -1.036585, -0.121951, 33.094704
8302416, 0.017578, -0.013672, 0.918213, 2.012195, -0.914634, -0.243902, 33.141762
8304049, 0.008789, -0.013916, 0.916260, 2.073171, -1.280488, -0.121951, 33.047646
8305683, 0.021240, -0.015869, 0.907227, 2.073171, -0.975610, -0.182927, 33.188824
8307316, 0.024170, -0.015869, 0.911865, 2.439024, -0.975610, -0.243902, 33.094704
8308949, 0.015869, -0.015625, 0.922119, 2.256098, -0.975610, -0.182927, 33.094704
8310583, 0.016846, -0.013672, 0.915527, 2.256098, -0.975610, -0.243902, 33.141762
8312216, 0.017090, -0.013916, 0.919189, 2.195122, -1.158537, -0.060976, 33.094704
8313850, 0.017578, -0.017578, 0.911621, 2.012195, -1.280488, -0.121951, 33.235882
8315483, 0.022461, -0.013428, 0.915039, 2.073171, -1.219512, -0.243902, 33.094704
8317117, 0.024902, -0.016602, 0.920410, 2.073171, -1.158537, -0.182927, 33.141762
8318751, 0.017822, -0.017334, 0.913086, 2.256098, -1.158537, -0.182927, 33.188824
8320384, 0.020996, -0.017578, 0.908447, 2.256098, -1.036585, -0.365854, 33.141762
8322007, 0.021484, -0.018555, 0.913330, 2.073171, -0.914634, -0.243902, 33.094704
8323641, 0.017578, -0.015381, 0.918457, 2.134146, -1.097561, -0.243902, 33.235882
8325274, 0.016602, -0.016113, 0.917480, 2.256098, -1.036585, -0.304878, 33.188824
8326908, 0.017822, -0.015137, 0.921631, 2.317073, -1.036585, -0.243902, 33.141762
8328541, 0.018799, -0.008789, 0.913086, 2.256098, -1.097561, -0.121951, 33.188824
8330174, 0.010742, -0.015869, 0.918457, 1.951220, -0.975610, -0.121951, 33.047646
8331808, 0.022217, -0.013672, 0.921387, 2.134146, -0.975610, -0.182927, 33.094704
8333441, 0.020020, -0.021729, 0.925293, 2.317073, -0.975610, -0.243902, 33.235882
8335075, 0.018311, -0.013672, 0.918945, 2.256098, -0.975610, -0.304878, 33.141762
8336708, 0.020508, -0.017090, 0.918945, 2.256098, -1.036585, -0.426829, 33.188824
8338341, 0.022217, -0.018066, 0.917236, 2.195122, -1.036585, -0.304878, 33.094704
8339975, 0.020752, -0.020020, 0.911621, 2.073171, -1.097561, -0.121951, 33.188824
8341615, 0.016357, -0.018066, 0.914307, 2.378049, -1.036585, -0.182927, 33.141762
8343248, 0.020020, -0.022949, 0.915039, 2.378049, -1.158537, -0.121951, 33.000587
8344882, 0.022217, -0.018066, 0.915283, 2.317073, -0.975610, -0.365854, 33.141762
8346516, 0.023682, -0.019287, 0.921631, 2.134146, -1.036585, -0.304878, 33.094704
8348149, 0.025879, -0.016357, 0.915527, 2.012195, -0.914634, -0.243902, 33.047646
8349782, 0.025879, -0.013672, 0.919189, 2.134146, -1.036585, -0.182927, 33.188824
8351416, 0.019775, -0.015137, 0.917969, 2.073171, -1.036585, -0.060976, 33.141762
8353049, 0.023438, -0.014404, 0.921631, 2.317073, -1.219512, -0.182927, 33.188824
8354683, 0.022949, -0.015381, 0.913330, 2.256098, -1.097561, -0.060976, 33.141762
8356316, 0.019775, -0.020264, 0.912354, 2.195122, -1.219512, -0.304878, 33.094704
8357949, 0.016602, -0.020752, 0.916260, 2.012195, -1.097561, -0.243902, 33.141762
8359583, 0.019775, -0.020020, 0.915039, 2.073171, -1.036585, -0.243902, 33.094704
8361216, 0.023926, -0.014893, 0.910400, 2.134146, -0.792683, -0.243902, 33.047646
8362850, 0.012939, -0.014404, 0.921387, 2.134146, -1.158537, -0.304878, 33.141762
8364483, 0.018799, -0.014893, 0.913818, 2.134146, -1.158537, -0.121951, 33.188824
8366117, 0.016357, -0.015869, 0.907715, 2.195122, -1.036585, -0.243902, 33.047646
8367751, 0.023193, -0.017090, 0.911621, 2.012195, -1.097561, -0.304878, 33.188824
8369384, 0.020996, -0.022949, 0.915527, 2.073171, -0.792683, -0.182927, 33.188824
8371007, 0.019043, -0.015625, 0.916016, 2.378049, -0.975610, -0.243902, 33.094704
8372641, 0.022461, -0.017090, 0.910156, 2.134146, -0.975610, -0.121951, 33.141762
8374274, 0.029297, -0.015869, 0.907227, 2.317073, -1.036585, -0.182927, 33.094704
8375908, 0.017822, -0.019775, 0.923340, 2.195122, -1.219512, -0.243902, 33.235882
8377541, 0.017578, -0.015869, 0.915283, 2.134146, -1.097561, -0.121951, 33.094704
8379174, 0.022217, -0.021973, 0.911621, 2.195122, -1.036585, -0.243902, 33.141762
8380808, 0.019287, -0.015381, 0.915771, 2.195122, -1.036585, -0.243902, 33.094704
8382441, 0.018555, -0.015869, 0.916504, 2.012195, -1.097561, -0.121951, 33.141762
8384075, 0.016602, -0.018311, 0.915283, 2.012195, -1.097561, -0.182927, 33.188824
8385708, 0.019775, -0.018066, 0.916504, 2.073171, -0.975610, -0.060976, 33.141762
8387341, 0.023682, -0.010742, 0.919922, 2.195122, -1.158537, -0.182927, 33.188824
8388975, 0.012939, -0.018311, 0.918457, 2.134146, -0.975610, -0.121951, 33.235882
8390615, 0.017822, -0.014160, 0.910889, 2.073171, -1.097561, -0.243902, 33.094704
8392248, 0.021484, -0.017822, 0.919922, 2.256098, -1.097561, -0.365854, 33.188824
8393882, 0.018799, -0.022705, 0.917480, 2.073171, -1.036585, -0.243902, 33.141762
8395516, 0.012207, -0.021240, 0.913086, 2.012195, -0.853659, -0.182927, 33.000587
8397149, 0.017090, -0.017090, 0.917969, 2.134146, -1.036585, -0.243902, 33.141762
8398782, 0.015137, -0.018799, 0.918213, 2.195122, -0.975610, -0.365854, 33.188824
8400416, 0.020508, -0.013672, 0.917725, 2.195122, -1.158537, -0.121951, 33.094704
8402049, 0.023926, -0.016602, 0.917725, 2.256098, -1.219512, -0.121951, 33.188824
8403683, 0.018311, -0.015381, 0.911865, 1.951220, -1.158537, -0.060976, 33.141762
8405316, 0.015869, -0.014404, 0.914795, 2.317073, -1.158537, -0.304878, 33.094704
8406949, 0.017090, -0.019531, 0.916016, 2.256098, -1.280488, -0.243902, 33.141762
8408583, 0.020752, -0.013428, 0.921875, 2.317073, -1.402439, -0.304878, 33.094704
8410216, 0.020020, -0.014893, 0.921631, 2.134146, -0.975610, -0.365854, 33.141762
8411850, 0.015381, -0.019287, 0.911133, 2.073171, -0.914634, -0.304878, 33.188824
8413483, 0.022949, -0.013428, 0.910156, 2.195122, -1.219512, -0.121951, 33.141762
8415117, 0.018066, -0.020020, 0.915039, 2.012195, -1.219512, -0.243902, 33.188824
8416751, 0.021729, -0.016357, 0.919678, 2.073171, -1.158537, -0.304878, 33.141762
8418384, 0.020508, -0.013672, 0.923828, 2.317073, -1.158537, -0.243902, 33.188824
8420007, 0.017090, -0.019531, 0.917236, 2.134146, -1.097561, -0.182927, 33.141762
8421641, 0.011475, -0.017822, 0.920410, 2.195122, -1.097561, -0.243902, 33.094704
8423274, 0.015381, -0.017334, 0.922363, 2.256098, -0.975610, -0.365854, 33.094704
8424908, 0.021973, -0.016357, 0.919434, 2.317073, -1.097561, -0.121951, 33.141762
8426541, 0.021240, -0.012939, 0.908447, 2.134146, -1.158537, -0.060976, 33.188824
8428174, 0.018555, -0.018555, 0.906250, 2.134146, -1.158537, -0.182927, 33.047646
8429808, 0.018799, -0.016602, 0.914307, 2.134146, -0.975610, -0.182927, 33.188824
8431441, 0.022949, -0.017822, 0.913574, 2.073171, -1.280488, -0.304878, 33.188824
8433075, 0.018799, -0.023193, 0.907471, 2.073171, -1.097561, -0.426829, 33.094704
8434708, 0.020508, -0.017090, 0.916260, 2.134146, -0.914634, -0.487805, 33.141762
8436341, 0.016357, -0.011230, 0.909180, 2.134146, -1.219512, -0.060976, 33.188824
8437975, 0.020264, -0.016113, 0.924805, 2.073171, -0.975610, -0.243902, 33.141762
8439615, 0.022217, -0.018311, 0.920654, 2.073171, -1.097561, -0.426829, 33.094704
8441248, 0.022217, -0.014648, 0.919189, 2.195122, -1.158537, -0.182927, 33.141762
8442882, 0.016113, -0.017822, 0.915771, 2.073171, -1.097561, -0.304878, 33.188824
8444516, 0.015869, -0.016846, 0.916016, 2.134146, -1.097561, -0.426829, 33.141762
8446149, 0.025879, -0.017090, 0.920410, 2.073171, -1.219512, -0.304878, 33.188824
8447782, 0.017090, -0.021729, 0.903076, 2.195122, -1.341463, -0.243902, 33.141762
8449416, 0.021729, -0.019043, 0.914551, 2.134146, -1.158537, -0.060976, 33.094704
8451049, 0.016602, -0.011230, 0.927734, 2.256098, -1.036585, -0.121951, 33.188824
8452683, 0.020020, -0.013428, 0.915771, 2.073171, -1.097561, -0.060976, 33.235882
8454316, 0.023438, -0.020752, 0.914551, 2.256098, -1.158537, -0.060976, 33.188824
8455949, 0.018311, -0.015869, 0.918213, 2.256098, -1.280488, -0.182927, 33.235882
8457583, 0.019287, -0.013916, 0.915771, 2.134146, -1.036585, -0.182927, 33.094704
8459216, 0.020996, -0.017822, 0.920410, 2.012195, -1.097561, -0.243902, 33.141762
8460850, 0.015625, -0.021240, 0.915039, 2.134146, -1.097561, -0.182927, 33.188824
8462483, 0.020996, -0.008789, 0.919189, 2.195122, -0.975610, -0.182927, 33.141762
8464117, 0.020996, -0.010498, 0.918701, 2.195122, -0.853659, -0.365854, 33.000587
8465751, 0.013672, -0.016846, 0.911133, 2.195122, -1.158537, -0.182927, 33.047646
8467384, 0.015869, -0.018311, 0.911621, 2.134146, -0.975610, -0.365854, 33.094704
8469007, 0.010010, -0.018066, 0.917480, 2.134146, -1.097561, -0.365854, 33.141762
8470641, 0.015869, -0.014648, 0.914551, 2.073171, -0.975610, -0.365854, 33.094704
8472274, 0.024658, -0.013184, 0.909424, 2.073171, -1.158537, -0.304878, 33.141762
8473908, 0.019287, -0.010986, 0.915283, 2.012195, -0.975610, -0.060976, 33.094704
8475541, 0.015625, -0.017334, 0.922607, 2.195122, -0.975610, -0.182927, 33.141762
8477174, 0.020752, -0.014648, 0.920166, 2.134146, -1.158537, -0.182927, 33.188824
8478808, 0.016113, -0.012939, 0.911865, 2.134146, -1.219512, -0.182927, 33.141762
8480441, 0.020020, -0.015381, 0.911377, 1.951220, -1.158537, -0.243902, 33.188824
8482075, 0.017578, -0.020996, 0.916504, 2.073171, -1.097561, -0.182927, 33.188824
8483708, 0.020020, -0.021484, 0.910400, 2.256098, -1.097561, -0.121951, 33.141762
8485341, 0.021973, -0.013916, 0.922363, 2.256098, -1.158537, -0.243902, 33.188824
8486975, 0.017822, -0.019531, 0.907715, 2.073171, -0.914634, -0.243902, 33.047646
8488615, 0.018799, -0.013916, 0.915527, 2.378049, -1.097561, -0.182927, 33.094704
8490248, 0.025391, -0.011475, 0.917236, 2.134146, -1.097561, 0.000000, 33.141762
8491882, 0.018799, -0.015381, 0.918701, 2.073171, -0.914634, -0.060976, 33.094704
8493516, 0.019043, -0.015869, 0.920898, 2.195122, -1.219512, -0.182927, 33.141762
8495149, 0.019043, -0.014404, 0.916016, 2.256098, -1.341463, -0.243902, 33.094704
8496782, 0.014648, -0.015381, 0.911377, 1.951220, -0.975610, -0.121951, 33.141762
8498416, 0.022949, -0.020752, 0.913818, 2.073171, -1.036585, -0.304878, 33.188824
8500049, 0.014648, -0.015869, 0.911133, 2.012195, -1.158537, -0.243902, 33.235882
8501683, 0.020264, -0.015381, 0.911377, 2.134146, -1.036585, -0.182927, 33.282940
8503316, 0.022461, -0.007324, 0.918213, 2.012195, -1.036585, -0.182927, 33.141762
8504949, 0.018799, -0.014160, 0.920410, 1.951220, -1.097561, -0.365854, 33.094704
8506583, 0.018311, -0.013428, 0.917236, 2.256098, -0.792683, -0.365854, 33.141762
8508216, 0.019043, -0.020508, 0.914795, 2.317073, -1.219512, -0.182927, 33.188824
8509850, 0.020020, -0.012695, 0.915527, 2.134146, -1.097561, -0.243902, 33.094704
8511483, 0.017822, -0.018799, 0.919434, 2.073171, -1.219512, -0.243902, 33.188824
8513117, 0.018311, -0.019043, 0.923828, 2.195122, -1.219512, -0.365854, 33.188824
8514751, 0.021484, -0.013672, 0.921143, 2.378049, -1.036585, -0.548781, 33.141762
8516384, 0.020752, -0.011719, 0.915039, 2.073171, -1.097561, -0.243902, 33.188824
8518007, 0.015869, -0.013916, 0.920654, 2.012195, -1.036585, -0.182927, 33.141762
8519641, 0.022949, -0.017578, 0.914551, 2.012195, -1.097561, -0.243902, 33.188824
8521274, 0.016357, -0.014160, 0.915283, 2.256098, -1.036585, -0.182927, 33.141762
8522908, 0.018311, -0.024658, 0.907471, 2.256098, -1.097561, -0.121951, 33.094704
8524541, 0.015869, -0.016357, 0.919922, 2.073171, -1.036585, -0.365854, 33.141762
8526174, 0.024658, -0.019287, 0.917725, 2.073171, -1.097561, -0.365854, 33.188824
8527808, 0.018799, -0.008789, 0.915527, 2.012195, -1.097561, -0.304878, 33.141762
8529441, 0.011475, -0.013428, 0.912598, 1.951220, -1.280488, 0.000000, 33.094704
8531075, 0.013428, -0.016602, 0.923096, 2.195122, -0.975610, -0.243902, 33.141762
8532708, 0.013428, -0.012451, 0.922119, 2.195122, -0.853659, -0.304878, 33.188824
8534341, 0.017578, -0.016602, 0.919678, 2.012195, -1.036585, -0.243902, 33.141762
8535975, 0.013916, -0.020752, 0.909668, 2.195122, -1.158537, -0.060976, 33.188824
8537615, 0.011963, -0.014893, 0.920166, 2.134146, -1.158537, -0.243902, 33.141762
8539248, 0.016846, -0.012939, 0.911377, 2.012195, -1.036585, -0.182927, 33.235882
8540882, 0.020752, -0.008301, 0.912842, 2.134146, -0.792683, -0.243902, 33.094704
8542516, 0.012695, -0.013916, 0.918457, 2.073171, -1.097561, -0.304878, 33.188824
8544149, 0.015625, -0.019043, 0.911865, 2.134146, -1.036585, -0.365854, 33.094704
8545782, 0.018311, -0.017334, 0.907959, 2.073171, -1.036585, -0.487805, 33.141762
8547416, 0.018555, -0.019531, 0.913818, 2.195122, -1.158537, -0.243902, 33.188824
8549049, 0.018555, -0.009033, 0.910400, 2.134146, -1.036585, -0.121951, 33.141762
8550683, 0.019043, -0.015625, 0.917236, 2.256098, -0.914634, -0.304878, 33.188824
8552316, 0.018555, -0.016846, 0.913330, 2.073171, -0.853659, -0.182927, 33.141762
8553949, 0.017334, -0.015625, 0.911621, 2.195122, -0.914634, -0.243902, 33.188824
8555583, 0.020508, -0.013428, 0.911377, 2.073171, -1.097561, -0.182927, 33.047646
8557216, 0.022217, -0.018066, 0.908447, 1.951220, -0.853659, -0.060976, 33.188824
8558850, 0.010986, -0.014893, 0.906982, 2.134146, -1.097561, -0.304878, 33.141762
8560483, 0.011475, -0.017578, 0.912109, 2.073171, -1.097561, -0.304878, 33.188824
8562117, 0.019287, -0.020020, 0.920166, 2.195122, -0.975610, 0.060976, 33.141762
8563751, 0.014893, -0.017822, 0.917236, 2.134146, -1.158537, -0.182927, 33.188824
8565384, 0.014648, -0.015381, 0.911133, 2.134146, -1.097561, -0.182927, 33.141762
8567007, 0.016113, -0.012939, 0.920166, 2.195122, -1.158537, 0.000000, 33.141762
8568641, 0.022461, -0.011230, 0.909668, 2.073171, -1.158537, 0.060976, 33.141762
8570274, 0.016846, -0.017334, 0.913818, 2.134146, -1.036585, -0.304878, 33.141762
8571908, 0.016357, -0.015625, 0.911865, 2.073171, -1.219512, -0.243902, 33.094704
8573541, 0.017334, -0.016357, 0.904053, 2.256098, -1.219512, -0.060976, 33.094704
8575174, 0.020752, -0.011230, 0.927490, 2.134146, -1.158537, -0.060976, 33.094704
8576808, 0.015137, -0.015869, 0.916016, 2.195122, -1.158537, -0.243902, 33.141762
8578441, 0.013184, -0.014893, 0.921631, 2.134146, -1.158537, -0.121951, 33.188824
8580075, 0.020996, -0.013916, 0.911133, 2.073171, -1.219512, -0.121951, 33.047646
8581708, 0.017090, -0.017578, 0.913330, 2.134146, -1.219512, -0.304878, 33.188824
8583341, 0.017578, -0.016602, 0.911133, 1.951220, -0.670732, -0.182927, 33.141762
8584975, 0.016846, -0.014404, 0.921631, 2.012195, -0.975610, -0.182927, 33.188824
8586615, 0.019531, -0.015625, 0.916504, 2.073171, -1.036585, -0.243902, 33.141762
8588248, 0.018799, -0.011230, 0.917480, 2.134146, -1.158537, -0.121951, 33.094704
8589882, 0.016846, -0.014404, 0.916260, 2.439024, -1.097561, -0.121951, 33.141762
8591516, 0.021484, -0.018555, 0.922852, 2.256098, -0.914634, -0.243902, 33.188824
8593149, 0.019531, -0.018066, 0.913086, 2.134146, -1.097561, -0.182927, 33.141762
8594782, 0.019043, -0.013916, 0.924316, 2.073171, -1.219512, -0.182927, 33.094704
8596416, 0.021973, -0.015625, 0.917480, 2.134146, -1.280488, -0.060976, 33.141762
8598049, 0.020752, -0.020996, 0.920898, 2.256098, -1.280488, -0.182927, 33.047646
8599683, 0.017090, -0.014893, 0.916992, 2.256098, -1.036585, -0.243902, 33.188824
8601316, 0.019043, -0.014893, 0.919678, 2.073171, -0.914634, -0.243902, 33.235882
8602949, 0.021484, -0.019531, 0.925781, 2.012195, -0.975610, -0.121951, 33.188824
8604583, 0.019287, -0.024902, 0.921631, 2.073171, -0.975610, -0.243902, 33.188824
8606216, 0.015625, -0.016846, 0.912109, 1.951220, -1.036585, -0.426829, 33.094704
8607850, 0.018311, -0.012939, 0.920654, 1.951220, -0.853659, -0.182927, 33.047646
8609483, 0.017822, -0.016846, 0.910645, 2.195122, -1.097561, -0.304878, 33.094704
8611117, 0.019043, -0.014648, 0.922119, 2.012195, -1.097561, -0.243902, 33.141762
8612751, 0.020508, -0.012939, 0.913818, 2.012195, -1.097561, -0.182927, 33.188824
8614384, 0.018311, -0.013428, 0.916992, 2.012195, -1.097561, -0.365854, 33.141762
8616007, 0.023438, -0.013672, 0.914307, 1.829268, -1.158537, -0.121951, 33.188824
8617641, 0.030029, -0.018311, 0.913818, 2.195122, -0.975610, -0.060976, 33.047646
8619274, 0.025635, -0.021240, 0.915039, 2.256098, -1.097561, -0.121951, 33.188824
8620908, 0.024902, -0.018555, 0.912354, 2.134146, -0.914634, -0.182927, 33.141762
8622541, 0.021729, -0.018066, 0.907471, 2.134146, -1.097561, -0.304878, 33.188824
8624174, 0.019043, -0.013672, 0.916260, 2.134146, -0.975610, -0.243902, 33.141762
8625808, 0.020264, -0.013428, 0.909424, 2.134146, -0.914634, -0.182927, 33.188824
8627441, 0.018311, -0.019043, 0.916504, 2.195122, -1.097561, -0.182927, 33.235882
8629075, 0.016602, -0.012939, 0.925293, 2.134146, -1.097561, -0.121951, 33.141762
8630708, 0.021240, -0.015869, 0.913330, 2.256098, -0.792683, -0.121951, 33.094704
8632341, 0.021973, -0.018799, 0.916504, 2.195122, -1.097561, -0.365854, 33.141762
8633975, 0.023682, -0.020996, 0.920410, 2.134146, -1.097561, -0.365854, 33.094704
8635615, 0.021240, -0.018799, 0.920898, 2.012195, -1.097561, -0.243902, 33.094704
8637248, 0.019287, -0.020996, 0.908447, 2.073171, -1.097561, -0.426829, 33.188824
8638882, 0.019775, -0.009033, 0.912598, 2.195122, -0.975610, -0.426829, 33.141762
8640516, 0.023193, -0.019043, 0.910645, 2.073171, -1.097561, -0.304878, 33.094704
8642149, 0.022705, -0.020020, 0.922607, 1.951220, -0.975610, -0.121951, 33.141762
8643782, 0.019531, -0.015625, 0.925293, 2.012195, -0.914634, -0.243902, 33.188824
8645416, 0.023682, -0.020752, 0.910889, 2.134146, -0.975610, -0.243902, 33.047646
8647049, 0.021240, -0.015381, 0.921143, 2.256098, -0.792683, -0.243902, 33.094704
8648683, 0.020752, -0.018799, 0.912109, 2.134146, -1.097561, -0.182927, 33.141762
8650316, 0.014160, -0.014404, 0.917725, 2.073171, -1.158537, -0.365854, 33.188824
8651949, 0.022217, -0.015869, 0.909912, 2.134146, -1.036585, -0.365854, 33.047646
8653583, 0.021240, -0.023438, 0.915283, 2.256098, -1.036585, -0.426829, 33.188824
8655216, 0.025391, -0.018311, 0.914551, 1.951220, -1.097561, -0.182927, 33.141762
8656850, 0.022949, -0.010498, 0.918213, 2.073171, -1.036585, -0.365854, 33.235882
8658483, 0.025635, -0.013428, 0.920654, 2.317073, -1.097561, -0.243902, 33.094704
8660117, 0.018799, -0.014160, 0.917236, 1.951220, -0.914634, -0.304878, 33.141762
8661751, 0.024170, -0.019775, 0.918701, 2.073171, -0.975610, -0.182927, 33.094704
8663384, 0.021973, -0.021729, 0.924316, 2.134146, -0.914634, -0.243902, 33.141762
8665007, 0.021240, -0.015869, 0.907227, 2.195122, -0.975610, -0.121951, 33.094704
8666641, 0.018555, -0.016113, 0.909180, 2.195122, -1.036585, -0.182927, 33.188824
8668274, 0.021484, -0.015137, 0.915527, 2.195122, -1.097561, -0.365854, 33.094704
8669908, 0.019775, -0.007812, 0.918701, 2.195122, -0.975610, -0.243902, 33.141762
8671541, 0.022217, -0.015381, 0.919678, 2.073171, -0.914634, -0.121951, 33.094704
8673174, 0.020996, -0.010742, 0.922119, 2.134146, -1.036585, -0.243902, 33.047646
8674808, 0.028320, -0.016846, 0.911621, 2.073171, -1.036585, -0.121951, 33.188824
8676441, 0.026123, -0.012451, 0.920166, 2.073171, -1.097561, -0.121951, 33.141762
8678075, 0.015137, -0.010986, 0.911133, 2.134146, -1.097561, -0.304878, 33.188824
8679708, 0.016602, -0.015625, 0.918213, 2.256098, -1.036585, -0.304878, 33.141762
8681341, 0.021484, -0.015869, 0.915771, 2.195122, -1.036585, -0.243902, 33.188824
8682975, 0.017822, -0.019287, 0.924561, 2.134146, -1.219512, -0.060976, 33.141762
8684615, 0.021240, -0.014404, 0.919678, 2.012195, -0.914634, -0.182927, 33.188824
8686248, 0.018799, -0.015137, 0.916504, 2.134146, -1.036585, -0.243902, 33.094704
8687882, 0.024170, -0.016113, 0.909180, 2.195122, -1.097561, -0.365854, 33.235882
8689516, 0.023438, -0.013184, 0.910400, 2.256098, -0.975610, -0.243902, 33.188824
8691149, 0.020996, -0.015137, 0.917236, 2.256098, -0.914634, -0.365854, 33.141762
8692782, 0.022461, -0.018555, 0.914551, 2.256098, -1.219512, -0.182927, 33.282940
8694416, 0.017822, -0.018066, 0.909912, 2.134146, -1.097561, -0.182927, 33.141762
8696049, 0.016602, -0.017822, 0.912598, 2.195122, -1.097561, -0.304878, 33.188824
8697683, 0.025146, -0.017090, 0.914062, 2.134146, -1.158537, -0.243902, 33.141762
8699316, 0.025879, -0.012939, 0.920898, 2.073171, -0.975610, -0.182927, 33.188824
8700949, 0.019775, -0.015869, 0.914795, 1.951220, -0.914634, -0.243902, 33.235882
8702583, 0.013672, -0.014893, 0.920166, 2.012195, -1.097561, -0.182927, 33.188824
8704216, 0.017578, -0.019043, 0.909668, 2.134146, -1.036585, -0.243902, 33.235882
8705850, 0.021729, -0.014404, 0.922119, 2.195122, -0.914634, -0.304878, 33.188824
8707483, 0.021240, -0.016113, 0.913574, 2.134146, -1.097561, -0.121951, 33.141762
8709117, 0.020508, -0.016602, 0.919434, 2.134146, -1.097561, -0.182927, 33.094704
8710751, 0.021240, -0.013916, 0.915039, 2.073171, -1.158537, -0.426829, 33.235882
8712384, 0.024658, -0.015869, 0.923096, 2.256098, -1.036585, -0.121951, 33.094704
8714007, 0.017578, -0.010498, 0.917969, 2.073171, -1.097561, -0.304878, 33.094704
8715641, 0.017334, -0.016846, 0.922119, 2.134146, -1.036585, -0.304878, 33.094704
8717274, 0.023193, -0.017090, 0.919678, 2.195122, -1.158537, -0.182927, 33.094704
8718908, 0.014160, -0.015137, 0.920166, 2.073171, -1.036585, -0.304878, 33.141762
8720541, 0.019775, -0.013428, 0.917969, 2.012195, -1.036585, -0.304878, 33.188824
8722174, 0.015625, -0.014160, 0.924072, 2.134146, -0.975610, -0.304878, 33.047646
8723808, 0.020264, -0.015869, 0.917725, 1.951220, -0.975610, -0.304878, 33.188824
8725441, 0.025879, -0.008057, 0.913086, 2.073171, -1.219512, -0.182927, 33.141762
8727075, 0.025391, -0.010986, 0.915039, 2.073171, -1.341463, -0.304878, 33.188824
8728708, 0.016357, -0.016846, 0.919922, 2.134146, -0.792683, -0.243902, 33.141762
8730341, 0.022949, -0.021973, 0.921143, 2.073171, -0.853659, -0.060976, 33.188824
8731975, 0.016113, -0.017822, 0.918945, 2.012195, -1.036585, -0.182927, 33.141762
8733615, 0.016357, -0.014893, 0.921631, 2.073171, -1.036585, -0.182927, 33.188824
8735248, 0.024902, -0.012939, 0.924316, 2.073171, -1.036585, -0.243902, 33.141762
8736882, 0.017578, -0.015137, 0.906250, 2.134146, -0.975610, -0.182927, 33.094704
8738516, 0.018066, -0.009521, 0.907959, 2.073171, -1.036585, -0.182927, 33.235882
8740149, 0.011230, -0.015869, 0.908203, 2.134146, -1.036585, -0.060976, 33.188824
8741782, 0.019531, -0.017334, 0.918945, 2.134146, -0.853659, -0.121951, 33.141762
8743416, 0.018799, -0.021973, 0.923828, 2.195122, -1.097561, -0.121951, 33.094704
8745049, 0.017822, -0.019287, 0.912109, 2.134146, -1.158537, -0.121951, 33.094704
8746683, 0.015381, -0.014648, 0.911621, 2.134146, -1.219512, -0.121951, 33.188824
8748316, 0.018555, -0.012695, 0.920898, 2.195122, -1.219512, -0.182927, 33.094704
8749949, 0.017822, -0.015869, 0.922607, 2.134146, -1.158537, -0.060976, 33.141762
8751583, 0.019043, -0.015381, 0.918945, 2.073171, -0.914634, -0.243902, 33.094704
8753216, 0.023193, -0.011230, 0.913818, 2.012195, -0.853659, -0.182927, 33.141762
8754850, 0.011719, -0.015137, 0.915527, 2.073171, -0.975610, -0.304878, 33.094704
8756483, 0.016846, -0.015381, 0.908936, 2.317073, -1.097561, -0.182927, 33.141762
8758117, 0.017334, -0.012695, 0.912598, 2.073171, -1.036585, -0.182927, 33.094704
8759751, 0.015137, -0.017578, 0.918701, 2.073171, -0.975610, -0.182927, 33.235882
8761384, 0.021729, -0.013672, 0.927979, 2.256098, -0.914634, -0.121951, 33.094704
8763007, 0.014648, -0.014648, 0.921143, 2.134146, -1.158537, -0.182927, 33.141762
8764641, 0.012207, -0.016357, 0.909180, 2.195122, -1.097561, -0.182927, 33.094704
8766274, 0.017090, -0.017822, 0.918457, 2.134146, -1.158537, -0.182927, 33.141762
8767908, 0.012451, -0.014648, 0.921875, 2.195122, -0.975610, -0.426829, 33.094704
8769541, 0.014160, -0.021484, 0.916260, 2.073171, -1.036585, -0.304878, 33.141762
8771174, 0.017090, -0.015625, 0.916016, 2.134146, -1.097561, -0.121951, 33.188824
8772808, 0.010498, -0.017822, 0.910400, 2.256098, -1.158537, -0.243902, 33.141762
8774441, 0.011719, -0.012451, 0.912598, 2.256098, -1.158537, -0.243902, 33.188824
8776075, 0.021240, -0.013916, 0.904541, 2.073171, -1.097561, -0.060976, 33.094704
8777708, 0.019775, -0.017090, 0.905273, 2.073171, -1.036585, 0.000000, 33.094704
8779341, 0.017334, -0.017090, 0.907471, 2.073171, -1.097561, -0.243902, 33.188824
8780975, 0.013428, -0.021240, 0.916260, 2.195122, -1.219512, -0.243902, 33.141762
8782615, 0.018799, -0.013672, 0.906250, 2.134146, -1.097561, -0.304878, 33.094704
8784248, 0.013428, -0.017578, 0.918457, 2.134146, -0.975610, -0.243902, 33.141762
8785882, 0.015869, -0.015869, 0.911133, 2.195122, -1.097561, -0.060976, 33.188824
8787516, 0.020264, -0.014648, 0.920166, 2.256098, -1.158537, -0.121951, 33.141762
8789149, 0.024414, -0.017578, 0.912109, 2.195122, -1.097561, -0.243902, 33.188824
8790782, 0.017822, -0.011963, 0.913086, 2.012195, -1.158537, -0.182927, 33.141762
8792416, 0.023193, -0.016846, 0.912354, 2.073171, -1.097561, -0.304878, 33.188824
8794049, 0.015869, -0.019775, 0.906982, 2.134146, -1.158537, -0.304878, 33.235882
8795683, 0.013916, -0.014160, 0.908203, 2.012195, -1.036585, -0.304878, 33.094704
8797316, 0.014893, -0.011475, 0.920166, 2.195122, -0.975610, -0.243902, 33.047646
8798949, 0.020508, -0.019287, 0.919922, 2.134146, -1.036585, -0.304878, 33.094704
8800583, 0.016602, -0.014893, 0.914795, 2.073171, -1.219512, -0.182927, 33.141762
8802216, 0.019287, -0.020264, 0.915039, 1.951220, -1.158537, -0.243902, 33.047646
8803850, 0.021729, -0.018555, 0.917969, 2.012195, -1.036585, -0.243902, 33.094704
8805483, 0.017334, -0.020996, 0.913818, 2.134146, -1.036585, -0.121951, 33.141762
8807117, 0.016113, -0.006104, 0.907959, 2.134146, -1.036585, -0.182927, 33.282940
8808751, 0.014648, -0.009521, 0.909180, 2.134146, -1.036585, -0.182927, 33.188824
8810384, 0.015869, -0.012207, 0.919434, 2.256098, -0.975610, -0.243902, 33.094704
8812007, 0.015137, -0.022705, 0.915283, 2.256098, -1.219512, -0.182927, 33.141762
8813641, 0.011963, -0.017578, 0.916016, 2.195122, -1.219512, 0.000000, 33.094704
8815274, 0.015137, -0.012695, 0.912109, 2.073171, -1.097561, -0.426829, 33.141762
8816908, 0.015137, -0.017334, 0.922607, 2.134146, -0.914634, -0.121951, 33.188824
8818541, 0.019775, -0.018555, 0.918457, 2.073171, -1.097561, -0.060976, 33.047646
8820174, 0.015625, -0.018799, 0.906250, 2.073171, -0.975610, -0.182927, 33.094704
8821808, 0.016846, -0.016846, 0.920654, 2.256098, -0.975610, -0.243902, 33.141762
8823441, 0.024170, -0.011475, 0.920410, 2.195122, -1.036585, -0.182927, 33.188824
8825075, 0.020264, -0.018555, 0.916992, 2.134146, -0.914634, -0.182927, 33.141762
8826708, 0.022705, -0.019287, 0.911865, 2.500000, -1.036585, -0.243902, 33.094704
8828341, 0.021240, -0.016357, 0.907715, 2.195122, -1.097561, -0.304878, 33.047646
8829975, 0.021484, -0.011963, 0.915527, 1.951220, -1.158537, -0.121951, 33.188824
8831615, 0.021973, -0.014404, 0.911865, 1.829268, -1.158537, -0.304878, 33.235882
8833248, 0.017822, -0.014893, 0.921143, 2.134146, -0.975610, -0.304878, 33.141762
8834882, 0.021729, -0.018066, 0.911865, 2.195122, -0.975610, -0.182927, 33.188824
8836516, 0.020020, -0.014404, 0.912354, 2.134146, -1.097561, -0.243902, 33.141762
8838149, 0.015625, -0.014648, 0.921875, 2.195122, -1.280488, -0.243902, 33.188824
8839782, 0.022461, -0.016113, 0.924316, 2.195122, -1.036585, -0.243902, 33.094704
8841416, 0.018066, -0.014893, 0.918945, 2.134146, -1.097561, -0.121951, 33.094704
8843049, 0.021484, -0.018066, 0.917969, 2.073171, -0.975610, -0.243902, 33.047646
8844683, 0.023682, -0.018555, 0.918457, 2.134146, -0.853659, -0.243902, 33.188824
8846316, 0.017090, -0.019287, 0.915771, 2.317073, -1.097561, -0.182927, 33.047646
8847949, 0.020508, -0.018555, 0.919678, 2.073171, -1.097561, 0.000000, 33.094704
8849583, 0.021729, -0.011719, 0.918701, 2.134146, -1.097561, -0.121951, 33.141762
8851216, 0.028320, -0.012695, 0.902100, 2.500000, -1.097561, -0.426829, 33.094704
8852850, 0.019043, -0.012939, 0.916748, 2.134146, -1.158537, -0.182927, 33.141762
8854483, 0.017822, -0.013672, 0.916260, 2.073171, -1.158537, -0.304878, 33.094704
8856117, 0.017334, -0.020264, 0.916016, 2.256098, -1.097561, -0.365854, 33.141762
8857751, 0.022461, -0.016602, 0.926514, 2.073171, -1.036585, -0.243902, 33.188824
8859384, 0.026611, -0.011719, 0.920410, 2.073171, -0.975610, -0.243902, 33.141762
8861007, 0.018066, -0.017578, 0.906982, 2.073171, -1.097561, -0.121951, 33.141762
8862641, 0.017578, -0.016602, 0.912354, 2.195122, -1.036585, -0.060976, 33.141762
8864274, 0.019531, -0.010010, 0.914062, 2.256098, -1.036585, -0.182927, 33.047646
8865908, 0.019043, -0.015381, 0.915527, 2.134146, -1.280488, -0.243902, 33.000587
8867541, 0.025146, -0.018799, 0.912109, 2.073171, -0.975610, -0.304878, 33.141762
8869174, 0.020508, -0.015381, 0.912598, 2.195122, -1.036585, -0.304878, 33.094704
8870808, 0.022949, -0.016846, 0.911865, 2.195122, -1.036585, -0.365854, 33.094704
8872441, 0.019531, -0.016113, 0.926270, 2.134146, -1.036585, -0.243902, 33.094704
8874075, 0.017578, -0.011719, 0.914795, 2.134146, -1.158537, -0.304878, 33.141762
8875708, 0.022461, -0.012695, 0.921875, 2.256098, -1.158537, 0.060976, 33.188824
8877341, 0.021240, -0.014893, 0.912842, 2.195122, -1.036585, -0.182927, 33.141762
8878975, 0.022705, -0.015625, 0.915283, 2.195122, -1.219512, -0.304878, 33.188824
8880615, 0.021484, -0.018799, 0.916260, 2.134146, -1.219512, -0.304878, 33.141762
8882248, 0.025635, -0.017334, 0.915039, 2.256098, -1.036585, -0.182927, 33.188824
8883882, 0.022949, -0.019043, 0.921387, 2.317073, -0.914634, -0.121951, 33.141762
8885516, 0.023438, -0.021729, 0.919189, 2.073171, -0.914634, -0.182927, 33.094704
8887149, 0.021484, -0.017578, 0.919434, 2.195122, -1.158537, -0.182927, 33.141762
8888782, 0.023682, -0.021240, 0.915771, 2.134146, -1.219512, -0.121951, 33.188824
8890416, 0.020264, -0.011230, 0.905029, 2.317073, -0.975610, 0.000000, 33.188824
8892049, 0.019043, -0.011475, 0.916748, 2.256098, -1.097561, -0.243902, 33.235882
8893683, 0.020752, -0.016113, 0.908691, 2.317073, -0.853659, -0.304878, 33.188824
8895316, 0.021484, -0.018799, 0.908936, 2.134146, -1.158537, -0.182927, 33.235882
8896949, 0.020020, -0.013916, 0.914307, 2.012195, -1.036585, -0.243902, 33.094704
8898583, 0.012207, -0.018799, 0.909424, 2.012195, -1.402439, -0.182927, 33.141762
8900216, 0.016357, -0.017822, 0.922363, 2.073171, -1.097561, 0.060976, 33.094704
8901850, 0.020020, -0.014404, 0.913330, 2.134146, -0.914634, -0.182927, 33.141762
8903483, 0.027344, -0.013428, 0.908203, 2.256098, -1.036585, -0.304878, 33.094704
8905117, 0.017578, -0.016846, 0.912354, 2.134146, -0.975610, -0.182927, 33.141762
8906751, 0.020020, -0.023682, 0.918701, 2.134146, -1.036585, -0.243902, 33.094704
8908384, 0.017578, -0.018555, 0.921387, 2.073171, -1.158537, -0.243902, 33.047646
8910007, 0.019287, -0.018799, 0.902344, 2.195122, -0.975610, -0.121951, 33.188824
8911641, 0.017578, -0.013916, 0.913818, 2.317073, -0.975610, -0.121951, 33.141762
8913274, 0.018311, -0.013916, 0.908203, 2.195122, -1.219512, -0.182927, 33.188824
8914908, 0.024902, -0.014648, 0.910400, 2.073171, -1.219512, -0.365854, 33.141762
8916541, 0.021240, -0.017090, 0.910400, 2.134146, -1.036585, -0.060976, 33.094704
8918174, 0.014893, -0.011719, 0.927979, 2.195122, -1.036585, -0.243902, 33.235882
8919808, 0.013428, -0.012695, 0.920898, 2.134146, -1.219512, -0.243902, 33.094704
8921441, 0.019043, -0.020752, 0.920898, 2.134146, -1.097561, -0.121951, 33.141762
8923075, 0.014404, -0.016357, 0.912354, 2.195122, -0.853659, -0.182927, 33.141762
8924708, 0.015625, -0.014648, 0.916992, 2.195122, -0.975610, -0.182927, 33.094704
8926341, 0.019775, -0.019775, 0.914551, 2.317073, -1.036585, -0.304878, 33.141762
8927975, 0.019043, -0.013916, 0.933838, 1.951220, -1.219512, -0.304878, 33.188824
8929615, 0.026123, -0.017090, 0.914307, 2.256098, -1.036585, -0.121951, 33.141762
8931248, 0.017334, -0.011719, 0.922607, 2.134146, -1.158537, -0.243902, 33.188824
8932882, 0.016846, -0.015869, 0.913818, 1.951220, -0.975610, -0.487805, 33.141762
8934516, 0.017090, -0.015625, 0.909912, 2.073171, -1.097561, -0.304878, 33.094704
8936149, 0.018066, -0.015381, 0.915527, 2.195122, -0.914634, -0.182927, 33.141762
8937782, 0.018311, -0.012451, 0.913574, 2.012195, -0.975610, -0.304878, 33.094704
8939416, 0.019287, -0.016357, 0.906738, 2.378049, -0.914634, -0.243902, 33.141762
8941049, 0.018799, -0.017822, 0.917725, 2.317073, -1.036585, -0.365854, 33.188824
8942683, 0.015869, -0.019531, 0.916016, 2.195122, -0.975610, -0.304878, 33.141762
8944316, 0.025635, -0.018555, 0.907227, 2.134146, -1.158537, -0.304878, 33.188824
8945949, 0.023682, -0.019775, 0.909424, 2.195122, -1.036585, -0.182927, 33.235882
8947583, 0.020508, -0.018066, 0.914062, 2.195122, -1.036585, -0.121951, 33.094704
8949216, 0.025146, -0.021240, 0.907227, 1.890244, -1.097561, -0.304878, 33.094704
8950850, 0.023438, -0.016113, 0.917480, 1.951220, -1.036585, -0.243902, 33.188824
8952483, 0.019775, -0.016846, 0.912598, 2.317073, -0.914634, -0.243902, 33.188824
8954117, 0.013672, -0.007080, 0.922119, 2.256098, -1.097561, -0.121951, 33.141762
8955751, 0.012939, -0.011963, 0.917236, 2.195122, -1.097561, -0.304878, 33.094704
8957384, 0.020264, -0.015625, 0.920898, 2.134146, -1.341463, -0.182927, 33.141762
8959007, 0.023926, -0.017578, 0.909912, 2.012195, -0.975610, 0.000000, 33.094704
8960641, 0.023682, -0.018066, 0.920166, 2.012195, -0.792683, -0.243902, 33.047646
8962274, 0.018311, -0.013672, 0.915771, 2.134146, -0.914634, -0.182927, 33.094704
8963908, 0.019531, -0.017090, 0.912598, 2.073171, -0.914634, -0.121951, 33.235882
8965541, 0.022705, -0.017822, 0.912598, 2.134146, -1.097561, -0.304878, 33.094704
8967174, 0.021973, -0.017334, 0.915527, 2.256098, -1.219512, -0.182927, 33.235882
8968808, 0.021484, -0.018799, 0.913086, 2.073171, -1.219512, -0.243902, 33.188824
8970441, 0.015137, -0.010742, 0.914307, 1.951220, -1.097561, -0.365854, 33.141762
8972075, 0.032471, -0.015137, 0.920898, 2.134146, -0.914634, -0.243902, 33.094704
8973708, 0.024414, -0.012207, 0.916992, 2.195122, -1.158537, -0.182927, 33.047646
8975341, 0.023926, -0.016113, 0.917236, 2.317073, -0.975610, -0.304878, 33.094704
8976975, 0.017334, -0.013672, 0.922363, 2.134146, -0.914634, -0.182927, 33.141762
8978615, 0.022217, -0.019775, 0.908447, 2.134146, -1.158537, -0.243902, 33.141762
8980248, 0.021484, -0.017822, 0.916748, 2.256098, -1.219512, -0.182927, 33.282940
8981882, 0.019531, -0.018066, 0.917725, 2.256098, -1.097561, -0.365854, 33.094704
8983516, 0.019287, -0.018555, 0.911865, 2.317073, -1.158537, -0.243902, 33.094704
8985149, 0.013916, -0.020508, 0.910889, 2.256098, -1.036585, -0.304878, 33.141762
8986782, 0.021484, -0.012939, 0.914062, 2.195122, -1.097561, -0.182927, 33.188824
8988416, 0.011719, -0.012939, 0.911621, 2.134146, -1.158537, -0.243902, 33.141762
8990049, 0.022705, -0.007568, 0.910400, 2.256098, -1.280488, -0.121951, 33.188824
8991683, 0.024414, -0.016846, 0.910400, 2.317073, -1.097561, -0.182927, 33.235882
8993316, 0.020996, -0.020020, 0.907959, 2.012195, -0.975610, -0.121951, 33.188824
8994949, 0.015625, -0.018311, 0.910645, 2.012195, -1.219512, -0.182927, 33.141762
8996583, 0.019775, -0.014160, 0.919189, 2.195122, -1.036585, -0.182927, 33.188824
8998216, 0.015869, -0.020752, 0.903564, 2.073171, -0.914634, -0.060976, 33.141762
8999850, 0.019531, -0.012939, 0.917480, 2.073171, -0.975610, -0.243902, 33.188824
9001483, 0.020020, -0.018066, 0.917236, 2.195122, -1.219512, -0.365854, 33.141762
9003117, 0.019043, -0.017090, 0.907227, 2.134146, -0.975610, -0.121951, 33.094704
9004751, 0.024170, -0.017578, 0.911865, 2.195122, -0.975610, -0.304878, 33.141762
9006384, 0.018555, -0.012695, 0.921875, 2.012195, -1.097561, -0.060976, 33.188824
9008007, 0.018799, -0.018799, 0.912354, 2.256098, -1.158537, -0.243902, 33.188824
9009641, 0.012939, -0.016846, 0.919434, 2.134146, -1.097561, -0.243902, 33.094704
9011274, 0.020752, -0.025146, 0.914062, 2.134146, -1.097561, 0.000000, 33.094704
9012908, 0.020264, -0.016357, 0.918213, 2.134146, -1.158537, -0.243902, 33.188824
9014541, 0.020020, -0.018555, 0.916016, 2.073171, -1.036585, -0.182927, 33.188824
9016174, 0.017822, -0.010742, 0.923096, 2.195122, -1.158537, -0.426829, 33.141762
9017808, 0.018555, -0.015137, 0.912598, 1.890244, -0.975610, -0.182927, 33.188824
9019441, 0.019043, -0.016113, 0.921387, 2.134146, -1.036585, -0.182927, 33.047646
9021075, 0.013184, -0.015869, 0.926025, 2.195122, -1.097561, -0.243902, 33.094704
9022708, 0.014893, -0.012695, 0.918213, 2.073171, -0.975610, -0.060976, 33.141762
9024341, 0.017334, -0.016113, 0.913574, 2.195122, -1.219512, -0.182927, 33.094704
9025975, 0.020264, -0.012939, 0.908447, 2.134146, -1.097561, -0.121951, 33.141762
9027615, 0.015869, -0.011963, 0.914795, 2.134146, -0.975610, -0.060976, 33.094704
9029248, 0.017578, -0.015869, 0.914307, 2.073171, -1.097561, -0.182927, 33.141762
9030882, 0.015137, -0.016602, 0.910156, 2.195122, -1.158537, -0.121951, 33.188824
9032516, 0.018311, -0.016846, 0.911621, 2.134146, -0.914634, -0.121951, 33.141762
9034149, 0.019287, -0.016357, 0.923096, 2.256098, -0.975610, -0.121951, 33.188824
9035782, 0.016846, -0.020020, 0.924316, 2.073171, -0.975610, -0.060976, 33.141762
9037416, 0.023682, -0.015381, 0.914062, 2.134146, -0.975610, -0.243902, 33.141762
9039049, 0.022705, -0.016602, 0.905518, 2.073171, -1.036585, -0.304878, 33.188824
9040683, 0.024658, -0.017334, 0.908936, 2.134146, -1.219512, -0.243902, 33.141762
9042316, 0.017090, -0.013916, 0.913330, 2.256098, -0.975610, -0.243902, 33.188824
9043949, 0.012207, -0.018311, 0.921387, 2.195122, -1.036585, -0.243902, 33.188824
9045583, 0.015381, -0.016602, 0.918945, 2.134146, -1.036585, -0.060976, 33.094704
9047216, 0.021729, -0.021729, 0.907227, 2.195122, -1.158537, -0.304878, 33.141762
9048850, 0.016357, -0.020264, 0.913818, 2.073171, -1.097561, -0.304878, 33.188824
9050483, 0.019043, -0.019287, 0.919678, 2.134146, -1.036585, -0.121951, 33.141762
9052117, 0.018799, -0.014893, 0.913574, 2.256098, -0.975610, -0.121951, 33.094704
9053751, 0.024170, -0.016602, 0.916748, 2.256098, -1.219512, 0.000000, 33.141762
9055384, 0.019287, -0.018555, 0.906494, 1.951220, -1.158537, -0.182927, 33.188824
9057007, 0.023682, -0.021240, 0.917480, 2.195122, -1.036585, -0.121951, 33.141762
9058641, 0.020264, -0.019531, 0.914307, 2.195122, -1.097561, -0.121951, 33.094704
9060274, 0.019043, -0.016113, 0.917236, 2.256098, -1.097561, -0.304878, 33.141762
9061908, 0.022217, -0.018799, 0.916748, 2.073171, -0.914634, -0.060976, 33.188824
9063541, 0.020996, -0.012695, 0.920654, 2.134146, -1.097561, -0.365854, 33.141762
9065174, 0.021973, -0.018555, 0.922363, 2.073171, -1.036585, -0.243902, 33.188824
9066808, 0.026123, -0.018311, 0.922363, 2.134146, -1.036585, 0.000000, 33.141762
9068441, 0.017822, -0.017090, 0.908936, 2.073171, -1.097561, -0.060976, 33.141762
9070075, 0.011963, -0.018555, 0.914795, 2.195122, -1.036585, -0.121951, 33.188824
9071708, 0.014404, -0.018066, 0.909424, 2.317073, -1.097561, -0.121951, 33.141762
9073341, 0.014160, -0.012939, 0.917236, 2.073171, -1.097561, -0.182927, 33.094704
9074975, 0.017822, -0.019775, 0.909668, 2.195122, -1.097561, -0.182927, 33.094704
9076615, 0.024658, -0.013672, 0.918701, 2.195122, -1.158537, -0.182927, 33.188824
9078248, 0.022217, -0.017822, 0.908203, 2.012195, -1.158537, -0.243902, 33.141762
9079882, 0.014404, -0.017822, 0.913818, 2.073171, -1.097561, -0.304878, 33.094704
9081516, 0.013916, -0.026611, 0.919189, 2.195122, -0.914634, -0.121951, 33.141762
9083149, 0.018799, -0.015381, 0.922363, 2.195122, -1.097561, -0.243902, 33.094704
9084782, 0.020020, -0.020264, 0.922119, 2.134146, -1.036585, -0.121951, 33.141762
9086416, 0.018311, -0.019287, 0.913086, 2.195122, -1.036585, -0.182927, 33.188824
9088049, 0.018799, -0.017090, 0.908203, 2.378049, -1.097561, -0.304878, 33.141762
9089683, 0.022949, -0.011963, 0.915527, 2.195122, -1.036585, -0.304878, 33.188824
9091316, 0.020508, -0.020996, 0.927490, 2.378049, -1.097561, 0.060976, 33.141762
9092949, 0.018311, -0.015869, 0.926758, 2.134146, -0.914634, -0.426829, 33.188824
9094583, 0.018799, -0.015625, 0.911621, 2.073171, -1.097561, -0.365854, 33.141762
9096216, 0.016357, -0.016113, 0.912354, 2.134146, -1.158537, -0.121951, 33.235882
9097850, 0.018555, -0.021240, 0.910400, 2.073171, -1.341463, -0.182927, 33.188824
9099483, 0.013428, -0.017578, 0.916016, 2.134146, -1.097561, -0.060976, 33.141762
9101117, 0.015869, -0.016113, 0.908447, 2.256098, -0.975610, -0.121951, 33.094704
9102751, 0.014893, -0.014893, 0.913574, 2.073171, -1.036585, -0.243902, 33.141762
9104384, 0.014893, -0.015625, 0.913818, 2.073171, -1.036585, -0.182927, 33.188824
9106007, 0.024902, -0.014893, 0.922852, 1.951220, -1.036585, -0.487805, 33.188824
9107641, 0.020752, -0.017578, 0.924316, 2.256098, -1.097561, -0.304878, 33.188824
9109274, 0.022949, -0.018066, 0.913086, 2.378049, -1.036585, -0.243902, 33.235882
9110908, 0.025635, -0.020508, 0.923096, 2.317073, -1.097561, -0.182927, 33.188824
9112541, 0.021484, -0.020020, 0.914307, 2.073171, -1.097561, -0.243902, 33.047646
9114174, 0.027832, -0.013184, 0.913818, 2.317073, -1.036585, -0.365854, 33.188824
9115808, 0.022217, -0.011719, 0.913086, 2.256098, -0.914634, -0.182927, 33.141762
9117441, 0.020996, -0.020996, 0.913818, 2.317073, -0.975610, -0.304878, 33.094704
9119075, 0.021729, -0.009277, 0.908203, 2.317073, -1.097561, -0.365854, 33.141762
9120708, 0.020996, -0.017578, 0.907959, 2.256098, -1.036585, -0.243902, 33.094704
9122341, 0.013916, -0.015869, 0.911133, 1.951220, -1.097561, -0.121951, 33.047646
9123975, 0.015869, -0.019287, 0.911865, 2.134146, -1.097561, -0.243902, 33.188824
9125615, 0.019775, -0.013672, 0.909424, 2.317073, -1.158537, -0.304878, 33.188824
9127248, 0.015869, -0.015625, 0.910156, 1.951220, -1.219512, -0.182927, 33.047646
9128882, 0.020508, -0.012451, 0.911621, 2.073171, -0.975610, -0.243902, 33.188824
9130516, 0.018066, -0.013672, 0.918213, 2.195122, -0.853659, -0.060976, 33.141762
9132149, 0.016113, -0.018311, 0.915527, 2.256098, -0.975610, -0.182927, 33.188824
9133782, 0.016357, -0.016113, 0.915283, 2.012195, -1.036585, -0.243902, 33.141762
9135416, 0.017334, -0.015625, 0.924316, 2.073171, -1.036585, -0.243902, 33.094704
9137049, 0.019043, -0.009033, 0.910889, 2.256098, -1.097561, -0.182927, 33.141762
9138683, 0.022217, -0.013916, 0.908936, 2.134146, -1.158537, -0.243902, 33.094704
9140316, 0.021484, -0.015625, 0.912354, 2.073171, -1.097561, -0.426829, 33.047646
9141949, 0.026855, -0.016113, 0.915283, 2.195122, -0.731707, -0.182927, 33.094704
9143583, 0.018311, -0.016357, 0.922363, 2.378049, -1.036585, -0.243902, 33.235882
9145216, 0.018799, -0.013184, 0.915039, 2.256098, -1.219512, -0.304878, 33.188824
9146850, 0.014404, -0.018311, 0.914062, 2.134146, -1.158537, -0.182927, 33.141762
9148483, 0.018555, -0.013428, 0.915771, 2.195122, -1.036585, -0.304878, 33.094704
9150117, 0.015625, -0.014893, 0.916748, 2.195122, -1.097561, -0.304878, 33.141762
9151751, 0.024658, -0.009766, 0.914795, 2.317073, -1.097561, -0.304878, 33.188824
9153384, 0.023438, -0.010254, 0.915527, 2.012195, -1.097561, -0.243902, 33.141762
9155007, 0.024414, -0.013184, 0.910889, 2.012195, -1.036585, -0.182927, 33.094704
9156641, 0.018555, -0.020264, 0.915771, 2.012195, -1.158537, -0.182927, 33.094704
9158274, 0.017090, -0.013184, 0.929688, 2.073171, -1.158537, -0.182927, 33.141762
9159908, 0.015625, -0.016357, 0.921143, 2.134146, -1.036585, -0.243902, 33.094704
9161541, 0.021240, -0.013184, 0.912598, 2.317073, -1.158537, -0.182927, 33.235882
9163174, 0.025635, -0.011963, 0.921143, 2.256098, -1.219512, -0.182927, 33.094704
9164808, 0.020996, -0.013672, 0.914551, 2.195122, -1.036585, -0.121951, 33.047646
9166441, 0.020508, -0.014648, 0.912109, 2.317073, -0.853659, -0.060976, 33.188824
9168075, 0.022949, -0.015869, 0.918457, 2.195122, -1.097561, -0.243902, 33.047646
9169708, 0.021729, -0.018555, 0.910889, 2.195122, -1.158537, -0.121951, 33.094704
9171341, 0.019287, -0.016846, 0.917725, 2.317073, -1.097561, -0.121951, 33.235882
9172975, 0.022217, -0.015869, 0.921631, 2.256098, -0.914634, -0.365854, 33.094704
9174615, 0.019775, -0.017578, 0.908203, 2.256098, -0.914634, -0.304878, 33.141762
9176248, 0.020508, -0.015625, 0.911621, 1.890244, -1.158537, -0.121951, 33.188824
9177882, 0.022217, -0.017578, 0.910889, 2.134146, -1.158537, -0.121951, 33.141762
9179516, 0.018066, -0.015381, 0.911621, 2.317073, -1.036585, -0.243902, 33.094704
9181149, 0.015137, -0.014893, 0.910889, 2.195122, -1.036585, -0.121951, 33.235882
9182782, 0.014404, -0.018555, 0.913818, 2.195122, -0.853659, -0.304878, 33.094704
9184416, 0.014893, -0.015625, 0.923340, 2.134146, -1.036585, -0.182927, 33.094704
9186049, 0.014648, -0.011963, 0.918945, 2.134146, -1.158537, -0.365854, 33.188824
9187683, 0.019287, -0.014648, 0.910400, 2.317073, -1.402439, -0.182927, 33.188824
9189316, 0.019775, -0.011963, 0.915283, 2.256098, -0.914634, -0.182927, 33.141762
9190949, 0.018799, -0.013184, 0.912354, 2.256098, -0.975610, -0.182927, 33.188824
9192583, 0.017822, -0.013428, 0.915771, 2.134146, -1.097561, -0.121951, 33.141762
9194216, 0.023193, -0.012207, 0.916748, 2.317073, -1.158537, -0.182927, 33.094704
9195850, 0.020264, -0.013428, 0.923340, 1.951220, -0.975610, -0.121951, 33.141762
9197483, 0.020264, -0.018555, 0.920166, 2.073171, -0.975610, -0.182927, 33.188824
9199117, 0.020996, -0.012451, 0.916260, 2.195122, -1.036585, -0.243902, 33.141762
9200751, 0.012207, -0.014404, 0.914795, 2.256098, -1.158537, -0.182927, 33.188824
9202384, 0.026611, -0.009277, 0.917969, 2.256098, -1.341463, -0.182927, 33.141762
9204007, 0.019287, -0.012695, 0.911377, 2.256098, -1.219512, -0.182927, 33.188824
9205641, 0.017822, -0.015381, 0.915283, 2.134146, -1.097561, -0.182927, 33.141762
9207274, 0.015381, -0.011230, 0.920166, 2.012195, -1.341463, 0.000000, 33.188824
9208908, 0.020264, -0.016602, 0.928223, 2.378049, -1.158537, -0.060976, 33.141762
9210541, 0.023682, -0.019043, 0.923340, 2.195122, -1.097561, -0.182927, 33.188824
9212174, 0.022705, -0.013184, 0.918213, 2.012195, -1.219512, -0.121951, 33.141762
9213808, 0.019043, -0.014648, 0.916016, 2.195122, -1.097561, 0.000000, 33.282940
9215441, 0.018799, -0.016846, 0.914795, 2.134146, -0.975610, -0.243902, 33.188824
9217075, 0.022461, -0.020508, 0.906982, 2.195122, -0.914634, -0.426829, 33.188824
9218708, 0.018066, -0.013672, 0.915527, 2.134146, -1.036585, -0.304878, 33.094704
9220341, 0.021484, -0.016602, 0.918457, 2.195122, -1.219512, -0.304878, 33.141762
9221975, 0.015869, -0.019287, 0.928223, 2.134146, -0.914634, -0.243902, 33.094704
9223615, 0.016357, -0.019775, 0.922607, 2.256098, -0.914634, -0.304878, 33.141762
9225248, 0.014160, -0.019043, 0.909668, 1.951220, -1.097561, -0.182927, 33.094704
9226882, 0.016357, -0.013428, 0.918701, 2.195122, -1.219512, -0.365854, 33.141762
9228516, 0.019531, -0.015869, 0.915283, 2.134146, -1.097561, -0.304878, 33.094704
9230149, 0.019043, -0.016602, 0.918213, 2.195122, -0.792683, -0.365854, 33.141762
9231782, 0.015381, -0.019775, 0.915283, 2.195122, -1.097561, -0.426829, 33.094704
9233416, 0.020020, -0.017334, 0.913330, 2.195122, -1.036585, -0.365854, 33.141762
9235049, 0.017334, -0.014893, 0.914551, 2.073171, -1.158537, -0.121951, 33.282940
9236683, 0.016357, -0.015869, 0.911865, 2.134146, -1.036585, -0.121951, 33.235882
9238316, 0.013916, -0.023926, 0.918457, 2.134146, -1.097561, -0.304878, 33.188824
9239949, 0.012939, -0.014160, 0.915527, 2.073171, -1.158537, -0.243902, 33.141762
9241583, 0.021973, -0.019775, 0.908447, 2.195122, -1.036585, -0.182927, 33.188824
9243216, 0.026367, -0.014404, 0.921631, 2.317073, -0.975610, -0.182927, 33.188824
9244850, 0.022217, -0.015869, 0.911621, 2.256098, -1.097561, -0.060976, 33.047646
9246483, 0.016602, -0.015869, 0.921631, 2.195122, -1.097561, -0.121951, 33.188824
9248117, 0.017090, -0.016602, 0.920654, 2.073171, -1.036585, -0.182927, 33.094704
9249751, 0.013672, -0.019531, 0.907227, 2.134146, -1.158537, -0.060976, 33.094704
9251384, 0.017578, -0.016113, 0.914307, 2.195122, -1.036585, -0.243902, 33.141762
9253007, 0.014893, -0.015869, 0.918213, 2.256098, -1.219512, -0.304878, 33.094704
9254641, 0.027832, -0.010986, 0.917969, 2.134146, -1.097561, -0.182927, 33.141762
9256274, 0.016113, -0.013428, 0.920654, 2.073171, -0.914634, -0.182927, 33.188824
9257908, 0.018799, -0.019287, 0.919189, 2.073171, -1.036585, -0.304878, 33.141762
9259541, 0.012207, -0.019043, 0.912109, 2.317073, -1.219512, -0.304878, 33.188824
9261174, 0.023193, -0.016357, 0.919434, 2.256098, -0.975610, -0.121951, 33.141762
9262808, 0.017578, -0.014404, 0.917480, 2.073171, -0.975610, -0.365854, 33.094704
9264441, 0.020264, -0.015381, 0.915283, 2.317073, -1.097561, -0.121951, 33.141762
9266075, 0.018799, -0.021973, 0.915283, 2.256098, -0.975610, -0.121951, 33.094704
9267708, 0.017822, -0.015381, 0.909424, 2.012195, -0.853659, -0.304878, 33.141762
9269341, 0.012207, -0.015625, 0.918945, 2.073171, -1.158537, -0.182927, 33.188824
9270975, 0.019287, -0.015625, 0.912354, 2.073171, -1.219512, -0.182927, 33.141762
9272615, 0.019043, -0.015625, 0.911621, 2.134146, -1.036585, -0.182927, 33.141762
9274248, 0.021240, -0.019287, 0.918945, 2.256098, -1.158537, -0.304878, 33.188824
9275882, 0.021973, -0.015381, 0.913330, 2.012195, -1.097561, -0.243902, 33.141762
9277516, 0.013428, -0.016357, 0.909668, 2.134146, -1.219512, -0.182927, 33.188824
9279149, 0.017334, -0.015137, 0.914307, 2.195122, -1.097561, -0.304878, 33.188824
9280782, 0.014648, -0.012207, 0.907715, 2.134146, -1.097561, -0.243902, 33.094704
9282416, 0.018066, -0.013428, 0.917236, 2.134146, -1.280488, -0.182927, 33.141762
9284049, 0.022705, -0.010010, 0.912842, 2.195122, -0.975610, -0.243902, 33.094704
9285683, 0.018066, -0.015869, 0.911377, 2.012195, -1.097561, -0.182927, 33.141762
9287316, 0.024414, -0.017822, 0.917969, 2.195122, -1.280488, -0.243902, 33.188824
9288949, 0.022461, -0.014160, 0.906250, 2.195122, -0.975610, -0.121951, 33.141762
9290583, 0.017822, -0.021240, 0.920654, 2.195122, -1.036585, -0.182927, 33.094704
9292216, 0.024414, -0.018555, 0.915283, 2.256098, -1.097561, -0.243902, 33.141762
9293850, 0.022461, -0.018311, 0.913086, 2.256098, -1.097561, -0.182927, 33.094704
9295483, 0.022461, -0.020020, 0.917236, 2.195122, -1.097561, -0.121951, 33.141762
9297117, 0.016602, -0.019043, 0.909668, 2.195122, -0.853659, -0.365854, 33.188824
9298751, 0.020508, -0.017334, 0.914551, 2.134146, -0.975610, -0.365854, 33.141762
9300384, 0.019287, -0.015869, 0.927490, 2.317073, -1.158537, -0.182927, 33.188824
9302007, 0.018799, -0.014648, 0.919678, 2.256098, -0.975610, -0.182927, 33.188824
9303641, 0.019287, -0.013428, 0.915527, 2.195122, -1.036585, -0.121951, 33.141762
9305274, 0.023193, -0.015381, 0.916260, 2.134146, -1.280488, -0.243902, 33.188824
9306908, 0.018555, -0.012695, 0.919189, 2.134146, -1.280488, -0.121951, 33.141762
9308541, 0.017578, -0.013672, 0.913086, 2.073171, -1.097561, -0.060976, 33.188824
9310174, 0.018311, -0.016113, 0.917236, 2.134146, -1.097561, -0.243902, 33.188824
9311808, 0.020996, -0.017334, 0.919434, 2.195122, -0.975610, -0.304878, 33.188824
9313441, 0.020020, -0.019775, 0.919434, 2.195122, -0.914634, 0.000000, 33.141762
9315075, 0.014404, -0.015869, 0.916748, 2.073171, -1.219512, 0.000000, 33.188824
9316708, 0.019775, -0.017090, 0.914062, 2.256098, -1.097561, -0.365854, 33.047646
9318341, 0.018311, -0.021484, 0.904541, 2.256098, -1.097561, -0.243902, 33.094704
9319975, 0.018311, -0.015625, 0.905273, 2.134146, -1.036585, -0.182927, 33.141762
9321615, 0.017334, -0.013916, 0.913818, 2.134146, -1.158537, -0.304878, 33.094704
9323248, 0.018066, -0.015137, 0.910156, 2.134146, -1.280488, -0.365854, 33.141762
9324882, 0.019043, -0.021240, 0.916504, 2.195122, -1.036585, -0.182927, 33.188824
9326516, 0.020264, -0.017090, 0.919189, 2.256098, -1.158537, -0.304878, 33.141762
9328149, 0.020264, -0.013672, 0.919189, 2.195122, -1.097561, -0.182927, 33.188824
9329782, 0.020996, -0.013672, 0.924561, 2.378049, -0.975610, -0.182927, 33.047646
9331416, 0.024170, -0.012695, 0.920166, 2.134146, -1.097561, -0.365854, 33.141762
9333049, 0.019043, -0.013672, 0.918701, 2.012195, -0.853659, -0.243902, 33.094704
9334683, 0.020264, -0.017334, 0.912598, 2.195122, -0.914634, -0.182927, 33.141762
9336316, 0.022461, -0.013428, 0.918945, 2.195122, -1.036585, -0.304878, 33.188824
9337949, 0.021240, -0.015625, 0.916016, 2.134146, -1.219512, -0.121951, 33.141762
9339583, 0.014160, -0.013428, 0.912109, 2.195122, -1.097561, -0.304878, 33.094704
9341216, 0.019287, -0.017578, 0.913086, 2.317073, -1.036585, -0.243902, 33.282940
9342850, 0.020996, -0.012451, 0.916260, 2.073171, -0.975610, -0.182927, 33.188824
9344483, 0.020996, -0.014648, 0.912598, 2.134146, -1.219512, -0.060976, 33.141762
9346117, 0.019287, -0.013672, 0.915039, 2.134146, -1.280488, -0.243902, 33.188824
9347751, 0.014893, -0.017334, 0.916748, 2.256098, -1.097561, -0.121951, 33.141762
9349384, 0.023682, -0.018311, 0.911621, 2.256098, -1.219512, -0.243902, 33.188824
9351007, 0.020508, -0.016602, 0.912354, 2.134146, -0.975610, -0.182927, 33.235882
9352641, 0.024414, -0.018311, 0.913574, 2.134146, -0.975610, -0.304878, 33.188824
9354274, 0.019531, -0.015137, 0.918213, 2.256098, -1.341463, -0.182927, 33.141762
9355908, 0.020752, -0.013428, 0.920410, 2.195122, -1.219512, -0.304878, 33.094704
9357541, 0.020020, -0.016113, 0.923096, 2.317073, -1.036585, 0.000000, 33.141762
9359174, 0.024170, -0.014404, 0.918945, 2.134146, -0.975610, -0.121951, 33.094704
9360808, 0.022461, -0.014160, 0.907715, 2.195122, -1.036585, -0.182927, 33.141762
9362441, 0.022461, -0.015381, 0.919189, 2.195122, -1.097561, -0.426829, 33.141762
9364075, 0.020752, -0.011475, 0.925049, 2.134146, -1.097561, -0.182927, 33.094704
9365708, 0.014648, -0.010498, 0.917480, 2.256098, -0.975610, -0.243902, 33.141762
9367341, 0.019043, -0.021729, 0.910156, 2.195122, -1.036585, -0.243902, 33.094704
9368975, 0.020996, -0.021729, 0.911133, 2.073171, -1.219512, -0.243902, 33.141762
9370615, 0.018066, -0.019531, 0.918457, 2.073171, -1.219512, -0.182927, 33.188824
9372248, 0.024414, -0.018799, 0.914795, 2.012195, -1.097561, -0.182927, 33.047646
9373882, 0.019287, -0.016357, 0.904541, 2.256098, -1.158537, -0.182927, 33.094704
9375516, 0.019287, -0.017334, 0.912598, 2.256098, -1.219512, -0.060976, 33.047646
9377149, 0.016113, -0.019287, 0.910400, 2.317073, -1.280488, -0.304878, 33.188824
9378782, 0.018311, -0.017822, 0.923340, 2.256098, -1.036585, -0.304878, 33.235882
9380416, 0.024902, -0.019531, 0.919189, 2.134146, -0.975610, -0.365854, 33.094704
9382049, 0.022217, -0.019531, 0.922852, 2.256098, -1.219512, -0.304878, 33.141762
9383683, 0.020264, -0.008789, 0.914307, 2.195122, -0.914634, -0.182927, 33.094704
9385316, 0.019043, -0.020996, 0.915283, 2.256098, -1.158537, -0.243902, 33.047646
9386949, 0.016846, -0.020264, 0.916260, 2.134146, -1.158537, -0.243902, 33.188824
9388583, 0.014160, -0.017578, 0.914795, 2.134146, -1.036585, -0.182927, 33.141762
9390216, 0.024170, -0.018799, 0.918213, 2.073171, -1.280488, 0.000000, 33.094704
9391850, 0.020508, -0.016113, 0.912598, 2.134146, -0.975610, -0.243902, 33.188824
9393483, 0.020264, -0.016357, 0.911865, 2.134146, -1.097561, -0.182927, 33.141762
9395117, 0.017334, -0.017090, 0.912354, 2.012195, -1.158537, -0.121951, 33.094704
9396751, 0.021240, -0.018555, 0.918213, 2.073171, -1.341463, -0.182927, 33.047646
9398384, 0.022949, -0.013916, 0.916992, 2.195122, -1.036585, -0.182927, 33.094704
9400007, 0.017334, -0.014648, 0.923096, 2.256098, -0.792683, -0.182927, 33.047646
9401641, 0.012451, -0.017822, 0.910889, 2.073171, -0.975610, -0.243902, 33.188824
9403274, 0.023926, -0.018555, 0.916504, 2.134146, -0.914634, -0.243902, 33.141762
9404908, 0.020752, -0.017334, 0.918701, 2.134146, -1.219512, -0.121951, 33.094704
9406541, 0.018555, -0.012939, 0.909180, 2.195122, -1.036585, -0.243902, 33.235882
9408174, 0.021240, -0.020020, 0.919189, 2.317073, -1.036585, -0.243902, 33.188824
9409808, 0.019287, -0.019043, 0.919922, 2.256098, -1.219512, -0.182927, 33.141762
9411441, 0.021240, -0.022461, 0.910156, 2.012195, -1.036585, -0.304878, 33.188824
9413075, 0.014648, -0.013184, 0.914551, 2.195122, -1.158537, -0.121951, 33.235882
9414708, 0.023682, -0.014648, 0.917725, 2.317073, -0.975610, -0.243902, 33.094704
9416341, 0.012695, -0.016357, 0.917236, 2.195122, -1.036585, -0.243902, 33.235882
9417975, 0.018555, -0.014648, 0.916260, 2.195122, -1.158537, -0.182927, 33.282940
9419615, 0.019287, -0.014160, 0.916748, 2.073171, -1.097561, -0.060976, 33.188824
9421248, 0.022461, -0.014648, 0.919678, 2.195122, -0.914634, -0.060976, 33.188824
9422882, 0.024170, -0.014404, 0.915039, 2.073171, -1.036585, -0.060976, 33.094704
9424516, 0.020752, -0.016846, 0.921631, 2.012195, -1.219512, -0.121951, 33.141762
9426149, 0.010498, -0.015381, 0.926025, 2.134146, -1.036585, -0.243902, 33.188824
9427782, 0.015869, -0.019775, 0.912842, 2.195122, -1.036585, -0.304878, 33.141762
9429416, 0.020020, -0.016113, 0.921143, 2.317073, -0.975610, -0.182927, 33.094704
9431049, 0.018555, -0.013428, 0.916504, 2.134146, -0.914634, -0.304878, 33.141762
9432683, 0.018066, -0.010742, 0.916016, 2.012195, -1.097561, -0.426829, 33.094704
9434316, 0.022461, -0.016113, 0.922363, 2.073171, -1.036585, -0.243902, 33.141762
9435949, 0.020996, -0.019287, 0.914307, 2.195122, -1.036585, -0.182927, 33.188824
9437583, 0.019287, -0.020020, 0.920166, 2.195122, -1.219512, -0.060976, 33.047646
9439216, 0.013916, -0.018066, 0.919922, 2.134146, -1.158537, -0.182927, 33.188824
9440850, 0.016357, -0.021484, 0.922852, 2.256098, -1.097561, -0.182927, 33.141762
9442483, 0.012939, -0.020264, 0.922852, 2.073171, -1.097561, -0.182927, 33.094704
9444117, 0.014893, -0.017090, 0.912109, 2.134146, -1.158537, -0.304878, 33.141762
9445751, 0.017578, -0.014404, 0.920654, 2.134146, -1.097561, -0.182927, 33.094704
9447384, 0.017578, -0.017822, 0.924561, 2.134146, -1.158537, -0.121951, 33.141762
9449007, 0.020020, -0.013428, 0.920166, 2.256098, -0.975610, -0.304878, 33.047646
9450641, 0.017578, -0.015381, 0.914307, 2.134146, -1.097561, -0.243902, 33.188824
9452274, 0.017090, -0.019287, 0.916748, 2.195122, -1.280488, -0.304878, 33.094704
9453908, 0.017578, -0.013428, 0.920654, 2.256098, -1.280488, -0.304878, 33.188824
9455541, 0.015869, -0.017822, 0.912354, 2.256098, -1.097561, -0.182927, 33.141762
9457174, 0.016357, -0.013672, 0.912598, 2.195122, -1.097561, -0.182927, 33.094704
9458808, 0.019775, -0.014648, 0.919189, 2.073171, -1.280488, -0.365854, 33.141762
9460441, 0.019043, -0.009277, 0.920654, 2.134146, -1.158537, -0.304878, 33.094704
9462075, 0.020996, -0.013428, 0.916016, 2.195122, -0.914634, -0.304878, 33.141762
9463708, 0.012695, -0.020752, 0.910400, 2.012195, -1.097561, -0.243902, 33.188824
9465341, 0.014648, -0.020264, 0.909180, 2.317073, -1.097561, -0.121951, 33.235882
9466975, 0.018311, -0.014893, 0.923340, 2.134146, -0.975610, -0.304878, 33.188824
9468615, 0.010498, -0.011719, 0.918945, 2.073171, -1.097561, -0.304878, 33.141762
9470248, 0.021240, -0.019287, 0.923340, 2.073171, -1.036585, 0.060976, 33.188824
9471882, 0.018555, -0.015625, 0.919922, 1.951220, -1.097561, -0.182927, 33.141762
9473516, 0.015869, -0.015869, 0.923096, 2.012195, -0.975610, -0.121951, 33.188824
9475149, 0.016602, -0.019287, 0.916992, 1.890244, -1.097561, -0.121951, 33.141762
9476782, 0.014404, -0.015137, 0.917725, 2.195122, -1.097561, -0.121951, 33.188824
9478416, 0.018555, -0.020752, 0.912598, 2.012195, -1.341463, -0.243902, 33.188824
9480049, 0.017822, -0.015625, 0.912354, 2.317073, -1.158537, -0.365854, 33.141762
9481683, 0.012939, -0.016113, 0.916260, 2.317073, -1.219512, -0.304878, 33.188824
9483316, 0.021973, -0.016113, 0.912842, 1.890244, -1.036585, -0.304878, 33.094704
9484949, 0.013428, -0.017578, 0.920410, 2.073171, -1.097561, -0.121951, 33.094704
9486583, 0.020752, -0.015869, 0.921875, 2.256098, -1.097561, -0.060976, 33.141762
9488216, 0.016602, -0.017334, 0.916016, 2.134146, -0.914634, -0.182927, 33.094704
9489850, 0.019043, -0.016113, 0.915039, 2.134146, -1.036585, -0.121951, 33.235882
9491483, 0.017822, -0.018311, 0.914551, 1.890244, -1.097561, -0.426829, 33.094704
9493117, 0.020508, -0.016113, 0.909912, 2.073171, -0.914634, -0.304878, 33.141762
9494751, 0.020508, -0.016113, 0.920166, 2.195122, -1.219512, -0.060976, 33.282940
9496384, 0.019775, -0.018555, 0.915527, 2.195122, -1.341463, -0.304878, 33.141762
9498007, 0.014893, -0.019287, 0.917969, 2.012195, -1.097561, -0.121951, 33.188824
9499641, 0.010742, -0.014648, 0.914307, 2.134146, -1.036585, -0.365854, 33.141762
9501274, 0.013916, -0.013428, 0.910156, 2.195122, -0.975610, -0.243902, 33.188824
9502908, 0.014404, -0.014160, 0.914062, 2.195122, -0.975610, -0.182927, 33.141762
9504541, 0.024170, -0.018799, 0.914551, 2.256098, -1.036585, -0.060976, 33.188824
9506174, 0.018311, -0.017334, 0.910889, 2.317073, -1.219512, -0.304878, 33.141762
9507808, 0.019531, -0.017090, 0.915283, 2.195122, -1.280488, -0.182927, 33.094704
9509441, 0.023438, -0.019287, 0.914795, 2.195122, -0.853659, -0.060976, 33.188824
9511075, 0.020508, -0.019531, 0.917236, 2.256098, -1.036585, -0.121951, 33.141762
9512708, 0.019775, -0.018555, 0.919189, 2.256098, -0.975610, -0.304878, 33.094704
9514341, 0.016357, -0.011719, 0.926514, 2.012195, -0.975610, -0.243902, 33.282940
9515975, 0.020020, -0.016602, 0.918457, 2.012195, -1.158537, -0.365854, 33.094704
9517615, 0.021240, -0.018066, 0.926025, 2.256098, -1.219512, -0.182927, 33.141762
9519248, 0.020996, -0.016846, 0.920654, 2.256098, -1.036585, 0.060976, 33.188824
9520882, 0.017578, -0.018311, 0.917480, 2.134146, -1.219512, -0.182927, 33.141762
9522516, 0.017578, -0.012451, 0.914307, 2.195122, -0.914634, -0.365854, 33.094704
9524149, 0.017090, -0.018066, 0.920410, 2.256098, -1.158537, -0.182927, 33.235882
9525782, 0.017090, -0.016357, 0.918701, 2.134146, -1.097561, -0.121951, 33.094704
9527416, 0.016846, -0.018066, 0.912109, 2.195122, -1.036585, -0.121951, 33.047646
9529049, 0.018311, -0.013916, 0.915283, 2.317073, -1.097561, -0.182927, 33.094704
9530683, 0.015381, -0.014893, 0.911865, 2.195122, -1.158537, 0.060976, 33.141762
9532316, 0.012939, -0.019287, 0.905518, 2.317073, -1.219512, 0.000000, 33.188824
9533949, 0.017334, -0.014893, 0.917969, 2.195122, -1.036585, -0.121951, 33.141762
9535583, 0.018311, -0.014404, 0.909424, 2.195122, -1.036585, -0.243902, 33.188824
9537216, 0.017822, -0.017090, 0.908203, 2.256098, -1.036585, -0.060976, 33.094704
9538850, 0.020752, -0.023438, 0.919189, 2.317073, -1.158537, -0.182927, 33.141762
9540483, 0.019531, -0.015137, 0.918457, 2.073171, -1.158537, -0.060976, 33.094704
9542117, 0.014404, -0.018799, 0.919434, 2.073171, -1.219512, -0.182927, 33.141762
9543751, 0.023926, -0.014160, 0.918701, 2.256098, -1.036585, 0.000000, 33.094704
9545384, 0.021729, -0.015869, 0.905273, 2.378049, -1.036585, -0.121951, 33.188824
9547007, 0.021973, -0.016113, 0.912354, 2.134146, -1.219512, -0.243902, 33.094704
9548641, 0.019287, -0.011475, 0.907471, 2.073171, -1.097561, -0.243902, 33.141762
9550274, 0.014648, -0.017334, 0.914062, 2.317073, -1.036585, -0.243902, 33.188824
9551908, 0.022217, -0.023438, 0.914307, 1.951220, -1.097561, -0.060976, 33.235882
9553541, 0.017090, -0.016357, 0.913086, 2.073171, -0.914634, -0.243902, 33.094704
9555174, 0.017578, -0.018066, 0.920166, 2.134146, -1.036585, -0.243902, 33.235882
9556808, 0.014648, -0.014893, 0.912842, 2.073171, -1.158537, -0.121951, 33.188824
9558441, 0.017334, -0.017090, 0.916016, 2.073171, -1.036585, -0.304878, 33.235882
9560075, 0.023438, -0.020508, 0.918945, 2.012195, -1.097561, -0.304878, 33.094704
9561708, 0.019287, -0.011475, 0.910400, 1.890244, -1.219512, -0.304878, 33.141762
9563341, 0.022461, -0.014648, 0.904785, 2.195122, -1.158537, -0.060976, 33.094704
9564975, 0.015381, -0.014893, 0.914795, 2.317073, -1.036585, 0.000000, 33.141762
9566615, 0.018799, -0.023926, 0.911621, 2.317073, -0.853659, -0.304878, 33.141762
9568248, 0.022461, -0.015869, 0.919189, 2.256098, -1.036585, -0.121951, 33.188824
9569882, 0.016357, -0.013916, 0.903320, 2.256098, -1.097561, -0.304878, 33.141762
9571516, 0.022217, -0.010986, 0.919678, 2.195122, -1.036585, -0.243902, 33.188824
9573149, 0.024658, -0.017090, 0.910645, 2.256098, -1.036585, -0.121951, 33.141762
9574782, 0.020752, -0.018799, 0.909424, 2.134146, -1.219512, -0.304878, 33.188824
9576416, 0.021729, -0.012207, 0.916992, 2.073171, -0.975610, -0.426829, 33.235882
9578049, 0.023682, -0.014160, 0.922363, 2.134146, -0.975610, -0.182927, 33.094704
9579683, 0.020752, -0.014404, 0.921143, 2.012195, -1.158537, -0.182927, 33.141762
9581316, 0.022461, -0.014404, 0.916016, 2.317073, -1.036585, -0.121951, 33.094704
9582949, 0.021240, -0.016113, 0.909912, 2.256098, -1.097561, -0.182927, 33.141762
9584583, 0.023193, -0.015869, 0.914307, 2.378049, -1.158537, -0.304878, 33.188824
9586216, 0.020020, -0.011719, 0.919434, 2.256098, -1.097561, -0.426829, 33.141762
9587850, 0.013916, -0.019531, 0.905029, 2.195122, -0.975610, -0.304878, 33.094704
9589483, 0.019775, -0.020020, 0.914062, 2.256098, -1.219512, -0.182927, 33.235882
9591117, 0.021729, -0.019043, 0.907715, 2.073171, -1.280488, -0.304878, 33.094704
9592751, 0.018311, -0.015137, 0.918701, 2.195122, -1.036585, -0.243902, 33.047646
9594384, 0.020264, -0.014648, 0.916260, 2.073171, -0.914634, -0.121951, 33.094704
9596007, 0.014404, -0.015137, 0.920166, 2.317073, -1.036585, -0.365854, 33.188824
9597641, 0.025146, -0.013184, 0.912598, 2.317073, -1.280488, -0.121951, 33.141762
9599274, 0.020508, -0.016846, 0.915039, 2.134146, -1.036585, -0.060976, 33.094704
9600908, 0.017334, -0.015137, 0.913086, 2.378049, -0.853659, -0.182927, 33.141762
9602541, 0.020996, -0.021484, 0.917236, 2.256098, -1.097561, -0.365854, 33.188824
9604174, 0.015869, -0.020752, 0.915283, 2.195122, -1.097561, -0.182927, 33.235882
9605808, 0.017090, -0.014893, 0.913818, 2.134146, -0.975610, -0.060976, 33.188824
9607441, 0.019043, -0.011475, 0.914062, 2.195122, -0.914634, -0.243902, 33.188824
9609075, 0.022217, -0.018066, 0.913330, 2.256098, -1.097561, -0.304878, 33.188824
9610708, 0.020264, -0.015869, 0.925781, 2.256098, -0.914634, -0.121951, 33.141762
9612341, 0.017578, -0.012939, 0.923584, 2.256098, -0.914634, -0.060976, 33.094704
9613975, 0.019775, -0.018555, 0.914307, 2.256098, -1.219512, -0.182927, 33.141762
9615615, 0.021240, -0.016357, 0.908447, 2.073171, -1.219512, -0.182927, 33.094704
9617248, 0.020996, -0.012939, 0.906738, 2.195122, -1.158537, -0.121951, 33.141762
9618882, 0.019287, -0.015381, 0.915039, 2.195122, -0.975610, -0.304878, 33.094704
9620516, 0.020264, -0.016602, 0.921875, 2.134146, -1.219512, -0.304878, 33.141762
9622149, 0.020020, -0.019775, 0.915283, 2.134146, -1.158537, 0.000000, 33.094704
9623782, 0.019287, -0.008057, 0.908447, 2.134146, -1.036585, -0.304878, 33.141762
9625416, 0.013916, -0.010010, 0.907471, 2.256098, -1.158537, -0.243902, 33.188824
9627049, 0.018311, -0.020752, 0.915039, 2.134146, -1.097561, -0.243902, 33.188824
9628683, 0.022705, -0.016602, 0.917969, 2.134146, -0.975610, -0.121951, 33.047646
9630316, 0.023438, -0.016357, 0.917969, 2.134146, -1.036585, -0.182927, 33.094704
9631949, 0.020996, -0.009521, 0.912842, 2.134146, -1.036585, -0.304878, 33.141762
9633583, 0.020020, -0.012695, 0.915283, 2.256098, -1.158537, -0.182927, 33.188824
9635216, 0.019287, -0.016357, 0.917480, 2.134146, -1.097561, 0.182927, 33.141762
9636850, 0.026367, -0.017334, 0.906738, 2.256098, -1.341463, -0.060976, 33.188824
9638483, 0.015869, -0.017822, 0.904541, 2.073171, -0.853659, -0.182927, 33.141762
9640117, 0.020020, -0.016846, 0.915527, 2.012195, -0.975610, 0.000000, 33.188824
9641751, 0.024170, -0.017090, 0.921143, 2.073171, -1.097561, -0.182927, 33.141762
9643384, 0.014160, -0.019531, 0.925781, 2.073171, -1.158537, -0.243902, 33.188824
9645007, 0.018311, -0.019287, 0.915527, 2.195122, -1.219512, -0.243902, 33.047646
9646641, 0.015869, -0.013184, 0.911865, 1.951220, -1.219512, -0.121951, 33.188824
9648274, 0.020264, -0.014893, 0.916748, 2.134146, -1.158537, -0.121951, 33.141762
9649908, 0.018066, -0.015625, 0.922363, 2.073171, -1.036585, -0.182927, 33.188824
9651541, 0.015137, -0.014893, 0.916260, 2.195122, -1.097561, -0.182927, 33.235882
9653174, 0.019775, -0.013672, 0.915771, 2.134146, -1.219512, -0.182927, 33.188824
9654808, 0.016357, -0.017334, 0.916016, 2.195122, -0.914634, -0.365854, 33.141762
9656441, 0.014893, -0.015869, 0.917236, 2.073171, -1.036585, -0.243902, 33.188824
9658075, 0.013428, -0.016113, 0.918701, 2.073171, -1.219512, -0.243902, 33.094704
9659708, 0.020996, -0.017822, 0.918945, 2.134146, -0.975610, -0.365854, 33.141762
9661341, 0.019775, -0.021729, 0.913330, 2.134146, -0.914634, -0.243902, 33.188824
9662975, 0.026611, -0.016602, 0.918213, 2.073171, -1.097561, -0.182927, 33.141762
9664615, 0.020020, -0.021484, 0.916260, 2.195122, -0.975610, -0.182927, 33.094704
9666248, 0.020508, -0.015137, 0.919189, 2.073171, -1.036585, -0.304878, 33.141762
9667882, 0.020996, -0.015625, 0.917480, 2.317073, -1.097561, -0.182927, 33.094704
9669516, 0.017090, -0.015869, 0.919189, 2.256098, -1.036585, -0.121951, 33.141762
9671149, 0.019775, -0.017578, 0.922119, 2.256098, -1.219512, -0.182927, 33.188824
9672782, 0.022461, -0.016846, 0.912598, 2.134146, -0.975610, -0.304878, 33.141762
9674416, 0.022461, -0.017090, 0.919434, 2.134146, -1.158537, -0.243902, 33.094704
9676049, 0.017822, -0.017822, 0.915039, 2.073171, -1.097561, 0.060976, 33.141762
9677683, 0.017822, -0.017822, 0.918213, 2.073171, -1.219512, -0.182927, 33.094704
9679316, 0.021729, -0.017090, 0.914551, 2.256098, -0.975610, -0.182927, 33.141762
9680949, 0.016113, -0.018799, 0.915771, 2.256098, -0.975610, 0.000000, 33.094704
9682583, 0.014648, -0.012695, 0.913818, 2.134146, -1.097561, -0.182927, 33.235882
9684216, 0.019287, -0.013916, 0.926025, 2.134146, -1.158537, -0.304878, 33.141762
9685850, 0.022705, -0.015869, 0.918945, 2.073171, -1.036585, -0.243902, 33.094704
9687483, 0.015869, -0.015381, 0.915771, 2.195122, -1.219512, -0.182927, 33.094704
9689117, 0.019531, -0.018066, 0.912109, 2.134146, -1.341463, -0.365854, 33.188824
9690751, 0.016602, -0.016113, 0.920898, 2.012195, -1.036585, -0.243902, 33.141762
9692384, 0.014648, -0.015869, 0.926025, 2.134146, -1.158537, 0.060976, 33.094704
9694007, 0.017578, -0.012939, 0.917236, 2.195122, -0.975610, -0.365854, 33.141762
9695641, 0.018311, -0.017334, 0.919922, 2.195122, -1.097561, -0.304878, 33.188824
9697274, 0.020020, -0.017334, 0.924072, 2.195122, -1.158537, -0.060976, 33.047646
9698908, 0.019043, -0.017822, 0.908203, 2.073171, -1.097561, -0.182927, 33.094704
9700541, 0.018555, -0.013672, 0.916748, 1.890244, -0.792683, -0.121951, 33.141762
9702174, 0.010986, -0.016113, 0.913330, 2.134146, -1.036585, -0.182927, 33.094704
9703808, 0.012939, -0.017822, 0.911621, 2.378049, -1.219512, -0.060976, 33.047646
9705441, 0.022217, -0.019043, 0.908691, 2.134146, -0.975610, 0.000000, 33.188824
9707075, 0.017578, -0.020020, 0.913086, 2.073171, -1.036585, -0.060976, 33.141762
9708708, 0.020508, -0.023193, 0.911133, 2.073171, -1.158537, -0.182927, 33.188824
9710341, 0.021484, -0.022461, 0.911865, 2.317073, -0.914634, -0.243902, 33.141762
9711975, 0.014160, -0.014160, 0.911865, 2.073171, -1.036585, -0.243902, 33.094704
9713615, 0.016113, -0.014648, 0.910889, 2.073171, -1.036585, -0.060976, 33.188824
9715248, 0.019775, -0.016357, 0.916504, 2.134146, -1.097561, -0.060976, 33.141762
9716882, 0.017334, -0.015869, 0.913818, 2.012195, -1.097561, -0.121951, 33.188824
9718516, 0.017578, -0.015381, 0.917236, 2.134146, -0.975610, -0.182927, 33.188824
9720149, 0.020752, -0.015381, 0.917725, 2.317073, -1.036585, -0.182927, 33.188824
9721782, 0.022461, -0.015625, 0.917725, 2.012195, -1.036585, -0.182927, 33.235882
9723416, 0.022461, -0.018066, 0.913330, 1.951220, -1.036585, -0.304878, 33.094704
9725049, 0.013428, -0.017090, 0.914062, 2.195122, -1.280488, -0.304878, 33.141762
9726683, 0.013428, -0.014160, 0.908203, 2.195122, -0.853659, -0.060976, 33.188824
9728316, 0.008301, -0.017822, 0.913574, 2.134146, -0.792683, -0.365854, 33.141762
9729949, 0.014648, -0.020264, 0.920898, 2.378049, -1.036585, -0.243902, 33.094704
9731583, 0.018066, -0.020508, 0.920410, 2.134146, -1.341463, -0.243902, 33.141762
9733216, 0.017334, -0.012207, 0.914795, 2.317073, -1.158537, -0.182927, 33.188824
9734850, 0.021973, -0.010498, 0.913574, 2.134146, -1.280488, -0.304878, 33.141762
9736483, 0.021240, -0.016846, 0.920166, 2.012195, -1.158537, -0.182927, 33.094704
9738117, 0.018311, -0.016602, 0.925049, 2.073171, -1.036585, -0.060976, 33.141762
9739751, 0.017578, -0.017090, 0.912354, 2.134146, -1.097561, -0.182927, 33.188824
9741384, 0.016602, -0.017090, 0.923828, 2.195122, -1.158537, -0.426829, 33.235882
9743007, 0.014893, -0.018066, 0.908203, 2.378049, -0.792683, -0.121951, 33.141762
9744641, 0.022949, -0.016602, 0.921875, 2.134146, -0.914634, -0.243902, 33.188824
9746274, 0.020508, -0.020996, 0.910156, 2.317073, -1.036585, -0.365854, 33.141762
9747908, 0.021484, -0.020508, 0.916504, 2.195122, -1.219512, -0.243902, 33.188824
9749541, 0.022705, -0.014160, 0.918945, 2.073171, -1.036585, -0.182927, 33.188824
9751174, 0.014893, -0.017822, 0.925293, 2.134146, -1.097561, -0.182927, 33.188824
9752808, 0.020264, -0.015625, 0.916504, 2.134146, -1.097561, -0.182927, 33.141762
9754441, 0.019287, -0.018311, 0.918945, 2.256098, -1.097561, 0.060976, 33.094704
9756075, 0.020020, -0.017822, 0.910645, 1.951220, -1.097561, -0.365854, 33.141762
9757708, 0.021240, -0.012451, 0.915283, 2.195122, -0.914634, -0.365854, 33.188824
9759341, 0.023682, -0.013916, 0.918213, 2.134146, -0.975610, -0.121951, 33.047646
9760975, 0.014893, -0.015869, 0.922852, 2.134146, -1.158537, -0.182927, 33.094704
9762615, 0.020264, -0.012695, 0.911133, 2.195122, -0.975610, -0.304878, 33.047646
9764248, 0.014893, -0.012451, 0.913330, 2.073171, -0.975610, -0.121951, 33.188824
9765882, 0.017334, -0.022705, 0.922852, 2.195122, -1.158537, -0.243902, 33.141762
9767516, 0.024170, -0.014404, 0.912354, 2.378049, -1.158537, -0.304878, 33.188824
9769149, 0.015137, -0.016846, 0.918945, 2.256098, -1.097561, -0.304878, 33.141762
9770782, 0.022949, -0.017334, 0.919922, 2.134146, -1.036585, -0.304878, 33.094704
9772416, 0.023193, -0.019531, 0.914551, 2.256098, -1.219512, -0.060976, 33.094704
9774049, 0.022461, -0.019287, 0.914062, 2.073171, -1.097561, -0.182927, 33.047646
9775683, 0.019287, -0.012451, 0.914307, 2.134146, -1.036585, -0.060976, 33.094704
9777316, 0.023438, -0.020020, 0.916748, 2.073171, -0.914634, -0.182927, 33.141762
9778949, 0.017822, -0.017578, 0.914307, 2.195122, -1.097561, -0.182927, 33.282940
9780583, 0.021240, -0.019287, 0.910400, 2.073171, -0.914634, -0.182927, 33.094704
9782216, 0.021973, -0.020752, 0.924805, 2.378049, -1.280488, -0.243902, 33.188824
9783850, 0.015869, -0.016113, 0.909180, 2.195122, -1.280488, -0.243902, 33.141762
9785483, 0.017578, -0.013428, 0.915039, 2.256098, -1.158537, -0.243902, 33.188824
9787117, 0.025146, -0.018066, 0.913330, 2.378049, -1.097561, -0.243902, 33.235882
9788751, 0.018555, -0.012207, 0.910156, 2.195122, -1.097561, -0.182927, 33.094704
9790384, 0.016846, -0.012939, 0.910645, 2.134146, -1.280488, -0.426829, 33.235882
9792007, 0.016113, -0.015869, 0.917480, 1.890244, -1.036585, -0.365854, 33.094704
9793641, 0.014893, -0.017822, 0.910156, 2.073171, -1.097561, -0.121951, 33.141762
9795274, 0.015381, -0.017822, 0.920898, 2.256098, -1.158537, -0.365854, 33.188824
9796908, 0.020020, -0.017334, 0.920166, 2.073171, -1.097561, -0.243902, 33.141762
9798541, 0.025146, -0.015869, 0.917480, 2.195122, -1.036585, -0.182927, 33.094704
9800174, 0.028320, -0.016602, 0.913574, 2.195122, -1.097561, -0.243902, 33.235882
9801808, 0.024902, -0.017578, 0.918945, 2.073171, -1.219512, -0.121951, 33.094704
9803441, 0.021240, -0.022461, 0.918945, 2.134146, -1.280488, -0.182927, 33.188824
9805075, 0.017578, -0.018066, 0.914307, 2.195122, -1.219512, -0.426829, 33.141762
9806708, 0.021484, -0.016113, 0.918701, 2.256098, -1.219512, -0.304878, 33.094704
9808341, 0.019287, -0.016846, 0.913574, 2.134146, -1.280488, -0.304878, 33.047646
9809975, 0.017578, -0.013428, 0.912109, 2.134146, -0.975610, -0.365854, 33.094704
9811615, 0.015381, -0.015381, 0.913818, 2.134146, -0.853659, -0.060976, 33.141762
9813248, 0.021240, -0.017822, 0.919678, 2.256098, -1.097561, -0.182927, 33.188824
9814882, 0.020752, -0.013184, 0.917236, 2.134146, -0.975610, -0.121951, 33.047646
9816516, 0.018799, -0.019531, 0.919434, 2.073171, -1.097561, -0.060976, 33.188824
9818149, 0.017578, -0.019287, 0.916748, 2.256098, -1.158537, -0.243902, 33.141762
9819782, 0.020020, -0.018799, 0.920166, 2.317073, -1.097561, -0.243902, 33.094704
9821416, 0.024902, -0.013916, 0.922852, 2.073171, -1.219512, -0.121951, 33.235882
9823049, 0.017822, -0.010986, 0.907471, 2.317073, -1.097561, -0.304878, 33.094704
9824683, 0.017822, -0.014648, 0.913818, 2.195122, -1.158537, -0.304878, 33.047646
9826316, 0.012939, -0.009766, 0.913818, 2.073171, -1.036585, -0.365854, 33.188824
9827949, 0.018066, -0.021729, 0.905762, 2.134146, -0.975610, -0.182927, 33.235882
9829583, 0.021729, -0.014404, 0.906982, 2.012195, -0.914634, -0.243902, 33.188824
9831216, 0.013916, -0.014404, 0.919189, 2.256098, -1.158537, -0.243902, 33.188824
9832850, 0.010498, -0.014404, 0.913818, 2.317073, -1.097561, -0.182927, 33.141762
9834483, 0.020996, -0.014648, 0.912354, 2.134146, -0.853659, -0.365854, 33.094704
9836117, 0.024658, -0.012207, 0.916748, 2.073171, -1.280488, -0.182927, 33.141762
9837751, 0.021729, -0.014160, 0.908691, 2.134146, -1.097561, -0.304878, 33.188824
9839384, 0.023438, -0.015869, 0.917969, 2.073171, -1.097561, -0.365854, 33.141762
9841007, 0.022217, -0.014648, 0.916504, 2.134146, -0.975610, -0.243902, 33.094704
9842641, 0.017090, -0.011230, 0.911865, 2.317073, -1.097561, -0.243902, 33.235882
9844274, 0.017090, -0.010498, 0.910400, 2.134146, -1.219512, -0.304878, 33.188824
9845908, 0.023193, -0.017090, 0.912598, 2.134146, -1.036585, -0.243902, 33.047646
9847541, 0.019287, -0.015869, 0.916016, 2.134146, -1.219512, -0.060976, 33.188824
9849174, 0.023682, -0.015869, 0.917969, 2.195122, -1.036585, -0.060976, 33.141762
9850808, 0.017578, -0.013184, 0.923828, 2.134146, -1.036585, -0.121951, 33.094704
9852441, 0.018799, -0.012451, 0.923828, 2.134146, -1.036585, -0.060976, 33.141762
9854075, 0.012207, -0.010742, 0.906982, 2.317073, -1.097561, -0.182927, 33.188824
9855708, 0.018066, -0.016357, 0.914062, 2.134146, -1.158537, -0.182927, 33.141762
9857341, 0.016113, -0.016602, 0.917725, 2.134146, -1.158537, -0.243902, 33.094704
9858975, 0.020996, -0.015381, 0.904297, 2.134146, -0.914634, -0.182927, 33.141762
9860615, 0.020020, -0.020508, 0.911133, 2.134146, -1.219512, -0.304878, 33.188824
9862248, 0.017578, -0.013916, 0.914062, 2.195122, -1.097561, -0.304878, 33.188824
9863882, 0.022705, -0.016846, 0.914062, 2.134146, -1.097561, -0.304878, 33.235882
9865516, 0.020996, -0.016602, 0.910400, 2.134146, -1.036585, -0.365854, 33.188824
9867149, 0.019775, -0.020020, 0.917969, 2.256098, -1.036585, -0.304878, 33.141762
9868782, 0.024902, -0.013916, 0.914795, 2.195122, -1.158537, -0.182927, 33.188824
9870416, 0.013672, -0.013428, 0.915283, 2.256098, -1.036585, -0.121951, 33.047646
9872049, 0.019043, -0.018799, 0.904053, 2.073171, -1.158537, -0.121951, 33.094704
9873683, 0.015137, -0.015625, 0.920166, 2.012195, -1.097561, -0.243902, 33.047646
9875316, 0.018311, -0.016113, 0.916748, 2.256098, -1.097561, -0.060976, 33.094704
9876949, 0.017090, -0.016113, 0.911377, 2.195122, -1.097561, -0.304878, 33.141762
9878583, 0.019287, -0.015625, 0.905029, 2.073171, -0.853659, -0.182927, 33.188824
9880216, 0.017822, -0.012451, 0.923096, 2.378049, -0.975610, -0.182927, 33.141762
9881850, 0.018066, -0.019287, 0.911133, 2.317073, -1.158537, -0.243902, 33.094704
9883483, 0.019531, -0.022705, 0.914795, 2.012195, -1.219512, -0.243902, 33.235882
9885117, 0.012207, -0.014160, 0.904541, 2.195122, -1.036585, -0.182927, 33.094704
9886751, 0.018066, -0.014648, 0.918701, 2.134146, -0.914634, -0.182927, 33.141762
9888384, 0.012939, -0.015137, 0.915283, 2.134146, -1.219512, -0.243902, 33.141762
9890007, 0.017090, -0.018066, 0.910889, 2.134146, -1.158537, 0.060976, 33.188824
9891641, 0.013428, -0.014404, 0.914307, 2.134146, -1.219512, 0.060976, 33.188824
9893274, 0.016357, -0.011475, 0.917969, 2.134146, -1.097561, -0.243902, 33.094704
9894908, 0.013428, -0.020020, 0.913330, 2.317073, -1.036585, -0.243902, 33.141762
9896541, 0.018066, -0.017578, 0.923340, 2.195122, -1.158537, -0.243902, 33.094704
9898174, 0.025391, -0.013672, 0.916260, 2.073171, -1.097561, -0.365854, 33.141762
9899808, 0.022705, -0.019043, 0.906494, 2.134146, -1.097561, -0.304878, 33.188824
9901441, 0.023682, -0.018555, 0.911865, 2.195122, -1.097561, -0.182927, 33.141762
9903075, 0.019043, -0.017578, 0.906006, 2.317073, -1.097561, -0.243902, 33.094704
9904708, 0.022949, -0.019287, 0.922607, 2.134146, -1.036585, -0.426829, 33.047646
9906341, 0.024414, -0.016602, 0.914307, 2.134146, -1.158537, -0.121951, 33.188824
9907975, 0.017822, -0.019775, 0.906250, 2.195122, -0.975610, 0.000000, 33.235882
9909615, 0.015869, -0.010986, 0.913330, 2.195122, -1.036585, -0.182927, 33.188824
9911248, 0.027344, -0.015869, 0.907959, 2.073171, -1.036585, -0.365854, 33.141762
9912882, 0.015381, -0.018311, 0.918945, 2.195122, -1.036585, -0.060976, 33.188824
9914516, 0.017822, -0.016846, 0.911133, 2.378049, -1.036585, -0.121951, 33.141762
9916149, 0.015869, -0.015381, 0.917480, 2.195122, -0.914634, -0.182927, 33.094704
9917782, 0.014160, -0.017334, 0.922119, 2.195122, -1.036585, -0.182927, 33.141762
9919416, 0.013428, -0.017578, 0.912598, 2.195122, -1.219512, -0.365854, 33.235882
9921049, 0.011475, -0.012695, 0.928223, 2.195122, -1.158537, -0.304878, 33.094704
9922683, 0.017090, -0.021240, 0.913818, 2.195122, -1.158537, 0.060976, 33.188824
9924316, 0.014648, -0.015137, 0.915527, 2.073171, -1.219512, 0.000000, 33.188824
9925949, 0.018311, -0.013428, 0.910645, 2.073171, -1.036585, -0.121951, 33.141762
9927583, 0.019775, -0.016846, 0.919189, 1.890244, -1.158537, -0.304878, 33.188824
9929216, 0.010742, -0.020508, 0.922852, 2.012195, -1.097561, -0.182927, 33.235882
9930850, 0.022705, -0.019287, 0.916260, 2.134146, -1.158537, -0.182927, 33.094704
9932483, 0.018555, -0.017334, 0.921143, 2.317073, -1.219512, -0.304878, 33.141762
9934117, 0.018555, -0.020264, 0.913818, 2.134146, -1.097561, -0.304878, 33.094704
9935751, 0.017822, -0.016357, 0.913818, 2.317073, -1.097561, -0.182927, 33.141762
9937384, 0.021240, -0.015137, 0.913574, 2.134146, -1.097561, -0.121951, 33.188824
9939007, 0.016602, -0.014648, 0.918701, 2.195122, -1.036585, -0.121951, 33.141762
9940641, 0.020264, -0.018066, 0.915771, 2.195122, -1.219512, -0.182927, 33.188824
9942274, 0.010498, -0.016113, 0.921631, 2.012195, -0.975610, -0.426829, 33.235882
9943908, 0.019043, -0.015869, 0.909668, 2.073171, -1.219512, -0.182927, 33.094704
9945541, 0.013184, -0.019531, 0.912598, 2.256098, -1.097561, -0.060976, 33.141762
9947174, 0.013428, -0.015137, 0.919678, 2.195122, -1.097561, -0.365854, 33.094704
9948808, 0.029785, -0.011963, 0.917480, 2.195122, -1.219512, -0.182927, 33.235882
9950441, 0.022705, -0.017334, 0.914307, 2.256098, -1.036585, -0.060976, 33.141762
9952075, 0.019043, -0.018066, 0.918945, 2.256098, -0.975610, -0.121951, 33.094704
9953708, 0.020752, -0.011230, 0.910400, 2.256098, -0.853659, -0.182927, 33.188824
9955341, 0.015869, -0.014404, 0.921875, 2.134146, -1.219512, -0.182927, 33.094704
9956975, 0.019287, -0.016846, 0.923828, 2.256098, -1.097561, -0.121951, 33.141762
9958615, 0.018311, -0.011230, 0.921387, 2.317073, -1.219512, 0.000000, 33.094704
9960248, 0.018311, -0.014893, 0.913574, 2.073171, -0.914634, -0.121951, 33.141762
9961882, 0.016602, -0.010986, 0.907959, 2.134146, -0.975610, -0.060976, 33.188824
9963516, 0.017822, -0.019043, 0.909424, 2.073171, -1.219512, -0.121951, 33.141762
9965149, 0.022949, -0.015869, 0.914062, 2.073171, -0.975610, -0.121951, 33.188824
9966782, 0.020264, -0.018311, 0.916748, 2.073171, -0.853659, -0.182927, 33.141762
9968416, 0.023193, -0.020996, 0.914795, 2.012195, -1.280488, -0.182927, 33.188824
9970049, 0.014404, -0.018555, 0.922852, 2.195122, -1.219512, -0.121951, 33.141762
9971683, 0.015137, -0.016602, 0.918213, 2.256098, -0.914634, -0.182927, 33.188824
9973316, 0.016113, -0.020508, 0.911133, 2.195122, -1.158537, -0.365854, 33.141762
9974949, 0.021973, -0.014893, 0.915283, 2.134146, -1.036585, -0.182927, 33.188824
9976583, 0.022949, -0.016113, 0.912598, 2.073171, -1.097561, -0.243902, 33.188824
9978216, 0.020020, -0.010742, 0.921631, 2.012195, -1.036585, -0.304878, 33.141762
9979850, 0.019287, -0.017822, 0.915283, 2.195122, -1.036585, -0.243902, 33.188824
9981483, 0.017578, -0.012695, 0.915039, 2.195122, -1.097561, -0.121951, 33.141762
9983117, 0.017578, -0.011963, 0.915527, 2.073171, -1.219512, -0.060976, 33.188824
9984751, 0.021484, -0.016846, 0.914551, 2.195122, -1.280488, -0.060976, 33.282940
9986384, 0.021729, -0.016602, 0.911377, 2.195122, -1.219512, -0.182927, 33.094704
9988007, 0.017090, -0.018555, 0.911865, 2.195122, -1.036585, -0.182927, 33.141762
9989641, 0.018799, -0.013184, 0.917969, 2.134146, -1.097561, -0.121951, 33.188824
9991274, 0.022949, -0.019287, 0.909180, 2.134146, -1.341463, -0.121951, 33.141762
9992908, 0.023682, -0.017822, 0.919434, 2.012195, -1.219512, -0.121951, 33.094704
9994541, 0.025391, -0.015869, 0.916504, 2.134146, -0.975610, -0.060976, 33.141762
9996174, 0.019531, -0.021729, 0.921387, 2.195122, -0.914634, -0.182927, 33.000587
9997808, 0.015869, -0.018799, 0.914795, 2.256098, -1.219512, -0.182927, 33.141762
9999441, 0.022217, -0.013428, 0.915771, 2.256098, -1.158537, -0.243902, 33.094704
10001075, 0.019287, -0.017578, 0.918213, 2.195122, -0.914634, -0.060976, 33.235882
10002708, 0.020508, -0.013184, 0.921875, 2.012195, -0.975610, -0.121951, 33.094704
10004341, 0.022949, -0.025391, 0.910889, 2.134146, -1.158537, -0.304878, 33.141762
10005975, 0.020020, -0.020020, 0.917969, 2.317073, -1.158537, -0.060976, 33.188824
10007615, 0.019531, -0.014404, 0.916260, 2.134146, -1.097561, -0.121951, 33.094704
10009248, 0.025391, -0.020508, 0.918213, 2.134146, -1.158537, 0.000000, 33.235882
10010882, 0.020508, -0.014893, 0.914551, 2.256098, -1.158537, -0.243902, 33.188824
10012516, 0.020264, -0.011963, 0.915283, 2.256098, -1.158537, -0.121951, 33.141762
10014149, 0.020020, -0.016602, 0.915039, 2.073171, -1.097561, -0.060976, 33.094704
10015782, 0.016846, -0.013672, 0.912598, 2.012195, -1.097561, -0.060976, 33.094704
10017416, 0.020020, -0.017334, 0.917969, 2.012195, -1.036585, -0.304878, 33.188824
10019049, 0.018799, -0.021973, 0.912842, 2.134146, -1.219512, -0.243902, 33.141762
10020683, 0.020020, -0.014893, 0.910889, 2.195122, -1.097561, -0.182927, 33.094704
10022316, 0.020264, -0.010254, 0.914795, 2.195122, -1.158537, -0.243902, 33.141762
10023949, 0.018066, -0.014648, 0.914307, 2.134146, -1.219512, -0.182927, 33.094704
10025583, 0.025391, -0.013428, 0.913330, 2.195122, -1.097561, -0.243902, 33.141762
10027216, 0.021240, -0.016113, 0.920410, 2.012195, -1.280488, -0.426829, 33.094704
10028850, 0.018799, -0.016357, 0.904541, 2.256098, -1.158537, -0.182927, 33.141762
10030483, 0.015137, -0.017090, 0.911865, 2.195122, -0.975610, -0.182927, 33.188824
10032117, 0.022949, -0.020264, 0.913330, 2.378049, -0.975610, -0.365854, 33.141762
10033751, 0.015625, -0.018555, 0.907959, 2.134146, -1.219512, -0.060976, 33.094704
10035384, 0.020752, -0.016602, 0.912598, 2.195122, -1.158537, -0.243902, 33.188824
10037007, 0.017578, -0.015381, 0.911621, 2.378049, -1.158537, -0.243902, 33.141762
10038641, 0.018555, -0.017090, 0.917969, 2.317073, -1.097561, -0.365854, 33.094704
10040274, 0.023682, -0.016846, 0.909180, 1.951220, -1.036585, -0.304878, 33.141762
10041908, 0.027588, -0.015381, 0.918213, 1.890244, -1.036585, -0.182927, 33.000587
10043541, 0.026611, -0.014160, 0.919922, 2.256098, -1.036585, -0.182927, 33.141762
10045174, 0.017822, -0.018311, 0.912598, 2.317073, -0.914634, -0.304878, 33.188824
10046808, 0.019043, -0.010986, 0.914551, 2.195122, -1.219512, -0.243902, 33.094704
10048441, 0.021729, -0.012207, 0.905762, 2.195122, -1.036585, -0.243902, 33.094704
10050075, 0.015869, -0.015625, 0.916260, 2.134146, -1.158537, -0.060976, 33.141762
10051708, 0.017334, -0.018311, 0.911621, 2.134146, -1.097561, -0.182927, 33.188824
10053341, 0.024658, -0.018066, 0.913330, 2.012195, -0.975610, -0.243902, 33.141762
10054975, 0.020508, -0.018066, 0.916504, 2.195122, -0.975610, -0.182927, 33.094704
10056615, 0.021240, -0.014404, 0.908936, 2.378049, -0.975610, -0.243902, 33.141762
10058248, 0.019287, -0.017822, 0.913330, 2.134146, -1.036585, -0.182927, 33.188824
10059882, 0.016357, -0.019043, 0.912109, 2.195122, -1.097561, -0.243902, 33.235882
10061516, 0.015869, -0.013916, 0.908447, 2.195122, -1.158537, -0.182927, 33.188824
10063149, 0.030029, -0.013428, 0.911865, 2.134146, -0.975610, -0.365854, 33.235882
10064782, 0.025879, -0.018311, 0.919189, 2.134146, -0.975610, -0.365854, 33.094704
10066416, 0.021484, -0.014648, 0.910889, 2.012195, -1.036585, -0.060976, 33.094704
10068049, 0.021729, -0.018066, 0.918701, 2.256098, -1.097561, -0.182927, 33.141762
10069683, 0.023193, -0.017090, 0.922852, 2.256098, -1.036585, -0.121951, 33.094704
10071316, 0.020752, -0.019043, 0.910156, 2.195122, -1.036585, -0.304878, 33.141762
10072949, 0.018799, -0.014648, 0.916016, 2.256098, -1.219512, -0.243902, 33.094704
10074583, 0.020020, -0.011719, 0.920166, 2.195122, -1.097561, -0.182927, 33.141762
10076216, 0.023193, -0.007568, 0.912109, 2.134146, -0.975610, -0.121951, 33.094704
10077850, 0.015381, -0.015381, 0.918701, 2.012195, -1.097561, -0.304878, 33.141762
10079483, 0.018799, -0.013428, 0.915771, 2.134146, -0.853659, -0.182927, 33.188824
10081117, 0.012939, -0.018066, 0.912354, 2.256098, -0.975610, -0.304878, 33.047646
10082751, 0.018799, -0.015137, 0.911621, 2.195122, -0.914634, -0.182927, 33.094704
10084384, 0.019775, -0.017578, 0.915527, 2.134146, -1.097561, -0.243902, 33.141762
10086007, 0.016357, -0.016113, 0.911133, 2.134146, -1.280488, -0.243902, 33.094704
10087641, 0.015625, -0.016357, 0.915039, 2.012195, -1.036585, -0.304878, 33.141762
10089274, 0.015869, -0.015137, 0.912109, 2.195122, -0.975610, -0.182927, 33.094704
10090908, 0.017578, -0.013916, 0.911865, 1.951220, -1.280488, -0.304878, 33.141762
10092541, 0.016846, -0.012207, 0.919189, 2.134146, -1.158537, -0.121951, 33.094704
10094174, 0.020508, -0.015137, 0.911621, 2.256098, -1.097561, -0.060976, 33.047646
10095808, 0.017334, -0.018799, 0.908691, 2.317073, -1.158537, -0.304878, 33.188824
10097441, 0.016113, -0.013184, 0.912354, 2.195122, -1.097561, -0.060976, 33.094704
10099075, 0.024414, -0.014648, 0.919434, 2.256098, -1.219512, -0.121951, 33.047646
10100708, 0.022461, -0.015869, 0.925781, 2.256098, -0.914634, -0.182927, 33.188824
10102341, 0.016113, -0.013916, 0.920410, 2.134146, -1.158537, -0.243902, 33.141762
10103975, 0.018311, -0.015381, 0.905029, 2.073171, -0.975610, -0.060976, 33.094704
10105615, 0.019775, -0.018311, 0.911865, 2.073171, -0.853659, 0.000000, 33.141762
10107248, 0.018555, -0.016357, 0.916016, 2.256098, -1.219512, -0.182927, 33.094704
10108882, 0.008789, -0.015381, 0.912109, 2.256098, -1.036585, -0.365854, 33.141762
10110516, 0.011963, -0.006348, 0.918701, 2.195122, -1.097561, -0.121951, 33.094704
10112149, 0.019531, -0.014160, 0.923828, 2.256098, -1.280488, -0.182927, 33.141762
10113782, 0.020020, -0.011475, 0.919434, 2.134146, -0.914634, -0.182927, 33.094704
10115416, 0.023193, -0.019287, 0.917725, 2.134146, -0.975610, -0.243902, 33.235882
10117049, 0.019043, -0.015137, 0.910156, 2.012195, -1.097561, -0.365854, 33.188824
10118683, 0.018799, -0.020020, 0.912109, 2.012195, -0.914634, 0.000000, 33.141762
10120316, 0.023193, -0.013184, 0.912842, 2.256098, -1.219512, -0.060976, 33.094704
10121949, 0.022461, -0.019531, 0.916748, 2.073171, -1.097561, -0.304878, 33.141762
10123583, 0.023193, -0.018066, 0.915039, 2.073171, -0.975610, -0.182927, 33.141762
10125216, 0.019043, -0.011719, 0.910645, 2.256098, -1.158537, -0.121951, 33.094704
10126850, 0.012451, -0.014893, 0.915039, 2.012195, -1.219512, -0.182927, 33.188824
10128483, 0.021484, -0.010498, 0.906006, 2.134146, -1.097561, -0.243902, 33.188824
10130117, 0.021729, -0.012695, 0.912842, 2.256098, -0.975610, -0.121951, 33.141762
10131751, 0.021729, -0.013184, 0.916504, 2.195122, -1.036585, -0.243902, 33.094704
10133384, 0.017090, -0.013428, 0.907471, 2.073171, -1.158537, -0.304878, 33.047646
10135007, 0.012207, -0.014160, 0.919434, 2.012195, -1.036585, -0.182927, 33.188824
10136641, 0.015137, -0.014404, 0.913574, 2.256098, -1.097561, -0.121951, 33.141762
10138274, 0.020996, -0.013672, 0.908447, 2.195122, -1.158537, -0.243902, 33.094704
10139908, 0.018555, -0.017334, 0.915283, 2.195122, -1.036585, -0.121951, 33.235882
10141541, 0.016357, -0.015625, 0.922852, 2.256098, -1.036585, -0.121951, 33.094704
10143174, 0.019287, -0.016357, 0.916992, 2.073171, -0.914634, -0.121951, 33.235882
10144808, 0.024170, -0.015625, 0.913574, 2.073171, -0.975610, -0.182927, 33.094704
10146441, 0.016846, -0.012939, 0.907471, 2.195122, -1.219512, -0.121951, 33.141762
10148075, 0.025146, -0.010498, 0.921875, 2.134146, -0.914634, -0.243902, 33.094704
10149708, 0.023193, -0.011475, 0.915771, 2.317073, -1.097561, -0.182927, 33.141762
10151341, 0.020996, -0.015381, 0.914551, 2.317073, -1.341463, -0.182927, 33.094704
10152975, 0.023438, -0.020508, 0.924805, 2.012195, -1.219512, -0.182927, 33.141762
10154615, 0.023926, -0.018555, 0.917969, 2.073171, -0.975610, -0.304878, 33.141762
10156248, 0.012695, -0.019287, 0.910645, 2.073171, -0.975610, -0.304878, 33.188824
10157882, 0.014648, -0.016846, 0.914551, 2.256098, -0.853659, -0.121951, 33.094704
10159516, 0.015869, -0.011475, 0.912598, 2.256098, -1.158537, -0.182927, 33.188824
10161149, 0.020996, -0.016113, 0.918457, 2.195122, -1.280488, -0.182927, 33.141762
10162782, 0.020996, -0.011963, 0.923096, 2.195122, -1.219512, -0.182927, 33.188824
10164416, 0.023926, -0.013184, 0.915771, 2.134146, -1.097561, -0.426829, 33.141762
10166049, 0.026123, -0.019043, 0.925293, 2.134146, -1.097561, -0.426829, 33.188824
10167683, 0.022949, -0.016846, 0.924561, 2.195122, -1.036585, -0.060976, 33.047646
10169316, 0.021484, -0.014648, 0.921387, 1.951220, -0.975610, -0.182927, 33.094704
10170949, 0.018799, -0.018311, 0.917969, 2.073171, -1.158537, -0.182927, 33.141762
10172583, 0.012207, -0.014648, 0.918213, 2.317073, -1.219512, -0.182927, 33.094704
10174216, 0.014160, -0.019531, 0.914062, 2.256098, -0.914634, -0.121951, 33.141762
10175850, 0.016113, -0.018799, 0.921631, 2.195122, -1.158537, -0.060976, 33.282940
10177483, 0.022461, -0.017578, 0.912109, 2.317073, -1.341463, -0.121951, 33.141762
10179117, 0.018311, -0.013428, 0.921631, 2.195122, -1.036585, -0.243902, 33.188824
10180751, 0.023438, -0.012695, 0.915527, 2.134146, -0.975610, -0.182927, 33.141762
10182384, 0.022949, -0.013428, 0.917236, 2.134146, -1.036585, -0.243902, 33.141762
10184007, 0.025635, -0.012207, 0.919678, 2.134146, -1.219512, -0.060976, 33.188824
10185641, 0.021729, -0.011719, 0.916016, 2.073171, -1.219512, -0.243902, 33.141762
10187274, 0.027832, -0.015625, 0.911377, 2.195122, -1.097561, -0.365854, 33.094704
10188908, 0.022705, -0.012939, 0.910645, 2.134146, -1.280488, -0.304878, 33.188824
10190541, 0.016113, -0.014648, 0.909180, 2.073171, -0.914634, -0.243902, 33.188824
10192174, 0.019043, -0.015381, 0.910400, 2.134146, -0.975610, -0.426829, 33.141762
10193808, 0.019287, -0.009766, 0.910889, 2.134146, -1.097561, -0.121951, 33.188824
10195441, 0.018555, -0.011475, 0.905273, 2.134146, -1.158537, -0.060976, 33.141762
10197075, 0.018066, -0.017578, 0.913574, 2.256098, -1.036585, -0.182927, 33.094704
10198708, 0.016602, -0.019531, 0.921143, 1.951220, -1.097561, -0.121951, 33.141762
10200341, 0.014648, -0.015381, 0.919678, 2.134146, -1.097561, -0.121951, 33.188824
10201975, 0.018311, -0.017822, 0.920898, 2.378049, -0.914634, -0.182927, 33.141762
10203615, 0.021484, -0.015381, 0.906982, 2.256098, -0.792683, -0.304878, 33.188824
10205248, 0.017090, -0.018555, 0.911133, 2.073171, -0.975610, -0.243902, 33.141762
10206882, 0.025635, -0.016357, 0.910156, 2.317073, -1.219512, 0.000000, 33.188824
10208516, 0.020020, -0.015625, 0.915039, 2.134146, -1.097561, -0.060976, 33.141762
10210149, 0.020020, -0.012695, 0.923584, 2.134146, -1.219512, -0.060976, 33.188824
10211782, 0.012207, -0.021240, 0.916016, 2.256098, -1.158537, -0.243902, 33.094704
10213416, 0.021240, -0.015381, 0.920654, 2.378049, -1.036585, -0.060976, 33.141762
10215049, 0.017090, -0.014160, 0.919922, 2.134146, -1.158537, -0.121951, 33.094704
10216683, 0.018799, -0.015137, 0.905762, 2.073171, -1.097561, -0.365854, 33.141762
10218316, 0.019043, -0.015137, 0.909424, 2.195122, -1.036585, -0.365854, 33.094704
10219949, 0.022217, -0.019043, 0.909668, 2.073171, -0.975610, -0.182927, 33.094704
10221583, 0.022949, -0.018066, 0.915283, 2.073171, -0.914634, -0.182927, 33.094704
10223216, 0.015625, -0.014404, 0.912842, 2.195122, -1.036585, -0.121951, 33.235882
10224850, 0.016113, -0.021240, 0.905273, 2.073171, -1.219512, -0.304878, 33.094704
10226483, 0.012695, -0.019775, 0.915039, 2.134146, -0.975610, -0.182927, 33.141762
10228117, 0.022461, -0.016113, 0.922119, 2.073171, -1.158537, -0.182927, 33.188824
10229751, 0.019043, -0.015625, 0.917236, 2.134146, -1.036585, -0.365854, 33.235882
10231384, 0.015869, -0.013428, 0.906494, 2.134146, -0.975610, -0.182927, 33.188824
10233007, 0.012695, -0.015869, 0.925293, 2.134146, -1.036585, -0.121951, 33.141762
10234641, 0.020264, -0.015869, 0.921875, 2.317073, -1.036585, -0.365854, 33.094704
10236274, 0.018555, -0.015137, 0.919678, 2.134146, -1.219512, -0.243902, 33.141762
10237908, 0.017822, -0.016846, 0.913818, 2.134146, -1.158537, -0.182927, 33.188824
10239541, 0.019287, -0.018555, 0.919189, 2.073171, -1.097561, -0.243902, 33.141762
10241174, 0.022217, -0.010498, 0.919922, 2.134146, -1.036585, -0.243902, 33.188824
10242808, 0.019287, -0.010254, 0.921875, 2.256098, -1.097561, -0.182927, 33.094704
10244441, 0.016113, -0.016846, 0.908203, 2.256098, -1.158537, -0.304878, 33.141762
10246075, 0.023193, -0.018066, 0.920898, 2.134146, -1.097561, -0.121951, 33.094704
10247708, 0.024658, -0.021240, 0.923096, 2.317073, -0.975610, -0.121951, 33.235882
10249341, 0.020264, -0.015625, 0.916016, 2.378049, -1.097561, -0.182927, 33.094704
10250975, 0.018311, -0.021973, 0.908936, 2.256098, -1.219512, -0.121951, 33.188824
10252615, 0.023438, -0.017334, 0.914551, 2.134146, -1.158537, -0.365854, 33.094704
10254248, 0.018311, -0.020508, 0.908936, 2.256098, -1.097561, -0.182927, 33.235882
10255882, 0.025391, -0.017578, 0.912354, 2.256098, -1.036585, -0.182927, 33.094704
10257516, 0.015381, -0.016113, 0.908936, 2.195122, -1.097561, -0.365854, 33.141762
10259149, 0.018311, -0.017822, 0.921875, 2.134146, -1.036585, -0.365854, 33.094704
10260782, 0.020996, -0.020752, 0.920654, 2.256098, -1.097561, -0.304878, 33.235882
10262416, 0.018799, -0.015625, 0.908203, 2.134146, -1.097561, -0.182927, 33.094704
10264049, 0.016846, -0.015869, 0.923096, 2.073171, -1.097561, -0.182927, 33.235882
10265683, 0.020264, -0.015625, 0.923584, 2.073171, -1.036585, -0.365854, 33.094704
10267316, 0.024658, -0.024658, 0.917236, 2.134146, -1.036585, -0.365854, 33.141762
10268949, 0.020020, -0.013916, 0.914551, 2.134146, -0.975610, -0.243902, 33.094704
10270583, 0.020752, -0.017334, 0.917480, 2.134146, -1.097561, -0.304878, 33.188824
10272216, 0.020996, -0.013428, 0.910889, 2.195122, -1.158537, -0.365854, 33.141762
10273850, 0.022217, -0.016357, 0.916504, 2.256098, -1.280488, -0.304878, 33.094704
10275483, 0.019531, -0.012939, 0.907959, 2.195122, -0.975610, -0.243902, 33.141762
10277117, 0.017578, -0.013916, 0.903564, 2.134146, -0.975610, -0.243902, 33.094704
10278751, 0.022217, -0.014160, 0.910645, 2.012195, -1.097561, -0.060976, 33.141762
10280384, 0.022949, -0.017578, 0.924316, 2.134146, -0.975610, -0.182927, 33.188824
10282007, 0.023682, -0.022461, 0.898926, 2.073171, -1.158537, -0.304878, 33.141762
10283641, 0.026367, -0.015137, 0.910400, 2.134146, -1.219512, -0.243902, 33.094704
10285274, 0.020020, -0.009766, 0.910889, 2.195122, -1.036585, -0.243902, 33.141762
10286908, 0.014648, -0.019287, 0.922852, 2.134146, -1.036585, -0.182927, 33.094704
10288541, 0.023438, -0.014404, 0.913818, 2.134146, -1.219512, -0.121951, 33.047646
10290174, 0.019287, -0.014893, 0.913086, 2.500000, -1.097561, 0.000000, 33.188824
10291808, 0.013184, -0.016602, 0.911865, 2.134146, -0.975610, -0.304878, 33.141762
10293441, 0.013916, -0.016113, 0.925049, 2.073171, -1.036585, -0.182927, 33.188824
10295075, 0.015625, -0.012695, 0.919922, 2.256098, -0.975610, 0.000000, 33.141762
10296708, 0.020020, -0.017334, 0.921143, 2.012195, -1.158537, -0.243902, 33.094704
10298341, 0.018555, -0.019775, 0.911621, 2.134146, -1.158537, -0.365854, 33.141762
10299975, 0.023193, -0.017334, 0.912354, 2.134146, -1.280488, -0.365854, 33.188824
10301615, 0.018555, -0.015625, 0.914307, 2.256098, -1.158537, -0.243902, 33.188824
10303248, 0.022949, -0.016602, 0.917725, 2.073171, -1.158537, -0.243902, 33.141762
10304882, 0.020508, -0.017334, 0.921631, 2.134146, -1.036585, -0.243902, 33.094704
10306516, 0.018311, -0.018555, 0.916260, 2.195122, -1.219512, -0.121951, 33.141762
10308149, 0.022217, -0.020752, 0.916748, 2.256098, -1.036585, -0.365854, 33.094704
10309782, 0.016846, -0.013428, 0.913818, 2.195122, -1.158537, -0.121951, 33.141762
10311416, 0.021484, -0.017334, 0.917236, 2.134146, -1.219512, -0.243902, 33.094704
10313049, 0.018799, -0.013916, 0.919189, 2.256098, -1.036585, -0.182927, 33.141762
10314683, 0.016357, -0.014893, 0.912109, 2.134146, -0.975610, -0.243902, 33.188824
10316316, 0.019043, -0.015137, 0.922119, 2.134146, -0.975610, -0.304878, 33.141762
10317949, 0.022217, -0.015381, 0.920898, 2.073171, -1.036585, -0.121951, 33.188824
10319583, 0.023438, -0.013916, 0.908447, 2.134146, -0.975610, -0.243902, 33.141762
10321216, 0.015137, -0.015869, 0.909180, 2.073171, -1.219512, -0.243902, 33.188824
10322850, 0.017578, -0.019775, 0.918213, 2.195122, -1.158537, -0.243902, 33.141762
10324483, 0.019287, -0.019043, 0.918213, 2.256098, -0.975610, -0.182927, 33.188824
10326117, 0.024414, -0.019531, 0.916260, 2.134146, -1.097561, -0.182927, 33.047646
10327751, 0.017578, -0.016846, 0.923584, 2.195122, -1.280488, -0.182927, 33.094704
10329384, 0.018555, -0.017334, 0.916016, 2.073171, -1.219512, -0.243902, 33.188824
10331007, 0.020020, -0.011719, 0.922119, 2.195122, -1.097561, -0.182927, 33.094704
10332641, 0.018311, -0.012451, 0.915283, 2.195122, -1.097561, -0.121951, 33.094704
10334274, 0.019775, -0.017334, 0.924561, 2.012195, -1.219512, -0.243902, 33.235882
10335908, 0.021240, -0.021973, 0.913574, 1.951220, -0.975610, -0.243902, 33.000587
10337541, 0.018311, -0.018555, 0.917969, 2.134146, -1.158537, -0.365854, 33.141762
10339174, 0.015869, -0.015381, 0.920410, 2.134146, -1.158537, -0.121951, 33.282940
10340808, 0.009277, -0.020508, 0.919189, 2.134146, -1.097561, -0.243902, 33.047646
10342441, 0.020020, -0.012939, 0.914795, 2.378049, -1.036585, -0.121951, 33.094704
10344075, 0.015625, -0.019287, 0.911621, 2.134146, -1.097561, 0.000000, 33.235882
10345708, 0.019531, -0.019287, 0.912842, 2.073171, -0.792683, -0.304878, 33.094704
10347341, 0.018066, -0.017822, 0.915527, 2.195122, -0.975610, -0.182927, 33.141762
10348975, 0.019043, -0.018555, 0.918457, 2.195122, -1.158537, 0.000000, 33.094704
10350615, 0.021240, -0.010742, 0.919678, 2.073171, -1.097561, -0.304878, 33.047646
10352248, 0.022949, -0.012939, 0.908936, 2.073171, -1.036585, -0.121951, 33.188824
10353882, 0.021973, -0.020508, 0.916016, 2.134146, -1.097561, -0.060976, 33.141762
10355516, 0.024902, -0.020020, 0.910645, 2.195122, -0.975610, -0.182927, 33.188824
10357149, 0.022949, -0.017578, 0.916504, 2.073171, -1.097561, -0.182927, 33.141762
10358782, 0.024658, -0.014648, 0.916748, 2.012195, -1.097561, -0.243902, 33.141762
10360416, 0.017090, -0.012451, 0.908203, 2.195122, -1.036585, -0.426829, 33.094704
10362049, 0.019531, -0.015869, 0.905762, 2.195122, -1.158537, -0.243902, 33.188824
10363683, 0.016357, -0.015137, 0.910889, 2.073171, -1.036585, -0.243902, 33.094704
10365316, 0.017578, -0.019775, 0.909424, 2.073171, -1.097561, -0.121951, 33.141762
10366949, 0.011963, -0.019043, 0.914795, 2.012195, -1.280488, -0.243902, 33.094704
10368583, 0.020508, -0.012451, 0.916016, 2.256098, -1.158537, -0.304878, 33.141762
10370216, 0.020020, -0.013672, 0.922852, 2.134146, -0.975610, -0.182927, 33.094704
10371850, 0.018066, -0.015625, 0.919678, 2.378049, -1.158537, -0.304878, 33.141762
10373483, 0.018066, -0.012695, 0.916504, 2.317073, -1.036585, -0.060976, 33.094704
10375117, 0.018066, -0.013184, 0.913330, 2.012195, -1.158537, -0.121951, 33.141762
10376751, 0.024414, -0.015137, 0.919434, 2.195122, -0.853659, -0.182927, 33.094704
10378384, 0.024658, -0.012207, 0.916504, 2.134146, -0.975610, -0.304878, 33.047646
10380007, 0.017334, -0.017822, 0.915283, 2.073171, -1.219512, -0.182927, 33.188824
10381641, 0.019531, -0.010742, 0.910400, 2.195122, -0.975610, -0.182927, 33.141762
10383274, 0.015869, -0.020264, 0.910400, 2.195122, -0.731707, -0.182927, 33.188824
10384908, 0.014160, -0.016113, 0.914795, 2.256098, -1.036585, -0.182927, 33.141762
10386541, 0.015869, -0.013672, 0.914307, 2.134146, -1.036585, -0.121951, 33.094704
10388174, 0.014648, -0.010742, 0.921631, 2.134146, -1.158537, -0.121951, 33.141762
10389808, 0.014648, -0.012695, 0.917480, 2.134146, -1.097561, -0.060976, 33.141762
10391441, 0.016846, -0.024902, 0.919922, 2.134146, -0.975610, -0.060976, 33.188824
10393075, 0.023682, -0.016602, 0.904297, 2.134146, -0.975610, -0.182927, 33.094704
10394708, 0.022217, -0.014648, 0.912598, 2.012195, -1.097561, -0.365854, 33.094704
10396341, 0.022949, -0.013916, 0.915283, 2.195122, -1.158537, -0.365854, 33.141762
10397975, 0.016602, -0.015869, 0.924805, 2.195122, -1.036585, -0.243902, 33.094704
10399615, 0.016357, -0.014893, 0.911621, 2.195122, -1.219512, -0.243902, 33.235882
10401248, 0.018311, -0.012939, 0.913330, 2.256098, -0.975610, -0.121951, 33.188824
10402882, 0.018066, -0.018066, 0.908936, 2.195122, -1.036585, -0.182927, 33.141762
10404516, 0.019287, -0.015137, 0.913086, 2.195122, -1.097561, -0.121951, 33.188824
10406149, 0.014160, -0.018799, 0.912598, 2.256098, -1.158537, -0.182927, 33.141762
10407782, 0.015869, -0.015869, 0.912598, 2.073171, -1.219512, -0.060976, 33.094704
10409416, 0.019287, -0.017090, 0.912598, 2.073171, -1.280488, -0.243902, 33.235882
10411049, 0.018799, -0.019043, 0.909668, 2.134146, -0.914634, -0.121951, 33.188824
10412683, 0.026367, -0.014404, 0.909912, 2.256098, -1.158537, -0.243902, 33.141762
10414316, 0.017090, -0.017578, 0.908936, 2.317073, -1.097561, -0.243902, 33.094704
10415949, 0.018311, -0.021484, 0.914551, 2.134146, -1.158537, -0.243902, 33.141762
10417583, 0.023438, -0.017090, 0.920654, 2.073171, -0.975610, -0.182927, 33.235882
10419216, 0.014160, -0.019775, 0.911865, 2.134146, -1.097561, -0.182927, 33.188824
10420850, 0.014404, -0.008789, 0.914795, 2.256098, -0.853659, -0.182927, 33.141762
10422483, 0.016113, -0.018555, 0.905029, 2.256098, -0.914634, 0.000000, 33.188824
10424117, 0.017822, -0.016846, 0.904785, 2.317073, -1.036585, -0.243902, 33.094704
10425751, 0.017090, -0.020020, 0.912842, 2.317073, -1.097561, -0.121951, 33.188824
10427384, 0.016113, -0.015381, 0.912598, 2.134146, -1.219512, -0.304878, 33.141762
10429007, 0.020020, -0.019287, 0.919189, 2.134146, -1.097561, -0.182927, 33.000587
10430641, 0.024170, -0.012695, 0.911621, 2.256098, -1.036585, -0.243902, 33.141762
10432274, 0.027344, -0.017578, 0.915283, 2.256098, -1.219512, -0.304878, 33.188824
10433908, 0.025635, -0.016113, 0.916504, 2.134146, -0.975610, -0.243902, 33.141762
10435541, 0.020020, -0.021484, 0.909180, 2.012195, -1.097561, -0.243902, 33.188824
10437174, 0.019531, -0.019043, 0.916504, 2.195122, -1.036585, -0.304878, 33.235882
10438808, 0.020264, -0.015625, 0.922852, 2.134146, -1.097561, -0.365854, 33.094704
10440441, 0.015381, -0.017578, 0.910156, 2.195122, -1.219512, -0.304878, 33.141762
10442075, 0.017578, -0.023438, 0.920654, 2.134146, -1.036585, -0.182927, 33.094704
10443708, 0.020508, -0.013428, 0.912842, 2.195122, -1.036585, -0.060976, 33.141762
10445341, 0.022217, -0.011475, 0.907959, 2.134146, -1.219512, -0.243902, 33.094704
10446975, 0.024170, -0.012451, 0.912842, 2.195122, -1.036585, -0.121951, 33.047646
10448615, 0.016602, -0.015137, 0.920654, 2.195122, -1.097561, -0.304878, 33.141762
10450248, 0.024658, -0.016113, 0.906006, 2.256098, -0.853659, -0.243902, 33.094704
10451882, 0.021729, -0.015625, 0.916504, 2.256098, -1.097561, -0.182927, 33.141762
10453516, 0.016357, -0.017578, 0.911621, 2.317073, -1.036585, -0.487805, 33.094704
10455149, 0.017090, -0.011719, 0.912842, 2.256098, -1.036585, -0.243902, 33.094704
10456782, 0.025146, -0.023682, 0.912598, 2.073171, -1.219512, -0.182927, 33.094704
10458416, 0.018555, -0.018066, 0.913574, 2.012195, -1.219512, -0.304878, 33.047646
10460049, 0.016846, -0.017578, 0.918945, 2.134146, -0.792683, -0.121951, 33.188824
10461683, 0.016357, -0.012207, 0.918701, 2.195122, -0.975610, -0.182927, 33.047646
10463316, 0.022217, -0.015137, 0.916504, 2.134146, -1.036585, -0.182927, 33.094704
10464949, 0.017822, -0.014404, 0.921631, 1.951220, -1.219512, -0.182927, 33.141762
10466583, 0.020508, -0.025391, 0.911133, 2.012195, -1.097561, 0.000000, 33.188824
10468216, 0.021240, -0.010498, 0.911621, 2.195122, -1.097561, -0.182927, 33.141762
10469850, 0.021240, -0.015625, 0.910156, 2.195122, -0.975610, -0.182927, 33.094704
10471483, 0.024902, -0.020020, 0.910645, 2.256098, -1.097561, -0.121951, 33.141762
10473117, 0.021484, -0.017090, 0.915039, 2.073171, -1.097561, -0.304878, 33.188824
10474751, 0.021240, -0.019043, 0.919189, 2.134146, -1.158537, -0.304878, 33.141762
10476384, 0.017578, -0.011230, 0.917725, 2.195122, -1.036585, -0.243902, 33.141762
10478007, 0.016846, -0.019287, 0.915771, 2.134146, -1.036585, -0.243902, 33.188824
10479641, 0.026123, -0.013916, 0.917236, 2.256098, -1.036585, -0.121951, 33.141762
10481274, 0.019775, -0.017090, 0.914307, 2.073171, -0.975610, -0.243902, 33.188824
10482908, 0.020752, -0.013672, 0.905273, 2.195122, -1.036585, -0.426829, 33.141762
10484541, 0.020020, -0.018555, 0.912354, 2.195122, -1.036585, -0.365854, 33.094704
10486174, 0.020996, -0.023926, 0.910156, 2.012195, -1.158537, -0.182927, 33.188824
10487808, 0.020752, -0.007812, 0.918701, 2.256098, -1.219512, -0.060976, 33.094704
10489441, 0.020264, -0.010986, 0.911865, 2.256098, -1.219512, -0.060976, 33.141762
10491075, 0.022949, -0.015381, 0.925781, 2.195122, -1.341463, -0.365854, 33.094704
10492708, 0.012939, -0.023438, 0.916504, 2.012195, -1.158537, -0.121951, 33.141762
10494341, 0.017090, -0.013672, 0.913086, 2.439024, -1.158537, -0.060976, 33.094704
10495975, 0.022461, -0.014160, 0.916260, 2.073171, -1.036585, 0.000000, 33.235882
10497615, 0.020264, -0.010498, 0.914062, 2.134146, -0.975610, -0.121951, 33.094704
10499248, 0.018066, -0.009766, 0.920166, 2.073171, -1.036585, -0.060976, 33.141762
10500882, 0.018799, -0.013184, 0.923096, 2.012195, -1.158537, -0.304878, 33.094704
10502516, 0.017822, -0.018799, 0.917480, 2.195122, -1.158537, -0.182927, 33.141762
10504149, 0.021729, -0.017090, 0.914795, 2.256098, -1.280488, -0.182927, 33.188824
10505782, 0.020508, -0.014648, 0.911865, 2.012195, -0.914634, -0.182927, 33.094704
10507416, 0.022949, -0.017090, 0.917480, 2.073171, -0.975610, -0.243902, 33.047646
10509049, 0.021484, -0.012207, 0.918457, 2.073171, -1.036585, -0.243902, 33.000587
10510683, 0.022217, -0.017090, 0.903320, 2.134146, -0.914634, -0.304878, 33.235882
10512316, 0.015381, -0.018311, 0.919189, 2.073171, -1.036585, -0.243902, 33.094704
10513949, 0.016602, -0.019775, 0.910156, 2.256098, -1.219512, -0.121951, 33.141762
10515583, 0.022217, -0.016113, 0.912109, 2.317073, -1.158537, -0.121951, 33.094704
10517216, 0.018799, -0.015381, 0.909912, 2.134146, -0.975610, -0.182927, 33.235882
10518850, 0.020264, -0.014404, 0.916748, 2.073171, -1.036585, -0.304878, 33.188824
10520483, 0.022461, -0.015625, 0.916260, 2.256098, -1.036585, -0.182927, 33.141762
10522117, 0.020996, -0.014648, 0.919189, 2.195122, -1.036585, -0.487805, 33.188824
10523751, 0.021240, -0.010254, 0.909424, 2.378049, -0.914634, -0.060976, 33.141762
10525384, 0.021729, -0.015381, 0.906250, 2.317073, -0.914634, -0.121951, 33.094704
10527007, 0.021729, -0.021484, 0.911133, 2.073171, -1.280488, -0.121951, 33.047646
10528641, 0.026611, -0.016602, 0.916504, 2.256098, -1.036585, -0.121951, 33.094704
10530274, 0.011963, -0.014893, 0.916992, 2.256098, -0.975610, -0.060976, 33.141762
10531908, 0.014160, -0.013428, 0.913330, 2.195122, -1.097561, -0.243902, 33.094704
10533541, 0.021484, -0.015625, 0.913330, 2.073171, -1.219512, -0.121951, 33.141762
10535174, 0.017822, -0.014404, 0.913330, 2.134146, -1.280488, -0.060976, 33.094704
10536808, 0.019531, -0.019043, 0.916016, 2.134146, -1.036585, -0.304878, 33.188824
10538441, 0.019287, -0.017090, 0.907227, 2.134146, -1.158537, -0.304878, 33.141762
10540075, 0.019043, -0.016357, 0.912354, 2.073171, -1.158537, -0.121951, 33.094704
10541708, 0.017822, -0.011963, 0.910400, 1.951220, -1.158537, -0.243902, 33.141762
10543341, 0.013916, -0.013916, 0.919434, 2.073171, -1.158537, -0.243902, 33.188824
10544975, 0.025879, -0.011475, 0.923828, 2.012195, -0.853659, -0.243902, 33.141762
10546615, 0.018555, -0.012451, 0.915283, 2.134146, -1.036585, -0.243902, 33.094704
10548248, 0.022461, -0.015381, 0.912598, 2.317073, -0.853659, -0.182927, 33.141762
10549882, 0.027100, -0.017822, 0.924561, 2.073171, -0.853659, -0.243902, 33.094704
10551516, 0.019287, -0.020508, 0.912598, 2.317073, -1.158537, -0.182927, 33.047646
10553149, 0.021973, -0.018066, 0.912109, 2.195122, -0.975610, -0.182927, 33.094704
10554782, 0.014160, -0.015137, 0.916260, 2.134146, -1.097561, -0.365854, 33.141762
10556416, 0.018799, -0.013916, 0.918213, 2.256098, -1.097561, -0.304878, 33.188824
10558049, 0.021729, -0.014404, 0.915527, 2.195122, -1.097561, -0.121951, 33.141762
10559683, 0.017578, -0.015625, 0.915283, 2.073171, -1.036585, -0.243902, 33.188824
10561316, 0.025146, -0.012939, 0.912354, 2.256098, -0.914634, -0.060976, 33.141762
10562949, 0.012939, -0.017090, 0.914795, 2.195122, -1.219512, -0.121951, 33.094704
10564583, 0.019775, -0.016846, 0.915283, 2.195122, -1.219512, -0.121951, 33.094704
10566216, 0.020508, -0.019531, 0.915283, 2.012195, -1.097561, -0.060976, 33.094704
10567850, 0.020752, -0.017090, 0.912842, 2.317073, -1.036585, -0.060976, 33.094704
10569483, 0.020020, -0.018066, 0.911133, 2.134146, -0.975610, -0.121951, 33.047646
10571117, 0.021484, -0.019287, 0.915527, 2.256098, -0.853659, -0.182927, 33.188824
10572751, 0.017090, -0.014648, 0.921875, 2.195122, -1.036585, -0.243902, 33.141762
10574384, 0.018799, -0.015381, 0.926514, 2.073171, -1.219512, -0.243902, 33.188824
10576007, 0.020508, -0.018555, 0.918213, 1.951220, -1.158537, -0.243902, 33.141762
10577641, 0.019043, -0.020752, 0.916992, 2.134146, -1.097561, -0.121951, 33.094704
10579274, 0.018311, -0.020264, 0.919434, 2.134146, -1.036585, -0.060976, 33.235882
10580908, 0.021484, -0.014893, 0.921875, 2.134146, -1.219512, -0.304878, 33.094704
10582541, 0.025146, -0.018555, 0.908447, 2.256098, -1.341463, -0.243902, 33.235882
10584174, 0.021729, -0.017090, 0.912354, 2.195122, -1.341463, -0.121951, 33.188824
10585808, 0.016113, -0.012695, 0.921631, 2.012195, -1.036585, -0.182927, 33.141762
10587441, 0.014160, -0.015381, 0.917480, 2.073171, -0.914634, -0.243902, 33.188824
10589075, 0.014160, -0.019775, 0.920898, 2.073171, -0.975610, -0.304878, 33.141762
10590708, 0.021240, -0.014404, 0.913330, 2.073171, -1.036585, -0.304878, 33.094704
10592341, 0.019287, -0.016846, 0.919434, 2.256098, -1.036585, 0.000000, 33.047646
10593975, 0.020264, -0.015137, 0.917480, 2.317073, -1.158537, -0.243902, 33.188824
10595615, 0.021729, -0.020508, 0.906738, 2.195122, -1.036585, -0.243902, 33.188824
10597248, 0.019531, -0.014160, 0.913086, 2.073171, -1.036585, -0.182927, 33.188824
10598882, 0.016113, -0.014893, 0.915039, 2.073171, -0.853659, -0.243902, 33.094704
10600516, 0.020508, -0.011719, 0.920654, 2.073171, -0.914634, -0.182927, 33.141762
10602149, 0.023926, -0.018555, 0.914307, 2.134146, -1.097561, -0.182927, 33.188824
10603782, 0.022217, -0.021973, 0.924561, 2.073171, -1.036585, -0.243902, 33.235882
10605416, 0.019531, -0.014893, 0.910889, 2.317073, -1.219512, -0.243902, 33.094704
10607049, 0.018311, -0.020508, 0.913086, 2.256098, -1.097561, -0.243902, 33.141762
10608683, 0.020752, -0.012939, 0.905762, 2.195122, -1.036585, 0.000000, 33.094704