2426462, 0.207299277, 0.151094884, 0.278832108
2430691, 0.207299277, 0.151094884, 0.278832108
2434914, 0.208759129, 0.149635032, 0.281021893
2439136, 0.206569344, 0.149635032, 0.280291975
2443361, 0.210948899, 0.153284669, 0.281021893
2447583, 0.209489048, 0.151824817, 0.282481760
2451809, 0.207299277, 0.148175180, 0.281021893
2456034, 0.205839410, 0.152554750, 0.281021893
2460260, 0.208759129, 0.148905113, 0.278102189
2464486, 0.210218981, 0.151094884, 0.280291975
2468712, 0.204379559, 0.151094884, 0.282481760
2472936, 0.205839410, 0.148175180, 0.282481760
2477157, 0.207299277, 0.150364965, 0.282481760
2481389, 0.210218981, 0.151824817, 0.279562056
2485615, 0.209489048, 0.151824817, 0.281021893
2489840, 0.208029196, 0.151094884, 0.278832108
2494065, 0.207299277, 0.150364965, 0.283941597
2498287, 0.207299277, 0.151824817, 0.281751812
2502510, 0.210948899, 0.151094884, 0.281021893
2506736, 0.208759129, 0.153284669, 0.279562056
2510957, 0.205109492, 0.151824817, 0.281021893
2515183, 0.208029196, 0.148905113, 0.280291975
2519409, 0.209489048, 0.148905113, 0.282481760
2523631, 0.208759129, 0.151824817, 0.280291975
2527853, 0.206569344, 0.152554750, 0.283211678
2532074, 0.205109492, 0.151094884, 0.283211678
2536295, 0.207299277, 0.150364965, 0.282481760
2540518, 0.209489048, 0.151824817, 0.277372271
2544742, 0.211678833, 0.152554750, 0.285401464
2548963, 0.205109492, 0.151094884, 0.280291975
2553188, 0.206569344, 0.153284669, 0.286131382
2557411, 0.208029196, 0.150364965, 0.283211678
2561632, 0.210218981, 0.153284669, 0.281751812
2565851, 0.208759129, 0.151824817, 0.281021893
2570072, 0.208029196, 0.151824817, 0.279562056
2574294, 0.205109492, 0.148905113, 0.284671545
2578517, 0.208759129, 0.152554750, 0.283211678
2582739, 0.210948899, 0.151094884, 0.283941597
2586963, 0.209489048, 0.152554750, 0.279562056
2591188, 0.205109492, 0.151094884, 0.281751812
2595422, 0.207299277, 0.149635032, 0.283941597
2599645, 0.208029196, 0.152554750, 0.284671545
2603867, 0.211678833, 0.150364965, 0.282481760
2608092, 0.209489048, 0.149635032, 0.280291975
2612320, 0.205109492, 0.148905113, 0.284671545
2616543, 0.207299277, 0.151094884, 0.283941597
2620765, 0.208759129, 0.151824817, 0.280291975
2624990, 0.208029196, 0.151094884, 0.279562056
2629211, 0.205839410, 0.150364965, 0.280291975
2633439, 0.205839410, 0.149635032, 0.282481760
2637664, 0.206569344, 0.150364965, 0.282481760
2641888, 0.210948899, 0.150364965, 0.278832108
2646113, 0.208759129, 0.151824817, 0.285401464
2650337, 0.207299277, 0.150364965, 0.281021893
2654560, 0.207299277, 0.151824817, 0.283941597
2658782, 0.206569344, 0.151094884, 0.280291975
2663006, 0.210948899, 0.152554750, 0.280291975
2667237, 0.210218981, 0.148905113, 0.283941597
2671460, 0.205109492, 0.149635032, 0.283211678
2675686, 0.208029196, 0.150364965, 0.284671545
2679912, 0.208029196, 0.151094884, 0.280291975
2684136, 0.208759129, 0.153284669, 0.283211678
2688361, 0.207299277, 0.148905113, 0.283211678
2692583, 0.202919707, 0.148905113, 0.285401464
2696805, 0.208759129, 0.149635032, 0.279562056
2701030, 0.207299277, 0.154014602, 0.281021893
2705259, 0.209489048, 0.153284669, 0.280291975
2709486, 0.205839410, 0.151824817, 0.283941597
2713712, 0.205839410, 0.150364965, 0.283941597
2717936, 0.208759129, 0.151094884, 0.284671545
2722160, 0.209489048, 0.152554750, 0.280291975
2726394, 0.208029196, 0.149635032, 0.281751812
2730617, 0.205109492, 0.151824817, 0.279562056
2734842, 0.206569344, 0.148175180, 0.283211678
2739067, 0.209489048, 0.151094884, 0.282481760
2743294, 0.209489048, 0.152554750, 0.278102189
2747516, 0.208029196, 0.151094884, 0.278832108
2751738, 0.205839410, 0.147445261, 0.285401464
2755963, 0.208029196, 0.148905113, 0.280291975
2760188, 0.208029196, 0.150364965, 0.281021893
2764411, 0.207299277, 0.154014602, 0.279562056
2768635, 0.206569344, 0.150364965, 0.279562056
2772861, 0.205109492, 0.151094884, 0.281751812
2777085, 0.206569344, 0.149635032, 0.280291975
2781309, 0.211678833, 0.152554750, 0.283211678
2785531, 0.209489048, 0.153284669, 0.282481760
2789754, 0.207299277, 0.151094884, 0.281021893
2793978, 0.205839410, 0.149635032, 0.282481760
2798205, 0.206569344, 0.151094884, 0.279562056
2802435, 0.207299277, 0.151824817, 0.275182486
2806657, 0.208029196, 0.153284669, 0.280291975
2810881, 0.207299277, 0.150364965, 0.283211678
2815106, 0.206569344, 0.148175180, 0.283211678
2819330, 0.210218981, 0.150364965, 0.283941597
2823556, 0.210218981, 0.154744521, 0.278832108
2827782, 0.209489048, 0.150364965, 0.280291975
2832006, 0.202919707, 0.148905113, 0.283941597
2836237, 0.207299277, 0.152554750, 0.280291975
2840460, 0.209489048, 0.151094884, 0.283211678
2844680, 0.210218981, 0.151824817, 0.283941597
2848903, 0.208029196, 0.148905113, 0.279562056
2853127, 0.203649640, 0.148905113, 0.281751812
2857351, 0.206569344, 0.151094884, 0.281751812
2861573, 0.210218981, 0.151824817, 0.283211678
2865795, 0.210218981, 0.150364965, 0.283211678
2870019, 0.208029196, 0.148905113, 0.286861300
2874251, 0.206569344, 0.149635032, 0.279562056
2878474, 0.208759129, 0.151824817, 0.280291975
2882696, 0.209489048, 0.154014602, 0.278102189
2886919, 0.209489048, 0.150364965, 0.281021893
2891141, 0.202189788, 0.147445261, 0.280291975
2895365, 0.208029196, 0.148905113, 0.283211678
2899591, 0.207299277, 0.148905113, 0.281021893
2903813, 0.208759129, 0.154014602, 0.281751812
2908038, 0.205839410, 0.148175180, 0.281021893
2912263, 0.205109492, 0.148905113, 0.282481760
2916486, 0.205109492, 0.151094884, 0.283211678
2920708, 0.208029196, 0.149635032, 0.281751812
2924932, 0.210218981, 0.151824817, 0.281021893
2929154, 0.205839410, 0.149635032, 0.281021893
2933382, 0.206569344, 0.152554750, 0.283211678
2937605, 0.206569344, 0.151094884, 0.282481760
2941827, 0.209489048, 0.153284669, 0.279562056
2946048, 0.209489048, 0.152554750, 0.279562056
2950279, 0.207299277, 0.148175180, 0.283211678
2954502, 0.205839410, 0.148175180, 0.284671545
2958722, 0.209489048, 0.150364965, 0.282481760
2962946, 0.211678833, 0.153284669, 0.277372271
2967178, 0.208759129, 0.151094884, 0.281751812
2971401, 0.206569344, 0.149635032, 0.283211678
2975624, 0.205109492, 0.151094884, 0.285401464
2979850, 0.210218981, 0.149635032, 0.280291975
2984074, 0.207299277, 0.153284669, 0.281751812
2988298, 0.206569344, 0.150364965, 0.283941597
2992524, 0.206569344, 0.148175180, 0.279562056
2996747, 0.206569344, 0.149635032, 0.281021893
3000971, 0.209489048, 0.151094884, 0.279562056
3005195, 0.208759129, 0.151824817, 0.278832108
3009425, 0.206569344, 0.149635032, 0.283941597
3013648, 0.205839410, 0.150364965, 0.285401464
3017871, 0.206569344, 0.151824817, 0.280291975
3022095, 0.208759129, 0.150364965, 0.281751812
3026322, 0.207299277, 0.151824817, 0.283211678
3030544, 0.206569344, 0.151094884, 0.284671545
3034766, 0.206569344, 0.151824817, 0.284671545
3038991, 0.208029196, 0.154014602, 0.283211678
3043215, 0.212408766, 0.151094884, 0.281751812
3047439, 0.207299277, 0.151824817, 0.280291975
3051661, 0.205839410, 0.150364965, 0.283941597
3055887, 0.205839410, 0.152554750, 0.278832108
3060112, 0.208029196, 0.150364965, 0.280291975
3064333, 0.210218981, 0.153284669, 0.283211678
3068559, 0.206569344, 0.150364965, 0.283211678
3072781, 0.204379559, 0.148905113, 0.284671545
3077005, 0.206569344, 0.154014602, 0.285401464
3081237, 0.211678833, 0.150364965, 0.278832108
3085459, 0.208029196, 0.151824817, 0.275912404
3089685, 0.204379559, 0.151824817, 0.283211678
3093907, 0.206569344, 0.151094884, 0.284671545
3098132, 0.207299277, 0.150364965, 0.285401464
3102353, 0.210218981, 0.151824817, 0.278102189
3106575, 0.208759129, 0.149635032, 0.279562056
3110797, 0.207299277, 0.150364965, 0.282481760
3115021, 0.205839410, 0.149635032, 0.277372271
3119252, 0.207299277, 0.152554750, 0.285401464
3123474, 0.209489048, 0.151094884, 0.280291975
3127699, 0.208029196, 0.152554750, 0.282481760
3131922, 0.205109492, 0.149635032, 0.280291975
3136148, 0.206569344, 0.148175180, 0.281021893
3140379, 0.208029196, 0.152554750, 0.281021893
3144602, 0.208029196, 0.151824817, 0.280291975
3148824, 0.208759129, 0.148175180, 0.284671545
3153048, 0.205109492, 0.148905113, 0.285401464
3157276, 0.205839410, 0.148175180, 0.279562056
3161498, 0.212408766, 0.154744521, 0.279562056
3165721, 0.207299277, 0.150364965, 0.280291975
3169945, 0.205109492, 0.151094884, 0.281751812
3174176, 0.207299277, 0.147445261, 0.282481760
3178397, 0.207299277, 0.151824817, 0.280291975
3182620, 0.208759129, 0.152554750, 0.281021893
3186845, 0.208759129, 0.151824817, 0.281751812
3191069, 0.206569344, 0.151824817, 0.280291975
3195294, 0.205839410, 0.148175180, 0.281021893
3199516, 0.205839410, 0.151094884, 0.280291975
3203738, 0.211678833, 0.152554750, 0.282481760
3207963, 0.206569344, 0.154744521, 0.280291975
3212188, 0.202919707, 0.149635032, 0.284671545
3216411, 0.205109492, 0.153284669, 0.280291975
3220632, 0.207299277, 0.151094884, 0.281751812
3224854, 0.208029196, 0.151094884, 0.278832108
3229078, 0.206569344, 0.151824817, 0.284671545
3233305, 0.208759129, 0.148905113, 0.282481760
3237531, 0.205839410, 0.151824817, 0.282481760
3241754, 0.210218981, 0.151094884, 0.278832108
3245979, 0.208029196, 0.153284669, 0.283941597
3250205, 0.207299277, 0.148905113, 0.282481760
3254435, 0.206569344, 0.149635032, 0.281021893
3258657, 0.207299277, 0.151094884, 0.283211678
3262881, 0.209489048, 0.151824817, 0.280291975
3267106, 0.207299277, 0.151094884, 0.281751812
3271327, 0.205109492, 0.151094884, 0.281751812
3275550, 0.206569344, 0.149635032, 0.282481760
3279772, 0.208759129, 0.151094884, 0.278832108
3283993, 0.210218981, 0.151824817, 0.281751812
3288218, 0.207299277, 0.151094884, 0.278832108
3292441, 0.205839410, 0.148905113, 0.282481760
3296667, 0.208029196, 0.152554750, 0.279562056
3300891, 0.210218981, 0.152554750, 0.278832108
3305116, 0.210948899, 0.150364965, 0.280291975
3309339, 0.205109492, 0.151824817, 0.283211678
3313565, 0.205839410, 0.150364965, 0.283941597
3317791, 0.208029196, 0.149635032, 0.282481760
3322015, 0.210948899, 0.149635032, 0.278832108
3326248, 0.206569344, 0.152554750, 0.283211678
3330473, 0.204379559, 0.150364965, 0.283211678
3334700, 0.206569344, 0.148905113, 0.282481760
3338923, 0.208759129, 0.151094884, 0.279562056
3343146, 0.210948899, 0.151094884, 0.278832108
3347377, 0.209489048, 0.153284669, 0.285401464
3351599, 0.204379559, 0.150364965, 0.281751812
3355824, 0.208029196, 0.149635032, 0.281751812
3360049, 0.209489048, 0.149635032, 0.279562056
3364280, 0.208759129, 0.153284669, 0.278832108
3368502, 0.208029196, 0.149635032, 0.281751812
3372725, 0.204379559, 0.149635032, 0.283211678
3376949, 0.208029196, 0.151094884, 0.283211678
3381181, 0.208759129, 0.151094884, 0.281751812
3385406, 0.208029196, 0.152554750, 0.283941597
3389632, 0.205839410, 0.148175180, 0.281751812
3393858, 0.206569344, 0.149635032, 0.280291975
3398083, 0.210218981, 0.150364965, 0.280291975
3402306, 0.210218981, 0.153284669, 0.283211678
3406532, 0.210218981, 0.151824817, 0.281021893
3410754, 0.204379559, 0.150364965, 0.283941597
3414978, 0.206569344, 0.149635032, 0.282481760
3419205, 0.208029196, 0.151094884, 0.280291975
3423435, 0.210218981, 0.154744521, 0.279562056
3427657, 0.207299277, 0.150364965, 0.283211678
3431881, 0.205839410, 0.149635032, 0.285401464
3436102, 0.206569344, 0.150364965, 0.280291975
3440326, 0.209489048, 0.151824817, 0.278832108
3444549, 0.209489048, 0.151094884, 0.279562056
3448771, 0.205839410, 0.149635032, 0.281021893
3452995, 0.208029196, 0.149635032, 0.282481760
3457218, 0.205109492, 0.151094884, 0.281021893
3461441, 0.211678833, 0.152554750, 0.278832108
3465663, 0.208029196, 0.150364965, 0.283941597
3469887, 0.206569344, 0.151094884, 0.281751812
3474112, 0.203649640, 0.151824817, 0.284671545
3478337, 0.210218981, 0.149635032, 0.281751812
3482563, 0.205839410, 0.151824817, 0.278832108
3486785, 0.206569344, 0.151824817, 0.279562056
3491010, 0.205109492, 0.150364965, 0.283211678
3495240, 0.204379559, 0.150364965, 0.281751812
3499466, 0.207299277, 0.151094884, 0.283211678
3503692, 0.208029196, 0.153284669, 0.283941597
3507918, 0.207299277, 0.151094884, 0.281751812
3512141, 0.204379559, 0.151094884, 0.282481760
3516368, 0.206569344, 0.151094884, 0.277372271
3520595, 0.210948899, 0.151094884, 0.283211678
3524821, 0.210218981, 0.149635032, 0.282481760
3529046, 0.209489048, 0.149635032, 0.280291975
3533270, 0.205839410, 0.146715328, 0.283211678
3537496, 0.209489048, 0.148175180, 0.284671545
3541722, 0.211678833, 0.152554750, 0.280291975
3545946, 0.209489048, 0.154744521, 0.283941597
3550181, 0.207299277, 0.148905113, 0.281021893
3554407, 0.207299277, 0.149635032, 0.282481760
3558629, 0.208029196, 0.152554750, 0.280291975
3562855, 0.208759129, 0.151094884, 0.280291975
3567079, 0.209489048, 0.151094884, 0.282481760
3571308, 0.204379559, 0.152554750, 0.281021893
3575534, 0.208029196, 0.149635032, 0.281021893
3579760, 0.209489048, 0.150364965, 0.281751812
3583985, 0.209489048, 0.152554750, 0.280291975
3588209, 0.208759129, 0.146715328, 0.284671545
3592438, 0.205109492, 0.150364965, 0.286131382
3596660, 0.205839410, 0.150364965, 0.283211678
3600887, 0.207299277, 0.155474454, 0.279562056
3605112, 0.208029196, 0.153284669, 0.279562056
3609337, 0.208029196, 0.151094884, 0.278102189
3613563, 0.203649640, 0.151824817, 0.283941597
3617788, 0.207299277, 0.151824817, 0.282481760
3622012, 0.209489048, 0.149635032, 0.279562056
3626244, 0.208759129, 0.151824817, 0.280291975
3630467, 0.205839410, 0.150364965, 0.283211678
3634691, 0.205109492, 0.151094884, 0.283211678
3638918, 0.207299277, 0.151094884, 0.283941597
3643143, 0.208029196, 0.154014602, 0.279562056
3647367, 0.205839410, 0.150364965, 0.280291975
3651593, 0.203649640, 0.150364965, 0.283211678
3655819, 0.206569344, 0.148175180, 0.282481760
3660044, 0.210218981, 0.151094884, 0.279562056
3664267, 0.209489048, 0.151094884, 0.279562056
3668493, 0.206569344, 0.148175180, 0.278832108
3672719, 0.203649640, 0.150364965, 0.285401464
3676943, 0.208029196, 0.149635032, 0.281021893
3681174, 0.210218981, 0.152554750, 0.280291975
3685398, 0.208029196, 0.153284669, 0.281751812
3689624, 0.208759129, 0.148905113, 0.284671545
3693850, 0.206569344, 0.150364965, 0.281751812
3698074, 0.207299277, 0.149635032, 0.282481760
3702298, 0.208759129, 0.151094884, 0.278102189
3706524, 0.208029196, 0.151824817, 0.280291975
3710751, 0.206569344, 0.150364965, 0.283941597
3714975, 0.204379559, 0.149635032, 0.281021893
3719206, 0.209489048, 0.150364965, 0.281751812
3723436, 0.211678833, 0.152554750, 0.278832108
3727659, 0.207299277, 0.149635032, 0.281021893
3731882, 0.205109492, 0.149635032, 0.280291975
3736107, 0.207299277, 0.152554750, 0.279562056
3740331, 0.210218981, 0.151094884, 0.280291975
3744554, 0.208759129, 0.152554750, 0.281751812
3748777, 0.208759129, 0.151094884, 0.283211678
3753001, 0.205839410, 0.151094884, 0.281751812
3757234, 0.206569344, 0.148905113, 0.279562056
3761457, 0.210948899, 0.150364965, 0.278102189
3765683, 0.209489048, 0.151094884, 0.276642323
3769906, 0.205109492, 0.149635032, 0.278832108
3774130, 0.207299277, 0.150364965, 0.285401464
3778354, 0.205839410, 0.151824817, 0.278832108
3782579, 0.208029196, 0.154014602, 0.283211678
3786801, 0.210218981, 0.148175180, 0.282481760
3791026, 0.205839410, 0.149635032, 0.281021893
3795255, 0.205839410, 0.148175180, 0.282481760
3799481, 0.207299277, 0.151824817, 0.280291975
3803707, 0.209489048, 0.151094884, 0.281751812
3807935, 0.207299277, 0.153284669, 0.278832108
3812159, 0.204379559, 0.148175180, 0.278832108
3816394, 0.207299277, 0.150364965, 0.283941597
3820620, 0.207299277, 0.147445261, 0.278102189
3824842, 0.210948899, 0.151824817, 0.281021893
3829067, 0.206569344, 0.151824817, 0.278832108
3833290, 0.205109492, 0.149635032, 0.285401464
3837513, 0.205109492, 0.150364965, 0.281751812
3841740, 0.209489048, 0.150364965, 0.281021893
3845961, 0.206569344, 0.148905113, 0.279562056
3850186, 0.205109492, 0.150364965, 0.282481760
3854412, 0.206569344, 0.150364965, 0.282481760
3858635, 0.208759129, 0.150364965, 0.283211678
3862861, 0.208759129, 0.150364965, 0.280291975
3867085, 0.208029196, 0.151094884, 0.280291975
3871309, 0.205839410, 0.148905113, 0.283211678
3875531, 0.207299277, 0.148905113, 0.281751812
3879758, 0.207299277, 0.151094884, 0.281021893
3883982, 0.208029196, 0.151094884, 0.282481760
3888205, 0.207299277, 0.150364965, 0.278102189
3892435, 0.205109492, 0.150364965, 0.282481760
3896658, 0.206569344, 0.150364965, 0.284671545
3900886, 0.207299277, 0.151094884, 0.279562056
3905111, 0.208759129, 0.151824817, 0.277372271
3909333, 0.208759129, 0.149635032, 0.285401464
3913559, 0.204379559, 0.150364965, 0.281021893
3917781, 0.208029196, 0.151094884, 0.281021893
3922009, 0.210948899, 0.152554750, 0.280291975
3926240, 0.208759129, 0.153284669, 0.281751812
3930466, 0.204379559, 0.151824817, 0.283941597
3934692, 0.205839410, 0.150364965, 0.281021893
3938918, 0.206569344, 0.151824817, 0.283941597
3943144, 0.210218981, 0.152554750, 0.279562056
3947375, 0.209489048, 0.150364965, 0.278102189
3951601, 0.204379559, 0.148905113, 0.281021893
3955827, 0.205109492, 0.151824817, 0.281751812
3960052, 0.210948899, 0.151824817, 0.281021893
3964283, 0.208759129, 0.152554750, 0.278832108
3968509, 0.208029196, 0.149635032, 0.283941597
3972734, 0.204379559, 0.148905113, 0.280291975
3976959, 0.207299277, 0.148905113, 0.282481760
3981187, 0.208029196, 0.150364965, 0.277372271
3985421, 0.209489048, 0.151094884, 0.278832108
3989644, 0.205839410, 0.148905113, 0.282481760
3993867, 0.208029196, 0.148905113, 0.281021893
3998092, 0.207299277, 0.149635032, 0.278832108
4002313, 0.208759129, 0.151824817, 0.278102189
4006535, 0.208029196, 0.154014602, 0.278102189
4010760, 0.205839410, 0.152554750, 0.283211678
4014985, 0.206569344, 0.148905113, 0.282481760
4019209, 0.206569344, 0.154014602, 0.277372271
4023439, 0.209489048, 0.151824817, 0.283211678
4027661, 0.208759129, 0.152554750, 0.282481760
4031884, 0.203649640, 0.151824817, 0.282481760
4036105, 0.208029196, 0.149635032, 0.281751812
4040329, 0.209489048, 0.151094884, 0.281021893
4044551, 0.208029196, 0.153284669, 0.281021893
4048773, 0.205839410, 0.150364965, 0.280291975
4052997, 0.205839410, 0.151094884, 0.285401464
4057222, 0.207299277, 0.149635032, 0.279562056
4061444, 0.209489048, 0.151094884, 0.278832108
4065667, 0.208759129, 0.151824817, 0.281751812
4069890, 0.205839410, 0.151094884, 0.281751812
4074111, 0.208759129, 0.151094884, 0.281751812
4078333, 0.208759129, 0.152554750, 0.281021893
4082559, 0.208029196, 0.151094884, 0.275912404
4086781, 0.206569344, 0.150364965, 0.281021893
4091005, 0.205109492, 0.149635032, 0.279562056
4095234, 0.207299277, 0.149635032, 0.281751812
4099456, 0.208759129, 0.150364965, 0.281021893
4103680, 0.210948899, 0.154014602, 0.278832108
4107903, 0.205839410, 0.150364965, 0.281751812
4112127, 0.204379559, 0.149635032, 0.286861300
4116348, 0.205839410, 0.151094884, 0.278102189
4120570, 0.208029196, 0.150364965, 0.277372271
4124792, 0.208029196, 0.152554750, 0.283211678
4129017, 0.209489048, 0.151094884, 0.282481760
4133248, 0.205109492, 0.148175180, 0.279562056
4137474, 0.208029196, 0.151094884, 0.281751812
4141699, 0.210218981, 0.151824817, 0.279562056
4145922, 0.208029196, 0.150364965, 0.276642323
4150145, 0.208029196, 0.149635032, 0.280291975
4154376, 0.205839410, 0.148905113, 0.280291975
4158599, 0.207299277, 0.152554750, 0.281751812
4162821, 0.211678833, 0.154014602, 0.278832108
4167042, 0.208029196, 0.151824817, 0.281021893
4171267, 0.205109492, 0.149635032, 0.280291975
4175490, 0.206569344, 0.148905113, 0.283211678
4179712, 0.207299277, 0.152554750, 0.278832108
4183936, 0.210218981, 0.155474454, 0.281751812
4188160, 0.208029196, 0.149635032, 0.283211678
4192394, 0.205839410, 0.149635032, 0.283211678
4196617, 0.208759129, 0.152554750, 0.283941597
4200839, 0.206569344, 0.150364965, 0.279562056
4205063, 0.208759129, 0.153284669, 0.280291975
4209288, 0.208759129, 0.151824817, 0.283941597
4213514, 0.206569344, 0.147445261, 0.283211678
4217740, 0.205109492, 0.152554750, 0.281751812
4221965, 0.208759129, 0.151824817, 0.279562056
4226190, 0.208759129, 0.149635032, 0.278832108
4230420, 0.205109492, 0.150364965, 0.282481760
4234643, 0.205839410, 0.148175180, 0.283211678
4238866, 0.207299277, 0.150364965, 0.281751812
4243091, 0.210218981, 0.152554750, 0.281021893
4247319, 0.208759129, 0.154014602, 0.283211678
4251545, 0.204379559, 0.151094884, 0.283941597
4255767, 0.206569344, 0.147445261, 0.283941597
4259991, 0.209489048, 0.153284669, 0.278832108
4264215, 0.210218981, 0.152554750, 0.281751812
4268440, 0.205839410, 0.152554750, 0.282481760
4272666, 0.205839410, 0.149635032, 0.281751812
4276890, 0.208029196, 0.148905113, 0.277372271
4281114, 0.206569344, 0.151824817, 0.283211678
4285337, 0.207299277, 0.150364965, 0.281751812
4289560, 0.207299277, 0.150364965, 0.279562056
4293785, 0.202189788, 0.148905113, 0.280291975
4298011, 0.205839410, 0.151824817, 0.282481760
4302242, 0.208759129, 0.154744521, 0.278832108
4306468, 0.205839410, 0.151094884, 0.279562056
4310694, 0.208029196, 0.149635032, 0.280291975
4314917, 0.209489048, 0.149635032, 0.284671545
4319140, 0.208759129, 0.154744521, 0.283941597
4323367, 0.210218981, 0.151824817, 0.278832108
4327593, 0.206569344, 0.152554750, 0.282481760
4331819, 0.204379559, 0.150364965, 0.278832108
4336044, 0.205109492, 0.149635032, 0.281751812
4340264, 0.210218981, 0.152554750, 0.280291975
4344487, 0.210948899, 0.151824817, 0.280291975
4348709, 0.206569344, 0.152554750, 0.283941597
4352938, 0.205109492, 0.146715328, 0.281021893
4357173, 0.208029196, 0.150364965, 0.281751812
4361394, 0.210218981, 0.150364965, 0.276642323
4365616, 0.207299277, 0.154014602, 0.281021893
4369838, 0.205839410, 0.150364965, 0.280291975
4374062, 0.207299277, 0.151094884, 0.283941597
4378287, 0.205109492, 0.153284669, 0.281751812
4382513, 0.209489048, 0.151824817, 0.281751812
4386740, 0.208759129, 0.151094884, 0.282481760
4390961, 0.207299277, 0.151824817, 0.280291975
4395186, 0.202189788, 0.151094884, 0.279562056
4399412, 0.205839410, 0.152554750, 0.277372271
4403635, 0.208759129, 0.153284669, 0.278102189
4407857, 0.208759129, 0.150364965, 0.281751812
4412081, 0.202919707, 0.148905113, 0.281021893
4416308, 0.206569344, 0.151094884, 0.282481760
4420534, 0.209489048, 0.151094884, 0.278102189
4424757, 0.210948899, 0.152554750, 0.279562056
4428978, 0.206569344, 0.149635032, 0.279562056
4433207, 0.205109492, 0.150364965, 0.280291975
4437437, 0.207299277, 0.151824817, 0.284671545
4441659, 0.209489048, 0.150364965, 0.281751812
4445882, 0.208759129, 0.148905113, 0.280291975
4450106, 0.207299277, 0.149635032, 0.283941597
4454330, 0.206569344, 0.148905113, 0.281751812
4458555, 0.206569344, 0.150364965, 0.281021893
4462778, 0.210948899, 0.151824817, 0.278832108
4467002, 0.205839410, 0.149635032, 0.281751812
4471234, 0.204379559, 0.149635032, 0.283211678
4475460, 0.207299277, 0.152554750, 0.283211678
4479686, 0.208759129, 0.148905113, 0.280291975
4483909, 0.210948899, 0.148905113, 0.282481760
4488133, 0.208029196, 0.150364965, 0.278102189
4492357, 0.205839410, 0.148905113, 0.280291975
4496579, 0.206569344, 0.148175180, 0.282481760
4500801, 0.208759129, 0.151824817, 0.278102189
4505026, 0.208029196, 0.148175180, 0.281751812
4509255, 0.205839410, 0.149635032, 0.281751812
4513477, 0.205109492, 0.148905113, 0.281751812
4517699, 0.208029196, 0.148905113, 0.279562056
4521922, 0.210218981, 0.153284669, 0.277372271
4526145, 0.210218981, 0.152554750, 0.282481760
4530376, 0.208759129, 0.148175180, 0.279562056
4534599, 0.207299277, 0.149635032, 0.283211678
4538821, 0.208029196, 0.151824817, 0.280291975
4543044, 0.208029196, 0.154014602, 0.279562056
4547267, 0.205839410, 0.151824817, 0.280291975
4551489, 0.205839410, 0.149635032, 0.284671545
4555712, 0.206569344, 0.149635032, 0.281021893
4559936, 0.207299277, 0.151094884, 0.281021893
4564160, 0.211678833, 0.154744521, 0.278832108
4568394, 0.206569344, 0.149635032, 0.282481760
4572617, 0.204379559, 0.147445261, 0.283211678
4576839, 0.207299277, 0.151094884, 0.280291975
4581063, 0.208029196, 0.148905113, 0.281021893
4585288, 0.207299277, 0.151094884, 0.281751812
4589511, 0.205839410, 0.151094884, 0.284671545
4593733, 0.207299277, 0.149635032, 0.285401464
4597957, 0.208029196, 0.150364965, 0.278102189
4602186, 0.210218981, 0.153284669, 0.279562056
4606412, 0.208759129, 0.148905113, 0.281021893
4610635, 0.205839410, 0.148905113, 0.283941597
4614857, 0.205839410, 0.148905113, 0.279562056
4619081, 0.209489048, 0.149635032, 0.279562056
4623308, 0.208029196, 0.151824817, 0.278102189
4627530, 0.205839410, 0.151094884, 0.280291975
4631757, 0.207299277, 0.147445261, 0.281021893
4635982, 0.207299277, 0.149635032, 0.283941597
4640205, 0.208759129, 0.151824817, 0.280291975
4644438, 0.210218981, 0.154014602, 0.282481760
4648664, 0.205109492, 0.149635032, 0.281021893
4652888, 0.208029196, 0.151824817, 0.281751812
4657109, 0.204379559, 0.151824817, 0.281751812
4661333, 0.208029196, 0.154014602, 0.283211678
4665555, 0.205839410, 0.151094884, 0.281751812
4669777, 0.207299277, 0.149635032, 0.281751812
4674001, 0.205839410, 0.148905113, 0.283211678
4678234, 0.208029196, 0.151824817, 0.281751812
4682457, 0.210218981, 0.152554750, 0.279562056
4686680, 0.207299277, 0.151094884, 0.283211678
4690903, 0.206569344, 0.151824817, 0.284671545
4695127, 0.208029196, 0.148905113, 0.281021893
4699351, 0.210218981, 0.151824817, 0.278832108
4703576, 0.209489048, 0.153284669, 0.282481760
4707802, 0.209489048, 0.151094884, 0.278832108
4712027, 0.205839410, 0.151824817, 0.287591249
4716256, 0.208759129, 0.149635032, 0.282481760
4720482, 0.208029196, 0.149635032, 0.277372271
4724705, 0.208759129, 0.152554750, 0.280291975
4728928, 0.202189788, 0.151094884, 0.282481760
4733153, 0.206569344, 0.149635032, 0.284671545
4737385, 0.205839410, 0.151824817, 0.281751812
4741607, 0.213138685, 0.151094884, 0.278832108
4745830, 0.206569344, 0.149635032, 0.280291975
4750051, 0.203649640, 0.150364965, 0.282481760
4754282, 0.204379559, 0.151094884, 0.278102189
4758504, 0.206569344, 0.152554750, 0.280291975
4762727, 0.210948899, 0.151824817, 0.278102189
4766952, 0.207299277, 0.151094884, 0.276642323
4771182, 0.205109492, 0.148905113, 0.278102189
4775407, 0.208029196, 0.148175180, 0.281021893
4779633, 0.206569344, 0.154014602, 0.281021893
4783855, 0.208029196, 0.151824817, 0.280291975
4788079, 0.208759129, 0.152554750, 0.281021893
4792308, 0.205109492, 0.148905113, 0.281751812
4796531, 0.205109492, 0.151824817, 0.283211678
4800754, 0.209489048, 0.153284669, 0.283211678
4804975, 0.209489048, 0.151094884, 0.283211678
4809206, 0.205839410, 0.148175180, 0.281021893
4813436, 0.204379559, 0.148175180, 0.282481760
4817659, 0.207299277, 0.151094884, 0.282481760
4821882, 0.209489048, 0.151824817, 0.277372271
4826104, 0.208759129, 0.151824817, 0.281751812
4830328, 0.203649640, 0.149635032, 0.282481760
4834550, 0.205839410, 0.148175180, 0.280291975
4838772, 0.207299277, 0.149635032, 0.281751812
4842996, 0.209489048, 0.153284669, 0.278102189
4847222, 0.207299277, 0.151824817, 0.281021893
4851444, 0.205839410, 0.150364965, 0.284671545
4855667, 0.208759129, 0.149635032, 0.282481760
4859891, 0.210218981, 0.150364965, 0.275182486
4864116, 0.208029196, 0.153284669, 0.278832108
4868339, 0.205839410, 0.151094884, 0.285401464
4872561, 0.203649640, 0.149635032, 0.281751812
4876783, 0.208029196, 0.148905113, 0.281751812
4881007, 0.209489048, 0.154014602, 0.282481760
4885238, 0.208029196, 0.153284669, 0.281751812
4889461, 0.205109492, 0.148905113, 0.283211678
4893683, 0.203649640, 0.148905113, 0.281021893
4897906, 0.208759129, 0.150364965, 0.278832108
4902130, 0.208759129, 0.150364965, 0.281021893
4906354, 0.207299277, 0.148175180, 0.280291975
4910576, 0.205839410, 0.150364965, 0.282481760
4914799, 0.206569344, 0.149635032, 0.281021893
4919023, 0.208759129, 0.149635032, 0.278832108
4923255, 0.209489048, 0.154744521, 0.278102189
4927480, 0.206569344, 0.148905113, 0.281751812
4931707, 0.205109492, 0.150364965, 0.280291975
4935930, 0.205109492, 0.149635032, 0.282481760
4940154, 0.211678833, 0.148175180, 0.280291975
4944385, 0.208759129, 0.151824817, 0.281021893
4948607, 0.208029196, 0.149635032, 0.281021893
4952833, 0.206569344, 0.148905113, 0.280291975
4957058, 0.205839410, 0.151094884, 0.283941597
4961278, 0.208029196, 0.151824817, 0.281021893
4965504, 0.209489048, 0.151824817, 0.278832108
4969727, 0.206569344, 0.150364965, 0.283211678
4973949, 0.204379559, 0.147445261, 0.283211678
4978181, 0.207299277, 0.151824817, 0.281751812
4982406, 0.208029196, 0.152554750, 0.277372271
4986632, 0.208029196, 0.151094884, 0.282481760
4990854, 0.208029196, 0.149635032, 0.279562056
4995078, 0.205839410, 0.149635032, 0.279562056
4999305, 0.208029196, 0.151094884, 0.279562056
5003527, 0.209489048, 0.150364965, 0.277372271
5007756, 0.205109492, 0.152554750, 0.281751812
5011980, 0.205109492, 0.150364965, 0.280291975
5016205, 0.209489048, 0.150364965, 0.283941597
5020438, 0.208759129, 0.149635032, 0.278832108
5024664, 0.206569344, 0.153284669, 0.279562056
5028891, 0.208029196, 0.151094884, 0.281021893
5033115, 0.205109492, 0.150364965, 0.281751812
5037339, 0.208029196, 0.150364965, 0.282481760
5041565, 0.208759129, 0.152554750, 0.279562056
5045791, 0.208029196, 0.154014602, 0.279562056
5050015, 0.206569344, 0.148905113, 0.277372271
5054248, 0.205839410, 0.147445261, 0.286861300
5058473, 0.208029196, 0.151094884, 0.281751812
5062700, 0.210218981, 0.151824817, 0.279562056
5066927, 0.209489048, 0.151824817, 0.281021893
5071153, 0.205839410, 0.151094884, 0.281751812
5075385, 0.207299277, 0.150364965, 0.282481760
5079611, 0.208029196, 0.152554750, 0.278832108
5083837, 0.210948899, 0.151094884, 0.279562056
5088061, 0.208759129, 0.151094884, 0.278102189
5092285, 0.205109492, 0.150364965, 0.281021893
5096511, 0.204379559, 0.151094884, 0.280291975
5100737, 0.210948899, 0.151824817, 0.282481760
5104962, 0.208029196, 0.151824817, 0.278832108
5109187, 0.205839410, 0.148905113, 0.283941597
5113420, 0.204379559, 0.147445261, 0.280291975
5117642, 0.208029196, 0.151094884, 0.283941597
5121868, 0.210218981, 0.150364965, 0.279562056
5126092, 0.207299277, 0.149635032, 0.281021893
5130320, 0.206569344, 0.148905113, 0.281751812
5134542, 0.202919707, 0.148905113, 0.278832108
5138767, 0.208029196, 0.151094884, 0.280291975
5142991, 0.210218981, 0.149635032, 0.281751812
5147215, 0.205109492, 0.151094884, 0.281751812
5151439, 0.205109492, 0.148905113, 0.286861300
5155664, 0.205839410, 0.149635032, 0.279562056
5159888, 0.210218981, 0.151824817, 0.277372271
5164109, 0.208029196, 0.150364965, 0.279562056
5168330, 0.206569344, 0.151094884, 0.279562056
5172552, 0.208029196, 0.150364965, 0.281751812
5176774, 0.204379559, 0.149635032, 0.283211678
5180999, 0.208029196, 0.152554750, 0.281021893
5185230, 0.210948899, 0.151094884, 0.279562056
5189456, 0.203649640, 0.153284669, 0.281751812
5193682, 0.206569344, 0.149635032, 0.281751812
5197905, 0.205109492, 0.150364965, 0.278102189
5202128, 0.208029196, 0.150364965, 0.278102189
5206352, 0.208029196, 0.148175180, 0.281021893
5210574, 0.206569344, 0.149635032, 0.281751812
5214796, 0.205839410, 0.151094884, 0.280291975
5219020, 0.206569344, 0.151094884, 0.279562056
5223248, 0.212408766, 0.152554750, 0.278832108
5227474, 0.206569344, 0.150364965, 0.283941597
5231699, 0.202189788, 0.150364965, 0.282481760
5235922, 0.207299277, 0.150364965, 0.281021893
5240148, 0.208029196, 0.151824817, 0.278832108
5244379, 0.209489048, 0.151824817, 0.278832108
5248602, 0.208029196, 0.149635032, 0.279562056
5252828, 0.204379559, 0.150364965, 0.280291975
5257053, 0.205109492, 0.151824817, 0.282481760
5261277, 0.209489048, 0.152554750, 0.278832108
5265503, 0.208029196, 0.151094884, 0.281021893
5269725, 0.208029196, 0.150364965, 0.286131382
5273949, 0.206569344, 0.147445261, 0.286861300
5278181, 0.206569344, 0.151824817, 0.281751812
5282406, 0.210218981, 0.153284669, 0.282481760
5286629, 0.207299277, 0.152554750, 0.279562056
5290852, 0.205109492, 0.151824817, 0.283211678
5295076, 0.204379559, 0.148175180, 0.283941597
5299303, 0.206569344, 0.149635032, 0.281751812
5303525, 0.209489048, 0.150364965, 0.283211678
5307753, 0.208029196, 0.150364965, 0.280291975
5311978, 0.205109492, 0.151094884, 0.284671545
5316207, 0.208759129, 0.150364965, 0.283211678
5320437, 0.208759129, 0.153284669, 0.282481760
5324663, 0.209489048, 0.153284669, 0.282481760
5328888, 0.205109492, 0.148905113, 0.281021893
5333113, 0.203649640, 0.151824817, 0.283211678
5337337, 0.208029196, 0.150364965, 0.283211678
5341563, 0.210948899, 0.151094884, 0.283941597
5345788, 0.207299277, 0.152554750, 0.281751812
5350009, 0.207299277, 0.150364965, 0.284671545
5354240, 0.205109492, 0.147445261, 0.280291975
5358462, 0.208759129, 0.151824817, 0.283941597
5362684, 0.209489048, 0.153284669, 0.278832108
5366907, 0.210218981, 0.151094884, 0.281751812
5371132, 0.203649640, 0.151824817, 0.282481760
5375356, 0.206569344, 0.149635032, 0.278832108
5379578, 0.208029196, 0.151094884, 0.283941597
5383804, 0.208759129, 0.152554750, 0.278102189
5388029, 0.206569344, 0.149635032, 0.280291975
5392255, 0.203649640, 0.150364965, 0.285401464
5396477, 0.205109492, 0.149635032, 0.278102189
5400700, 0.208759129, 0.152554750, 0.278102189
5404923, 0.210218981, 0.151824817, 0.281021893
5409146, 0.209489048, 0.151824817, 0.280291975
5413377, 0.206569344, 0.149635032, 0.282481760
5417602, 0.208029196, 0.148905113, 0.281021893
5421825, 0.208759129, 0.152554750, 0.281021893
5426050, 0.205839410, 0.150364965, 0.277372271
5430281, 0.207299277, 0.152554750, 0.282481760
5434503, 0.205109492, 0.148175180, 0.280291975
5438725, 0.208029196, 0.151824817, 0.283941597
5442950, 0.209489048, 0.154744521, 0.279562056
5447181, 0.208029196, 0.149635032, 0.278102189
5451410, 0.204379559, 0.148905113, 0.286131382
5455632, 0.208759129, 0.149635032, 0.282481760
5459858, 0.208029196, 0.151824817, 0.278102189
5464083, 0.208759129, 0.151094884, 0.279562056
5468306, 0.206569344, 0.151824817, 0.280291975
5472528, 0.204379559, 0.150364965, 0.285401464
5476752, 0.206569344, 0.149635032, 0.279562056
5480977, 0.205839410, 0.154014602, 0.278832108
5485207, 0.208759129, 0.153284669, 0.280291975
5489437, 0.205109492, 0.149635032, 0.285401464
5493663, 0.205839410, 0.148175180, 0.285401464
5497888, 0.208759129, 0.150364965, 0.278832108
5502113, 0.210948899, 0.154014602, 0.281021893
5506337, 0.207299277, 0.151824817, 0.280291975
5510560, 0.208029196, 0.151824817, 0.283211678
5514782, 0.204379559, 0.148905113, 0.283941597
5519006, 0.208759129, 0.148175180, 0.277372271
5523234, 0.211678833, 0.152554750, 0.280291975
5527456, 0.206569344, 0.151824817, 0.279562056
5531680, 0.203649640, 0.151824817, 0.280291975
5535903, 0.207299277, 0.149635032, 0.286131382
5540127, 0.208759129, 0.151824817, 0.280291975
5544351, 0.206569344, 0.153284669, 0.283211678
5548577, 0.205109492, 0.152554750, 0.282481760
5552800, 0.205839410, 0.148175180, 0.281021893
5557021, 0.208029196, 0.149635032, 0.280291975
5561252, 0.210218981, 0.153284669, 0.283941597
5565477, 0.208759129, 0.151094884, 0.279562056
5569703, 0.204379559, 0.148905113, 0.280291975
5573927, 0.205839410, 0.149635032, 0.284671545
5578149, 0.208029196, 0.149635032, 0.278832108
5582381, 0.210218981, 0.151824817, 0.281751812
5586605, 0.207299277, 0.151094884, 0.281021893
5590827, 0.205839410, 0.148905113, 0.278832108
5595051, 0.206569344, 0.147445261, 0.281751812
5599281, 0.206569344, 0.150364965, 0.283211678
5603507, 0.207299277, 0.154744521, 0.281751812
5607733, 0.208759129, 0.151094884, 0.282481760
5611957, 0.204379559, 0.151094884, 0.276642323
5616186, 0.207299277, 0.149635032, 0.281021893
5620412, 0.208029196, 0.150364965, 0.280291975
5624635, 0.207299277, 0.150364965, 0.281021893
5628857, 0.206569344, 0.150364965, 0.281751812
5633081, 0.203649640, 0.149635032, 0.281021893
5637308, 0.210218981, 0.152554750, 0.278102189
5641534, 0.207299277, 0.153284669, 0.278832108
5645757, 0.209489048, 0.149635032, 0.282481760
5649981, 0.205109492, 0.151094884, 0.279562056
5654205, 0.202919707, 0.146715328, 0.280291975
5658435, 0.206569344, 0.154014602, 0.284671545
5662661, 0.207299277, 0.152554750, 0.278102189
5666887, 0.208759129, 0.148905113, 0.283211678
5671112, 0.203649640, 0.150364965, 0.283941597
5675337, 0.205839410, 0.149635032, 0.279562056
5679560, 0.208029196, 0.152554750, 0.279562056
5683782, 0.209489048, 0.151094884, 0.279562056
5688006, 0.206569344, 0.151824817, 0.277372271
5692237, 0.205839410, 0.151094884, 0.283211678
5696463, 0.207299277, 0.149635032, 0.281751812
5700690, 0.208759129, 0.152554750, 0.280291975
5704913, 0.210218981, 0.151094884, 0.281021893
5709137, 0.208029196, 0.152554750, 0.281021893
5713364, 0.203649640, 0.148905113, 0.283941597
5717590, 0.209489048, 0.153284669, 0.279562056
5721816, 0.207299277, 0.153284669, 0.277372271
5726040, 0.207299277, 0.148905113, 0.281021893
5730265, 0.204379559, 0.148905113, 0.281751812
5734488, 0.207299277, 0.149635032, 0.283941597
5738710, 0.208029196, 0.151824817, 0.277372271
5742938, 0.212408766, 0.154744521, 0.281021893
5747162, 0.208029196, 0.151094884, 0.281751812
5751394, 0.205109492, 0.150364965, 0.283941597
5755620, 0.207299277, 0.150364965, 0.277372271
5759846, 0.210218981, 0.150364965, 0.283211678
5764070, 0.209489048, 0.153284669, 0.282481760
5768298, 0.207299277, 0.153284669, 0.278832108
5772521, 0.205839410, 0.148905113, 0.281751812
5776747, 0.204379559, 0.149635032, 0.281021893
5780975, 0.209489048, 0.151824817, 0.278102189
5785206, 0.206569344, 0.150364965, 0.281021893
5789438, 0.208029196, 0.148175180, 0.277372271
5793664, 0.205109492, 0.148905113, 0.281751812
5797890, 0.206569344, 0.152554750, 0.279562056
5802114, 0.210218981, 0.151094884, 0.279562056
5806340, 0.208759129, 0.151094884, 0.280291975
5810566, 0.205839410, 0.148175180, 0.283941597
5814792, 0.206569344, 0.149635032, 0.282481760
5819016, 0.207299277, 0.150364965, 0.280291975
5823244, 0.212408766, 0.153284669, 0.281021893
5827467, 0.209489048, 0.151824817, 0.277372271
5831693, 0.207299277, 0.148175180, 0.283211678
5835916, 0.207299277, 0.151094884, 0.283941597
5840142, 0.207299277, 0.152554750, 0.280291975
5844369, 0.207299277, 0.151094884, 0.280291975
5848591, 0.208029196, 0.148175180, 0.283211678
5852813, 0.205839410, 0.148905113, 0.280291975
5857038, 0.207299277, 0.151094884, 0.281751812
5861263, 0.208759129, 0.151094884, 0.278102189
5865490, 0.205109492, 0.151094884, 0.281021893
5869716, 0.205839410, 0.149635032, 0.282481760
5873939, 0.204379559, 0.150364965, 0.281021893
5878163, 0.207299277, 0.151094884, 0.281751812
5882394, 0.210218981, 0.149635032, 0.281021893
5886617, 0.210218981, 0.149635032, 0.280291975
5890842, 0.205109492, 0.149635032, 0.282481760
5895067, 0.205839410, 0.148905113, 0.278102189
5899294, 0.207299277, 0.148905113, 0.278102189
5903516, 0.208029196, 0.151094884, 0.280291975
5907738, 0.209489048, 0.149635032, 0.282481760
5911963, 0.205109492, 0.151094884, 0.281751812
5916188, 0.205109492, 0.150364965, 0.283211678
5920411, 0.208029196, 0.155474454, 0.282481760
5924635, 0.209489048, 0.151094884, 0.278102189
5928861, 0.206569344, 0.148905113, 0.283941597
5933085, 0.208029196, 0.147445261, 0.284671545
5937309, 0.208029196, 0.150364965, 0.283211678
5941535, 0.209489048, 0.148905113, 0.282481760
5945757, 0.208029196, 0.151824817, 0.278832108
5949981, 0.206569344, 0.151094884, 0.283211678
5954205, 0.201459855, 0.148175180, 0.282481760
5958435, 0.208759129, 0.151094884, 0.278832108
5962661, 0.210218981, 0.150364965, 0.280291975
5966883, 0.208759129, 0.152554750, 0.281751812
5971108, 0.205839410, 0.151094884, 0.282481760
5975333, 0.207299277, 0.150364965, 0.281021893
5979559, 0.208759129, 0.151824817, 0.281021893
5983781, 0.208029196, 0.151824817, 0.281021893
5988005, 0.206569344, 0.149635032, 0.281021893
5992237, 0.205839410, 0.150364965, 0.284671545
5996463, 0.207299277, 0.151824817, 0.281021893
6000685, 0.210948899, 0.152554750, 0.278102189
6004912, 0.208759129, 0.152554750, 0.278102189
6009135, 0.206569344, 0.152554750, 0.282481760
6013359, 0.205109492, 0.152554750, 0.280291975
6017581, 0.206569344, 0.149635032, 0.283211678
6021807, 0.206569344, 0.151824817, 0.281751812
6026032, 0.208029196, 0.151094884, 0.280291975
6030262, 0.205839410, 0.149635032, 0.283211678
6034484, 0.205839410, 0.151094884, 0.281751812
6038710, 0.205839410, 0.151094884, 0.281751812
6042935, 0.209489048, 0.154014602, 0.278102189
6047159, 0.207299277, 0.149635032, 0.282481760
6051394, 0.206569344, 0.148175180, 0.281021893
6055620, 0.208759129, 0.151824817, 0.283211678
6059846, 0.208029196, 0.150364965, 0.281021893
6064070, 0.208759129, 0.152554750, 0.278102189
6068294, 0.206569344, 0.149635032, 0.278832108
6072516, 0.205839410, 0.148905113, 0.283211678
6076738, 0.205109492, 0.148175180, 0.283211678
6080963, 0.210948899, 0.151094884, 0.282481760
6085188, 0.207299277, 0.149635032, 0.278832108
6089422, 0.206569344, 0.149635032, 0.283941597
6093645, 0.203649640, 0.148905113, 0.283941597
6097867, 0.207299277, 0.151094884, 0.280291975
6102092, 0.209489048, 0.151824817, 0.281751812
6106320, 0.208759129, 0.151094884, 0.282481760
6110543, 0.205109492, 0.148175180, 0.279562056
6114765, 0.205839410, 0.148175180, 0.280291975
6118986, 0.210218981, 0.153284669, 0.281021893
6123210, 0.208029196, 0.151094884, 0.275912404
6127441, 0.205839410, 0.151094884, 0.283941597
6131667, 0.205109492, 0.147445261, 0.283941597
6135890, 0.206569344, 0.153284669, 0.282481760
6140114, 0.211678833, 0.152554750, 0.278832108
6144338, 0.209489048, 0.154744521, 0.279562056
6148561, 0.206569344, 0.149635032, 0.280291975
6152787, 0.205109492, 0.148175180, 0.282481760
6157012, 0.205109492, 0.153284669, 0.281751812
6161243, 0.209489048, 0.151094884, 0.281021893
6165465, 0.208029196, 0.152554750, 0.279562056
6169691, 0.208029196, 0.148175180, 0.280291975
6173914, 0.205839410, 0.151824817, 0.284671545
6178136, 0.210218981, 0.152554750, 0.283211678
6182357, 0.208029196, 0.150364965, 0.278102189
6186579, 0.210218981, 0.151824817, 0.278102189
6190802, 0.206569344, 0.149635032, 0.281021893
6195027, 0.206569344, 0.149635032, 0.280291975
6199257, 0.207299277, 0.151094884, 0.282481760
6203480, 0.210218981, 0.151094884, 0.278832108
6207706, 0.210948899, 0.150364965, 0.281751812
6211929, 0.207299277, 0.149635032, 0.281021893
6216150, 0.203649640, 0.149635032, 0.279562056
6220382, 0.209489048, 0.151094884, 0.277372271
6224605, 0.208759129, 0.151094884, 0.282481760
6228827, 0.208029196, 0.152554750, 0.278832108
6233051, 0.202919707, 0.153284669, 0.285401464
6237281, 0.206569344, 0.151094884, 0.279562056
6241507, 0.208029196, 0.154744521, 0.278102189
6245733, 0.208759129, 0.151094884, 0.282481760
6249957, 0.206569344, 0.147445261, 0.280291975
6254186, 0.207299277, 0.148905113, 0.284671545
6258412, 0.208029196, 0.153284669, 0.278102189
6262635, 0.209489048, 0.151094884, 0.282481760
6266861, 0.210948899, 0.151824817, 0.278832108
6271086, 0.202919707, 0.149635032, 0.280291975
6275310, 0.205109492, 0.151824817, 0.283941597
6279536, 0.208759129, 0.151824817, 0.280291975
6283762, 0.210948899, 0.153284669, 0.281021893
6287986, 0.205839410, 0.151824817, 0.283941597
6292211, 0.203649640, 0.151094884, 0.281021893
6296439, 0.208029196, 0.150364965, 0.283211678
6300664, 0.206569344, 0.150364965, 0.278832108
6304891, 0.207299277, 0.153284669, 0.280291975
6309115, 0.208029196, 0.151824817, 0.284671545
6313339, 0.205109492, 0.146715328, 0.281021893
6317565, 0.206569344, 0.150364965, 0.281021893
6321791, 0.210948899, 0.151824817, 0.276642323
6326015, 0.206569344, 0.149635032, 0.278102189
6330248, 0.206569344, 0.151094884, 0.283211678
6334473, 0.204379559, 0.151824817, 0.283941597
6338696, 0.208029196, 0.151094884, 0.278832108
6342919, 0.208029196, 0.152554750, 0.281021893
6347144, 0.208759129, 0.148905113, 0.280291975
6351375, 0.206569344, 0.148175180, 0.283211678
6355601, 0.208759129, 0.150364965, 0.283941597
6359827, 0.208029196, 0.151824817, 0.281751812
6364051, 0.206569344, 0.152554750, 0.279562056
6368281, 0.208029196, 0.152554750, 0.281021893
6372507, 0.203649640, 0.148905113, 0.282481760
6376733, 0.208029196, 0.150364965, 0.278102189
6380957, 0.208029196, 0.154014602, 0.281751812
6385186, 0.208759129, 0.151094884, 0.283941597
6389420, 0.205839410, 0.151094884, 0.282481760
6393643, 0.204379559, 0.149635032, 0.286131382
6397866, 0.205839410, 0.149635032, 0.283941597
6402091, 0.210218981, 0.151094884, 0.279562056
6406319, 0.209489048, 0.152554750, 0.278832108
6410545, 0.207299277, 0.151094884, 0.281751812
6414767, 0.206569344, 0.150364965, 0.281751812
6418991, 0.207299277, 0.151094884, 0.280291975
6423215, 0.208759129, 0.154744521, 0.280291975
6427441, 0.208759129, 0.151824817, 0.282481760
6431667, 0.207299277, 0.148905113, 0.281021893
6435890, 0.207299277, 0.150364965, 0.280291975
6440114, 0.208029196, 0.151094884, 0.280291975
6444337, 0.209489048, 0.150364965, 0.283211678
6448560, 0.206569344, 0.151094884, 0.284671545
6452782, 0.205109492, 0.149635032, 0.284671545
6457006, 0.206569344, 0.149635032, 0.281021893
6461237, 0.210948899, 0.151094884, 0.279562056
6465464, 0.208759129, 0.151094884, 0.281021893
6469691, 0.204379559, 0.151824817, 0.283211678
6473917, 0.207299277, 0.150364965, 0.285401464
6478140, 0.205839410, 0.151094884, 0.281751812
6482367, 0.206569344, 0.151094884, 0.278832108
6486593, 0.210218981, 0.152554750, 0.280291975
6490819, 0.204379559, 0.149635032, 0.283941597
6495044, 0.207299277, 0.148905113, 0.278102189
6499267, 0.209489048, 0.151094884, 0.279562056
6503493, 0.209489048, 0.151824817, 0.278102189
6507715, 0.208029196, 0.150364965, 0.281751812
6511942, 0.206569344, 0.148905113, 0.283941597
6516163, 0.207299277, 0.148175180, 0.283211678
6520396, 0.208759129, 0.151094884, 0.281021893
6524619, 0.208759129, 0.149635032, 0.278102189
6528842, 0.209489048, 0.149635032, 0.280291975
6533066, 0.201459855, 0.148175180, 0.284671545
6537290, 0.208029196, 0.152554750, 0.281021893
6541516, 0.209489048, 0.152554750, 0.278102189
6545741, 0.208759129, 0.153284669, 0.280291975
6549966, 0.207299277, 0.150364965, 0.283941597
6554191, 0.206569344, 0.148175180, 0.281751812
6558424, 0.208029196, 0.151094884, 0.281751812
6562648, 0.208759129, 0.152554750, 0.283941597
6566871, 0.208759129, 0.151094884, 0.281021893
6571095, 0.205109492, 0.152554750, 0.280291975
6575322, 0.205839410, 0.148905113, 0.282481760
6579545, 0.209489048, 0.151824817, 0.278102189
6583767, 0.208759129, 0.153284669, 0.281021893
6587991, 0.206569344, 0.148905113, 0.278102189
6592215, 0.204379559, 0.149635032, 0.280291975
6596440, 0.205839410, 0.150364965, 0.283941597
6600662, 0.210218981, 0.151094884, 0.280291975
6604885, 0.210218981, 0.154014602, 0.281021893
6609111, 0.207299277, 0.148905113, 0.279562056
6613333, 0.207299277, 0.148175180, 0.279562056
6617559, 0.206569344, 0.150364965, 0.280291975
6621781, 0.208029196, 0.153284669, 0.282481760
6626005, 0.206569344, 0.148905113, 0.280291975
6630237, 0.205839410, 0.151094884, 0.284671545
6634459, 0.205839410, 0.151094884, 0.283941597
6638685, 0.208759129, 0.150364965, 0.278832108
6642911, 0.209489048, 0.153284669, 0.281021893
6647136, 0.208759129, 0.151094884, 0.281021893
6651361, 0.205109492, 0.148905113, 0.278832108
6655583, 0.208029196, 0.148905113, 0.283211678
6659809, 0.208029196, 0.150364965, 0.281751812
6664034, 0.208759129, 0.152554750, 0.281751812
6668260, 0.207299277, 0.152554750, 0.283211678
6672483, 0.204379559, 0.148905113, 0.283941597
6676705, 0.209489048, 0.148905113, 0.278832108
6680928, 0.210948899, 0.151094884, 0.277372271
6685153, 0.205839410, 0.152554750, 0.279562056
6689385, 0.207299277, 0.150364965, 0.281021893
6693611, 0.205109492, 0.150364965, 0.281021893
6697836, 0.207299277, 0.149635032, 0.282481760
6702060, 0.209489048, 0.156204373, 0.278832108
6706284, 0.208029196, 0.153284669, 0.283211678
6710510, 0.205839410, 0.150364965, 0.283941597
6714736, 0.208759129, 0.150364965, 0.280291975
6718960, 0.208759129, 0.151824817, 0.281021893
6723185, 0.210218981, 0.149635032, 0.279562056
6727411, 0.207299277, 0.151824817, 0.280291975
6731636, 0.204379559, 0.148905113, 0.282481760
6735862, 0.207299277, 0.149635032, 0.279562056
6740086, 0.206569344, 0.151094884, 0.276642323
6744310, 0.208029196, 0.152554750, 0.281751812
6748536, 0.208759129, 0.150364965, 0.280291975
6752762, 0.204379559, 0.148175180, 0.281751812
6756986, 0.207299277, 0.148905113, 0.281021893
6761210, 0.210218981, 0.154014602, 0.279562056
6765441, 0.205109492, 0.150364965, 0.280291975
6769667, 0.206569344, 0.149635032, 0.283211678
6773890, 0.206569344, 0.148175180, 0.282481760
6778114, 0.208029196, 0.151824817, 0.279562056
6782338, 0.208759129, 0.151824817, 0.278832108
6786564, 0.207299277, 0.151094884, 0.280291975
6790790, 0.203649640, 0.145985395, 0.283211678
6795015, 0.205839410, 0.151094884, 0.285401464
6799247, 0.208029196, 0.151094884, 0.278102189
6803473, 0.210218981, 0.150364965, 0.278102189
6807698, 0.206569344, 0.149635032, 0.282481760
6811921, 0.205109492, 0.151824817, 0.279562056
6816144, 0.207299277, 0.151094884, 0.279562056
6820368, 0.210218981, 0.153284669, 0.276642323
6824591, 0.207299277, 0.149635032, 0.276642323
6828813, 0.205839410, 0.150364965, 0.278832108
6833037, 0.205109492, 0.151094884, 0.283211678
6837262, 0.205109492, 0.149635032, 0.282481760
6841484, 0.207299277, 0.153284669, 0.278102189
6845710, 0.208759129, 0.151824817, 0.281021893
6849935, 0.204379559, 0.151094884, 0.283211678
6854159, 0.206569344, 0.148175180, 0.284671545
6858387, 0.208759129, 0.151824817, 0.281751812
6862609, 0.207299277, 0.154014602, 0.281751812
6866835, 0.210948899, 0.154014602, 0.283941597
6871056, 0.206569344, 0.149635032, 0.282481760
6875281, 0.205839410, 0.151824817, 0.279562056
6879504, 0.208759129, 0.151824817, 0.279562056
6883727, 0.209489048, 0.151824817, 0.278102189
6887952, 0.210218981, 0.149635032, 0.282481760
6892182, 0.205839410, 0.149635032, 0.280291975
6896407, 0.206569344, 0.151094884, 0.282481760
6900633, 0.210948899, 0.152554750, 0.278102189
6904855, 0.208029196, 0.153284669, 0.281021893
6909079, 0.206569344, 0.151824817, 0.281021893
6913308, 0.204379559, 0.148905113, 0.283211678
6917531, 0.206569344, 0.149635032, 0.282481760
6921754, 0.209489048, 0.153284669, 0.275912404
6925975, 0.206569344, 0.151094884, 0.281021893
6930206, 0.205109492, 0.151094884, 0.280291975
6934436, 0.208029196, 0.149635032, 0.283941597
6938659, 0.205839410, 0.148905113, 0.286131382
6942882, 0.208759129, 0.150364965, 0.281021893
6947107, 0.205839410, 0.152554750, 0.280291975
6951331, 0.203649640, 0.148905113, 0.283211678
6955554, 0.205839410, 0.151094884, 0.284671545
6959777, 0.208759129, 0.150364965, 0.279562056
6963998, 0.209489048, 0.153284669, 0.280291975
6968222, 0.206569344, 0.149635032, 0.281021893
6972444, 0.205109492, 0.148175180, 0.282481760
6976667, 0.205839410, 0.149635032, 0.278832108
6980890, 0.213138685, 0.151094884, 0.281021893
6985114, 0.208029196, 0.152554750, 0.282481760
6989338, 0.204379559, 0.152554750, 0.281751812
6993561, 0.206569344, 0.148175180, 0.283941597
6997784, 0.205109492, 0.152554750, 0.281021893
7002005, 0.208029196, 0.153284669, 0.278102189
7006233, 0.205109492, 0.149635032, 0.278102189
7010455, 0.207299277, 0.151094884, 0.281021893
7014678, 0.204379559, 0.153284669, 0.282481760
7018903, 0.208759129, 0.150364965, 0.277372271
7023126, 0.205109492, 0.151824817, 0.280291975
7027348, 0.207299277, 0.150364965, 0.283941597
7031571, 0.203649640, 0.151824817, 0.283211678
7035793, 0.207299277, 0.149635032, 0.283211678
7040014, 0.206569344, 0.151824817, 0.283941597
7044246, 0.209489048, 0.151094884, 0.278832108
7048468, 0.206569344, 0.149635032, 0.279562056
7052691, 0.205109492, 0.148175180, 0.282481760
7056914, 0.207299277, 0.150364965, 0.278832108
7061136, 0.210218981, 0.153284669, 0.277372271
7065361, 0.207299277, 0.151824817, 0.282481760
7069583, 0.207299277, 0.148905113, 0.278832108
7073805, 0.204379559, 0.148905113, 0.281751812
7078026, 0.209489048, 0.149635032, 0.280291975
7082256, 0.210218981, 0.152554750, 0.279562056
7086478, 0.207299277, 0.151094884, 0.279562056
7090701, 0.203649640, 0.150364965, 0.281751812
7094927, 0.203649640, 0.150364965, 0.283211678
7099149, 0.208759129, 0.152554750, 0.281021893
7103382, 0.208759129, 0.152554750, 0.275912404
7107605, 0.209489048, 0.151094884, 0.281751812
7111827, 0.205109492, 0.148905113, 0.281751812
7116051, 0.208759129, 0.148905113, 0.281751812
7120281, 0.210218981, 0.151824817, 0.282481760
7124503, 0.209489048, 0.150364965, 0.277372271
7128726, 0.210218981, 0.147445261, 0.283211678
7132950, 0.205839410, 0.150364965, 0.282481760
7137181, 0.203649640, 0.151094884, 0.278832108
7141407, 0.209489048, 0.150364965, 0.284671545
7145629, 0.208029196, 0.152554750, 0.280291975
7149851, 0.205109492, 0.151094884, 0.283941597
7154075, 0.205839410, 0.148175180, 0.276642323
7158299, 0.207299277, 0.152554750, 0.278102189
7162521, 0.210948899, 0.153284669, 0.280291975
7166744, 0.208759129, 0.150364965, 0.281021893
7170968, 0.205839410, 0.147445261, 0.281751812
7175192, 0.208029196, 0.148905113, 0.281021893
7179422, 0.209489048, 0.153284669, 0.278102189
7183645, 0.208029196, 0.154014602, 0.280291975
7187868, 0.210218981, 0.151824817, 0.281021893
7192089, 0.201459855, 0.148905113, 0.281751812
7196313, 0.205109492, 0.149635032, 0.281021893
7200536, 0.208029196, 0.151094884, 0.280291975
7204758, 0.208029196, 0.150364965, 0.280291975
7208983, 0.205839410, 0.148905113, 0.281751812
7213207, 0.205839410, 0.149635032, 0.281751812
7217437, 0.206569344, 0.150364965, 0.279562056
7221660, 0.209489048, 0.153284669, 0.278102189
7225883, 0.208759129, 0.149635032, 0.279562056
7230104, 0.205109492, 0.149635032, 0.281751812
7234325, 0.205839410, 0.150364965, 0.282481760
7238547, 0.207299277, 0.151094884, 0.279562056
7242769, 0.206569344, 0.151094884, 0.280291975
7246993, 0.210948899, 0.151094884, 0.283941597
7251218, 0.206569344, 0.151094884, 0.281751812
7255441, 0.206569344, 0.148905113, 0.281021893
7259663, 0.207299277, 0.151824817, 0.278832108
7263890, 0.209489048, 0.153284669, 0.282481760
7268114, 0.208029196, 0.150364965, 0.281751812
7272337, 0.204379559, 0.148175180, 0.284671545
7276560, 0.205839410, 0.146715328, 0.279562056
7280782, 0.211678833, 0.151094884, 0.281021893
7285006, 0.212408766, 0.151094884, 0.280291975
7289234, 0.205109492, 0.150364965, 0.283941597
7293457, 0.206569344, 0.150364965, 0.281021893
7297683, 0.205839410, 0.150364965, 0.281021893
7301906, 0.212408766, 0.152554750, 0.278832108
7306127, 0.208029196, 0.152554750, 0.282481760
7310351, 0.207299277, 0.150364965, 0.281021893
7314574, 0.205839410, 0.150364965, 0.281751812
7318796, 0.207299277, 0.152554750, 0.280291975
7323020, 0.209489048, 0.151094884, 0.281021893
7327248, 0.206569344, 0.151094884, 0.281751812
7331470, 0.206569344, 0.149635032, 0.279562056
7335696, 0.205839410, 0.148905113, 0.281021893
7339919, 0.209489048, 0.152554750, 0.282481760
7344144, 0.208029196, 0.151824817, 0.278102189
7348375, 0.205109492, 0.149635032, 0.282481760
7352601, 0.205109492, 0.151824817, 0.279562056
7356823, 0.205839410, 0.149635032, 0.279562056
7361048, 0.208029196, 0.151094884, 0.278832108
7365275, 0.206569344, 0.150364965, 0.277372271
7369497, 0.208029196, 0.148905113, 0.284671545
7373719, 0.205839410, 0.148175180, 0.283941597
7377943, 0.206569344, 0.151824817, 0.280291975
7382174, 0.210218981, 0.152554750, 0.279562056
7386398, 0.207299277, 0.151094884, 0.278832108
7390621, 0.206569344, 0.150364965, 0.283211678
7394847, 0.208029196, 0.149635032, 0.283941597
7399068, 0.209489048, 0.148905113, 0.281021893
7403291, 0.208759129, 0.150364965, 0.278102189
7407510, 0.207299277, 0.149635032, 0.280291975
7411733, 0.205109492, 0.148905113, 0.282481760
7415954, 0.207299277, 0.149635032, 0.280291975
7420182, 0.209489048, 0.151824817, 0.278832108
7424409, 0.208029196, 0.150364965, 0.283211678
7428631, 0.205839410, 0.150364965, 0.281021893
7432853, 0.204379559, 0.148175180, 0.281021893
7437077, 0.206569344, 0.151094884, 0.281021893
7441301, 0.210948899, 0.152554750, 0.277372271
7445524, 0.209489048, 0.148905113, 0.280291975
7449747, 0.205109492, 0.150364965, 0.282481760
7453971, 0.204379559, 0.150364965, 0.280291975
7458195, 0.209489048, 0.151094884, 0.281751812
7462428, 0.208759129, 0.151094884, 0.281021893
7466651, 0.208029196, 0.151824817, 0.283941597
7470877, 0.205109492, 0.150364965, 0.280291975
7475102, 0.203649640, 0.149635032, 0.282481760
7479325, 0.208029196, 0.151824817, 0.277372271
7483547, 0.208759129, 0.154744521, 0.281021893
7487769, 0.208029196, 0.151094884, 0.278832108
7491993, 0.203649640, 0.148175180, 0.285401464
7496218, 0.207299277, 0.149635032, 0.281021893
7500441, 0.210948899, 0.154014602, 0.281021893
7504663, 0.207299277, 0.151094884, 0.278102189
7508887, 0.206569344, 0.149635032, 0.282481760
7513112, 0.205109492, 0.148905113, 0.280291975
7517333, 0.205109492, 0.151094884, 0.282481760
7521555, 0.210218981, 0.153284669, 0.278832108
7525777, 0.207299277, 0.151094884, 0.281751812
7530001, 0.205839410, 0.151824817, 0.284671545
7534230, 0.205839410, 0.149635032, 0.281751812
7538453, 0.208759129, 0.152554750, 0.283211678
7542678, 0.210948899, 0.154014602, 0.282481760
7546903, 0.205109492, 0.151824817, 0.279562056
7551126, 0.206569344, 0.148175180, 0.281021893
7555351, 0.208759129, 0.151094884, 0.278102189
7559573, 0.205839410, 0.151094884, 0.280291975
7563795, 0.210948899, 0.151824817, 0.282481760
7568019, 0.206569344, 0.149635032, 0.278102189
7572254, 0.207299277, 0.150364965, 0.281021893
7576476, 0.205839410, 0.152554750, 0.284671545
7580702, 0.210218981, 0.149635032, 0.280291975
7584927, 0.209489048, 0.151094884, 0.281021893
7589153, 0.207299277, 0.150364965, 0.281021893
7593381, 0.205839410, 0.148905113, 0.281751812
7597605, 0.208759129, 0.151824817, 0.282481760
7601827, 0.209489048, 0.151824817, 0.278832108
7606048, 0.206569344, 0.150364965, 0.281021893
7610275, 0.203649640, 0.151094884, 0.278832108
7614497, 0.205839410, 0.150364965, 0.283941597
7618723, 0.209489048, 0.152554750, 0.279562056
7622947, 0.210218981, 0.151094884, 0.278832108
7627178, 0.205839410, 0.152554750, 0.281751812
7631401, 0.205109492, 0.148905113, 0.285401464
7635624, 0.207299277, 0.150364965, 0.282481760
7639846, 0.209489048, 0.150364965, 0.278102189
7644070, 0.209489048, 0.151824817, 0.278832108
7648294, 0.208029196, 0.151824817, 0.282481760
7652520, 0.204379559, 0.148175180, 0.279562056
7656747, 0.205839410, 0.148905113, 0.280291975
7660971, 0.208759129, 0.150364965, 0.282481760
7665205, 0.207299277, 0.153284669, 0.280291975
7669435, 0.205109492, 0.149635032, 0.283211678
7673661, 0.204379559, 0.147445261, 0.283941597
7677887, 0.207299277, 0.150364965, 0.283941597
7682112, 0.210218981, 0.151824817, 0.282481760
7686337, 0.208029196, 0.151094884, 0.278832108
7690563, 0.205839410, 0.149635032, 0.281751812
7694788, 0.206569344, 0.150364965, 0.281021893
7699012, 0.208759129, 0.151824817, 0.282481760
7703244, 0.208759129, 0.154014602, 0.278832108
7707470, 0.207299277, 0.149635032, 0.283941597
7711692, 0.205109492, 0.149635032, 0.285401464
7715915, 0.206569344, 0.151824817, 0.280291975
7720139, 0.206569344, 0.151824817, 0.281021893
7724366, 0.210218981, 0.151824817, 0.278102189
7728592, 0.205839410, 0.152554750, 0.281021893
7732814, 0.206569344, 0.151094884, 0.284671545
7737038, 0.209489048, 0.149635032, 0.279562056
7741264, 0.208759129, 0.152554750, 0.277372271
7745490, 0.210948899, 0.151824817, 0.281751812
7749716, 0.205109492, 0.149635032, 0.283941597
7753939, 0.204379559, 0.148905113, 0.279562056
7758174, 0.207299277, 0.150364965, 0.278832108
7762398, 0.210218981, 0.152554750, 0.278102189
7766625, 0.208029196, 0.151824817, 0.281021893
7770851, 0.206569344, 0.151094884, 0.281021893
7775075, 0.208029196, 0.152554750, 0.284671545
7779299, 0.205839410, 0.152554750, 0.280291975
7783525, 0.209489048, 0.152554750, 0.283211678
7787753, 0.208759129, 0.150364965, 0.281751812
7791974, 0.204379559, 0.146715328, 0.280291975
7796205, 0.204379559, 0.151094884, 0.281021893
7800435, 0.210218981, 0.152554750, 0.279562056
7804660, 0.207299277, 0.151094884, 0.281751812
7808887, 0.205109492, 0.148175180, 0.282481760
7813112, 0.205839410, 0.148905113, 0.281751812
7817337, 0.206569344, 0.153284669, 0.284671545
7821563, 0.210218981, 0.151824817, 0.278832108
7825785, 0.208029196, 0.151094884, 0.280291975
7830010, 0.206569344, 0.149635032, 0.281021893
7834240, 0.204379559, 0.149635032, 0.281021893
7838462, 0.208759129, 0.152554750, 0.281021893
7842688, 0.209489048, 0.152554750, 0.279562056
7846915, 0.208029196, 0.147445261, 0.278832108
7851141, 0.207299277, 0.148905113, 0.278102189
7855368, 0.207299277, 0.151094884, 0.280291975
7859593, 0.208759129, 0.151094884, 0.281021893
7863816, 0.207299277, 0.150364965, 0.281751812
7868041, 0.208029196, 0.150364965, 0.281021893
7872265, 0.204379559, 0.149635032, 0.281021893
7876491, 0.208029196, 0.151824817, 0.281751812
7880717, 0.210948899, 0.151094884, 0.279562056
7884944, 0.208759129, 0.151094884, 0.276642323
7889175, 0.207299277, 0.150364965, 0.281751812
7893399, 0.207299277, 0.149635032, 0.284671545
7897622, 0.209489048, 0.148905113, 0.281751812
7901845, 0.207299277, 0.149635032, 0.283211678
7906069, 0.208759129, 0.151824817, 0.281751812
7910294, 0.205109492, 0.150364965, 0.284671545
7914516, 0.205109492, 0.150364965, 0.281751812
7918742, 0.208759129, 0.149635032, 0.278832108
7922967, 0.209489048, 0.151824817, 0.279562056
7927191, 0.205109492, 0.151824817, 0.280291975
7931425, 0.205109492, 0.149635032, 0.283211678
7935651, 0.208759129, 0.151824817, 0.286131382
7939876, 0.209489048, 0.151094884, 0.282481760
7944101, 0.209489048, 0.153284669, 0.278102189
7948324, 0.206569344, 0.148905113, 0.279562056
7952546, 0.203649640, 0.147445261, 0.281751812
7956772, 0.206569344, 0.151094884, 0.278832108
7960993, 0.209489048, 0.152554750, 0.279562056
7965218, 0.209489048, 0.153284669, 0.283211678
7969441, 0.204379559, 0.148905113, 0.284671545
7973663, 0.204379559, 0.149635032, 0.283941597
7977890, 0.210218981, 0.152554750, 0.281021893
7982114, 0.208759129, 0.150364965, 0.281021893
7986338, 0.208029196, 0.152554750, 0.278832108
7990564, 0.205839410, 0.151094884, 0.283211678
7994790, 0.206569344, 0.150364965, 0.281751812
7999015, 0.210218981, 0.148905113, 0.281751812
8003247, 0.210218981, 0.153284669, 0.285401464
8007469, 0.205839410, 0.148905113, 0.277372271
8011691, 0.205839410, 0.146715328, 0.285401464
8015914, 0.209489048, 0.149635032, 0.278102189
8020136, 0.208759129, 0.153284669, 0.278832108
8024361, 0.210218981, 0.150364965, 0.280291975
8028583, 0.205839410, 0.151824817, 0.283211678
8032809, 0.208029196, 0.149635032, 0.282481760
8037034, 0.206569344, 0.151824817, 0.281021893
8041260, 0.209489048, 0.151824817, 0.279562056
8045483, 0.208029196, 0.151094884, 0.277372271
8049709, 0.206569344, 0.148905113, 0.283941597
8053932, 0.206569344, 0.148175180, 0.282481760
8058157, 0.209489048, 0.152554750, 0.279562056
8062389, 0.211678833, 0.151094884, 0.276642323
8066615, 0.208759129, 0.152554750, 0.279562056
8070840, 0.205839410, 0.149635032, 0.281751812
8075065, 0.205109492, 0.149635032, 0.281751812
8079294, 0.209489048, 0.151824817, 0.280291975
8083517, 0.208029196, 0.153284669, 0.281751812
8087740, 0.208759129, 0.150364965, 0.281751812
8091965, 0.204379559, 0.150364965, 0.281751812
8096190, 0.207299277, 0.151824817, 0.283211678
8100423, 0.210948899, 0.151094884, 0.281751812
8104649, 0.208759129, 0.150364965, 0.284671545
8108872, 0.206569344, 0.148175180, 0.279562056
8113093, 0.205109492, 0.153284669, 0.281751812
8117321, 0.205839410, 0.150364965, 0.281021893
8121544, 0.207299277, 0.154014602, 0.277372271
8125770, 0.210948899, 0.150364965, 0.278832108
8129994, 0.206569344, 0.151094884, 0.278102189
8134218, 0.204379559, 0.149635032, 0.279562056
8138441, 0.208029196, 0.152554750, 0.278832108
8142663, 0.210948899, 0.153284669, 0.279562056
8146890, 0.208759129, 0.149635032, 0.279562056
8151114, 0.203649640, 0.148905113, 0.281021893
8155338, 0.206569344, 0.150364965, 0.279562056
8159564, 0.208029196, 0.151824817, 0.278102189
8163790, 0.208029196, 0.150364965, 0.279562056
8168015, 0.210218981, 0.148175180, 0.279562056
8172247, 0.204379559, 0.149635032, 0.280291975
8176473, 0.207299277, 0.153284669, 0.283211678
8180698, 0.208759129, 0.151824817, 0.281751812
8184927, 0.207299277, 0.150364965, 0.282481760
8189153, 0.206569344, 0.148905113, 0.280291975
8193385, 0.205109492, 0.146715328, 0.283211678
8197611, 0.205839410, 0.151094884, 0.281751812
8201837, 0.210948899, 0.155474454, 0.280291975
8206061, 0.205839410, 0.151094884, 0.281751812
8210285, 0.205839410, 0.151094884, 0.283941597
8214511, 0.204379559, 0.151824817, 0.278102189
8218737, 0.210218981, 0.151094884, 0.278832108
8222961, 0.208759129, 0.151824817, 0.283941597
8227186, 0.208029196, 0.151824817, 0.279562056
8231419, 0.206569344, 0.148905113, 0.283211678
8235645, 0.205839410, 0.151094884, 0.282481760
8239871, 0.208759129, 0.151094884, 0.281751812
8244095, 0.208029196, 0.149635032, 0.277372271
8248322, 0.204379559, 0.151824817, 0.281751812
8252548, 0.205839410, 0.149635032, 0.285401464
8256774, 0.209489048, 0.149635032, 0.280291975
8260998, 0.209489048, 0.153284669, 0.280291975
8265223, 0.206569344, 0.151824817, 0.281751812
8269449, 0.206569344, 0.149635032, 0.283941597
8273676, 0.204379559, 0.149635032, 0.282481760
8277899, 0.208029196, 0.151824817, 0.278832108
8282124, 0.209489048, 0.151824817, 0.283211678
8286351, 0.207299277, 0.153284669, 0.280291975
8290576, 0.204379559, 0.150364965, 0.281021893
8294802, 0.205109492, 0.149635032, 0.282481760
8299027, 0.208029196, 0.151824817, 0.279562056
8303256, 0.210218981, 0.152554750, 0.276642323
8307482, 0.208759129, 0.150364965, 0.281021893
8311708, 0.204379559, 0.149635032, 0.280291975
8315935, 0.207299277, 0.148905113, 0.283211678
8320162, 0.205839410, 0.151094884, 0.281021893
8324394, 0.210218981, 0.151824817, 0.281751812
8328620, 0.204379559, 0.150364965, 0.281751812
8332846, 0.208029196, 0.146715328, 0.283211678
8337070, 0.206569344, 0.148905113, 0.284671545
8341298, 0.212408766, 0.153284669, 0.278832108
8345524, 0.209489048, 0.150364965, 0.279562056
8349750, 0.204379559, 0.150364965, 0.281751812
8353975, 0.205839410, 0.151094884, 0.282481760
8358206, 0.210218981, 0.151094884, 0.280291975
8362435, 0.209489048, 0.151094884, 0.280291975
8366661, 0.205839410, 0.151094884, 0.283211678
8370887, 0.202919707, 0.148905113, 0.285401464
8375112, 0.205109492, 0.149635032, 0.280291975
8379337, 0.208029196, 0.151824817, 0.281751812
8383563, 0.209489048, 0.153284669, 0.281021893
8387788, 0.205109492, 0.151824817, 0.281751812
8392012, 0.207299277, 0.148175180, 0.278102189
8396244, 0.205839410, 0.150364965, 0.280291975
8400470, 0.210948899, 0.150364965, 0.281751812
8404696, 0.209489048, 0.151094884, 0.278102189
8408919, 0.206569344, 0.151824817, 0.281021893
8413144, 0.205109492, 0.150364965, 0.283211678
8417375, 0.207299277, 0.151824817, 0.279562056
8421597, 0.209489048, 0.153284669, 0.275182486
8425820, 0.206569344, 0.150364965, 0.281021893
8430044, 0.206569344, 0.148175180, 0.281021893
8434269, 0.206569344, 0.151094884, 0.279562056
8438494, 0.206569344, 0.152554750, 0.279562056
8442721, 0.211678833, 0.153284669, 0.278832108
8446945, 0.208759129, 0.151824817, 0.283211678
8451176, 0.205109492, 0.149635032, 0.283941597
8455400, 0.207299277, 0.150364965, 0.281751812
8459626, 0.209489048, 0.149635032, 0.282481760
8463849, 0.209489048, 0.151824817, 0.279562056
8468070, 0.208759129, 0.151824817, 0.280291975
8472294, 0.205109492, 0.148905113, 0.280291975
8476516, 0.205109492, 0.151824817, 0.284671545
8480742, 0.208759129, 0.151094884, 0.280291975
8484967, 0.205109492, 0.154014602, 0.281751812
8489191, 0.205839410, 0.148175180, 0.284671545
8493425, 0.205109492, 0.151094884, 0.283941597
8497651, 0.208029196, 0.153284669, 0.282481760
8501876, 0.210218981, 0.151094884, 0.278832108
8506100, 0.205109492, 0.150364965, 0.283941597
8510324, 0.204379559, 0.148905113, 0.279562056
8514550, 0.208759129, 0.145255476, 0.279562056
8518772, 0.209489048, 0.152554750, 0.278102189
8522996, 0.210218981, 0.153284669, 0.278832108
8527222, 0.205839410, 0.151824817, 0.282481760
8531448, 0.204379559, 0.151094884, 0.278832108
8535670, 0.207299277, 0.151824817, 0.282481760
8539897, 0.210218981, 0.151824817, 0.281021893
8544122, 0.208759129, 0.149635032, 0.280291975
8548346, 0.208759129, 0.150364965, 0.281751812
8552568, 0.205109492, 0.151094884, 0.283941597
8556794, 0.208759129, 0.151094884, 0.278832108
8561019, 0.207299277, 0.151824817, 0.280291975
8565251, 0.206569344, 0.151094884, 0.283941597
8569474, 0.205109492, 0.149635032, 0.279562056
8573699, 0.205109492, 0.149635032, 0.278832108
8577922, 0.208029196, 0.149635032, 0.279562056
8582145, 0.208759129, 0.151824817, 0.278102189
8586376, 0.205839410, 0.148905113, 0.281021893
8590599, 0.205839410, 0.151094884, 0.281751812
8594825, 0.208029196, 0.150364965, 0.281021893
8599049, 0.208759129, 0.151094884, 0.280291975
8603280, 0.208759129, 0.152554750, 0.283211678
8607502, 0.209489048, 0.152554750, 0.281751812
8611725, 0.203649640, 0.148175180, 0.286131382
8615949, 0.205839410, 0.150364965, 0.283211678
8620180, 0.210948899, 0.151824817, 0.280291975
8624406, 0.205839410, 0.148905113, 0.283211678
8628629, 0.207299277, 0.148905113, 0.281751812
8632851, 0.205109492, 0.152554750, 0.284671545
8637075, 0.210218981, 0.151094884, 0.284671545
8641299, 0.209489048, 0.151824817, 0.280291975
8645521, 0.208759129, 0.151094884, 0.284671545
8649747, 0.205109492, 0.150364965, 0.282481760
8653971, 0.203649640, 0.151094884, 0.280291975
8658195, 0.207299277, 0.153284669, 0.283211678
8662425, 0.208029196, 0.152554750, 0.281751812
8666647, 0.205839410, 0.148905113, 0.283941597
8670871, 0.205839410, 0.148175180, 0.283211678
8675095, 0.207299277, 0.148905113, 0.282481760
8679322, 0.210948899, 0.151094884, 0.278832108
8683544, 0.206569344, 0.156204373, 0.278102189
8687770, 0.206569344, 0.147445261, 0.281751812
8691994, 0.203649640, 0.148175180, 0.284671545
8696218, 0.208029196, 0.151824817, 0.280291975
8700441, 0.208029196, 0.148905113, 0.281751812
8704663, 0.209489048, 0.151824817, 0.281021893
8708887, 0.206569344, 0.150364965, 0.280291975
8713112, 0.205109492, 0.150364965, 0.282481760
8717337, 0.208759129, 0.151094884, 0.278832108
8721563, 0.208029196, 0.151094884, 0.279562056
8725788, 0.208029196, 0.148905113, 0.279562056
8730012, 0.207299277, 0.147445261, 0.281021893
8734244, 0.208029196, 0.148905113, 0.279562056
8738470, 0.210218981, 0.151094884, 0.278832108
8742696, 0.208029196, 0.152554750, 0.280291975
8746922, 0.208759129, 0.150364965, 0.281751812
8751148, 0.204379559, 0.151094884, 0.285401464
8755379, 0.205839410, 0.151094884, 0.281021893
8759605, 0.205109492, 0.153284669, 0.278102189
8763827, 0.207299277, 0.150364965, 0.280291975
8768048, 0.207299277, 0.149635032, 0.282481760
8772275, 0.205109492, 0.148905113, 0.279562056
8776497, 0.207299277, 0.149635032, 0.282481760
8780723, 0.210948899, 0.154744521, 0.279562056
8784947, 0.206569344, 0.151094884, 0.277372271
8789178, 0.205109492, 0.150364965, 0.281751812
8793401, 0.206569344, 0.148175180, 0.281751812
8797624, 0.206569344, 0.151824817, 0.281751812
8801846, 0.210218981, 0.153284669, 0.279562056
8806070, 0.208759129, 0.151824817, 0.281021893
8810294, 0.203649640, 0.153284669, 0.280291975
8814520, 0.205839410, 0.151094884, 0.279562056
8818744, 0.207299277, 0.149635032, 0.279562056
8822965, 0.208759129, 0.150364965, 0.278102189
8827190, 0.208759129, 0.151094884, 0.281751812
8831419, 0.206569344, 0.151094884, 0.283941597
8835642, 0.205839410, 0.151824817, 0.279562056
8839868, 0.208759129, 0.152554750, 0.277372271
8844089, 0.208759129, 0.151094884, 0.283941597
8848313, 0.206569344, 0.152554750, 0.279562056
8852536, 0.208029196, 0.145985395, 0.279562056
8856762, 0.205839410, 0.148905113, 0.278832108
8860986, 0.209489048, 0.151824817, 0.278832108
8865210, 0.210948899, 0.152554750, 0.281751812
8869441, 0.204379559, 0.150364965, 0.283941597
8873664, 0.204379559, 0.151094884, 0.284671545
8877890, 0.209489048, 0.152554750, 0.279562056
8882114, 0.210218981, 0.150364965, 0.277372271
8886337, 0.206569344, 0.151824817, 0.281751812
8890559, 0.205109492, 0.148905113, 0.285401464
8894781, 0.207299277, 0.150364965, 0.279562056
8899005, 0.208759129, 0.151094884, 0.280291975
8903237, 0.209489048, 0.152554750, 0.281751812
8907459, 0.208029196, 0.150364965, 0.284671545
8911681, 0.205839410, 0.148175180, 0.284671545
8915908, 0.205839410, 0.149635032, 0.282481760
8920133, 0.205839410, 0.151824817, 0.275912404
8924357, 0.209489048, 0.151094884, 0.281751812
8928583, 0.205109492, 0.150364965, 0.281751812
8932806, 0.203649640, 0.148905113, 0.281751812
8937030, 0.208759129, 0.149635032, 0.280291975
8941263, 0.209489048, 0.153284669, 0.280291975
8945489, 0.207299277, 0.151824817, 0.282481760
8949712, 0.205109492, 0.150364965, 0.280291975
8953940, 0.207299277, 0.151094884, 0.281021893
8958164, 0.208029196, 0.151824817, 0.282481760
8962396, 0.209489048, 0.151094884, 0.279562056
8966619, 0.208029196, 0.150364965, 0.281021893
8970842, 0.206569344, 0.149635032, 0.278832108
8975063, 0.206569344, 0.151094884, 0.281751812
8979288, 0.209489048, 0.151094884, 0.279562056
8983511, 0.208029196, 0.151824817, 0.278102189
8987733, 0.207299277, 0.149635032, 0.282481760
8991958, 0.205839410, 0.151094884, 0.280291975
8996186, 0.208759129, 0.151824817, 0.283211678
9000412, 0.210948899, 0.153284669, 0.278102189
9004635, 0.208759129, 0.148905113, 0.281751812
9008858, 0.205839410, 0.150364965, 0.281751812
9013083, 0.207299277, 0.150364965, 0.282481760
9017306, 0.205839410, 0.149635032, 0.278102189
9021532, 0.208759129, 0.151824817, 0.279562056
9025757, 0.209489048, 0.150364965, 0.278832108
9029981, 0.205109492, 0.148905113, 0.281751812
9034205, 0.206569344, 0.150364965, 0.283211678
9038435, 0.208029196, 0.149635032, 0.281751812
9042657, 0.210218981, 0.151824817, 0.283941597
9046881, 0.208759129, 0.151094884, 0.280291975
9051102, 0.206569344, 0.150364965, 0.280291975
9055326, 0.205839410, 0.150364965, 0.282481760
9059552, 0.210218981, 0.152554750, 0.280291975
9063774, 0.207299277, 0.151824817, 0.278832108
9067998, 0.207299277, 0.150364965, 0.284671545
9072222, 0.205109492, 0.150364965, 0.283941597
9076448, 0.207299277, 0.151824817, 0.281751812
9080672, 0.210948899, 0.151824817, 0.279562056
9084895, 0.209489048, 0.151094884, 0.277372271
9089119, 0.203649640, 0.150364965, 0.283941597
9093343, 0.205839410, 0.149635032, 0.275912404
9097565, 0.208029196, 0.149635032, 0.281751812
9101788, 0.208759129, 0.152554750, 0.280291975
9106013, 0.208029196, 0.149635032, 0.282481760
9110244, 0.203649640, 0.147445261, 0.281751812
9114467, 0.205839410, 0.147445261, 0.281751812
9118691, 0.210218981, 0.151094884, 0.281751812
9122915, 0.208759129, 0.148905113, 0.278832108
9127137, 0.206569344, 0.151824817, 0.283941597
9131364, 0.205109492, 0.147445261, 0.280291975
9135590, 0.207299277, 0.150364965, 0.279562056
9139813, 0.208759129, 0.151824817, 0.278832108
9144038, 0.209489048, 0.150364965, 0.283941597
9148263, 0.207299277, 0.151094884, 0.281751812
9152490, 0.206569344, 0.149635032, 0.282481760
9156712, 0.208029196, 0.151094884, 0.279562056
9160936, 0.208029196, 0.152554750, 0.278102189
9165160, 0.209489048, 0.152554750, 0.279562056
9169394, 0.205109492, 0.151824817, 0.280291975
9173617, 0.205839410, 0.148905113, 0.283211678
9177842, 0.208029196, 0.150364965, 0.282481760
9182064, 0.209489048, 0.151824817, 0.277372271
9186288, 0.207299277, 0.150364965, 0.281751812
9190510, 0.204379559, 0.149635032, 0.282481760
9194733, 0.205839410, 0.151824817, 0.282481760
9198957, 0.208759129, 0.151824817, 0.278102189
9203186, 0.207299277, 0.153284669, 0.279562056
9207412, 0.207299277, 0.150364965, 0.281021893
9211635, 0.208759129, 0.151094884, 0.283211678
9215861, 0.205109492, 0.149635032, 0.281751812
9220085, 0.210218981, 0.152554750, 0.278102189
9224306, 0.208029196, 0.153284669, 0.281021893
9228529, 0.205109492, 0.149635032, 0.280291975
9232756, 0.205839410, 0.150364965, 0.283211678
9236980, 0.207299277, 0.151824817, 0.283941597
9241205, 0.208759129, 0.153284669, 0.279562056
9245438, 0.209489048, 0.151094884, 0.278832108
9249664, 0.202919707, 0.151824817, 0.280291975
9253891, 0.205839410, 0.148175180, 0.281751812
9258115, 0.208029196, 0.150364965, 0.282481760
9262339, 0.211678833, 0.152554750, 0.276642323
9266565, 0.209489048, 0.151824817, 0.281751812
9270791, 0.205839410, 0.148905113, 0.281021893
9275015, 0.205839410, 0.149635032, 0.283941597
9279248, 0.210218981, 0.150364965, 0.280291975
9283470, 0.208029196, 0.151824817, 0.281021893
9287693, 0.206569344, 0.151094884, 0.278102189
9291917, 0.205839410, 0.150364965, 0.282481760
9296140, 0.209489048, 0.151094884, 0.276642323
9300367, 0.210948899, 0.148905113, 0.278832108
9304589, 0.207299277, 0.151824817, 0.278832108
9308815, 0.207299277, 0.148175180, 0.282481760
9313040, 0.202919707, 0.151094884, 0.281751812
9317265, 0.208759129, 0.151824817, 0.276642323
9321487, 0.208029196, 0.153284669, 0.278832108
9325709, 0.208759129, 0.151094884, 0.283211678
9329932, 0.207299277, 0.151094884, 0.283941597
9334154, 0.207299277, 0.151094884, 0.280291975
9338385, 0.210218981, 0.151824817, 0.280291975
9342611, 0.208759129, 0.151094884, 0.278832108
9346836, 0.207299277, 0.152554750, 0.279562056
9351057, 0.205839410, 0.149635032, 0.280291975
9355280, 0.207299277, 0.149635032, 0.284671545
9359502, 0.208759129, 0.152554750, 0.283211678
9363725, 0.208029196, 0.155474454, 0.278832108
9367949, 0.206569344, 0.148905113, 0.282481760
9372181, 0.206569344, 0.148905113, 0.281021893
9376406, 0.207299277, 0.152554750, 0.281751812
9380632, 0.206569344, 0.151094884, 0.278832108
9384858, 0.208029196, 0.151824817, 0.280291975
9389083, 0.206569344, 0.148905113, 0.283211678
9393306, 0.205839410, 0.146715328, 0.283941597
9397528, 0.206569344, 0.150364965, 0.278102189
9401752, 0.208029196, 0.153284669, 0.278102189
9405973, 0.208759129, 0.153284669, 0.278832108
9410203, 0.205839410, 0.153284669, 0.283211678
9414433, 0.205839410, 0.151094884, 0.283211678
9418656, 0.208029196, 0.148905113, 0.281751812
9422879, 0.208759129, 0.152554750, 0.282481760
9427100, 0.208029196, 0.151094884, 0.279562056
9431325, 0.203649640, 0.149635032, 0.282481760
9435548, 0.208029196, 0.152554750, 0.280291975
9439774, 0.207299277, 0.151094884, 0.282481760
9443998, 0.208029196, 0.151824817, 0.280291975
9448222, 0.208759129, 0.148905113, 0.285401464
9452448, 0.204379559, 0.151824817, 0.281021893
9456676, 0.207299277, 0.150364965, 0.283211678
9460900, 0.209489048, 0.152554750, 0.280291975
9465121, 0.208029196, 0.150364965, 0.282481760
9469346, 0.206569344, 0.149635032, 0.281751812
9473572, 0.206569344, 0.150364965, 0.282481760
9477794, 0.208759129, 0.151094884, 0.278102189
9482019, 0.208759129, 0.151094884, 0.279562056
9486251, 0.206569344, 0.151824817, 0.280291975
9490473, 0.205109492, 0.148175180, 0.284671545
9494696, 0.206569344, 0.150364965, 0.281021893
9498919, 0.207299277, 0.149635032, 0.277372271
9503141, 0.205839410, 0.151824817, 0.282481760
9507368, 0.205839410, 0.150364965, 0.281021893
9511590, 0.205109492, 0.148905113, 0.281751812
9515813, 0.206569344, 0.149635032, 0.281021893
9520038, 0.209489048, 0.152554750, 0.281751812
9524263, 0.210948899, 0.151094884, 0.281751812
9528486, 0.205109492, 0.151094884, 0.282481760
9532712, 0.203649640, 0.145985395, 0.279562056
9536936, 0.208029196, 0.148905113, 0.279562056
9541157, 0.210218981, 0.153284669, 0.279562056
9545389, 0.208029196, 0.149635032, 0.278832108
9549612, 0.205839410, 0.150364965, 0.278832108
9553834, 0.204379559, 0.150364965, 0.283941597
9558055, 0.208759129, 0.150364965, 0.281021893
9562280, 0.209489048, 0.152554750, 0.276642323
9566502, 0.208759129, 0.149635032, 0.279562056
9570725, 0.204379559, 0.150364965, 0.282481760
9574949, 0.207299277, 0.151824817, 0.277372271
9579181, 0.209489048, 0.151824817, 0.281751812
9583406, 0.209489048, 0.152554750, 0.280291975
9587629, 0.208759129, 0.151094884, 0.281021893
9591852, 0.205839410, 0.151094884, 0.281021893
9596073, 0.206569344, 0.149635032, 0.280291975
9600294, 0.212408766, 0.153284669, 0.278102189
9604516, 0.208759129, 0.153284669, 0.279562056
9608742, 0.205839410, 0.149635032, 0.280291975
9612967, 0.203649640, 0.151094884, 0.281021893
9617191, 0.207299277, 0.151094884, 0.281021893
9621421, 0.208029196, 0.154744521, 0.280291975
9625643, 0.208029196, 0.152554750, 0.283941597
9629869, 0.202919707, 0.148175180, 0.279562056
9634093, 0.205839410, 0.149635032, 0.281021893
9638321, 0.209489048, 0.151824817, 0.281021893
9642544, 0.207299277, 0.154744521, 0.278832108
9646770, 0.205839410, 0.151824817, 0.281021893
9650994, 0.205109492, 0.149635032, 0.283211678
9655218, 0.205109492, 0.151094884, 0.283941597
9659441, 0.210218981, 0.150364965, 0.278102189
9663663, 0.208029196, 0.153284669, 0.278832108
9667887, 0.206569344, 0.150364965, 0.281751812
9672112, 0.204379559, 0.150364965, 0.281751812
9676337, 0.208029196, 0.153284669, 0.282481760
9680563, 0.211678833, 0.152554750, 0.279562056
9684788, 0.209489048, 0.152554750, 0.278832108
9689012, 0.205839410, 0.151824817, 0.285401464
9693241, 0.205839410, 0.151094884, 0.281021893
9697467, 0.207299277, 0.152554750, 0.278832108
9701693, 0.208759129, 0.148905113, 0.278832108
9705916, 0.205839410, 0.150364965, 0.279562056
9710138, 0.205839410, 0.148175180, 0.281751812
9714365, 0.208759129, 0.151094884, 0.281021893
9718588, 0.207299277, 0.151094884, 0.278102189
9722814, 0.208759129, 0.153284669, 0.276642323
9727038, 0.206569344, 0.150364965, 0.278832108
9731264, 0.205109492, 0.149635032, 0.283211678
9735486, 0.208029196, 0.150364965, 0.280291975
9739712, 0.209489048, 0.150364965, 0.283941597
9743936, 0.208759129, 0.151824817, 0.279562056
9748160, 0.206569344, 0.148175180, 0.281021893
9752394, 0.205839410, 0.150364965, 0.280291975
9756620, 0.207299277, 0.149635032, 0.281021893
9760846, 0.210218981, 0.151824817, 0.278832108
9765070, 0.207299277, 0.151094884, 0.278102189
9769294, 0.205109492, 0.148905113, 0.280291975
9773516, 0.205839410, 0.149635032, 0.283211678
9777738, 0.207299277, 0.151824817, 0.284671545
9781963, 0.208029196, 0.154014602, 0.281021893
9786188, 0.209489048, 0.150364965, 0.279562056
9790411, 0.207299277, 0.148905113, 0.280291975
9794635, 0.205839410, 0.150364965, 0.282481760
9798857, 0.210218981, 0.150364965, 0.277372271
9803081, 0.208759129, 0.151094884, 0.281021893
9807308, 0.207299277, 0.151094884, 0.281021893
9811534, 0.205109492, 0.149635032, 0.283211678
9815757, 0.207299277, 0.151824817, 0.282481760
9819981, 0.208759129, 0.154744521, 0.278102189
9824205, 0.208759129, 0.153284669, 0.281021893
9828435, 0.209489048, 0.151094884, 0.282481760
9832657, 0.207299277, 0.150364965, 0.283211678
9836885, 0.207299277, 0.151094884, 0.283211678
9841109, 0.208759129, 0.153284669, 0.281021893
9845333, 0.209489048, 0.151824817, 0.278832108
9849559, 0.205109492, 0.149635032, 0.279562056
9853781, 0.208029196, 0.149635032, 0.280291975
9858005, 0.205839410, 0.151094884, 0.281021893
9862237, 0.208759129, 0.153284669, 0.279562056
9866459, 0.205839410, 0.150364965, 0.280291975
9870682, 0.202919707, 0.148905113, 0.281751812
9874901, 0.205109492, 0.152554750, 0.281021893
9879126, 0.208759129, 0.151094884, 0.278832108
9883351, 0.208759129, 0.152554750, 0.279562056
9887576, 0.206569344, 0.154744521, 0.283211678
9891798, 0.205839410, 0.148905113, 0.282481760
9896023, 0.208759129, 0.148175180, 0.278102189
9900254, 0.210948899, 0.151824817, 0.277372271
9904480, 0.209489048, 0.153284669, 0.281751812
9908706, 0.204379559, 0.149635032, 0.282481760
9912933, 0.204379559, 0.149635032, 0.279562056
9917157, 0.206569344, 0.150364965, 0.279562056
9921389, 0.208759129, 0.152554750, 0.276642323
9925612, 0.208029196, 0.151094884, 0.279562056
9929838, 0.202919707, 0.151824817, 0.280291975
9934062, 0.205839410, 0.151094884, 0.283211678
9938287, 0.208029196, 0.149635032, 0.282481760
9942510, 0.208759129, 0.153284669, 0.279562056
9946733, 0.205839410, 0.148905113, 0.280291975
9950954, 0.204379559, 0.150364965, 0.281751812
9955184, 0.205839410, 0.154014602, 0.278102189
9959413, 0.211678833, 0.150364965, 0.278832108
9963637, 0.208029196, 0.154014602, 0.278102189
9967863, 0.207299277, 0.152554750, 0.281751812
9972087, 0.204379559, 0.151094884, 0.279562056
9976311, 0.208759129, 0.151094884, 0.279562056
9980534, 0.210948899, 0.151824817, 0.278102189
9984757, 0.208029196, 0.151094884, 0.279562056
9988978, 0.205109492, 0.151824817, 0.281021893
9993207, 0.208029196, 0.147445261, 0.280291975
9997437, 0.210218981, 0.150364965, 0.283211678
10001663, 0.208029196, 0.153284669, 0.281021893
10005888, 0.207299277, 0.151824817, 0.281751812
10010113, 0.206569344, 0.148905113, 0.281751812
10014337, 0.206569344, 0.152554750, 0.283941597
10018560, 0.209489048, 0.151094884, 0.280291975
10022785, 0.210218981, 0.153284669, 0.281751812
10027011, 0.205839410, 0.151094884, 0.281021893
10031242, 0.204379559, 0.151094884, 0.284671545
10035464, 0.208029196, 0.152554750, 0.281021893
10039691, 0.208759129, 0.151094884, 0.274452567
10043915, 0.206569344, 0.151824817, 0.283211678
10048141, 0.206569344, 0.150364965, 0.280291975
10052368, 0.205839410, 0.148175180, 0.283941597
10056590, 0.208759129, 0.151824817, 0.279562056
10060816, 0.211678833, 0.152554750, 0.278102189
10065041, 0.206569344, 0.149635032, 0.283211678
10069265, 0.205839410, 0.151094884, 0.284671545
10073491, 0.207299277, 0.149635032, 0.278832108
10077714, 0.209489048, 0.152554750, 0.282481760
10081938, 0.209489048, 0.153284669, 0.277372271
10086162, 0.207299277, 0.150364965, 0.283941597
10090394, 0.203649640, 0.151094884, 0.283211678
10094616, 0.205839410, 0.151094884, 0.281751812
10098838, 0.208759129, 0.151824817, 0.281021893
10103062, 0.208029196, 0.152554750, 0.275912404
10107283, 0.207299277, 0.150364965, 0.280291975
10111506, 0.205839410, 0.151094884, 0.278832108
10115728, 0.209489048, 0.149635032, 0.283211678
10119953, 0.211678833, 0.151094884, 0.280291975
10124183, 0.209489048, 0.153284669, 0.281021893
10128413, 0.205839410, 0.149635032, 0.280291975
10132637, 0.206569344, 0.148905113, 0.282481760
10136863, 0.208029196, 0.152554750, 0.281021893
10141087, 0.210218981, 0.148175180, 0.280291975
10145311, 0.207299277, 0.151824817, 0.283941597
10149534, 0.202919707, 0.148175180, 0.281021893
10153760, 0.205839410, 0.147445261, 0.280291975
10157984, 0.208029196, 0.150364965, 0.283941597
10162208, 0.208029196, 0.151824817, 0.281021893
10166438, 0.208029196, 0.150364965, 0.281021893
10170664, 0.205839410, 0.148905113, 0.286131382
10174891, 0.206569344, 0.148905113, 0.283941597
10179115, 0.208759129, 0.153284669, 0.283211678
10183339, 0.207299277, 0.151094884, 0.280291975
10187565, 0.205839410, 0.150364965, 0.283941597
10191787, 0.208029196, 0.150364965, 0.281021893
10196012, 0.206569344, 0.149635032, 0.278832108
10200244, 0.210218981, 0.151094884, 0.282481760
10204467, 0.209489048, 0.151094884, 0.278832108
10208691, 0.205839410, 0.152554750, 0.283211678
10212915, 0.203649640, 0.151094884, 0.283941597
10217137, 0.209489048, 0.150364965, 0.278832108
10221361, 0.207299277, 0.154014602, 0.281751812
10225583, 0.204379559, 0.153284669, 0.282481760
10229809, 0.204379559, 0.148905113, 0.281751812
10234034, 0.208029196, 0.149635032, 0.283211678
10238260, 0.208029196, 0.149635032, 0.281021893
10242483, 0.211678833, 0.151094884, 0.281751812
10246705, 0.207299277, 0.151094884, 0.283941597
10250928, 0.205839410, 0.148175180, 0.280291975
10255153, 0.205839410, 0.149635032, 0.283211678
10259382, 0.211678833, 0.151824817, 0.281751812
10263605, 0.205839410, 0.153284669, 0.276642323
10267827, 0.206569344, 0.149635032, 0.281751812
10272051, 0.204379559, 0.148905113, 0.281751812
10276281, 0.206569344, 0.151094884, 0.279562056
10280503, 0.208759129, 0.153284669, 0.278102189
10284726, 0.210218981, 0.150364965, 0.279562056
10288950, 0.205109492, 0.149635032, 0.279562056
10293181, 0.205109492, 0.148905113, 0.281021893
10297407, 0.209489048, 0.150364965, 0.278832108
10301629, 0.208759129, 0.151824817, 0.277372271
10305851, 0.206569344, 0.149635032, 0.281021893
10310075, 0.204379559, 0.148905113, 0.279562056
10314299, 0.207299277, 0.153284669, 0.281021893
10318521, 0.209489048, 0.150364965, 0.278832108
10322747, 0.211678833, 0.154014602, 0.280291975
10326971, 0.205109492, 0.151094884, 0.283211678
10331195, 0.205109492, 0.148905113, 0.285401464
10335428, 0.206569344, 0.151824817, 0.276642323
10339651, 0.211678833, 0.151824817, 0.276642323
10343873, 0.209489048, 0.150364965, 0.279562056
10348097, 0.208759129, 0.149635032, 0.280291975
10352322, 0.204379559, 0.147445261, 0.283211678
10356545, 0.208759129, 0.149635032, 0.283211678
10360767, 0.208759129, 0.151094884, 0.278832108
10364991, 0.205109492, 0.153284669, 0.280291975
10369215, 0.201459855, 0.148905113, 0.282481760
10373440, 0.205839410, 0.150364965, 0.279562056
10377662, 0.209489048, 0.150364965, 0.278102189
10381885, 0.210218981, 0.151824817, 0.278102189
10386111, 0.205109492, 0.148905113, 0.281751812
10390333, 0.205109492, 0.151094884, 0.281751812
10394559, 0.208029196, 0.148905113, 0.283211678
10398781, 0.208029196, 0.151094884, 0.282481760
10403005, 0.210218981, 0.148175180, 0.278832108
10407237, 0.206569344, 0.150364965, 0.283941597
10411459, 0.205839410, 0.148175180, 0.283211678
10415685, 0.205839410, 0.148905113, 0.281021893
10419907, 0.208759129, 0.152554750, 0.282481760
10424132, 0.205839410, 0.149635032, 0.277372271
10428357, 0.206569344, 0.150364965, 0.283211678
10432579, 0.204379559, 0.148175180, 0.281751812
10436802, 0.210218981, 0.150364965, 0.280291975
10441026, 0.209489048, 0.152554750, 0.281751812
10445256, 0.208759129, 0.151824817, 0.278832108
10449482, 0.203649640, 0.151094884, 0.281751812
10453705, 0.208029196, 0.149635032, 0.283941597
10457928, 0.208029196, 0.152554750, 0.278102189
10462153, 0.210218981, 0.153284669, 0.277372271
10466385, 0.206569344, 0.150364965, 0.283211678
10470611, 0.206569344, 0.148905113, 0.285401464
10474836, 0.208759129, 0.151094884, 0.281751812
10479060, 0.206569344, 0.149635032, 0.279562056
10483284, 0.209489048, 0.151824817, 0.281751812
10487510, 0.205839410, 0.151094884, 0.282481760
10491736, 0.206569344, 0.150364965, 0.277372271
10495960, 0.207299277, 0.149635032, 0.281021893
10500189, 0.209489048, 0.153284669, 0.278102189
10504419, 0.205839410, 0.154014602, 0.277372271
10508645, 0.205839410, 0.148905113, 0.281751812
10512868, 0.206569344, 0.151094884, 0.281751812
10517089, 0.208029196, 0.149635032, 0.283941597
10521313, 0.208029196, 0.152554750, 0.277372271
10525536, 0.208029196, 0.149635032, 0.281021893
10529762, 0.207299277, 0.148905113, 0.280291975
10533986, 0.205839410, 0.149635032, 0.282481760
10538210, 0.205109492, 0.150364965, 0.279562056
10542441, 0.208759129, 0.151824817, 0.278102189
10546664, 0.208759129, 0.151094884, 0.280291975
10550890, 0.205839410, 0.149635032, 0.283941597
10555114, 0.204379559, 0.150364965, 0.281751812
10559337, 0.209489048, 0.152554750, 0.282481760
10563563, 0.210218981, 0.153284669, 0.278102189
10567788, 0.208029196, 0.148905113, 0.280291975
10572012, 0.204379559, 0.149635032, 0.284671545
10576244, 0.207299277, 0.150364965, 0.281021893
10580467, 0.208759129, 0.152554750, 0.279562056
10584691, 0.210948899, 0.149635032, 0.281751812
10588915, 0.207299277, 0.149635032, 0.281751812
10593141, 0.207299277, 0.151094884, 0.283941597
10597368, 0.208029196, 0.151824817, 0.282481760
10601590, 0.206569344, 0.153284669, 0.278102189
10605813, 0.208029196, 0.151824817, 0.279562056
10610038, 0.204379559, 0.145985395, 0.282481760
10614263, 0.204379559, 0.149635032, 0.279562056
10618486, 0.210218981, 0.149635032, 0.279562056
10622708, 0.209489048, 0.151824817, 0.277372271
10626935, 0.204379559, 0.151094884, 0.285401464
10631159, 0.205109492, 0.148175180, 0.278832108
10635389, 0.209489048, 0.153284669, 0.279562056
10639612, 0.211678833, 0.151824817, 0.277372271
10643834, 0.209489048, 0.151094884, 0.283211678
10648058, 0.205839410, 0.148175180, 0.283941597
10652279, 0.206569344, 0.148175180, 0.283211678
10656502, 0.205109492, 0.152554750, 0.283211678
10660725, 0.210218981, 0.151094884, 0.281751812
10664949, 0.208029196, 0.151824817, 0.279562056
10669181, 0.204379559, 0.149635032, 0.281751812
10673406, 0.206569344, 0.151094884, 0.283941597
10677629, 0.208029196, 0.150364965, 0.283211678
10681852, 0.209489048, 0.152554750, 0.280291975
10686076, 0.206569344, 0.149635032, 0.285401464
10690303, 0.205109492, 0.150364965, 0.283941597
10694526, 0.207299277, 0.148905113, 0.281021893
10698750, 0.208029196, 0.152554750, 0.280291975
10702971, 0.208029196, 0.151094884, 0.281021893
10707195, 0.203649640, 0.151094884, 0.278832108
10711428, 0.202919707, 0.151824817, 0.283211678
10715652, 0.204379559, 0.150364965, 0.281021893
10719875, 0.211678833, 0.154014602, 0.281021893
10724100, 0.209489048, 0.151824817, 0.277372271
10728324, 0.207299277, 0.150364965, 0.286861300
10732546, 0.205839410, 0.149635032, 0.281021893
10736768, 0.208759129, 0.153284669, 0.277372271
10740992, 0.209489048, 0.151824817, 0.283211678
10745218, 0.208759129, 0.149635032, 0.282481760
10749441, 0.205839410, 0.148905113, 0.282481760
10753663, 0.208759129, 0.149635032, 0.280291975
10757887, 0.207299277, 0.153284669, 0.281021893
10762112, 0.210218981, 0.153284669, 0.278102189
10766337, 0.206569344, 0.149635032, 0.280291975
10770563, 0.204379559, 0.148905113, 0.283211678
10774788, 0.205839410, 0.151824817, 0.284671545
10779012, 0.208759129, 0.151824817, 0.278102189
10783244, 0.210218981, 0.151094884, 0.278832108
10787467, 0.207299277, 0.149635032, 0.281751812
10791691, 0.205839410, 0.150364965, 0.283211678
10795915, 0.208029196, 0.149635032, 0.284671545
10800137, 0.210948899, 0.146715328, 0.281751812
10804364, 0.207299277, 0.150364965, 0.281021893
10808587, 0.204379559, 0.149635032, 0.280291975
10812809, 0.202919707, 0.151094884, 0.279562056
10817034, 0.205109492, 0.149635032, 0.278832108
10821260, 0.207299277, 0.151094884, 0.279562056
10825483, 0.207299277, 0.151824817, 0.278832108
10829705, 0.200729921, 0.151094884, 0.283211678
10833932, 0.205839410, 0.151824817, 0.284671545
10838154, 0.208029196, 0.150364965, 0.279562056
10842385, 0.207299277, 0.152554750, 0.278102189
10846607, 0.205109492, 0.149635032, 0.282481760
10850830, 0.205109492, 0.149635032, 0.279562056
10855054, 0.206569344, 0.151094884, 0.278832108
10859278, 0.208759129, 0.151824817, 0.281021893
10863501, 0.210218981, 0.150364965, 0.280291975
10867725, 0.208029196, 0.150364965, 0.283941597
10871949, 0.204379559, 0.148175180, 0.279562056
10876180, 0.206569344, 0.152554750, 0.277372271
10880403, 0.206569344, 0.154014602, 0.281751812
10884625, 0.208029196, 0.150364965, 0.279562056
10888851, 0.205839410, 0.150364965, 0.283211678
10893075, 0.208029196, 0.151094884, 0.283941597
10897299, 0.208029196, 0.149635032, 0.278832108
10901526, 0.207299277, 0.154014602, 0.282481760
10905750, 0.206569344, 0.152554750, 0.280291975
10909975, 0.205839410, 0.149635032, 0.281751812
10914205, 0.207299277, 0.148905113, 0.279562056
10918435, 0.208759129, 0.151824817, 0.276642323
10922660, 0.210218981, 0.154744521, 0.286131382
10926887, 0.208029196, 0.151094884, 0.285401464
10931112, 0.205109492, 0.152554750, 0.279562056
10935337, 0.206569344, 0.153284669, 0.280291975
10939560, 0.210218981, 0.152554750, 0.280291975
10943782, 0.208759129, 0.150364965, 0.279562056
10948006, 0.206569344, 0.148175180, 0.280291975
10952237, 0.205109492, 0.148905113, 0.283941597
10956464, 0.208029196, 0.151824817, 0.278102189
10960691, 0.207299277, 0.152554750, 0.281021893
10964917, 0.208029196, 0.152554750, 0.281021893
10969140, 0.205109492, 0.151094884, 0.279562056
10973367, 0.205109492, 0.150364965, 0.280291975
10977593, 0.208029196, 0.148905113, 0.281751812
10981819, 0.210948899, 0.152554750, 0.278832108
10986044, 0.207299277, 0.150364965, 0.280291975
10990267, 0.207299277, 0.151094884, 0.285401464
10994493, 0.205839410, 0.149635032, 0.282481760
10998715, 0.208759129, 0.149635032, 0.280291975
11002942, 0.209489048, 0.152554750, 0.282481760
11007174, 0.208029196, 0.148905113, 0.280291975
11011398, 0.203649640, 0.147445261, 0.285401464
11015625, 0.207299277, 0.148905113, 0.279562056
11019851, 0.208029196, 0.151824817, 0.278102189
11024075, 0.209489048, 0.151094884, 0.280291975
11028299, 0.208759129, 0.151094884, 0.283211678
11032521, 0.203649640, 0.148905113, 0.281021893
11036747, 0.205109492, 0.152554750, 0.278102189
11040971, 0.209489048, 0.151824817, 0.277372271
11045195, 0.207299277, 0.148905113, 0.281751812
11049428, 0.205839410, 0.150364965, 0.282481760
11053651, 0.206569344, 0.151094884, 0.287591249
11057873, 0.210218981, 0.151094884, 0.281021893
11062097, 0.208029196, 0.150364965, 0.275182486
11066322, 0.205839410, 0.150364965, 0.282481760
11070545, 0.205109492, 0.148905113, 0.281021893
11074768, 0.205839410, 0.150364965, 0.280291975
11078989, 0.210948899, 0.152554750, 0.283211678
11083214, 0.207299277, 0.153284669, 0.280291975
11087442, 0.205109492, 0.151094884, 0.281021893
11091668, 0.205839410, 0.148905113, 0.284671545
11095892, 0.209489048, 0.151094884, 0.279562056
11100116, 0.210218981, 0.152554750, 0.278102189
11104340, 0.207299277, 0.149635032, 0.281751812
11108566, 0.205839410, 0.149635032, 0.284671545
11112792, 0.204379559, 0.149635032, 0.277372271
11117016, 0.208759129, 0.150364965, 0.278102189
11121248, 0.210218981, 0.151824817, 0.277372271
11125470, 0.206569344, 0.148175180, 0.281751812
11129693, 0.205839410, 0.146715328, 0.281751812
11133917, 0.205839410, 0.151824817, 0.283211678
11138140, 0.209489048, 0.150364965, 0.281021893
11142367, 0.210218981, 0.149635032, 0.278832108
11146593, 0.206569344, 0.148905113, 0.282481760
11150819, 0.203649640, 0.149635032, 0.281021893
11155044, 0.206569344, 0.149635032, 0.279562056
11159267, 0.208759129, 0.152554750, 0.277372271
11163493, 0.210218981, 0.152554750, 0.280291975
11167719, 0.205109492, 0.151094884, 0.284671545
11171943, 0.205839410, 0.148905113, 0.280291975
11176174, 0.209489048, 0.151824817, 0.283211678
11180398, 0.209489048, 0.151824817, 0.281021893
11184623, 0.205109492, 0.151094884, 0.280291975
11188850, 0.205109492, 0.151094884, 0.282481760
11193074, 0.205109492, 0.151824817, 0.278102189
11197298, 0.208759129, 0.152554750, 0.282481760
11201520, 0.209489048, 0.150364965, 0.278102189
11205745, 0.204379559, 0.151824817, 0.278832108
11209970, 0.204379559, 0.149635032, 0.283211678
11214194, 0.205839410, 0.148905113, 0.284671545
11218424, 0.208759129, 0.153284669, 0.280291975
11222647, 0.210948899, 0.149635032, 0.283941597
11226871, 0.206569344, 0.151094884, 0.280291975
11231095, 0.204379559, 0.149635032, 0.282481760
11235322, 0.206569344, 0.151094884, 0.280291975
11239545, 0.209489048, 0.154014602, 0.279562056
11243767, 0.206569344, 0.151094884, 0.280291975
11247991, 0.205839410, 0.149635032, 0.283941597
11252215, 0.202919707, 0.149635032, 0.281021893
11256440, 0.206569344, 0.148175180, 0.277372271
11260666, 0.209489048, 0.150364965, 0.281751812
11264894, 0.207299277, 0.150364965, 0.281751812
11269118, 0.206569344, 0.149635032, 0.277372271
11273343, 0.204379559, 0.149635032, 0.282481760
11277568, 0.210948899, 0.151094884, 0.277372271
11281794, 0.208029196, 0.151094884, 0.281751812
11286019, 0.209489048, 0.146715328, 0.278832108
11290251, 0.205839410, 0.147445261, 0.283941597
11294477, 0.208029196, 0.150364965, 0.281021893
11298703, 0.208759129, 0.154014602, 0.279562056
11302927, 0.208759129, 0.150364965, 0.281021893
11307149, 0.204379559, 0.150364965, 0.281751812
11311382, 0.205109492, 0.150364965, 0.282481760
11315605, 0.206569344, 0.150364965, 0.278102189
11319827, 0.208029196, 0.153284669, 0.279562056
11324051, 0.210218981, 0.151094884, 0.278102189
11328281, 0.204379559, 0.151824817, 0.282481760
11332503, 0.204379559, 0.150364965, 0.281021893
11336726, 0.207299277, 0.150364965, 0.278102189
11340950, 0.212408766, 0.150364965, 0.277372271
11345181, 0.208759129, 0.148905113, 0.281751812
11349407, 0.205109492, 0.149635032, 0.281021893
11353629, 0.206569344, 0.149635032, 0.280291975
11357855, 0.210218981, 0.151824817, 0.282481760
11362079, 0.208759129, 0.152554750, 0.281021893
11366304, 0.206569344, 0.150364965, 0.278832108
11370527, 0.205839410, 0.150364965, 0.281751812
11374749, 0.206569344, 0.151094884, 0.281021893
11378974, 0.208759129, 0.151094884, 0.278102189
11383195, 0.208029196, 0.151094884, 0.281021893
11387425, 0.205839410, 0.150364965, 0.279562056
11391648, 0.205109492, 0.148905113, 0.282481760
11395874, 0.207299277, 0.150364965, 0.281021893
11400099, 0.210948899, 0.151824817, 0.280291975
11404322, 0.208759129, 0.149635032, 0.282481760
11408545, 0.205839410, 0.149635032, 0.280291975
11412771, 0.207299277, 0.149635032, 0.283941597
11416995, 0.208759129, 0.151824817, 0.281021893
11421222, 0.209489048, 0.152554750, 0.278832108
11425448, 0.207299277, 0.149635032, 0.281751812
11429675, 0.205109492, 0.149635032, 0.281021893
11433899, 0.206569344, 0.151094884, 0.283211678
11438124, 0.208029196, 0.152554750, 0.280291975
11442351, 0.210218981, 0.151824817, 0.279562056
11446573, 0.205109492, 0.150364965, 0.278102189
11450795, 0.205109492, 0.148905113, 0.281751812
11455019, 0.204379559, 0.151824817, 0.284671545
11459250, 0.209489048, 0.154744521, 0.276642323
11463472, 0.208029196, 0.149635032, 0.276642323
11467698, 0.206569344, 0.153284669, 0.282481760
11471921, 0.206569344, 0.149635032, 0.281751812
11476144, 0.208029196, 0.151094884, 0.281021893
11480368, 0.210218981, 0.154744521, 0.278832108
11484591, 0.208029196, 0.151094884, 0.279562056
11488813, 0.205839410, 0.148175180, 0.282481760
11493037, 0.207299277, 0.150364965, 0.282481760
11497262, 0.210218981, 0.151094884, 0.278102189
11501484, 0.208759129, 0.154744521, 0.278832108
11505706, 0.208029196, 0.150364965, 0.283941597
11509929, 0.205109492, 0.147445261, 0.281751812
11514153, 0.207299277, 0.151094884, 0.283941597
11518382, 0.207299277, 0.149635032, 0.278102189
11522605, 0.210218981, 0.153284669, 0.280291975
11526827, 0.208029196, 0.152554750, 0.282481760
11531051, 0.208029196, 0.150364965, 0.279562056
11535281, 0.205839410, 0.150364965, 0.278102189
11539503, 0.208759129, 0.152554750, 0.280291975
11543726, 0.208029196, 0.151824817, 0.281751812
11547950, 0.205839410, 0.151094884, 0.280291975
11552181, 0.205109492, 0.149635032, 0.285401464
11556407, 0.208759129, 0.151094884, 0.278102189
11560629, 0.208029196, 0.153284669, 0.278102189
11564851, 0.208029196, 0.151824817, 0.281021893
11569075, 0.206569344, 0.148905113, 0.281751812
11573299, 0.203649640, 0.148175180, 0.283211678
11577521, 0.208029196, 0.150364965, 0.283211678
11581747, 0.210948899, 0.151094884, 0.279562056
11585971, 0.206569344, 0.151824817, 0.281751812
11590195, 0.205109492, 0.148905113, 0.284671545
11594425, 0.208029196, 0.151824817, 0.281021893
11598647, 0.209489048, 0.150364965, 0.282481760
11602871, 0.208029196, 0.151824817, 0.278102189
11607092, 0.205109492, 0.150364965, 0.281021893
11611320, 0.202919707, 0.149635032, 0.281751812
11615543, 0.207299277, 0.151094884, 0.283211678
11619765, 0.209489048, 0.151094884, 0.279562056
11623990, 0.209489048, 0.151094884, 0.278832108
11628214, 0.208759129, 0.148175180, 0.283941597
11632443, 0.208029196, 0.150364965, 0.281021893
11636665, 0.210218981, 0.151094884, 0.281751812
11640889, 0.205839410, 0.153284669, 0.280291975
11645111, 0.207299277, 0.151824817, 0.279562056
11649330, 0.205109492, 0.151824817, 0.280291975
11653552, 0.208759129, 0.151094884, 0.282481760
11657774, 0.209489048, 0.150364965, 0.278102189
11661998, 0.209489048, 0.151094884, 0.279562056
11666222, 0.207299277, 0.151094884, 0.281021893
11670444, 0.206569344, 0.149635032, 0.281021893
11674667, 0.207299277, 0.150364965, 0.282481760
11678894, 0.208759129, 0.150364965, 0.277372271
11683118, 0.207299277, 0.151824817, 0.279562056
11687343, 0.205839410, 0.150364965, 0.280291975
11691566, 0.208029196, 0.149635032, 0.281751812
11695789, 0.205839410, 0.150364965, 0.282481760
11700010, 0.212408766, 0.152554750, 0.278102189
11704242, 0.208029196, 0.149635032, 0.279562056
11708464, 0.204379559, 0.148175180, 0.280291975
11712691, 0.205839410, 0.151094884, 0.281021893
11716915, 0.210218981, 0.154014602, 0.280291975
11721137, 0.208029196, 0.152554750, 0.283941597
11725364, 0.205839410, 0.151824817, 0.278102189
11729587, 0.205109492, 0.148905113, 0.281751812
11733809, 0.207299277, 0.148905113, 0.283941597
11738034, 0.208029196, 0.151824817, 0.275912404
11742260, 0.208759129, 0.152554750, 0.282481760
11746483, 0.202919707, 0.151824817, 0.281021893
11750709, 0.205839410, 0.150364965, 0.281751812
11754933, 0.204379559, 0.150364965, 0.282481760
11759157, 0.210948899, 0.153284669, 0.279562056
11763389, 0.208759129, 0.151824817, 0.279562056
11767615, 0.205109492, 0.152554750, 0.279562056
11771837, 0.206569344, 0.151824817, 0.281021893
11776061, 0.208759129, 0.152554750, 0.278832108
11780285, 0.209489048, 0.152554750, 0.282481760
11784511, 0.207299277, 0.150364965, 0.278832108
11788737, 0.204379559, 0.147445261, 0.283211678
11792961, 0.204379559, 0.150364965, 0.283211678
11797186, 0.209489048, 0.151824817, 0.281751812
11801419, 0.210218981, 0.154014602, 0.279562056
11805645, 0.208759129, 0.151094884, 0.280291975
11809871, 0.204379559, 0.147445261, 0.283941597
11814095, 0.205839410, 0.150364965, 0.281751812
11818322, 0.208029196, 0.151824817, 0.283211678
11822545, 0.209489048, 0.150364965, 0.282481760
11826768, 0.205109492, 0.150364965, 0.278832108
11830993, 0.207299277, 0.150364965, 0.283941597
11835218, 0.206569344, 0.151824817, 0.281021893
11839441, 0.207299277, 0.152554750, 0.278102189
11843667, 0.208029196, 0.151824817, 0.281021893
11847890, 0.207299277, 0.149635032, 0.284671545
11852114, 0.206569344, 0.149635032, 0.284671545
11856338, 0.207299277, 0.148905113, 0.281751812
11860561, 0.205109492, 0.152554750, 0.280291975
11864784, 0.206569344, 0.153284669, 0.282481760
11869008, 0.204379559, 0.151094884, 0.281021893
11873240, 0.205109492, 0.149635032, 0.281021893
11877462, 0.207299277, 0.149635032, 0.280291975
11881688, 0.210218981, 0.151824817, 0.282481760
11885911, 0.207299277, 0.150364965, 0.280291975
11890135, 0.206569344, 0.145985395, 0.281751812
11894359, 0.208759129, 0.151824817, 0.280291975
11898585, 0.209489048, 0.151824817, 0.280291975
11902807, 0.210218981, 0.153284669, 0.282481760
11907032, 0.205109492, 0.151094884, 0.279562056
11911262, 0.205839410, 0.150364965, 0.281021893
11915487, 0.206569344, 0.147445261, 0.278832108
11919713, 0.210218981, 0.152554750, 0.276642323
11923938, 0.206569344, 0.151094884, 0.281751812
11928163, 0.206569344, 0.151094884, 0.283211678
11932394, 0.205839410, 0.148905113, 0.282481760
11936620, 0.208759129, 0.153284669, 0.276642323
11940846, 0.208029196, 0.151824817, 0.279562056
11945070, 0.207299277, 0.151094884, 0.280291975
11949294, 0.205109492, 0.150364965, 0.283211678
11953520, 0.205839410, 0.150364965, 0.281021893
11957747, 0.208029196, 0.150364965, 0.282481760
11961971, 0.208029196, 0.154744521, 0.280291975
11966195, 0.206569344, 0.151094884, 0.282481760
11970425, 0.205109492, 0.148175180, 0.280291975
11974647, 0.205839410, 0.148175180, 0.283211678
11978874, 0.210948899, 0.151094884, 0.281021893
11983099, 0.204379559, 0.152554750, 0.280291975
11987322, 0.208759129, 0.150364965, 0.282481760
11991548, 0.205109492, 0.149635032, 0.280291975
11995771, 0.208759129, 0.149635032, 0.281751812
11999995, 0.209489048, 0.154014602, 0.277372271
12004222, 0.207299277, 0.150364965, 0.280291975
12008448, 0.204379559, 0.150364965, 0.280291975
12012675, 0.205109492, 0.148905113, 0.283211678
12016899, 0.208759129, 0.148905113, 0.281751812
12021124, 0.207299277, 0.151824817, 0.282481760
12025351, 0.205109492, 0.151094884, 0.281751812
12029576, 0.205839410, 0.148175180, 0.285401464
12033802, 0.206569344, 0.153284669, 0.278102189
12038027, 0.209489048, 0.153284669, 0.278102189
12042256, 0.209489048, 0.152554750, 0.278832108
12046478, 0.203649640, 0.149635032, 0.281751812
12050705, 0.205839410, 0.150364965, 0.281021893
12054932, 0.205109492, 0.150364965, 0.282481760
12059157, 0.211678833, 0.152554750, 0.275912404
12063385, 0.208029196, 0.150364965, 0.283211678
12067608, 0.207299277, 0.149635032, 0.281751812
12071831, 0.203649640, 0.149635032, 0.281751812
12076056, 0.205839410, 0.153284669, 0.281751812
12080280, 0.209489048, 0.151094884, 0.275912404
12084502, 0.206569344, 0.150364965, 0.282481760
12088729, 0.208029196, 0.151094884, 0.279562056
12092953, 0.204379559, 0.148905113, 0.281751812
12097183, 0.208029196, 0.151824817, 0.281751812
12101410, 0.210218981, 0.151824817, 0.279562056
12105633, 0.208029196, 0.148905113, 0.278832108
12109855, 0.205109492, 0.148905113, 0.282481760
12114080, 0.203649640, 0.148175180, 0.280291975
12118308, 0.209489048, 0.148905113, 0.278102189
12122531, 0.208029196, 0.152554750, 0.281021893
12126754, 0.208029196, 0.148175180, 0.281021893
12130979, 0.208029196, 0.150364965, 0.281021893
12135205, 0.207299277, 0.151094884, 0.281021893
12139438, 0.208029196, 0.152554750, 0.281021893
12143664, 0.208029196, 0.151094884, 0.283941597
12147891, 0.205839410, 0.151094884, 0.283941597
12152115, 0.207299277, 0.150364965, 0.279562056
12156339, 0.210948899, 0.148905113, 0.278832108
12160565, 0.209489048, 0.153284669, 0.280291975
12164791, 0.209489048, 0.147445261, 0.284671545
12169015, 0.205109492, 0.150364965, 0.281021893
12173248, 0.204379559, 0.149635032, 0.281021893
12177473, 0.208759129, 0.151094884, 0.279562056
12181696, 0.210218981, 0.152554750, 0.281021893
12185922, 0.205839410, 0.150364965, 0.279562056
12190145, 0.204379559, 0.147445261, 0.281751812
12194373, 0.205839410, 0.151824817, 0.281751812
12198596, 0.208759129, 0.151824817, 0.280291975
12202819, 0.210218981, 0.150364965, 0.282481760
12207044, 0.205109492, 0.149635032, 0.280291975
12211267, 0.207299277, 0.150364965, 0.283941597
12215489, 0.205839410, 0.151094884, 0.281021893
12219711, 0.208759129, 0.153284669, 0.278832108
12223936, 0.208029196, 0.150364965, 0.280291975
12228160, 0.206569344, 0.151094884, 0.281021893
12232389, 0.206569344, 0.151824817, 0.278832108
12236612, 0.208759129, 0.149635032, 0.281751812
12240834, 0.210218981, 0.152554750, 0.277372271
12245058, 0.206569344, 0.149635032, 0.283211678
12249282, 0.207299277, 0.150364965, 0.283941597
12253504, 0.205839410, 0.150364965, 0.281021893
12257727, 0.210948899, 0.152554750, 0.278102189
12261952, 0.208759129, 0.151094884, 0.278102189
12266182, 0.206569344, 0.149635032, 0.282481760
12270407, 0.204379559, 0.149635032, 0.280291975
12274629, 0.207299277, 0.150364965, 0.280291975
12278851, 0.208029196, 0.151824817, 0.278832108
12283075, 0.209489048, 0.150364965, 0.281751812
12287299, 0.202189788, 0.152554750, 0.283211678
12291525, 0.206569344, 0.149635032, 0.283941597
12295753, 0.210218981, 0.149635032, 0.281751812
12299978, 0.210218981, 0.151094884, 0.282481760
12304207, 0.208029196, 0.146715328, 0.278102189
12308439, 0.207299277, 0.148905113, 0.281021893
12312665, 0.206569344, 0.148175180, 0.281751812
12316894, 0.211678833, 0.151094884, 0.277372271
12321118, 0.206569344, 0.151824817, 0.283211678
12325343, 0.204379559, 0.150364965, 0.283941597
12329566, 0.205109492, 0.151094884, 0.280291975
12333788, 0.205839410, 0.150364965, 0.283211678
12338012, 0.208759129, 0.153284669, 0.277372271
12342244, 0.208029196, 0.153284669, 0.281751812
12346470, 0.207299277, 0.149635032, 0.283941597
12350696, 0.205839410, 0.148905113, 0.282481760
12354919, 0.207299277, 0.152554750, 0.279562056
12359141, 0.208029196, 0.152554750, 0.279562056
12363365, 0.208759129, 0.151094884, 0.279562056
12367588, 0.208029196, 0.150364965, 0.282481760
12371810, 0.207299277, 0.151094884, 0.280291975
12376038, 0.208759129, 0.151824817, 0.281021893
12380263, 0.207299277, 0.152554750, 0.279562056
12384485, 0.207299277, 0.149635032, 0.281021893
12388711, 0.206569344, 0.148905113, 0.281751812
12392936, 0.207299277, 0.150364965, 0.281021893
12397160, 0.211678833, 0.153284669, 0.280291975
12401394, 0.209489048, 0.153284669, 0.281751812
12405617, 0.205109492, 0.147445261, 0.282481760
12409842, 0.205109492, 0.148175180, 0.281751812
12414064, 0.207299277, 0.151824817, 0.278102189
12418288, 0.212408766, 0.153284669, 0.278832108
12422514, 0.210948899, 0.151094884, 0.278102189
12426740, 0.205109492, 0.150364965, 0.281021893
12430965, 0.206569344, 0.146715328, 0.284671545
12435190, 0.206569344, 0.150364965, 0.283211678
12439423, 0.208029196, 0.150364965, 0.281021893
12443649, 0.208029196, 0.148905113, 0.283211678
12447872, 0.202919707, 0.148905113, 0.281751812
12452096, 0.203649640, 0.151824817, 0.282481760
12456320, 0.208029196, 0.153284669, 0.281021893
12460543, 0.209489048, 0.152554750, 0.279562056
12464765, 0.208029196, 0.152554750, 0.278832108
12468989, 0.207299277, 0.149635032, 0.281021893
12473214, 0.205839410, 0.150364965, 0.278832108
12477442, 0.209489048, 0.151094884, 0.280291975
12481668, 0.208029196, 0.151094884, 0.281751812
12485892, 0.205109492, 0.149635032, 0.281751812
12490117, 0.205839410, 0.148175180, 0.282481760
12494340, 0.207299277, 0.149635032, 0.280291975
12498562, 0.210948899, 0.152554750, 0.278832108
12502784, 0.208759129, 0.153284669, 0.282481760
12507008, 0.207299277, 0.149635032, 0.281021893
12511239, 0.207299277, 0.151094884, 0.281021893
12515465, 0.208759129, 0.151824817, 0.281021893
12519687, 0.208029196, 0.151824817, 0.280291975
12523910, 0.208759129, 0.148175180, 0.280291975
12528134, 0.205109492, 0.148905113, 0.281751812
12532358, 0.208029196, 0.149635032, 0.280291975
12536580, 0.209489048, 0.148905113, 0.280291975
12540802, 0.209489048, 0.150364965, 0.281021893
12545027, 0.206569344, 0.149635032, 0.281751812
12549256, 0.206569344, 0.148905113, 0.285401464
12553482, 0.208759129, 0.151094884, 0.281751812
12557705, 0.208759129, 0.149635032, 0.280291975
12561928, 0.209489048, 0.151094884, 0.279562056
12566150, 0.205839410, 0.148905113, 0.279562056
12570378, 0.206569344, 0.151094884, 0.281751812
12574601, 0.207299277, 0.151094884, 0.282481760
12578823, 0.211678833, 0.153284669, 0.276642323
12583044, 0.208759129, 0.151824817, 0.282481760
12587269, 0.206569344, 0.149635032, 0.279562056
12591494, 0.208759129, 0.146715328, 0.278832108
12595717, 0.210218981, 0.151094884, 0.281021893
12599940, 0.208759129, 0.151824817, 0.277372271
12604164, 0.207299277, 0.151824817, 0.283941597
12608396, 0.205109492, 0.152554750, 0.281751812
12612619, 0.205839410, 0.149635032, 0.280291975
12616842, 0.206569344, 0.148905113, 0.283211678
12621066, 0.206569344, 0.151094884, 0.281021893
12625290, 0.205839410, 0.148905113, 0.282481760
12629516, 0.205109492, 0.149635032, 0.279562056
12633741, 0.207299277, 0.150364965, 0.280291975
12637966, 0.208759129, 0.151094884, 0.279562056
12642191, 0.207299277, 0.151824817, 0.280291975
12646424, 0.204379559, 0.148175180, 0.280291975
12650647, 0.205109492, 0.148175180, 0.282481760
12654871, 0.205839410, 0.151094884, 0.280291975
12659095, 0.210948899, 0.154744521, 0.281751812
12663322, 0.210948899, 0.151824817, 0.279562056
12667545, 0.206569344, 0.148905113, 0.280291975
12671771, 0.207299277, 0.151094884, 0.284671545
12675995, 0.207299277, 0.149635032, 0.276642323
12680222, 0.210218981, 0.151094884, 0.279562056
12684448, 0.206569344, 0.149635032, 0.280291975
12688670, 0.205109492, 0.148175180, 0.283211678
12692896, 0.206569344, 0.148175180, 0.281751812
12697121, 0.208759129, 0.149635032, 0.278832108
12701346, 0.205839410, 0.152554750, 0.278102189
12705572, 0.208029196, 0.151824817, 0.281751812
12709795, 0.205109492, 0.148905113, 0.282481760
12714020, 0.207299277, 0.149635032, 0.278102189
12718251, 0.208759129, 0.152554750, 0.278102189
12722474, 0.206569344, 0.149635032, 0.278832108
12726699, 0.205839410, 0.150364965, 0.281751812
12730927, 0.205839410, 0.148905113, 0.284671545
12735153, 0.208029196, 0.151094884, 0.281021893
12739381, 0.210218981, 0.150364965, 0.279562056
12743605, 0.208029196, 0.151824817, 0.278832108
12747831, 0.204379559, 0.147445261, 0.283941597
12752056, 0.208029196, 0.150364965, 0.283211678
12756280, 0.209489048, 0.151824817, 0.283211678
12760502, 0.210948899, 0.148905113, 0.281021893
12764726, 0.208029196, 0.151094884, 0.278832108
12768951, 0.208029196, 0.149635032, 0.282481760
12773182, 0.205839410, 0.151824817, 0.279562056
12777411, 0.209489048, 0.152554750, 0.277372271
12781636, 0.209489048, 0.152554750, 0.280291975
12785859, 0.206569344, 0.148905113, 0.282481760
12790083, 0.202919707, 0.147445261, 0.281021893
12794308, 0.208029196, 0.149635032, 0.280291975
12798531, 0.208759129, 0.151824817, 0.282481760
12802754, 0.209489048, 0.154014602, 0.279562056
12806978, 0.206569344, 0.151824817, 0.278102189
12811207, 0.206569344, 0.147445261, 0.280291975
12815439, 0.208759129, 0.151824817, 0.285401464
12819662, 0.209489048, 0.151824817, 0.283211678
12823884, 0.208759129, 0.151094884, 0.280291975
12828109, 0.205839410, 0.149635032, 0.283941597
12832333, 0.208029196, 0.151824817, 0.282481760
12836555, 0.205839410, 0.151094884, 0.278102189
12840781, 0.208029196, 0.153284669, 0.277372271
12845005, 0.206569344, 0.150364965, 0.282481760
12849237, 0.204379559, 0.146715328, 0.283941597
12853460, 0.208029196, 0.151824817, 0.279562056
12857687, 0.210218981, 0.154744521, 0.279562056
12861910, 0.207299277, 0.151824817, 0.277372271
12866134, 0.205839410, 0.150364965, 0.280291975
12870358, 0.205109492, 0.150364965, 0.283211678
12874580, 0.210218981, 0.152554750, 0.281751812
12878802, 0.210218981, 0.151824817, 0.279562056
12883027, 0.208759129, 0.150364965, 0.280291975
12887256, 0.205109492, 0.147445261, 0.281751812
12891482, 0.205839410, 0.152554750, 0.282481760
12895705, 0.208029196, 0.151094884, 0.278102189
12899928, 0.210948899, 0.152554750, 0.277372271
12904153, 0.205839410, 0.151824817, 0.281021893
12908385, 0.202919707, 0.148175180, 0.284671545
12912607, 0.205839410, 0.149635032, 0.282481760
12916830, 0.210948899, 0.149635032, 0.276642323
12921051, 0.207299277, 0.151824817, 0.278102189
12925281, 0.205109492, 0.153284669, 0.279562056
12929507, 0.205109492, 0.148175180, 0.279562056
12933730, 0.208759129, 0.148905113, 0.278832108
12937954, 0.209489048, 0.151824817, 0.279562056
12942183, 0.210948899, 0.151094884, 0.280291975
12946409, 0.206569344, 0.148175180, 0.283211678
12950632, 0.204379559, 0.148175180, 0.284671545
12954854, 0.206569344, 0.151094884, 0.281021893
12959079, 0.208759129, 0.151824817, 0.276642323
12963307, 0.207299277, 0.151094884, 0.278832108
12967530, 0.206569344, 0.147445261, 0.282481760
12971752, 0.207299277, 0.151824817, 0.278832108
12975977, 0.209489048, 0.151824817, 0.283211678
12980207, 0.209489048, 0.152554750, 0.281751812
12984437, 0.208759129, 0.151094884, 0.282481760
12988659, 0.206569344, 0.152554750, 0.284671545
12992886, 0.209489048, 0.151824817, 0.280291975
12997111, 0.210948899, 0.151824817, 0.280291975
13001333, 0.210218981, 0.153284669, 0.282481760
13005555, 0.205109492, 0.151094884, 0.278102189
13009777, 0.205839410, 0.148905113, 0.281751812
13014001, 0.204379559, 0.152554750, 0.281751812
13018230, 0.210948899, 0.151824817, 0.281751812
13022452, 0.208759129, 0.149635032, 0.281021893
13026675, 0.205839410, 0.150364965, 0.281751812
13030899, 0.208029196, 0.147445261, 0.285401464
13035123, 0.208759129, 0.151094884, 0.281021893
13039346, 0.206569344, 0.151824817, 0.279562056
13043572, 0.208029196, 0.150364965, 0.278832108
13047798, 0.205839410, 0.151824817, 0.281751812
13052023, 0.204379559, 0.148175180, 0.278832108
13056254, 0.207299277, 0.151824817, 0.281021893
13060476, 0.208759129, 0.152554750, 0.276642323
13064702, 0.205839410, 0.150364965, 0.278832108
13068927, 0.204379559, 0.151094884, 0.282481760
13073149, 0.207299277, 0.149635032, 0.281751812
13077381, 0.208029196, 0.153284669, 0.279562056
13081605, 0.208029196, 0.153284669, 0.278832108
13085827, 0.206569344, 0.148905113, 0.284671545
13090051, 0.203649640, 0.149635032, 0.282481760
13094281, 0.209489048, 0.151094884, 0.278832108
13098503, 0.210218981, 0.152554750, 0.280291975
13102726, 0.208759129, 0.152554750, 0.282481760
13106950, 0.208759129, 0.149635032, 0.280291975
13111181, 0.205109492, 0.148905113, 0.284671545
13115407, 0.208029196, 0.148905113, 0.278102189
13119629, 0.209489048, 0.151094884, 0.280291975
13123851, 0.207299277, 0.151824817, 0.278832108
13128075, 0.205109492, 0.151094884, 0.285401464
13132299, 0.205839410, 0.151824817, 0.281021893
13136525, 0.207299277, 0.154744521, 0.280291975
13140753, 0.208759129, 0.150364965, 0.283941597
13144974, 0.206569344, 0.149635032, 0.280291975
13149195, 0.207299277, 0.150364965, 0.282481760
13153425, 0.208029196, 0.152554750, 0.278832108
13157648, 0.209489048, 0.152554750, 0.276642323
13161871, 0.210948899, 0.151824817, 0.278102189
13166096, 0.205109492, 0.151094884, 0.279562056
13170322, 0.206569344, 0.147445261, 0.278832108
13174545, 0.209489048, 0.152554750, 0.280291975
13178768, 0.209489048, 0.154014602, 0.281751812
13182993, 0.208029196, 0.148905113, 0.282481760
13187214, 0.203649640, 0.148905113, 0.281021893
13191442, 0.205839410, 0.149635032, 0.279562056
13195664, 0.208759129, 0.151824817, 0.279562056
13199890, 0.208759129, 0.154014602, 0.277372271
13204114, 0.205839410, 0.148905113, 0.280291975
13208337, 0.204379559, 0.149635032, 0.284671545
13212563, 0.206569344, 0.146715328, 0.281751812
13216788, 0.209489048, 0.154014602, 0.278832108
13221012, 0.210218981, 0.153284669, 0.279562056
13225244, 0.207299277, 0.151094884, 0.280291975
13229467, 0.208029196, 0.148175180, 0.286861300
13233691, 0.208759129, 0.151824817, 0.279562056
13237918, 0.210218981, 0.150364965, 0.278102189
13242141, 0.208029196, 0.152554750, 0.283211678
13246368, 0.205109492, 0.150364965, 0.281751812
13250590, 0.205109492, 0.148905113, 0.282481760
13254813, 0.205839410, 0.148905113, 0.279562056
13259038, 0.210218981, 0.152554750, 0.278102189
13263260, 0.207299277, 0.151094884, 0.279562056
13267482, 0.207299277, 0.148905113, 0.278832108
13271705, 0.208759129, 0.150364965, 0.282481760
13275928, 0.208759129, 0.151824817, 0.278102189
13280153, 0.208759129, 0.151824817, 0.278102189
13284382, 0.208029196, 0.149635032, 0.283211678
13288605, 0.204379559, 0.147445261, 0.279562056
13292827, 0.207299277, 0.151094884, 0.280291975
13297051, 0.209489048, 0.152554750, 0.281021893
13301281, 0.210218981, 0.148905113, 0.276642323
13305503, 0.203649640, 0.151094884, 0.279562056
13309726, 0.205839410, 0.151824817, 0.281751812
13313950, 0.206569344, 0.152554750, 0.280291975
13318183, 0.209489048, 0.154744521, 0.280291975
13322410, 0.205839410, 0.153284669, 0.281021893
13326633, 0.206569344, 0.151094884, 0.286131382
13330855, 0.207299277, 0.151824817, 0.279562056
13335079, 0.206569344, 0.152554750, 0.276642323
13339308, 0.210218981, 0.152554750, 0.279562056
13343531, 0.208029196, 0.152554750, 0.281751812
13347757, 0.204379559, 0.148905113, 0.279562056
13351981, 0.207299277, 0.149635032, 0.276642323
13356205, 0.207299277, 0.150364965, 0.278832108
13360435, 0.210218981, 0.154014602, 0.278832108
13364657, 0.208029196, 0.151094884, 0.280291975
13368885, 0.205839410, 0.147445261, 0.282481760
13373109, 0.207299277, 0.151824817, 0.281021893
13377333, 0.209489048, 0.154014602, 0.278832108
13381555, 0.207299277, 0.151824817, 0.277372271
13385781, 0.206569344, 0.150364965, 0.281751812
13390006, 0.205109492, 0.148905113, 0.283211678
13394237, 0.209489048, 0.150364965, 0.279562056
13398463, 0.208759129, 0.154744521, 0.278102189
13402691, 0.207299277, 0.153284669, 0.279562056
13406915, 0.207299277, 0.151094884, 0.281021893
13411141, 0.205109492, 0.146715328, 0.282481760
13415368, 0.207299277, 0.151824817, 0.276642323
13419590, 0.208029196, 0.151824817, 0.278102189
13423813, 0.208759129, 0.149635032, 0.281021893
13428037, 0.205109492, 0.151824817, 0.278832108
13432262, 0.206569344, 0.153284669, 0.282481760
13436488, 0.209489048, 0.152554750, 0.275912404
13440711, 0.206569344, 0.153284669, 0.278832108
13444940, 0.207299277, 0.148905113, 0.282481760
13449164, 0.205109492, 0.148175180, 0.284671545
13453396, 0.206569344, 0.151824817, 0.282481760
13457619, 0.210218981, 0.151824817, 0.280291975
13461842, 0.209489048, 0.151094884, 0.283941597
13466066, 0.204379559, 0.150364965, 0.278102189
13470290, 0.207299277, 0.149635032, 0.281751812
13474516, 0.208029196, 0.153284669, 0.278102189
13478741, 0.209489048, 0.151094884, 0.279562056
13482966, 0.207299277, 0.151094884, 0.278832108
13487191, 0.205839410, 0.148905113, 0.284671545
13491421, 0.205839410, 0.149635032, 0.283941597
13495643, 0.208029196, 0.151094884, 0.281021893
13499869, 0.206569344, 0.152554750, 0.277372271
13504094, 0.206569344, 0.152554750, 0.281751812
13508322, 0.206569344, 0.149635032, 0.282481760
13512548, 0.208029196, 0.151094884, 0.278832108
13516771, 0.211678833, 0.152554750, 0.280291975
13520995, 0.208029196, 0.154014602, 0.280291975
13525222, 0.208759129, 0.148905113, 0.282481760
13529448, 0.207299277, 0.150364965, 0.280291975
13533675, 0.209489048, 0.150364965, 0.281021893
13537899, 0.212408766, 0.153284669, 0.278832108
13542124, 0.208759129, 0.151824817, 0.281021893
13546351, 0.204379559, 0.149635032, 0.282481760
13550573, 0.206569344, 0.151094884, 0.278832108
13554795, 0.210218981, 0.152554750, 0.281751812
13559019, 0.210948899, 0.154744521, 0.280291975
13563250, 0.205839410, 0.152554750, 0.281751812
13567472, 0.207299277, 0.150364965, 0.285401464
13571698, 0.205839410, 0.149635032, 0.279562056
13575927, 0.209489048, 0.150364965, 0.276642323
13580149, 0.208759129, 0.155474454, 0.280291975
13584381, 0.204379559, 0.151094884, 0.286131382
13588605, 0.205109492, 0.148905113, 0.283941597
13592827, 0.208029196, 0.150364965, 0.279562056
13597051, 0.209489048, 0.152554750, 0.278102189
13601281, 0.210218981, 0.151824817, 0.278832108
13605507, 0.206569344, 0.149635032, 0.282481760
13609730, 0.204379559, 0.149635032, 0.278832108
13613954, 0.205109492, 0.151824817, 0.281021893
13618187, 0.209489048, 0.153284669, 0.277372271
13622421, 0.210218981, 0.153284669, 0.283211678
13626644, 0.207299277, 0.151094884, 0.283941597
13630867, 0.205839410, 0.151094884, 0.279562056
13635092, 0.208029196, 0.151824817, 0.277372271
13639320, 0.208029196, 0.153284669, 0.282481760
13643546, 0.208029196, 0.151824817, 0.280291975
13647771, 0.206569344, 0.149635032, 0.281751812
13651995, 0.208029196, 0.152554750, 0.281021893
13656222, 0.208029196, 0.151094884, 0.281021893
13660444, 0.208029196, 0.151824817, 0.279562056
13664667, 0.204379559, 0.150364965, 0.278832108
13668890, 0.208029196, 0.147445261, 0.282481760
13673114, 0.207299277, 0.150364965, 0.281021893
13677338, 0.210218981, 0.151824817, 0.277372271
13681563, 0.205839410, 0.149635032, 0.281021893
13685786, 0.208029196, 0.149635032, 0.281751812
13690011, 0.206569344, 0.149635032, 0.285401464
13694242, 0.206569344, 0.152554750, 0.278102189
13698468, 0.210948899, 0.154744521, 0.278832108
13702694, 0.208759129, 0.150364965, 0.281021893
13706917, 0.202919707, 0.148175180, 0.283211678
13711140, 0.202919707, 0.151094884, 0.279562056
13715367, 0.207299277, 0.150364965, 0.278832108
13719589, 0.208759129, 0.153284669, 0.278102189
13723815, 0.207299277, 0.149635032, 0.281021893
13728037, 0.203649640, 0.148905113, 0.283211678
13732262, 0.204379559, 0.149635032, 0.286131382
13736488, 0.205839410, 0.151824817, 0.283211678
13740711, 0.208029196, 0.152554750, 0.284671545
13744938, 0.205839410, 0.149635032, 0.281751812
13749173, 0.204379559, 0.148905113, 0.281751812
13753397, 0.205839410, 0.151824817, 0.280291975
13757619, 0.208759129, 0.154014602, 0.281751812
13761843, 0.208759129, 0.151094884, 0.279562056
13766067, 0.206569344, 0.149635032, 0.280291975
13770298, 0.206569344, 0.151824817, 0.284671545
13774521, 0.208029196, 0.151824817, 0.279562056
13778747, 0.208759129, 0.153284669, 0.278832108
13782971, 0.205839410, 0.151094884, 0.281021893
13787195, 0.205109492, 0.147445261, 0.281021893
13791425, 0.205839410, 0.149635032, 0.278102189
13795651, 0.208759129, 0.153284669, 0.278832108
13799876, 0.210218981, 0.153284669, 0.280291975
13804100, 0.205839410, 0.152554750, 0.283941597
13808324, 0.205839410, 0.149635032, 0.280291975
13812550, 0.206569344, 0.151094884, 0.280291975
13816776, 0.205109492, 0.152554750, 0.281751812
13821001, 0.210218981, 0.150364965, 0.280291975
13825232, 0.205839410, 0.151094884, 0.282481760
13829458, 0.206569344, 0.148905113, 0.280291975
13833685, 0.207299277, 0.150364965, 0.283211678
13837908, 0.209489048, 0.151094884, 0.281751812
13842133, 0.208029196, 0.151094884, 0.278832108
13846357, 0.202919707, 0.151094884, 0.281751812
13850583, 0.208759129, 0.149635032, 0.282481760
13854806, 0.208029196, 0.152554750, 0.280291975
13859030, 0.211678833, 0.156204373, 0.279562056
13863259, 0.209489048, 0.151094884, 0.280291975
13867485, 0.206569344, 0.149635032, 0.284671545
13871707, 0.208029196, 0.149635032, 0.280291975
13875936, 0.208759129, 0.151094884, 0.278102189
13880157, 0.208029196, 0.150364965, 0.281751812
13884385, 0.207299277, 0.151824817, 0.281751812
13888608, 0.209489048, 0.150364965, 0.282481760
13892834, 0.207299277, 0.148905113, 0.277372271
13897058, 0.211678833, 0.151824817, 0.282481760
13901282, 0.210218981, 0.152554750, 0.276642323
13905508, 0.206569344, 0.149635032, 0.277372271
13909733, 0.205109492, 0.150364965, 0.283211678
13913957, 0.209489048, 0.152554750, 0.281021893
13918186, 0.210218981, 0.152554750, 0.277372271
13922412, 0.205839410, 0.148905113, 0.281751812
13926635, 0.206569344, 0.147445261, 0.279562056
13930857, 0.205839410, 0.151824817, 0.281751812
13935081, 0.209489048, 0.148175180, 0.281021893
13939308, 0.208029196, 0.154744521, 0.278832108
13943534, 0.206569344, 0.151824817, 0.283211678
13947760, 0.203649640, 0.150364965, 0.283211678
13951984, 0.207299277, 0.150364965, 0.281021893
13956208, 0.208759129, 0.151824817, 0.279562056
13960440, 0.208759129, 0.150364965, 0.279562056
13964663, 0.208029196, 0.151094884, 0.283211678
13968888, 0.206569344, 0.151094884, 0.281021893
13973113, 0.208759129, 0.152554750, 0.280291975
13977337, 0.210948899, 0.151094884, 0.279562056
13981560, 0.205109492, 0.149635032, 0.277372271
13985782, 0.205839410, 0.151824817, 0.284671545
13990006, 0.205109492, 0.149635032, 0.279562056
13994237, 0.208029196, 0.151824817, 0.280291975
13998460, 0.208759129, 0.153284669, 0.281021893
14002686, 0.208759129, 0.152554750, 0.277372271
14006912, 0.205109492, 0.150364965, 0.284671545
14011136, 0.205109492, 0.152554750, 0.280291975
14015361, 0.208029196, 0.148905113, 0.281751812
14019587, 0.206569344, 0.151824817, 0.281021893
14023813, 0.208029196, 0.149635032, 0.281021893
14028038, 0.207299277, 0.151824817, 0.281751812
14032263, 0.205839410, 0.150364965, 0.278102189
14036489, 0.209489048, 0.152554750, 0.278102189
14040711, 0.208029196, 0.151094884, 0.280291975
14044936, 0.208029196, 0.150364965, 0.281751812
14049160, 0.206569344, 0.151094884, 0.280291975
14053394, 0.206569344, 0.151824817, 0.279562056
14057617, 0.210218981, 0.152554750, 0.278832108
14061842, 0.208759129, 0.151094884, 0.281751812
14066067, 0.205109492, 0.148905113, 0.283941597
14070294, 0.205839410, 0.151824817, 0.280291975
14074516, 0.210218981, 0.151094884, 0.282481760
14078738, 0.210948899, 0.152554750, 0.277372271
14082963, 0.206569344, 0.149635032, 0.283941597
14087188, 0.205109492, 0.151094884, 0.281021893
14091411, 0.206569344, 0.148905113, 0.281751812
14095633, 0.208759129, 0.152554750, 0.279562056
14099859, 0.208759129, 0.151824817, 0.280291975
14104083, 0.203649640, 0.150364965, 0.285401464
14108308, 0.204379559, 0.149635032, 0.279562056
14112531, 0.207299277, 0.151094884, 0.278832108
14116754, 0.210948899, 0.148905113, 0.285401464
14120979, 0.209489048, 0.152554750, 0.276642323
14125205, 0.204379559, 0.150364965, 0.280291975
14129435, 0.205839410, 0.149635032, 0.284671545
14133657, 0.205839410, 0.151094884, 0.281021893
14137881, 0.208759129, 0.151094884, 0.278102189
14142106, 0.206569344, 0.149635032, 0.279562056
14146330, 0.206569344, 0.151824817, 0.280291975
14150552, 0.205109492, 0.149635032, 0.282481760
14154774, 0.207299277, 0.151824817, 0.280291975
14158998, 0.208759129, 0.151094884, 0.281751812
14163222, 0.207299277, 0.148175180, 0.280291975
14167444, 0.203649640, 0.149635032, 0.283211678
14171666, 0.205839410, 0.151094884, 0.281021893
14175890, 0.210218981, 0.151824817, 0.277372271
14180114, 0.208759129, 0.151094884, 0.278102189
14184338, 0.206569344, 0.149635032, 0.278102189
14188564, 0.205109492, 0.146715328, 0.281021893
14192786, 0.205109492, 0.148175180, 0.279562056
14197010, 0.210218981, 0.151824817, 0.279562056
14201241, 0.209489048, 0.151824817, 0.279562056
14205464, 0.208029196, 0.148175180, 0.280291975
14209687, 0.205109492, 0.149635032, 0.284671545
14213913, 0.209489048, 0.151824817, 0.280291975
14218137, 0.210218981, 0.152554750, 0.281021893
14222364, 0.204379559, 0.150364965, 0.278102189
14226586, 0.205839410, 0.148905113, 0.284671545
14230809, 0.205839410, 0.150364965, 0.282481760
14235034, 0.210948899, 0.149635032, 0.276642323
14239259, 0.207299277, 0.151824817, 0.277372271
14243481, 0.206569344, 0.149635032, 0.283211678
14247704, 0.206569344, 0.151094884, 0.283941597
14251931, 0.206569344, 0.151094884, 0.280291975
14256154, 0.208029196, 0.153284669, 0.280291975
14260385, 0.205839410, 0.151824817, 0.282481760
14264607, 0.205839410, 0.148905113, 0.280291975
14268830, 0.203649640, 0.151094884, 0.282481760
14273055, 0.208029196, 0.151824817, 0.278832108
14277278, 0.207299277, 0.154014602, 0.278832108
14281504, 0.208029196, 0.151824817, 0.280291975
14285727, 0.208029196, 0.149635032, 0.283941597
14289952, 0.205109492, 0.151094884, 0.281751812
14294182, 0.209489048, 0.152554750, 0.280291975
14298407, 0.210948899, 0.150364965, 0.282481760
14302633, 0.209489048, 0.149635032, 0.281751812
14306855, 0.205839410, 0.149635032, 0.281021893
14311079, 0.206569344, 0.150364965, 0.279562056
14315308, 0.208029196, 0.151824817, 0.278102189
14319534, 0.209489048, 0.148905113, 0.278832108
14323760, 0.208029196, 0.151094884, 0.277372271
14327985, 0.207299277, 0.148175180, 0.282481760
14332209, 0.207299277, 0.148905113, 0.280291975
14336439, 0.212408766, 0.150364965, 0.281751812
14340665, 0.208029196, 0.153284669, 0.283211678
14344889, 0.203649640, 0.148175180, 0.281021893
14349114, 0.207299277, 0.150364965, 0.281751812
14353337, 0.206569344, 0.151094884, 0.284671545
14357560, 0.208759129, 0.152554750, 0.280291975
14361782, 0.208759129, 0.154014602, 0.281751812
14366006, 0.205109492, 0.150364965, 0.281021893
14370237, 0.206569344, 0.150364965, 0.281751812
14374463, 0.208759129, 0.152554750, 0.279562056
14378691, 0.210218981, 0.151824817, 0.278102189
14382915, 0.208759129, 0.152554750, 0.281021893
14387141, 0.204379559, 0.148905113, 0.283941597
14391372, 0.208759129, 0.151094884, 0.282481760
14395598, 0.211678833, 0.150364965, 0.280291975
14399823, 0.210218981, 0.155474454, 0.283211678
14404048, 0.206569344, 0.149635032, 0.283211678
14408278, 0.203649640, 0.147445261, 0.285401464
14412505, 0.206569344, 0.146715328, 0.280291975
14416731, 0.208759129, 0.152554750, 0.280291975
14420952, 0.209489048, 0.148175180, 0.283211678
14425182, 0.206569344, 0.151824817, 0.281021893
14429411, 0.206569344, 0.150364965, 0.280291975
14433636, 0.208029196, 0.149635032, 0.282481760
14437862, 0.210218981, 0.151094884, 0.279562056
14442086, 0.208029196, 0.152554750, 0.279562056
14446311, 0.204379559, 0.152554750, 0.280291975
14450537, 0.205839410, 0.151094884, 0.286131382
14454760, 0.211678833, 0.150364965, 0.282481760
14458984, 0.208759129, 0.152554750, 0.279562056
14463208, 0.208029196, 0.151824817, 0.279562056
14467438, 0.206569344, 0.145985395, 0.281751812
14471661, 0.205839410, 0.148905113, 0.283211678
14475887, 0.208029196, 0.150364965, 0.279562056
14480113, 0.210218981, 0.151824817, 0.276642323
14484337, 0.209489048, 0.151094884, 0.280291975
14488563, 0.206569344, 0.147445261, 0.284671545
14492788, 0.208029196, 0.150364965, 0.279562056
14497012, 0.210218981, 0.152554750, 0.275912404
14501244, 0.208029196, 0.154014602, 0.282481760
14505467, 0.204379559, 0.151824817, 0.279562056
14509693, 0.204379559, 0.150364965, 0.278832108
14513917, 0.207299277, 0.150364965, 0.279562056
14518140, 0.211678833, 0.154744521, 0.279562056
14522367, 0.208759129, 0.154014602, 0.278832108
14526593, 0.206569344, 0.148175180, 0.281751812
14530819, 0.207299277, 0.150364965, 0.281021893
14535044, 0.206569344, 0.151824817, 0.280291975
14539267, 0.210948899, 0.151094884, 0.282481760
14543493, 0.208029196, 0.152554750, 0.279562056
14547719, 0.205109492, 0.148905113, 0.279562056
14551943, 0.207299277, 0.151094884, 0.279562056
14556174, 0.209489048, 0.151824817, 0.275912404
14560398, 0.209489048, 0.150364965, 0.283211678
14564624, 0.206569344, 0.150364965, 0.281751812
14568846, 0.204379559, 0.151094884, 0.283211678
14573070, 0.206569344, 0.151824817, 0.281751812
14577294, 0.210948899, 0.153284669, 0.278832108
14581520, 0.208759129, 0.148905113, 0.283211678
14585747, 0.207299277, 0.151824817, 0.283941597
14589971, 0.205839410, 0.146715328, 0.284671545
14594195, 0.207299277, 0.151824817, 0.281751812
14598425, 0.208029196, 0.149635032, 0.281021893
14602647, 0.206569344, 0.148905113, 0.281021893
14606871, 0.205839410, 0.149635032, 0.280291975
14611092, 0.208029196, 0.150364965, 0.283941597
14615320, 0.208029196, 0.153284669, 0.278102189
14619543, 0.208759129, 0.151824817, 0.279562056
14623765, 0.206569344, 0.148905113, 0.281021893
14627989, 0.205839410, 0.151094884, 0.283211678
14632214, 0.210218981, 0.149635032, 0.283211678
14636442, 0.211678833, 0.150364965, 0.281021893
14640665, 0.208029196, 0.151094884, 0.281021893
14644891, 0.205839410, 0.152554750, 0.281751812
14649112, 0.203649640, 0.146715328, 0.277372271
14653337, 0.207299277, 0.153284669, 0.282481760
14657563, 0.211678833, 0.154014602, 0.278832108
14661785, 0.208759129, 0.150364965, 0.280291975
14666009, 0.208029196, 0.150364965, 0.281021893
14670237, 0.205839410, 0.151094884, 0.284671545
14674463, 0.208029196, 0.150364965, 0.278832108
14678686, 0.208029196, 0.151094884, 0.278102189
14682909, 0.206569344, 0.152554750, 0.281021893
14687133, 0.205109492, 0.149635032, 0.281021893
14691353, 0.207299277, 0.151094884, 0.281021893
14695575, 0.210218981, 0.150364965, 0.277372271
14699801, 0.209489048, 0.152554750, 0.281751812
14704023, 0.208029196, 0.151094884, 0.283211678
14708254, 0.203649640, 0.148905113, 0.286131382
14712480, 0.208029196, 0.151094884, 0.285401464
14716703, 0.209489048, 0.151824817, 0.274452567
14720927, 0.210218981, 0.150364965, 0.283941597
14725149, 0.206569344, 0.151824817, 0.280291975
14729381, 0.205839410, 0.149635032, 0.284671545
14733605, 0.206569344, 0.151094884, 0.278102189
14737827, 0.209489048, 0.152554750, 0.278832108
14742051, 0.208759129, 0.152554750, 0.280291975
14746281, 0.203649640, 0.151094884, 0.284671545
14750503, 0.206569344, 0.149635032, 0.281751812
14754726, 0.210218981, 0.151824817, 0.280291975
14758950, 0.208029196, 0.154014602, 0.280291975
14763181, 0.210948899, 0.151094884, 0.283211678
14767407, 0.204379559, 0.151094884, 0.285401464
14771629, 0.208029196, 0.151094884, 0.279562056
14775851, 0.208029196, 0.150364965, 0.276642323
14780072, 0.208759129, 0.151094884, 0.281021893
14784296, 0.207299277, 0.153284669, 0.278832108
14788522, 0.205109492, 0.149635032, 0.283211678
14792747, 0.208029196, 0.151824817, 0.281751812
14796971, 0.208029196, 0.151094884, 0.282481760
14801195, 0.207299277, 0.150364965, 0.279562056
14805425, 0.205109492, 0.147445261, 0.282481760
14809647, 0.205109492, 0.150364965, 0.283941597
14813871, 0.210218981, 0.151824817, 0.277372271
14818095, 0.207299277, 0.153284669, 0.281021893
14822322, 0.208029196, 0.150364965, 0.277372271
14826545, 0.205839410, 0.148175180, 0.283211678
14830771, 0.207299277, 0.149635032, 0.279562056
14834995, 0.208759129, 0.151094884, 0.280291975
14839222, 0.205109492, 0.152554750, 0.280291975
14843444, 0.205839410, 0.148905113, 0.283211678
14847667, 0.202919707, 0.151094884, 0.281751812
14851894, 0.202919707, 0.148905113, 0.282481760
14856118, 0.210218981, 0.151824817, 0.278832108
14860343, 0.206569344, 0.151094884, 0.282481760
14864568, 0.206569344, 0.148175180, 0.278102189
14868794, 0.207299277, 0.147445261, 0.285401464
14873019, 0.208759129, 0.150364965, 0.279562056
14877251, 0.210218981, 0.152554750, 0.276642323
14881474, 0.208029196, 0.150364965, 0.278832108
14885699, 0.207299277, 0.151094884, 0.284671545
14889927, 0.206569344, 0.149635032, 0.281021893
14894149, 0.208029196, 0.149635032, 0.282481760
14898381, 0.207299277, 0.151824817, 0.278102189
14902605, 0.205839410, 0.149635032, 0.283211678
14906827, 0.204379559, 0.150364965, 0.282481760
14911051, 0.206569344, 0.151094884, 0.281021893
14915279, 0.210218981, 0.152554750, 0.281751812
14919502, 0.210218981, 0.153284669, 0.281021893
14923725, 0.207299277, 0.150364965, 0.280291975
14927949, 0.206569344, 0.148175180, 0.283211678
14932180, 0.205109492, 0.151824817, 0.282481760
14936406, 0.210948899, 0.151824817, 0.278102189
14940629, 0.208029196, 0.152554750, 0.281751812
14944855, 0.206569344, 0.148175180, 0.281751812
14949079, 0.207299277, 0.151094884, 0.282481760
14953308, 0.209489048, 0.148905113, 0.278832108
14957531, 0.210218981, 0.151094884, 0.281751812
14961754, 0.208029196, 0.151094884, 0.279562056
14965979, 0.205109492, 0.152554750, 0.280291975
14970205, 0.205839410, 0.151824817, 0.281021893
14974438, 0.210218981, 0.150364965, 0.280291975
14978661, 0.207299277, 0.153284669, 0.283941597
14982884, 0.204379559, 0.148905113, 0.276642323
14987109, 0.203649640, 0.149635032, 0.279562056
14991329, 0.206569344, 0.150364965, 0.278832108
14995552, 0.210948899, 0.150364965, 0.280291975
14999774, 0.210948899, 0.148905113, 0.280291975
15003998, 0.208029196, 0.151094884, 0.283211678
15008222, 0.206569344, 0.148175180, 0.283211678
15012444, 0.206569344, 0.151094884, 0.283211678
15016666, 0.210218981, 0.153284669, 0.278102189
15020890, 0.208759129, 0.151094884, 0.279562056
15025114, 0.205839410, 0.148905113, 0.279562056
15029338, 0.206569344, 0.148905113, 0.281021893
15033561, 0.207299277, 0.150364965, 0.278832108
15037784, 0.209489048, 0.151824817, 0.281021893
15042005, 0.206569344, 0.150364965, 0.277372271
15046236, 0.206569344, 0.149635032, 0.283211678
15050462, 0.206569344, 0.149635032, 0.283211678
15054688, 0.208029196, 0.152554750, 0.283941597
15058910, 0.207299277, 0.150364965, 0.280291975
15063134, 0.208759129, 0.149635032, 0.284671545
15067358, 0.206569344, 0.148175180, 0.282481760
15071584, 0.205839410, 0.151824817, 0.279562056
15075810, 0.210218981, 0.151094884, 0.278102189
15080034, 0.208029196, 0.151094884, 0.278102189
15084260, 0.206569344, 0.151824817, 0.279562056
15088482, 0.203649640, 0.148905113, 0.280291975
15092705, 0.208029196, 0.148905113, 0.281021893
15096928, 0.208759129, 0.153284669, 0.276642323
15101150, 0.207299277, 0.151094884, 0.278832108
15105378, 0.208029196, 0.148905113, 0.283941597
15109601, 0.205839410, 0.151094884, 0.282481760
15113827, 0.209489048, 0.151094884, 0.277372271
15118051, 0.211678833, 0.150364965, 0.282481760
15122281, 0.205839410, 0.149635032, 0.280291975
15126507, 0.205109492, 0.149635032, 0.282481760
15130733, 0.205109492, 0.149635032, 0.278832108
15134957, 0.208029196, 0.150364965, 0.279562056
15139186, 0.208029196, 0.151824817, 0.278102189
15143419, 0.205109492, 0.149635032, 0.281021893
15147642, 0.203649640, 0.149635032, 0.285401464
15151868, 0.207299277, 0.150364965, 0.275182486
15156092, 0.209489048, 0.150364965, 0.278832108
15160313, 0.208029196, 0.150364965, 0.282481760
15164539, 0.208029196, 0.149635032, 0.278832108
15168763, 0.207299277, 0.148175180, 0.282481760
15172987, 0.208759129, 0.150364965, 0.281751812
15177211, 0.209489048, 0.151094884, 0.280291975
15181439, 0.208759129, 0.151824817, 0.281751812
15185664, 0.206569344, 0.149635032, 0.281751812
15189891, 0.205839410, 0.152554750, 0.283941597
15194115, 0.208759129, 0.152554750, 0.281021893
15198339, 0.209489048, 0.152554750, 0.279562056
15202565, 0.208029196, 0.151094884, 0.278832108
15206787, 0.205839410, 0.148905113, 0.281021893
15211012, 0.207299277, 0.151824817, 0.281021893
15215244, 0.207299277, 0.151824817, 0.281021893
15219467, 0.208759129, 0.150364965, 0.278832108
15223691, 0.208759129, 0.151094884, 0.281751812
15227915, 0.205839410, 0.148905113, 0.283941597
15232137, 0.207299277, 0.151824817, 0.280291975
15236364, 0.209489048, 0.153284669, 0.278832108
15240587, 0.208759129, 0.150364965, 0.284671545
15244813, 0.207299277, 0.149635032, 0.283941597
15249038, 0.203649640, 0.151094884, 0.283941597
15253260, 0.205839410, 0.150364965, 0.278832108
15257486, 0.209489048, 0.151824817, 0.283211678
15261708, 0.208759129, 0.149635032, 0.281021893
15265932, 0.205109492, 0.150364965, 0.279562056
15270157, 0.209489048, 0.152554750, 0.281021893
15274389, 0.210218981, 0.151094884, 0.281751812
15278615, 0.210948899, 0.152554750, 0.280291975
15282840, 0.207299277, 0.151824817, 0.285401464
15287065, 0.208759129, 0.150364965, 0.279562056
15291290, 0.207299277, 0.148175180, 0.279562056
15295516, 0.208029196, 0.151094884, 0.278832108
15299741, 0.210948899, 0.149635032, 0.280291975
15303966, 0.206569344, 0.146715328, 0.281751812
15308191, 0.206569344, 0.148175180, 0.284671545
15312424, 0.206569344, 0.150364965, 0.281751812
15316647, 0.210218981, 0.154014602, 0.283941597
15320871, 0.206569344, 0.151824817, 0.280291975
15325095, 0.205839410, 0.148905113, 0.280291975
15329322, 0.205839410, 0.148905113, 0.283211678
15333548, 0.209489048, 0.152554750, 0.281751812
15337774, 0.210948899, 0.153284669, 0.278832108
15341998, 0.208029196, 0.151824817, 0.281021893
15346223, 0.206569344, 0.148905113, 0.281751812
15350449, 0.205839410, 0.150364965, 0.283941597
15354672, 0.209489048, 0.152554750, 0.279562056
15358895, 0.208759129, 0.153284669, 0.279562056
15363116, 0.208029196, 0.151094884, 0.280291975
15367340, 0.205109492, 0.147445261, 0.282481760
15371562, 0.206569344, 0.151824817, 0.278832108
15375785, 0.207299277, 0.153284669, 0.279562056
15380009, 0.208029196, 0.150364965, 0.279562056
15384241, 0.205839410, 0.151094884, 0.278832108
15388463, 0.208029196, 0.148905113, 0.283941597
15392685, 0.207299277, 0.151824817, 0.278832108
15396908, 0.208759129, 0.151824817, 0.281751812
15401133, 0.208759129, 0.151824817, 0.283211678
15405357, 0.205109492, 0.148905113, 0.282481760
15409580, 0.205109492, 0.148175180, 0.279562056
15413806, 0.208029196, 0.151094884, 0.280291975
15418033, 0.208029196, 0.152554750, 0.282481760
15422259, 0.207299277, 0.149635032, 0.278832108
15426485, 0.208759129, 0.148905113, 0.286131382
15430707, 0.206569344, 0.151094884, 0.284671545
15434930, 0.208759129, 0.150364965, 0.281021893
15439154, 0.210218981, 0.151094884, 0.279562056
15443385, 0.205839410, 0.150364965, 0.279562056
15447611, 0.203649640, 0.150364965, 0.280291975
15451832, 0.208029196, 0.153284669, 0.280291975
15456056, 0.209489048, 0.153284669, 0.278102189
15460281, 0.208029196, 0.148905113, 0.281021893
15464503, 0.205109492, 0.151094884, 0.281021893
15468726, 0.204379559, 0.150364965, 0.280291975
15472950, 0.211678833, 0.152554750, 0.281751812
15477181, 0.209489048, 0.153284669, 0.279562056
15481407, 0.209489048, 0.148905113, 0.280291975
15485629, 0.202919707, 0.151094884, 0.282481760
15489851, 0.206569344, 0.150364965, 0.278832108
15494075, 0.208759129, 0.152554750, 0.281021893
15498299, 0.209489048, 0.151094884, 0.279562056
15502525, 0.205839410, 0.151094884, 0.279562056
15506753, 0.203649640, 0.151094884, 0.280291975
15510978, 0.209489048, 0.150364965, 0.285401464
15515207, 0.211678833, 0.153284669, 0.278832108
15519437, 0.206569344, 0.150364965, 0.281021893
15523659, 0.205839410, 0.148905113, 0.281751812
15527886, 0.206569344, 0.148905113, 0.283211678
15532111, 0.208029196, 0.149635032, 0.279562056
15536333, 0.210218981, 0.151094884, 0.278102189
15540559, 0.207299277, 0.153284669, 0.278832108
15544785, 0.205109492, 0.149635032, 0.283211678
15549010, 0.205109492, 0.148905113, 0.281751812
15553240, 0.210218981, 0.149635032, 0.281021893
15557462, 0.209489048, 0.153284669, 0.278102189
15561688, 0.208759129, 0.151094884, 0.279562056
15565910, 0.205839410, 0.149635032, 0.281021893
15570134, 0.207299277, 0.150364965, 0.278832108
15574358, 0.211678833, 0.149635032, 0.281021893
15578583, 0.207299277, 0.153284669, 0.278102189
15582809, 0.206569344, 0.151094884, 0.280291975
15587034, 0.208029196, 0.148905113, 0.282481760
15591260, 0.206569344, 0.151094884, 0.281751812
15595483, 0.210218981, 0.151824817, 0.278102189
15599705, 0.209489048, 0.152554750, 0.280291975
15603932, 0.207299277, 0.151094884, 0.285401464
15608154, 0.206569344, 0.151094884, 0.281751812
15612385, 0.207299277, 0.153284669, 0.283211678
15616607, 0.211678833, 0.151094884, 0.281751812
15620830, 0.208029196, 0.151094884, 0.281021893
15625055, 0.205839410, 0.148905113, 0.281021893
15629278, 0.208029196, 0.149635032, 0.279562056
15633504, 0.208029196, 0.152554750, 0.280291975
15637730, 0.210218981, 0.153284669, 0.278102189
15641951, 0.209489048, 0.151824817, 0.281751812
15646182, 0.205109492, 0.149635032, 0.282481760
15650408, 0.209489048, 0.152554750, 0.278102189
15654630, 0.208759129, 0.151094884, 0.280291975
15658852, 0.207299277, 0.152554750, 0.278832108
15663076, 0.206569344, 0.150364965, 0.284671545
15667303, 0.205109492, 0.148905113, 0.279562056
15671526, 0.207299277, 0.150364965, 0.280291975
15675750, 0.210948899, 0.153284669, 0.276642323
15679971, 0.210218981, 0.151094884, 0.278102189
15684195, 0.205839410, 0.152554750, 0.279562056
15688425, 0.205109492, 0.148175180, 0.281751812
15692648, 0.206569344, 0.150364965, 0.282481760
15696871, 0.210218981, 0.155474454, 0.275182486
15701092, 0.208029196, 0.151094884, 0.283211678
15705313, 0.205839410, 0.148175180, 0.283211678
15709535, 0.208029196, 0.151824817, 0.283941597
15713757, 0.208029196, 0.151824817, 0.278102189
15717981, 0.208759129, 0.152554750, 0.278832108
15722205, 0.205109492, 0.151094884, 0.280291975
15726435, 0.207299277, 0.148175180, 0.284671545
15730657, 0.207299277, 0.148175180, 0.286131382
15734881, 0.212408766, 0.148175180, 0.282481760
15739106, 0.208759129, 0.152554750, 0.279562056
15743330, 0.209489048, 0.148175180, 0.282481760
15747556, 0.206569344, 0.151094884, 0.279562056
15751778, 0.205839410, 0.152554750, 0.281751812
15756002, 0.211678833, 0.153284669, 0.280291975
15760234, 0.208029196, 0.153284669, 0.281021893
15764456, 0.203649640, 0.149635032, 0.284671545
15768680, 0.207299277, 0.149635032, 0.281021893
15772903, 0.208759129, 0.150364965, 0.277372271
15777127, 0.208029196, 0.151824817, 0.279562056
15781351, 0.208029196, 0.151094884, 0.279562056
15785577, 0.205839410, 0.149635032, 0.282481760
15789803, 0.207299277, 0.153284669, 0.280291975
15794027, 0.208029196, 0.153284669, 0.282481760
15798256, 0.208029196, 0.149635032, 0.278832108
15802482, 0.208759129, 0.149635032, 0.283211678
15806705, 0.206569344, 0.148175180, 0.285401464
15810928, 0.205839410, 0.150364965, 0.279562056
15815153, 0.207299277, 0.152554750, 0.278102189
15819385, 0.208759129, 0.153284669, 0.281751812
15823607, 0.206569344, 0.153284669, 0.282481760
15827832, 0.206569344, 0.150364965, 0.281021893
15832056, 0.208029196, 0.151824817, 0.281751812
15836281, 0.209489048, 0.151824817, 0.281021893
15840504, 0.208759129, 0.151824817, 0.278832108
15844727, 0.207299277, 0.149635032, 0.283211678
15848952, 0.205839410, 0.151094884, 0.283941597
15853182, 0.206569344, 0.151094884, 0.281751812
15857411, 0.208759129, 0.151824817, 0.280291975
15861636, 0.207299277, 0.151094884, 0.278832108
15865862, 0.208759129, 0.149635032, 0.282481760
15870086, 0.206569344, 0.149635032, 0.281751812
15874310, 0.206569344, 0.150364965, 0.281751812
15878533, 0.207299277, 0.151824817, 0.278832108
15882755, 0.207299277, 0.151824817, 0.281751812
15886980, 0.203649640, 0.150364965, 0.281021893
15891205, 0.208029196, 0.150364965, 0.281021893
15895435, 0.210948899, 0.151094884, 0.277372271
15899661, 0.206569344, 0.150364965, 0.278832108
15903887, 0.205839410, 0.150364965, 0.282481760
15908112, 0.202919707, 0.148905113, 0.280291975
15912333, 0.208759129, 0.148175180, 0.282481760
15916555, 0.210218981, 0.154014602, 0.278102189
15920777, 0.209489048, 0.151824817, 0.279562056
15925001, 0.203649640, 0.150364965, 0.282481760
15929230, 0.205839410, 0.150364965, 0.283211678
15933452, 0.205839410, 0.151094884, 0.280291975
15937678, 0.208759129, 0.152554750, 0.282481760
15941900, 0.208759129, 0.152554750, 0.278832108
15946125, 0.206569344, 0.148905113, 0.282481760
15950351, 0.205109492, 0.150364965, 0.279562056
15954576, 0.210948899, 0.154014602, 0.277372271
15958802, 0.207299277, 0.152554750, 0.283941597
15963023, 0.203649640, 0.148905113, 0.281751812
15967254, 0.205109492, 0.148175180, 0.279562056
15971476, 0.206569344, 0.150364965, 0.280291975
15975698, 0.208029196, 0.151094884, 0.281021893
15979921, 0.210218981, 0.151094884, 0.279562056
15984144, 0.206569344, 0.150364965, 0.282481760
15988364, 0.205839410, 0.151094884, 0.280291975
15992590, 0.209489048, 0.151094884, 0.279562056
15996813, 0.209489048, 0.153284669, 0.278102189
16001038, 0.205839410, 0.150364965, 0.280291975
16005263, 0.207299277, 0.150364965, 0.286861300
16009486, 0.208759129, 0.148905113, 0.282481760
16013712, 0.208759129, 0.151094884, 0.278102189
16017936, 0.205109492, 0.151824817, 0.281021893
16022160, 0.205839410, 0.150364965, 0.281751812
16026394, 0.205839410, 0.149635032, 0.285401464
16030617, 0.207299277, 0.152554750, 0.277372271
16034839, 0.205839410, 0.150364965, 0.280291975
16039063, 0.208029196, 0.151824817, 0.279562056
16043287, 0.208759129, 0.151094884, 0.281021893
16047513, 0.206569344, 0.151824817, 0.279562056
16051740, 0.208759129, 0.150364965, 0.279562056
16055965, 0.211678833, 0.151824817, 0.278102189
16060190, 0.207299277, 0.151824817, 0.280291975
16064423, 0.205839410, 0.149635032, 0.284671545
16068649, 0.205109492, 0.149635032, 0.283211678
16072872, 0.210218981, 0.147445261, 0.281751812
16077097, 0.210948899, 0.150364965, 0.279562056
16081320, 0.205839410, 0.151824817, 0.278832108
16085546, 0.206569344, 0.149635032, 0.281021893
16089768, 0.205109492, 0.149635032, 0.279562056
16093992, 0.208029196, 0.148905113, 0.278102189
16098218, 0.206569344, 0.152554750, 0.278832108
16102444, 0.205109492, 0.150364965, 0.283211678
16106667, 0.206569344, 0.148905113, 0.282481760
16110890, 0.206569344, 0.153284669, 0.281021893
16115114, 0.208759129, 0.151094884, 0.278832108
16119338, 0.206569344, 0.152554750, 0.281021893
16123564, 0.205839410, 0.150364965, 0.281021893
16127790, 0.205839410, 0.149635032, 0.283941597
16132011, 0.208759129, 0.150364965, 0.279562056
16136242, 0.206569344, 0.152554750, 0.278102189
16140468, 0.207299277, 0.153284669, 0.281751812
16144691, 0.202919707, 0.148175180, 0.281021893
16148914, 0.205839410, 0.148905113, 0.278102189
16153136, 0.208759129, 0.151094884, 0.278832108
16157361, 0.209489048, 0.152554750, 0.281751812
16161587, 0.208029196, 0.151824817, 0.285401464
16165809, 0.206569344, 0.151094884, 0.281021893
16170033, 0.205839410, 0.150364965, 0.280291975
16174259, 0.210948899, 0.151824817, 0.281021893
16178485, 0.208029196, 0.152554750, 0.281021893
16182707, 0.206569344, 0.148905113, 0.282481760
16186932, 0.205839410, 0.148175180, 0.278832108
16191154, 0.208029196, 0.151094884, 0.281021893
16195385, 0.209489048, 0.154014602, 0.278832108
16199611, 0.208029196, 0.153284669, 0.281021893
16203836, 0.203649640, 0.147445261, 0.283211678
16208060, 0.205839410, 0.152554750, 0.284671545
16212284, 0.206569344, 0.149635032, 0.281021893
16216510, 0.208759129, 0.151094884, 0.280291975
16220733, 0.209489048, 0.151824817, 0.283211678
16224957, 0.206569344, 0.150364965, 0.281021893
16229186, 0.207299277, 0.151094884, 0.281751812
16233420, 0.206569344, 0.151824817, 0.278832108
16237643, 0.210948899, 0.153284669, 0.278102189
16241869, 0.206569344, 0.148175180, 0.283211678
16246093, 0.205839410, 0.148905113, 0.283211678
16250322, 0.206569344, 0.149635032, 0.281751812
16254548, 0.211678833, 0.151824817, 0.278102189
16258771, 0.210218981, 0.153284669, 0.280291975
16262992, 0.205839410, 0.149635032, 0.281021893
16267218, 0.204379559, 0.148905113, 0.281021893
16271444, 0.208759129, 0.151094884, 0.280291975
16275670, 0.210218981, 0.151824817, 0.280291975
16279897, 0.207299277, 0.148905113, 0.281751812
16284122, 0.205839410, 0.150364965, 0.284671545
16288350, 0.207299277, 0.148175180, 0.281021893
16292573, 0.206569344, 0.151094884, 0.280291975
16296799, 0.210218981, 0.150364965, 0.281751812
16301024, 0.208029196, 0.151094884, 0.281751812
16305255, 0.205839410, 0.151094884, 0.283211678
16309477, 0.207299277, 0.149635032, 0.283211678
16313700, 0.208029196, 0.151094884, 0.283941597
16317923, 0.208759129, 0.153284669, 0.278832108
16322146, 0.207299277, 0.150364965, 0.281751812
16326377, 0.206569344, 0.148175180, 0.281751812
16330602, 0.208029196, 0.151094884, 0.281021893
16334829, 0.211678833, 0.150364965, 0.281021893
16339053, 0.209489048, 0.150364965, 0.281021893
16343278, 0.208029196, 0.151094884, 0.280291975
16347500, 0.208029196, 0.151094884, 0.281021893
16351723, 0.207299277, 0.151094884, 0.278102189
16355947, 0.209489048, 0.152554750, 0.278832108
16360178, 0.208029196, 0.151824817, 0.280291975
16364401, 0.205839410, 0.150364965, 0.281021893
16368624, 0.204379559, 0.149635032, 0.282481760
16372846, 0.205839410, 0.151824817, 0.277372271
16377070, 0.213138685, 0.151824817, 0.278832108
16381294, 0.207299277, 0.151094884, 0.282481760
16385516, 0.203649640, 0.148175180, 0.279562056
16389742, 0.207299277, 0.152554750, 0.279562056
16393963, 0.210218981, 0.151824817, 0.275912404
16398187, 0.208759129, 0.152554750, 0.279562056
16402413, 0.207299277, 0.149635032, 0.281021893
16406638, 0.208759129, 0.148175180, 0.283211678
16410864, 0.205839410, 0.148175180, 0.281751812
16415089, 0.211678833, 0.153284669, 0.281751812
16419313, 0.210218981, 0.153284669, 0.278102189
16423539, 0.205839410, 0.149635032, 0.283211678
16427763, 0.207299277, 0.150364965, 0.282481760
16431987, 0.209489048, 0.150364965, 0.278832108
16436211, 0.209489048, 0.151094884, 0.280291975
16440439, 0.211678833, 0.152554750, 0.282481760
16444662, 0.206569344, 0.148905113, 0.283941597
16448888, 0.206569344, 0.149635032, 0.279562056
16453113, 0.210218981, 0.151824817, 0.277372271
16457337, 0.208759129, 0.152554750, 0.281021893
16461560, 0.205109492, 0.150364965, 0.283941597
16465785, 0.206569344, 0.149635032, 0.281751812
16470007, 0.209489048, 0.151094884, 0.280291975
16474239, 0.209489048, 0.152554750, 0.278102189
16478464, 0.213138685, 0.151824817, 0.277372271
16482691, 0.207299277, 0.151824817, 0.281751812
16486918, 0.204379559, 0.148175180, 0.283941597
16491144, 0.206569344, 0.149635032, 0.281751812
16495375, 0.210218981, 0.152554750, 0.279562056
16499597, 0.209489048, 0.149635032, 0.278832108
16503822, 0.206569344, 0.150364965, 0.284671545
16508047, 0.208029196, 0.151094884, 0.280291975
16512278, 0.207299277, 0.151824817, 0.281751812
16516500, 0.210218981, 0.151094884, 0.279562056
16520723, 0.207299277, 0.150364965, 0.276642323
16524947, 0.206569344, 0.151094884, 0.281751812
16529178, 0.205109492, 0.148175180, 0.278832108
16533401, 0.208759129, 0.151824817, 0.281751812
16537624, 0.212408766, 0.150364965, 0.280291975
16541846, 0.207299277, 0.151824817, 0.281021893
16546067, 0.205839410, 0.150364965, 0.281751812
16550290, 0.207299277, 0.151094884, 0.280291975
16554513, 0.209489048, 0.151094884, 0.279562056
16558736, 0.208029196, 0.151824817, 0.279562056
16562960, 0.206569344, 0.152554750, 0.278832108
16567185, 0.206569344, 0.151094884, 0.283211678
16571411, 0.207299277, 0.151824817, 0.282481760
16575636, 0.208029196, 0.153284669, 0.277372271
16579859, 0.209489048, 0.151094884, 0.283211678
16584083, 0.203649640, 0.150364965, 0.283211678
16588308, 0.208029196, 0.149635032, 0.285401464
16592531, 0.209489048, 0.151094884, 0.278832108
16596757, 0.211678833, 0.152554750, 0.282481760
16600981, 0.205109492, 0.149635032, 0.278102189
16605205, 0.205109492, 0.150364965, 0.281021893
16609435, 0.208759129, 0.148905113, 0.280291975
16613661, 0.211678833, 0.151094884, 0.283211678
16617883, 0.206569344, 0.152554750, 0.281751812
16622108, 0.208029196, 0.152554750, 0.278832108
16626329, 0.205839410, 0.150364965, 0.283941597
16630552, 0.207299277, 0.149635032, 0.278102189
16634778, 0.208759129, 0.149635032, 0.279562056
16639002, 0.208759129, 0.153284669, 0.278832108
16643234, 0.206569344, 0.147445261, 0.279562056
16647460, 0.205109492, 0.150364965, 0.278832108
16651683, 0.210218981, 0.149635032, 0.281021893
16655905, 0.210218981, 0.153284669, 0.278102189
16660129, 0.205839410, 0.152554750, 0.279562056
16664353, 0.204379559, 0.150364965, 0.281021893
16668579, 0.207299277, 0.149635032, 0.279562056
16672805, 0.208029196, 0.151094884, 0.278102189
16677030, 0.208029196, 0.150364965, 0.278832108
16681259, 0.205109492, 0.151094884, 0.281751812
16685486, 0.205839410, 0.149635032, 0.283211678
16689709, 0.206569344, 0.150364965, 0.281751812
16693933, 0.210218981, 0.154014602, 0.283941597
16698157, 0.207299277, 0.153284669, 0.280291975
16702389, 0.207299277, 0.150364965, 0.280291975
16706615, 0.208029196, 0.148905113, 0.282481760
16710840, 0.209489048, 0.150364965, 0.281021893
16715065, 0.209489048, 0.151094884, 0.280291975
16719290, 0.208029196, 0.152554750, 0.284671545
16723513, 0.204379559, 0.151824817, 0.283211678
16727736, 0.206569344, 0.150364965, 0.283941597
16731960, 0.210218981, 0.151824817, 0.280291975
16736186, 0.211678833, 0.152554750, 0.281751812
16740412, 0.208759129, 0.150364965, 0.283211678
16744636, 0.207299277, 0.150364965, 0.284671545
16748859, 0.206569344, 0.148905113, 0.281021893
16753083, 0.207299277, 0.152554750, 0.278832108
16757307, 0.210218981, 0.151094884, 0.280291975
16761533, 0.208029196, 0.152554750, 0.284671545
16765759, 0.205109492, 0.149635032, 0.281021893
16769984, 0.205839410, 0.154014602, 0.282481760
16774208, 0.208759129, 0.151094884, 0.277372271
16778440, 0.208759129, 0.153284669, 0.282481760
16782662, 0.207299277, 0.149635032, 0.283941597
16786885, 0.206569344, 0.147445261, 0.280291975
16791111, 0.206569344, 0.150364965, 0.283211678
16795333, 0.208029196, 0.153284669, 0.281751812
16799555, 0.206569344, 0.153284669, 0.282481760
16803781, 0.205109492, 0.149635032, 0.278102189
16808005, 0.206569344, 0.148905113, 0.276642323
16812237, 0.208759129, 0.151094884, 0.278832108
16816460, 0.210218981, 0.155474454, 0.280291975
16820683, 0.208029196, 0.151094884, 0.283941597
16824905, 0.203649640, 0.149635032, 0.280291975
16829129, 0.207299277, 0.150364965, 0.283211678
16833353, 0.207299277, 0.151824817, 0.281751812
16837575, 0.205839410, 0.151824817, 0.281021893
16841801, 0.208029196, 0.151094884, 0.281021893
16846023, 0.205839410, 0.148905113, 0.282481760
16850254, 0.207299277, 0.150364965, 0.277372271
16854476, 0.209489048, 0.151824817, 0.281021893
16858699, 0.209489048, 0.154014602, 0.277372271
16862922, 0.207299277, 0.151094884, 0.281751812
16867148, 0.205839410, 0.148905113, 0.281751812
16871379, 0.205839410, 0.149635032, 0.283211678
16875602, 0.210948899, 0.153284669, 0.277372271
16879828, 0.208029196, 0.152554750, 0.281021893
16884053, 0.204379559, 0.148905113, 0.281021893
16888277, 0.208029196, 0.148905113, 0.279562056
16892500, 0.208029196, 0.151824817, 0.276642323
16896726, 0.210948899, 0.150364965, 0.280291975
16900951, 0.207299277, 0.150364965, 0.283211678
16905182, 0.208759129, 0.148905113, 0.286131382
16909411, 0.207299277, 0.150364965, 0.283211678
16913636, 0.208029196, 0.151824817, 0.278832108
16917862, 0.209489048, 0.151824817, 0.283211678
16922090, 0.208759129, 0.151094884, 0.283211678
16926318, 0.204379559, 0.148175180, 0.281751812
16930544, 0.207299277, 0.150364965, 0.279562056
16934766, 0.207299277, 0.152554750, 0.278832108
16938991, 0.208759129, 0.151824817, 0.280291975
16943215, 0.206569344, 0.148905113, 0.282481760
16947439, 0.208759129, 0.150364965, 0.278102189
16951661, 0.208759129, 0.150364965, 0.285401464
16955883, 0.208759129, 0.149635032, 0.278102189
16960107, 0.208029196, 0.148905113, 0.280291975
16964331, 0.202919707, 0.148905113, 0.283211678
16968554, 0.205839410, 0.150364965, 0.283941597
16972777, 0.208759129, 0.152554750, 0.281021893
16977001, 0.209489048, 0.151824817, 0.279562056
16981234, 0.205109492, 0.150364965, 0.278102189
16985457, 0.206569344, 0.150364965, 0.281751812
16989683, 0.207299277, 0.150364965, 0.280291975
16993906, 0.209489048, 0.150364965, 0.281021893
16998131, 0.208029196, 0.148905113, 0.277372271
17002354, 0.206569344, 0.151824817, 0.283211678
17006576, 0.207299277, 0.149635032, 0.285401464
17010799, 0.206569344, 0.151824817, 0.278102189
17015024, 0.209489048, 0.152554750, 0.277372271
17019255, 0.205839410, 0.151094884, 0.283941597
17023480, 0.204379559, 0.148905113, 0.281751812
17027707, 0.206569344, 0.147445261, 0.281751812
17031930, 0.208029196, 0.149635032, 0.281751812
17036154, 0.208029196, 0.151824817, 0.281021893
17040385, 0.208759129, 0.152554750, 0.279562056
17044607, 0.208029196, 0.148905113, 0.278832108
17048830, 0.208029196, 0.151094884, 0.281751812
17053055, 0.209489048, 0.151824817, 0.281021893
17057278, 0.208759129, 0.150364965, 0.279562056
17061500, 0.205109492, 0.150364965, 0.280291975
17065723, 0.207299277, 0.147445261, 0.283211678
17069947, 0.208029196, 0.151824817, 0.281021893
17074178, 0.208759129, 0.151824817, 0.278832108
17078401, 0.209489048, 0.149635032, 0.281021893
17082624, 0.205109492, 0.150364965, 0.282481760
17086846, 0.204379559, 0.147445261, 0.281751812
17091070, 0.207299277, 0.151824817, 0.279562056
17095294, 0.209489048, 0.150364965, 0.277372271
17099520, 0.207299277, 0.148905113, 0.278832108
17103747, 0.208759129, 0.148175180, 0.281751812
17107971, 0.208029196, 0.153284669, 0.281751812
17112195, 0.208029196, 0.153284669, 0.281751812
17116428, 0.210948899, 0.151824817, 0.279562056
17120655, 0.206569344, 0.151094884, 0.279562056
17124877, 0.204379559, 0.150364965, 0.279562056
17129102, 0.208759129, 0.149635032, 0.280291975
17133325, 0.209489048, 0.151824817, 0.281751812
17137551, 0.210948899, 0.151094884, 0.279562056
17141773, 0.207299277, 0.150364965, 0.280291975
17145998, 0.205839410, 0.148905113, 0.282481760
17150222, 0.208029196, 0.151824817, 0.278832108
17154448, 0.209489048, 0.151094884, 0.277372271
17158671, 0.208029196, 0.151094884, 0.281751812
17162893, 0.205109492, 0.150364965, 0.285401464
17167114, 0.207299277, 0.147445261, 0.281021893
17171333, 0.210948899, 0.151094884, 0.279562056
17175555, 0.210948899, 0.153284669, 0.280291975
17179781, 0.209489048, 0.151824817, 0.280291975
17184005, 0.208029196, 0.148905113, 0.282481760
17188237, 0.208029196, 0.152554750, 0.278832108
17192463, 0.207299277, 0.152554750, 0.283941597
17196685, 0.208029196, 0.151094884, 0.279562056
17200908, 0.208759129, 0.151824817, 0.280291975
17205133, 0.205109492, 0.149635032, 0.283211678
17209357, 0.208759129, 0.149635032, 0.282481760
17213583, 0.210948899, 0.151824817, 0.278102189
17217809, 0.208759129, 0.151824817, 0.277372271
17222034, 0.205839410, 0.148905113, 0.286131382
17226260, 0.206569344, 0.148905113, 0.284671545
17230483, 0.206569344, 0.151094884, 0.278832108
17234705, 0.210218981, 0.151824817, 0.281751812
17238928, 0.206569344, 0.151094884, 0.279562056
17243153, 0.205109492, 0.150364965, 0.283211678
17247385, 0.206569344, 0.148905113, 0.281751812
17251611, 0.208759129, 0.152554750, 0.279562056
17255836, 0.209489048, 0.153284669, 0.278102189
17260060, 0.210218981, 0.150364965, 0.279562056
17264284, 0.205839410, 0.148175180, 0.278102189
17268510, 0.208029196, 0.149635032, 0.280291975
17272732, 0.208029196, 0.153284669, 0.280291975
17276953, 0.206569344, 0.152554750, 0.278832108
17281183, 0.205109492, 0.153284669, 0.282481760
17285410, 0.204379559, 0.151094884, 0.283211678
17289633, 0.206569344, 0.151824817, 0.282481760
17293855, 0.206569344, 0.152554750, 0.277372271
17298079, 0.208759129, 0.152554750, 0.283211678
17302308, 0.205839410, 0.149635032, 0.283211678
17306531, 0.205109492, 0.149635032, 0.283941597
17310754, 0.206569344, 0.151094884, 0.280291975
17314975, 0.208029196, 0.151824817, 0.279562056
17319196, 0.209489048, 0.151094884, 0.281751812
17323429, 0.204379559, 0.149635032, 0.283211678
17327655, 0.205839410, 0.149635032, 0.284671545
17331878, 0.208759129, 0.151824817, 0.282481760
17336099, 0.210218981, 0.151094884, 0.278832108
17340323, 0.206569344, 0.148905113, 0.280291975
17344545, 0.205109492, 0.150364965, 0.285401464
17348768, 0.208029196, 0.150364965, 0.278832108
17352992, 0.208029196, 0.154014602, 0.281751812
17357213, 0.208029196, 0.151824817, 0.282481760
17361441, 0.205839410, 0.151824817, 0.280291975
17365663, 0.205109492, 0.150364965, 0.283211678
17369887, 0.208759129, 0.149635032, 0.281751812
17374112, 0.209489048, 0.151824817, 0.282481760
17378337, 0.208029196, 0.150364965, 0.278832108
17382560, 0.205109492, 0.150364965, 0.281021893
17386782, 0.205109492, 0.150364965, 0.280291975
17391006, 0.206569344, 0.151094884, 0.278102189
17395237, 0.211678833, 0.151094884, 0.278832108
17399460, 0.209489048, 0.149635032, 0.281021893
17403686, 0.203649640, 0.152554750, 0.281021893
17407909, 0.207299277, 0.147445261, 0.282481760
17412133, 0.208029196, 0.151824817, 0.278102189
17416357, 0.209489048, 0.151824817, 0.280291975
17420579, 0.207299277, 0.149635032, 0.282481760
17424802, 0.208029196, 0.147445261, 0.281751812
17429023, 0.208029196, 0.150364965, 0.280291975
17433254, 0.210948899, 0.150364965, 0.278102189
17437476, 0.208029196, 0.151094884, 0.278832108
17441698, 0.205839410, 0.147445261, 0.286131382
17445921, 0.205839410, 0.151094884, 0.281751812
17450144, 0.208029196, 0.151094884, 0.282481760
17454368, 0.208029196, 0.153284669, 0.278832108
17458592, 0.208029196, 0.153284669, 0.282481760
17462814, 0.206569344, 0.149635032, 0.283211678
17467038, 0.205839410, 0.147445261, 0.283211678
17471261, 0.205839410, 0.150364965, 0.280291975
17475484, 0.208759129, 0.151094884, 0.279562056
17479706, 0.207299277, 0.151094884, 0.281751812
17483929, 0.203649640, 0.149635032, 0.284671545
17488153, 0.205839410, 0.151094884, 0.282481760
17492382, 0.208759129, 0.151824817, 0.279562056
17496605, 0.210218981, 0.151824817, 0.281021893
17500827, 0.206569344, 0.148905113, 0.283211678
17505051, 0.205109492, 0.150364965, 0.281751812
17509281, 0.207299277, 0.148905113, 0.281021893
17513507, 0.209489048, 0.150364965, 0.281021893
17517730, 0.207299277, 0.148175180, 0.281021893
17521954, 0.209489048, 0.151824817, 0.278102189
17526183, 0.203649640, 0.150364965, 0.283211678
17530409, 0.209489048, 0.152554750, 0.280291975
17534632, 0.210948899, 0.152554750, 0.282481760
17538854, 0.208759129, 0.148175180, 0.278832108
17543079, 0.207299277, 0.150364965, 0.283211678
17547303, 0.206569344, 0.147445261, 0.285401464
17551526, 0.205839410, 0.150364965, 0.281021893
17555753, 0.208759129, 0.150364965, 0.277372271
17559974, 0.208759129, 0.150364965, 0.283211678
17564205, 0.202919707, 0.150364965, 0.284671545
17568435, 0.205839410, 0.152554750, 0.281751812
17572660, 0.208029196, 0.152554750, 0.281021893
17576883, 0.206569344, 0.153284669, 0.278102189
17581107, 0.206569344, 0.150364965, 0.279562056
17585331, 0.205839410, 0.148175180, 0.280291975
17589554, 0.207299277, 0.150364965, 0.283211678
17593780, 0.208759129, 0.152554750, 0.283941597
17598005, 0.206569344, 0.154014602, 0.279562056
17602236, 0.204379559, 0.148175180, 0.279562056
17606459, 0.205109492, 0.150364965, 0.281751812
17610682, 0.208759129, 0.149635032, 0.280291975
17614904, 0.209489048, 0.150364965, 0.280291975
17619128, 0.209489048, 0.151094884, 0.278832108
17623352, 0.206569344, 0.149635032, 0.282481760
17627574, 0.205109492, 0.150364965, 0.278832108
17631800, 0.208029196, 0.150364965, 0.280291975
17636025, 0.210948899, 0.152554750, 0.281751812
17640258, 0.208029196, 0.150364965, 0.283211678
17644481, 0.206569344, 0.150364965, 0.281751812
17648704, 0.206569344, 0.150364965, 0.281751812
17652927, 0.213138685, 0.150364965, 0.279562056
17657150, 0.210218981, 0.152554750, 0.279562056
17661381, 0.205839410, 0.150364965, 0.281021893
17665607, 0.205839410, 0.148175180, 0.282481760
17669833, 0.208029196, 0.151094884, 0.278102189
17674058, 0.211678833, 0.151094884, 0.280291975
17678282, 0.208759129, 0.151094884, 0.282481760
17682505, 0.204379559, 0.148175180, 0.279562056
17686731, 0.205109492, 0.149635032, 0.279562056
17690956, 0.208759129, 0.151824817, 0.278102189
17695186, 0.210948899, 0.151094884, 0.277372271
17699412, 0.206569344, 0.148905113, 0.284671545
17703635, 0.206569344, 0.150364965, 0.281021893
17707857, 0.207299277, 0.148905113, 0.278102189
17712081, 0.210218981, 0.151824817, 0.279562056
17716308, 0.211678833, 0.155474454, 0.277372271
17720530, 0.207299277, 0.150364965, 0.281751812
17724757, 0.207299277, 0.148905113, 0.283211678
17728981, 0.206569344, 0.153284669, 0.282481760
17733205, 0.209489048, 0.153284669, 0.278832108
17737438, 0.209489048, 0.150364965, 0.280291975
17741664, 0.207299277, 0.148905113, 0.284671545
17745888, 0.208029196, 0.149635032, 0.278102189
17750113, 0.206569344, 0.151094884, 0.279562056
17754337, 0.209489048, 0.152554750, 0.275182486
17758563, 0.208759129, 0.150364965, 0.279562056
17762788, 0.205839410, 0.148905113, 0.279562056
17767012, 0.205839410, 0.151824817, 0.281021893
17771244, 0.207299277, 0.148175180, 0.278832108
17775467, 0.210948899, 0.154014602, 0.279562056
17779691, 0.208759129, 0.151824817, 0.280291975
17783917, 0.205839410, 0.148905113, 0.282481760
17788140, 0.208029196, 0.150364965, 0.279562056
17792368, 0.209489048, 0.151824817, 0.278832108
17796593, 0.213138685, 0.151824817, 0.280291975
17800816, 0.208759129, 0.149635032, 0.283211678
17805037, 0.207299277, 0.147445261, 0.284671545
17809263, 0.208759129, 0.151824817, 0.278832108
17813489, 0.207299277, 0.154014602, 0.280291975
17817715, 0.208759129, 0.151824817, 0.281021893
17821938, 0.205839410, 0.152554750, 0.283941597
17826162, 0.205109492, 0.149635032, 0.281021893
17830394, 0.208029196, 0.152554750, 0.279562056
17834620, 0.212408766, 0.151094884, 0.280291975
17838842, 0.209489048, 0.153284669, 0.281021893
17843067, 0.205839410, 0.149635032, 0.281751812
17847290, 0.207299277, 0.151094884, 0.280291975
17851513, 0.209489048, 0.152554750, 0.284671545
17855740, 0.207299277, 0.153284669, 0.279562056
17859965, 0.208029196, 0.151824817, 0.278102189
17864190, 0.205109492, 0.150364965, 0.283941597
17868423, 0.207299277, 0.149635032, 0.281021893
17872645, 0.208759129, 0.150364965, 0.283941597
17876868, 0.208759129, 0.151824817, 0.278832108
17881093, 0.205839410, 0.151094884, 0.283211678
17885321, 0.205109492, 0.148905113, 0.285401464
17889544, 0.208029196, 0.150364965, 0.281021893
17893770, 0.211678833, 0.151824817, 0.277372271
17897994, 0.208759129, 0.151094884, 0.284671545
17902218, 0.207299277, 0.151094884, 0.282481760
17906441, 0.206569344, 0.149635032, 0.278832108
17910667, 0.208029196, 0.153284669, 0.281021893
17914891, 0.210218981, 0.151824817, 0.281021893
17919112, 0.207299277, 0.152554750, 0.278102189
17923337, 0.204379559, 0.149635032, 0.280291975
17927563, 0.205109492, 0.149635032, 0.279562056
17931788, 0.206569344, 0.150364965, 0.279562056
17936012, 0.206569344, 0.153284669, 0.279562056
17940244, 0.208029196, 0.151094884, 0.278832108
17944467, 0.205839410, 0.149635032, 0.278832108
17948691, 0.206569344, 0.150364965, 0.281751812
17952915, 0.212408766, 0.150364965, 0.278832108
17957137, 0.210218981, 0.153284669, 0.279562056
17961364, 0.205109492, 0.148905113, 0.278102189
17965583, 0.207299277, 0.148905113, 0.281021893
17969806, 0.206569344, 0.151094884, 0.278102189
17974030, 0.209489048, 0.151824817, 0.278832108
17978259, 0.208759129, 0.151824817, 0.283211678
17982481, 0.205839410, 0.148905113, 0.283211678
17986704, 0.208029196, 0.151094884, 0.282481760
17990927, 0.205839410, 0.148905113, 0.279562056
17995150, 0.211678833, 0.153284669, 0.278102189
17999382, 0.208029196, 0.150364965, 0.278102189
18003605, 0.207299277, 0.148905113, 0.283211678
18007827, 0.208759129, 0.150364965, 0.284671545
18012051, 0.209489048, 0.151824817, 0.281751812
18016281, 0.208029196, 0.154014602, 0.282481760
18020503, 0.207299277, 0.151824817, 0.280291975
18024726, 0.205109492, 0.150364965, 0.285401464
18028950, 0.205839410, 0.151094884, 0.278832108
18033181, 0.212408766, 0.154744521, 0.282481760
18037411, 0.206569344, 0.152554750, 0.279562056
18041635, 0.205839410, 0.150364965, 0.279562056
18045861, 0.207299277, 0.148905113, 0.281021893
18050085, 0.208029196, 0.149635032, 0.281021893
18054309, 0.210948899, 0.151824817, 0.279562056
18058535, 0.207299277, 0.150364965, 0.278102189
18062757, 0.209489048, 0.149635032, 0.281021893
18066981, 0.207299277, 0.152554750, 0.281751812
18071205, 0.207299277, 0.151824817, 0.280291975
18075438, 0.210948899, 0.153284669, 0.279562056
18079661, 0.207299277, 0.149635032, 0.281751812
18083884, 0.205839410, 0.149635032, 0.281021893
18088105, 0.204379559, 0.149635032, 0.278832108
18092330, 0.209489048, 0.154014602, 0.281751812
18096553, 0.210948899, 0.151094884, 0.279562056
18100776, 0.208759129, 0.151824817, 0.281751812
18105000, 0.206569344, 0.149635032, 0.283211678
18109234, 0.208029196, 0.151094884, 0.283211678
18113460, 0.210218981, 0.154744521, 0.281751812
18117683, 0.206569344, 0.151094884, 0.281021893
18121909, 0.207299277, 0.151824817, 0.279562056
18126133, 0.208759129, 0.149635032, 0.280291975
18130357, 0.208759129, 0.149635032, 0.283211678
18134583, 0.210218981, 0.153284669, 0.281751812
18138806, 0.207299277, 0.148905113, 0.280291975
18143030, 0.205109492, 0.148175180, 0.282481760
18147259, 0.204379559, 0.148905113, 0.280291975
18151484, 0.209489048, 0.151824817, 0.281751812
18155710, 0.208029196, 0.151824817, 0.280291975
18159935, 0.205109492, 0.150364965, 0.283211678
18164159, 0.206569344, 0.151824817, 0.283211678
18168389, 0.210218981, 0.151094884, 0.283941597
18172615, 0.208029196, 0.154744521, 0.277372271
18176838, 0.207299277, 0.151824817, 0.282481760
18181063, 0.208029196, 0.150364965, 0.279562056
18185287, 0.205109492, 0.150364965, 0.281021893
18189509, 0.208759129, 0.151824817, 0.281751812
18193731, 0.212408766, 0.152554750, 0.279562056
18197956, 0.208759129, 0.152554750, 0.278102189
18202186, 0.205109492, 0.152554750, 0.283941597
18206412, 0.205839410, 0.148905113, 0.278832108
18210635, 0.206569344, 0.151824817, 0.278832108
18214861, 0.210948899, 0.151094884, 0.283211678
18219085, 0.207299277, 0.151824817, 0.280291975
18223309, 0.205109492, 0.151824817, 0.281751812
18227531, 0.203649640, 0.149635032, 0.278832108
18231755, 0.209489048, 0.151824817, 0.282481760
18235979, 0.208759129, 0.151094884, 0.278832108
18240205, 0.209489048, 0.148905113, 0.280291975
18244435, 0.205839410, 0.148175180, 0.283211678
18248661, 0.208759129, 0.151824817, 0.282481760
18252887, 0.210948899, 0.151824817, 0.277372271
18257112, 0.206569344, 0.151824817, 0.280291975
18261337, 0.205839410, 0.149635032, 0.283211678
18265563, 0.208029196, 0.148175180, 0.281751812
18269788, 0.208759129, 0.151094884, 0.281021893
18274012, 0.209489048, 0.153284669, 0.281751812
18278244, 0.207299277, 0.148905113, 0.281751812
18282470, 0.207299277, 0.152554750, 0.282481760
18286692, 0.205109492, 0.150364965, 0.276642323
18290919, 0.208759129, 0.150364965, 0.279562056
18295144, 0.210218981, 0.151094884, 0.281021893
18299375, 0.209489048, 0.149635032, 0.280291975
18303597, 0.205109492, 0.145985395, 0.284671545
18307822, 0.207299277, 0.148905113, 0.283211678
18312047, 0.210218981, 0.153284669, 0.283211678
18316278, 0.208759129, 0.152554750, 0.281751812
18320500, 0.209489048, 0.149635032, 0.282481760
18324723, 0.203649640, 0.148175180, 0.281021893
18328947, 0.206569344, 0.147445261, 0.278832108
18333178, 0.209489048, 0.150364965, 0.282481760
18337408, 0.208029196, 0.150364965, 0.279562056
18341635, 0.206569344, 0.151094884, 0.282481760
18345861, 0.206569344, 0.148905113, 0.280291975
18350086, 0.206569344, 0.152554750, 0.280291975
18354310, 0.210218981, 0.152554750, 0.283941597
18358536, 0.210218981, 0.151094884, 0.281021893
18362762, 0.205839410, 0.147445261, 0.281751812
18366986, 0.205839410, 0.149635032, 0.283941597
18371210, 0.210218981, 0.151824817, 0.282481760
18375438, 0.208759129, 0.152554750, 0.279562056
18379661, 0.208029196, 0.151094884, 0.279562056
18383884, 0.205109492, 0.147445261, 0.281751812
18388109, 0.205109492, 0.148905113, 0.282481760
18392333, 0.209489048, 0.151094884, 0.278102189
18396559, 0.208029196, 0.151094884, 0.282481760
18400785, 0.208029196, 0.151824817, 0.281021893
18405010, 0.205109492, 0.150364965, 0.281021893
18409240, 0.207299277, 0.150364965, 0.280291975
18413466, 0.209489048, 0.151824817, 0.278102189
18417690, 0.207299277, 0.150364965, 0.281021893
18421917, 0.206569344, 0.150364965, 0.279562056
18426140, 0.208759129, 0.151824817, 0.280291975
18430367, 0.206569344, 0.151094884, 0.280291975
18434589, 0.209489048, 0.152554750, 0.281021893
18438815, 0.208029196, 0.150364965, 0.278102189
18443040, 0.206569344, 0.149635032, 0.283211678
18447265, 0.208029196, 0.150364965, 0.280291975
18451487, 0.209489048, 0.151824817, 0.282481760
18455713, 0.207299277, 0.151824817, 0.279562056
18459938, 0.206569344, 0.149635032, 0.280291975
18464163, 0.206569344, 0.148905113, 0.282481760
18468394, 0.208029196, 0.151094884, 0.278102189
18472620, 0.207299277, 0.151094884, 0.280291975
18476842, 0.208759129, 0.151824817, 0.283211678
18481067, 0.206569344, 0.151824817, 0.285401464
18485290, 0.202189788, 0.150364965, 0.281751812
18489513, 0.209489048, 0.148175180, 0.280291975
18493740, 0.210218981, 0.154014602, 0.277372271
18497965, 0.207299277, 0.150364965, 0.282481760
18502190, 0.208759129, 0.148905113, 0.281021893
18506419, 0.207299277, 0.151094884, 0.281021893
18510642, 0.208759129, 0.149635032, 0.284671545
18514868, 0.207299277, 0.151094884, 0.280291975
18519092, 0.209489048, 0.149635032, 0.281751812
18523320, 0.205109492, 0.150364965, 0.281751812
18527546, 0.207299277, 0.150364965, 0.282481760
18531769, 0.208029196, 0.152554750, 0.276642323
18535993, 0.208029196, 0.153284669, 0.276642323
18540218, 0.207299277, 0.151094884, 0.279562056
18544441, 0.206569344, 0.150364965, 0.279562056
18548663, 0.205839410, 0.152554750, 0.278832108
18552887, 0.210948899, 0.152554750, 0.278832108
18557108, 0.209489048, 0.151094884, 0.281021893
18561329, 0.205839410, 0.148175180, 0.281021893
18565555, 0.207299277, 0.147445261, 0.278832108
18569781, 0.205839410, 0.151824817, 0.280291975
18574005, 0.209489048, 0.151094884, 0.283211678
18578237, 0.205839410, 0.149635032, 0.284671545
18582459, 0.206569344, 0.150364965, 0.282481760
18586681, 0.207299277, 0.148175180, 0.281021893
18590905, 0.207299277, 0.150364965, 0.276642323
18595128, 0.208029196, 0.151824817, 0.278832108
18599352, 0.206569344, 0.151824817, 0.283941597
18603578, 0.203649640, 0.147445261, 0.283941597
18607800, 0.208759129, 0.151094884, 0.284671545
18612024, 0.210948899, 0.151824817, 0.280291975
18616252, 0.209489048, 0.150364965, 0.279562056
18620475, 0.207299277, 0.150364965, 0.281021893
18624698, 0.203649640, 0.151094884, 0.281021893
18628927, 0.207299277, 0.151094884, 0.279562056
18633149, 0.209489048, 0.152554750, 0.278102189
18637381, 0.206569344, 0.152554750, 0.279562056
18641605, 0.205839410, 0.147445261, 0.280291975
18645827, 0.205109492, 0.148905113, 0.281751812
18650051, 0.208759129, 0.150364965, 0.281021893
18654281, 0.210948899, 0.152554750, 0.278102189
18658503, 0.206569344, 0.148905113, 0.279562056
18662726, 0.202919707, 0.148905113, 0.284671545
18666950, 0.207299277, 0.149635032, 0.280291975
18671181, 0.209489048, 0.150364965, 0.281751812
18675407, 0.210218981, 0.152554750, 0.281021893
18679629, 0.206569344, 0.151824817, 0.280291975
18683855, 0.205109492, 0.151094884, 0.283941597
18688079, 0.205109492, 0.151094884, 0.280291975
18692308, 0.211678833, 0.151824817, 0.281021893
18696531, 0.208759129, 0.152554750, 0.282481760
18700757, 0.206569344, 0.147445261, 0.280291975
18704981, 0.204379559, 0.151094884, 0.282481760
18709205, 0.205839410, 0.151094884, 0.279562056
18713435, 0.210218981, 0.151824817, 0.278102189
18717657, 0.207299277, 0.150364965, 0.278102189
18721881, 0.205109492, 0.151824817, 0.280291975
18726106, 0.208029196, 0.151824817, 0.282481760
18730330, 0.207299277, 0.150364965, 0.279562056
18734556, 0.211678833, 0.152554750, 0.279562056
18738778, 0.207299277, 0.151094884, 0.281751812
18743002, 0.205839410, 0.147445261, 0.283941597
18747234, 0.205109492, 0.153284669, 0.282481760
18751456, 0.208029196, 0.152554750, 0.277372271
18755682, 0.206569344, 0.151094884, 0.280291975
18759908, 0.208029196, 0.150364965, 0.283211678
18764133, 0.205109492, 0.150364965, 0.283941597
18768357, 0.207299277, 0.149635032, 0.282481760
18772583, 0.210948899, 0.151824817, 0.276642323
18776806, 0.210948899, 0.149635032, 0.280291975
18781030, 0.207299277, 0.149635032, 0.281751812
18785259, 0.207299277, 0.150364965, 0.283941597
18789485, 0.210218981, 0.150364965, 0.282481760
18793711, 0.210218981, 0.151094884, 0.278102189
18797936, 0.205839410, 0.152554750, 0.279562056
18802160, 0.202919707, 0.151094884, 0.281751812
18806394, 0.205109492, 0.149635032, 0.283941597
18810617, 0.208029196, 0.151824817, 0.282481760
18814842, 0.209489048, 0.151094884, 0.276642323
18819067, 0.205839410, 0.150364965, 0.280291975
18823290, 0.205109492, 0.149635032, 0.284671545
18827513, 0.206569344, 0.151824817, 0.283211678
18831740, 0.209489048, 0.153284669, 0.281021893
18835965, 0.208029196, 0.151824817, 0.280291975
18840190, 0.207299277, 0.151094884, 0.285401464
18844423, 0.203649640, 0.146715328, 0.278832108
18848649, 0.206569344, 0.151824817, 0.281751812
18852875, 0.208029196, 0.152554750, 0.283941597
18857096, 0.208029196, 0.151824817, 0.278832108
18861320, 0.205109492, 0.147445261, 0.283211678
18865543, 0.208029196, 0.150364965, 0.282481760
18869769, 0.210218981, 0.151094884, 0.276642323
18873991, 0.210218981, 0.153284669, 0.277372271
18878215, 0.209489048, 0.150364965, 0.283211678
18882439, 0.207299277, 0.146715328, 0.281021893
18886665, 0.206569344, 0.147445261, 0.281751812
18890890, 0.209489048, 0.151824817, 0.283211678
18895114, 0.210218981, 0.151824817, 0.281751812
18899338, 0.206569344, 0.149635032, 0.283941597
18903561, 0.205109492, 0.149635032, 0.282481760
18907784, 0.208029196, 0.150364965, 0.279562056
18912005, 0.210948899, 0.151094884, 0.278832108
18916236, 0.208759129, 0.154744521, 0.280291975
18920460, 0.205839410, 0.151094884, 0.280291975
18924683, 0.202919707, 0.149635032, 0.283941597
18928905, 0.209489048, 0.150364965, 0.279562056
18933129, 0.209489048, 0.153284669, 0.280291975
18937353, 0.208029196, 0.151824817, 0.282481760
18941579, 0.206569344, 0.149635032, 0.281021893
18945805, 0.206569344, 0.150364965, 0.281751812
18950026, 0.210218981, 0.152554750, 0.276642323
18954255, 0.212408766, 0.151824817, 0.280291975
18958481, 0.205109492, 0.151824817, 0.282481760
18962704, 0.208029196, 0.148175180, 0.278832108
18966927, 0.207299277, 0.152554750, 0.283211678
18971149, 0.211678833, 0.148905113, 0.281021893
18975381, 0.210218981, 0.151094884, 0.276642323
18979605, 0.206569344, 0.150364965, 0.278832108
18983827, 0.205109492, 0.150364965, 0.282481760
18988051, 0.207299277, 0.148175180, 0.280291975
18992281, 0.210218981, 0.152554750, 0.282481760
18996503, 0.207299277, 0.151824817, 0.278832108
19000726, 0.204379559, 0.151824817, 0.285401464
19004947, 0.205839410, 0.149635032, 0.281021893
19009175, 0.209489048, 0.154744521, 0.276642323
19013396, 0.210948899, 0.153284669, 0.278102189
19017618, 0.207299277, 0.150364965, 0.279562056
19021840, 0.205839410, 0.151094884, 0.279562056
19026061, 0.209489048, 0.148175180, 0.281021893
19030285, 0.208029196, 0.147445261, 0.277372271
19034510, 0.206569344, 0.152554750, 0.281021893
19038737, 0.205839410, 0.150364965, 0.279562056
19042958, 0.203649640, 0.148175180, 0.281751812
19047186, 0.206569344, 0.149635032, 0.281021893
19051412, 0.208759129, 0.151824817, 0.277372271
19055635, 0.208759129, 0.147445261, 0.281751812
19059861, 0.207299277, 0.150364965, 0.283211678
19064085, 0.205109492, 0.149635032, 0.282481760
19068309, 0.207299277, 0.151824817, 0.281021893
19072531, 0.210948899, 0.152554750, 0.277372271
19076754, 0.206569344, 0.151094884, 0.283211678
19080978, 0.205109492, 0.151094884, 0.283211678
19085205, 0.203649640, 0.149635032, 0.283941597
19089435, 0.210218981, 0.148175180, 0.278832108
19093661, 0.208029196, 0.151824817, 0.279562056
19097883, 0.206569344, 0.152554750, 0.278102189
19102108, 0.206569344, 0.150364965, 0.281751812
19106333, 0.206569344, 0.148905113, 0.280291975
19110559, 0.208759129, 0.152554750, 0.282481760
19114781, 0.208759129, 0.152554750, 0.277372271
19119005, 0.203649640, 0.150364965, 0.283211678
19123237, 0.205109492, 0.149635032, 0.285401464
19127463, 0.208029196, 0.149635032, 0.279562056
19131686, 0.208759129, 0.151094884, 0.277372271
19135909, 0.209489048, 0.153284669, 0.281021893
19140133, 0.205109492, 0.152554750, 0.281021893
19144357, 0.205109492, 0.148905113, 0.280291975
19148583, 0.209489048, 0.152554750, 0.280291975
19152806, 0.210948899, 0.153284669, 0.281021893
19157030, 0.206569344, 0.150364965, 0.278832108
19161259, 0.206569344, 0.147445261, 0.282481760
19165484, 0.205839410, 0.150364965, 0.281021893
19169706, 0.207299277, 0.151094884, 0.283211678
19173929, 0.208759129, 0.154014602, 0.281021893
19178153, 0.208759129, 0.151824817, 0.278832108
19182385, 0.205109492, 0.148175180, 0.283211678
19186611, 0.208029196, 0.151824817, 0.282481760
19190836, 0.209489048, 0.151824817, 0.280291975
19195060, 0.208029196, 0.152554750, 0.282481760
19199284, 0.208029196, 0.151824817, 0.278832108
19203507, 0.205109492, 0.151824817, 0.281751812
19207730, 0.205839410, 0.150364965, 0.281751812
19211954, 0.209489048, 0.151824817, 0.280291975
19216183, 0.209489048, 0.151094884, 0.283211678
19220412, 0.204379559, 0.151094884, 0.284671545
19224635, 0.205109492, 0.148905113, 0.281021893
19228857, 0.208029196, 0.154014602, 0.281021893
19233081, 0.208759129, 0.154744521, 0.276642323
19237308, 0.206569344, 0.150364965, 0.278832108
19241534, 0.206569344, 0.148175180, 0.285401464
19245757, 0.207299277, 0.150364965, 0.278832108
19249981, 0.206569344, 0.151094884, 0.282481760
19254205, 0.207299277, 0.152554750, 0.278102189
19258438, 0.209489048, 0.151094884, 0.279562056
19262661, 0.205839410, 0.149635032, 0.282481760
19266887, 0.204379559, 0.150364965, 0.276642323
19271112, 0.210948899, 0.151094884, 0.280291975
19275337, 0.211678833, 0.151824817, 0.281751812
19279560, 0.205839410, 0.148905113, 0.278832108
19283786, 0.206569344, 0.148905113, 0.283211678
19288011, 0.208759129, 0.151824817, 0.281751812
19292246, 0.211678833, 0.153284669, 0.279562056
19296472, 0.208029196, 0.151094884, 0.278102189
19300698, 0.205839410, 0.150364965, 0.281751812
19304921, 0.205839410, 0.148905113, 0.283211678
19309147, 0.208759129, 0.154014602, 0.281021893
19313379, 0.209489048, 0.151824817, 0.278832108
19317602, 0.207299277, 0.151824817, 0.281021893
19321828, 0.204379559, 0.148905113, 0.281751812
19326052, 0.206569344, 0.145985395, 0.281751812
19330283, 0.208029196, 0.151824817, 0.282481760
19334506, 0.208029196, 0.152554750, 0.278832108
19338728, 0.205839410, 0.151094884, 0.283211678
19342953, 0.205109492, 0.151824817, 0.286131382
19347183, 0.208029196, 0.150364965, 0.281751812
19351410, 0.210218981, 0.151824817, 0.281021893
19355633, 0.210218981, 0.151824817, 0.280291975
19359855, 0.205839410, 0.151094884, 0.281751812
19364079, 0.205109492, 0.148905113, 0.283211678
19368308, 0.205839410, 0.154014602, 0.280291975
19372531, 0.208759129, 0.153284669, 0.280291975
19376754, 0.207299277, 0.151824817, 0.278832108
19380979, 0.206569344, 0.150364965, 0.282481760
19385205, 0.205109492, 0.150364965, 0.280291975
19389438, 0.208029196, 0.150364965, 0.278832108
19393661, 0.209489048, 0.150364965, 0.278832108
19397884, 0.208029196, 0.150364965, 0.282481760
19402105, 0.204379559, 0.148175180, 0.278832108
19406330, 0.207299277, 0.149635032, 0.281751812
19410553, 0.206569344, 0.149635032, 0.283211678
19414776, 0.209489048, 0.152554750, 0.281751812
19419000, 0.205839410, 0.149635032, 0.283941597
19423231, 0.205839410, 0.148905113, 0.281751812
19427454, 0.207299277, 0.150364965, 0.283941597
19431680, 0.207299277, 0.153284669, 0.278832108
19435906, 0.208759129, 0.151824817, 0.279562056
19440131, 0.206569344, 0.148905113, 0.282481760
19444355, 0.207299277, 0.148905113, 0.279562056
19448581, 0.209489048, 0.148175180, 0.281751812
19452807, 0.211678833, 0.152554750, 0.278102189
19457032, 0.206569344, 0.154014602, 0.281021893
19461262, 0.205109492, 0.151094884, 0.280291975
19465487, 0.208029196, 0.151824817, 0.285401464
19469713, 0.208759129, 0.151094884, 0.279562056
19473938, 0.208759129, 0.152554750, 0.277372271
19478163, 0.204379559, 0.150364965, 0.282481760
19482394, 0.205839410, 0.151094884, 0.279562056
19486620, 0.207299277, 0.149635032, 0.280291975
19490846, 0.208759129, 0.151824817, 0.281021893
19495070, 0.208029196, 0.151094884, 0.279562056
19499294, 0.206569344, 0.151094884, 0.281021893
19503516, 0.205109492, 0.150364965, 0.279562056
19507739, 0.207299277, 0.151824817, 0.280291975
19511960, 0.210948899, 0.150364965, 0.279562056
19516185, 0.208759129, 0.151824817, 0.280291975
19520411, 0.208759129, 0.149635032, 0.283211678
19524635, 0.206569344, 0.151094884, 0.281021893
19528857, 0.207299277, 0.151824817, 0.278832108
19533081, 0.210948899, 0.151094884, 0.280291975
19537308, 0.210218981, 0.149635032, 0.281021893
19541530, 0.207299277, 0.149635032, 0.279562056
19545753, 0.206569344, 0.148175180, 0.281021893
19549977, 0.210218981, 0.150364965, 0.277372271
19554207, 0.209489048, 0.151094884, 0.277372271
19558439, 0.209489048, 0.149635032, 0.281021893
19562662, 0.205109492, 0.148905113, 0.283941597
19566888, 0.206569344, 0.149635032, 0.281751812
19571113, 0.208029196, 0.152554750, 0.276642323
19575337, 0.207299277, 0.150364965, 0.278832108
19579560, 0.205109492, 0.149635032, 0.279562056
19583782, 0.205839410, 0.154744521, 0.282481760
19588006, 0.205839410, 0.151094884, 0.279562056
19592237, 0.207299277, 0.151824817, 0.278832108
19596460, 0.208029196, 0.149635032, 0.279562056
19600686, 0.204379559, 0.150364965, 0.281021893
19604912, 0.207299277, 0.148175180, 0.280291975
19609136, 0.210218981, 0.148905113, 0.279562056
19613361, 0.210218981, 0.152554750, 0.280291975
19617587, 0.207299277, 0.150364965, 0.283211678
19621809, 0.205839410, 0.151094884, 0.286131382
19626033, 0.207299277, 0.152554750, 0.280291975
19630259, 0.208759129, 0.151824817, 0.281021893
19634485, 0.208759129, 0.151824817, 0.277372271
19638708, 0.206569344, 0.150364965, 0.282481760
19642932, 0.206569344, 0.150364965, 0.277372271
19647154, 0.205839410, 0.151094884, 0.283211678
19651385, 0.209489048, 0.152554750, 0.280291975
19655611, 0.210218981, 0.152554750, 0.279562056
19659836, 0.205839410, 0.148905113, 0.280291975
19664060, 0.208759129, 0.149635032, 0.283211678
19668284, 0.208759129, 0.150364965, 0.278102189
19672510, 0.209489048, 0.153284669, 0.278102189
19676736, 0.208759129, 0.151824817, 0.282481760
19680960, 0.205839410, 0.149635032, 0.281021893
19685185, 0.208029196, 0.149635032, 0.278832108
19689411, 0.208759129, 0.151094884, 0.281021893
19693636, 0.210948899, 0.150364965, 0.280291975
19697862, 0.206569344, 0.147445261, 0.281021893
19702086, 0.205109492, 0.149635032, 0.283941597
19706310, 0.205109492, 0.151094884, 0.279562056
19710536, 0.210218981, 0.151094884, 0.276642323
19714762, 0.210218981, 0.153284669, 0.278102189
19718986, 0.206569344, 0.150364965, 0.283211678
19723210, 0.205839410, 0.148905113, 0.283941597
19727438, 0.208759129, 0.154014602, 0.279562056
19731664, 0.208759129, 0.152554750, 0.280291975
19735890, 0.208759129, 0.151824817, 0.283941597
19740114, 0.205109492, 0.151094884, 0.283941597
19744337, 0.205109492, 0.147445261, 0.277372271
19748563, 0.208029196, 0.148905113, 0.281021893
19752788, 0.208759129, 0.152554750, 0.282481760
19757012, 0.208029196, 0.151824817, 0.282481760
19761244, 0.207299277, 0.151094884, 0.281021893
19765470, 0.208029196, 0.151094884, 0.280291975
19769696, 0.211678833, 0.154014602, 0.281021893
19773922, 0.208759129, 0.151824817, 0.279562056
19778148, 0.211678833, 0.151824817, 0.278102189
19782380, 0.203649640, 0.147445261, 0.280291975
19786603, 0.206569344, 0.150364965, 0.281021893
19790829, 0.207299277, 0.151824817, 0.279562056
19795053, 0.210218981, 0.153284669, 0.278832108
19799277, 0.207299277, 0.149635032, 0.281751812
19803503, 0.206569344, 0.151824817, 0.282481760
19807725, 0.206569344, 0.149635032, 0.278102189
19811953, 0.208759129, 0.152554750, 0.277372271
19816183, 0.208029196, 0.151824817, 0.282481760
19820409, 0.204379559, 0.151094884, 0.281021893
19824631, 0.205839410, 0.151824817, 0.284671545
19828857, 0.208029196, 0.152554750, 0.283211678
19833081, 0.210218981, 0.153284669, 0.278832108
19837309, 0.208759129, 0.151824817, 0.280291975
19841531, 0.205839410, 0.152554750, 0.283941597
19845758, 0.208759129, 0.151094884, 0.279562056
19849982, 0.208029196, 0.152554750, 0.277372271
19854206, 0.208029196, 0.151824817, 0.282481760
19858435, 0.207299277, 0.150364965, 0.278832108
19862661, 0.206569344, 0.148905113, 0.283211678
19866887, 0.208759129, 0.152554750, 0.281021893
19871109, 0.209489048, 0.151094884, 0.282481760
19875333, 0.208759129, 0.151824817, 0.276642323
19879555, 0.208029196, 0.150364965, 0.279562056
19883777, 0.205839410, 0.148175180, 0.280291975
19888001, 0.207299277, 0.148905113, 0.281021893
19892234, 0.210218981, 0.153284669, 0.278832108
19896457, 0.208759129, 0.150364965, 0.278832108
19900680, 0.205839410, 0.150364965, 0.283211678
19904903, 0.205839410, 0.151094884, 0.280291975
19909127, 0.206569344, 0.151094884, 0.280291975
19913351, 0.208759129, 0.151824817, 0.281021893
19917577, 0.205839410, 0.149635032, 0.281751812
19921799, 0.204379559, 0.149635032, 0.281021893
19926024, 0.207299277, 0.147445261, 0.279562056
19930254, 0.207299277, 0.151824817, 0.275912404
19934476, 0.210218981, 0.151824817, 0.282481760
19938702, 0.207299277, 0.149635032, 0.278102189
19942929, 0.205109492, 0.148175180, 0.284671545
19947153, 0.207299277, 0.150364965, 0.281021893
19951385, 0.213138685, 0.151094884, 0.275912404
19955611, 0.210948899, 0.152554750, 0.282481760
19959836, 0.203649640, 0.148175180, 0.280291975
19964060, 0.206569344, 0.150364965, 0.283211678
19968284, 0.207299277, 0.150364965, 0.282481760
19972510, 0.210218981, 0.154014602, 0.278102189
19976733, 0.207299277, 0.152554750, 0.279562056
19980957, 0.204379559, 0.149635032, 0.279562056
19985186, 0.205109492, 0.149635032, 0.280291975
19989412, 0.208759129, 0.149635032, 0.280291975
19993635, 0.210218981, 0.152554750, 0.280291975
19997861, 0.205839410, 0.151094884, 0.281021893
20002085, 0.207299277, 0.148905113, 0.281021893
20006309, 0.208759129, 0.149635032, 0.282481760
20010531, 0.210948899, 0.151824817, 0.275912404
20014758, 0.207299277, 0.151824817, 0.280291975
20018982, 0.207299277, 0.148175180, 0.282481760
20023206, 0.202189788, 0.148175180, 0.282481760
20027439, 0.208029196, 0.150364965, 0.281751812
20031662, 0.210218981, 0.151094884, 0.284671545
20035885, 0.207299277, 0.149635032, 0.279562056
20040109, 0.206569344, 0.151824817, 0.281021893
20044333, 0.208029196, 0.148905113, 0.280291975
20048555, 0.206569344, 0.150364965, 0.282481760
20052781, 0.209489048, 0.153284669, 0.279562056
20057005, 0.206569344, 0.149635032, 0.281021893
20061237, 0.205839410, 0.150364965, 0.282481760
20065460, 0.207299277, 0.151094884, 0.281021893
20069683, 0.209489048, 0.150364965, 0.278102189
20073909, 0.210948899, 0.151824817, 0.279562056
20078133, 0.208029196, 0.150364965, 0.279562056
20082357, 0.203649640, 0.150364965, 0.278832108
20086583, 0.206569344, 0.150364965, 0.281021893
20090806, 0.209489048, 0.152554750, 0.281021893
20095030, 0.209489048, 0.150364965, 0.281751812
20099259, 0.202919707, 0.152554750, 0.282481760
20103481, 0.206569344, 0.149635032, 0.281021893
20107704, 0.205109492, 0.152554750, 0.279562056
20111927, 0.210948899, 0.153284669, 0.278832108
20116153, 0.207299277, 0.149635032, 0.282481760
20120385, 0.204379559, 0.148905113, 0.279562056
20124611, 0.208029196, 0.150364965, 0.281751812
20128832, 0.206569344, 0.151824817, 0.277372271
20133056, 0.210948899, 0.150364965, 0.283211678
20137281, 0.207299277, 0.149635032, 0.281751812
20141504, 0.206569344, 0.150364965, 0.282481760
20145727, 0.207299277, 0.151094884, 0.278102189
20149949, 0.213138685, 0.151094884, 0.278102189
20154180, 0.210948899, 0.151094884, 0.278832108
20158409, 0.205839410, 0.148905113, 0.283211678
20162632, 0.208029196, 0.149635032, 0.282481760
20166854, 0.207299277, 0.148175180, 0.278102189
20171078, 0.208759129, 0.149635032, 0.277372271
20175305, 0.209489048, 0.152554750, 0.281021893
20179531, 0.205839410, 0.150364965, 0.279562056
20183754, 0.205839410, 0.148905113, 0.281021893
20187979, 0.205109492, 0.151094884, 0.279562056
20192205, 0.210948899, 0.151094884, 0.276642323
20196438, 0.208759129, 0.151094884, 0.277372271
20200664, 0.208029196, 0.148905113, 0.279562056
20204888, 0.207299277, 0.151824817, 0.279562056
20209113, 0.211678833, 0.151094884, 0.279562056
20213337, 0.210218981, 0.151824817, 0.277372271
20217560, 0.206569344, 0.148905113, 0.281751812
20221782, 0.203649640, 0.149635032, 0.283211678
20226006, 0.206569344, 0.151824817, 0.281751812
20230237, 0.209489048, 0.150364965, 0.278102189
20234460, 0.208759129, 0.150364965, 0.278832108
20238686, 0.208029196, 0.150364965, 0.283211678
20242908, 0.207299277, 0.149635032, 0.283941597
20247133, 0.209489048, 0.151094884, 0.278102189
20251357, 0.208759129, 0.151094884, 0.278102189
20255583, 0.207299277, 0.151824817, 0.279562056
20259806, 0.203649640, 0.148905113, 0.280291975
20264030, 0.207299277, 0.150364965, 0.283941597
20268259, 0.210218981, 0.151094884, 0.278832108
20272481, 0.208759129, 0.151824817, 0.281021893
20276707, 0.208029196, 0.152554750, 0.278832108
20280930, 0.206569344, 0.151824817, 0.282481760
20285154, 0.207299277, 0.149635032, 0.279562056
20289385, 0.210218981, 0.153284669, 0.275912404
20293607, 0.210948899, 0.150364965, 0.280291975
20297830, 0.208759129, 0.151094884, 0.284671545
20302051, 0.205839410, 0.148175180, 0.286131382
20306282, 0.205839410, 0.149635032, 0.283211678
20310504, 0.208029196, 0.151824817, 0.281751812
20314727, 0.208029196, 0.151094884, 0.279562056
20318952, 0.205839410, 0.149635032, 0.280291975
20323182, 0.208029196, 0.149635032, 0.283941597
20327407, 0.208029196, 0.151094884, 0.283211678
20331629, 0.210218981, 0.151824817, 0.281751812
20335854, 0.208029196, 0.153284669, 0.281751812
20340076, 0.205109492, 0.149635032, 0.283211678
20344301, 0.205109492, 0.150364965, 0.282481760
20348524, 0.208759129, 0.151094884, 0.279562056
20352747, 0.208759129, 0.152554750, 0.278832108
20356971, 0.208759129, 0.151824817, 0.284671545
20361195, 0.208759129, 0.149635032, 0.281021893
20365425, 0.205839410, 0.148905113, 0.281021893
20369647, 0.209489048, 0.151824817, 0.283211678
20373871, 0.209489048, 0.151824817, 0.278832108
20378092, 0.207299277, 0.148175180, 0.283211678
20382320, 0.205109492, 0.149635032, 0.280291975
20386543, 0.208029196, 0.151824817, 0.281751812
20390765, 0.210948899, 0.153284669, 0.278832108
20394990, 0.210218981, 0.150364965, 0.282481760
20399214, 0.205839410, 0.150364965, 0.282481760
20403442, 0.206569344, 0.148905113, 0.279562056
20407664, 0.210218981, 0.151824817, 0.280291975
20411888, 0.208759129, 0.154014602, 0.282481760
20416113, 0.208759129, 0.151094884, 0.278832108
20420337, 0.204379559, 0.148905113, 0.281751812
20424560, 0.205109492, 0.151094884, 0.279562056
20428782, 0.208759129, 0.151094884, 0.278102189
20433010, 0.208029196, 0.154014602, 0.277372271
20437240, 0.206569344, 0.150364965, 0.283941597
20441466, 0.202919707, 0.149635032, 0.282481760
20445690, 0.209489048, 0.148175180, 0.279562056
20449913, 0.208029196, 0.150364965, 0.281021893
20454137, 0.211678833, 0.151094884, 0.279562056
20458364, 0.206569344, 0.148905113, 0.280291975
20462590, 0.205839410, 0.149635032, 0.283211678
20466813, 0.209489048, 0.152554750, 0.282481760
20471034, 0.208759129, 0.151824817, 0.278102189
20475256, 0.208029196, 0.154744521, 0.277372271
20479478, 0.204379559, 0.151824817, 0.283211678
20483701, 0.207299277, 0.149635032, 0.280291975
20487924, 0.208029196, 0.151824817, 0.279562056
20492146, 0.210948899, 0.151824817, 0.276642323
20496377, 0.206569344, 0.151094884, 0.278102189
20500599, 0.206569344, 0.148175180, 0.281021893
20504822, 0.205839410, 0.149635032, 0.279562056
20509044, 0.208759129, 0.150364965, 0.278102189
20513267, 0.207299277, 0.153284669, 0.278832108
20517489, 0.210218981, 0.149635032, 0.282481760
20521715, 0.206569344, 0.149635032, 0.280291975
20525939, 0.208759129, 0.148905113, 0.282481760
20530163, 0.212408766, 0.151094884, 0.278832108
20534396, 0.210948899, 0.151094884, 0.280291975
20538619, 0.207299277, 0.151824817, 0.283941597
20542842, 0.208029196, 0.150364965, 0.279562056
20547066, 0.210218981, 0.151824817, 0.277372271
20551290, 0.209489048, 0.153284669, 0.279562056
20555513, 0.208029196, 0.153284669, 0.280291975
20559736, 0.205839410, 0.148175180, 0.281751812
20563960, 0.206569344, 0.150364965, 0.278102189
20568186, 0.208759129, 0.151824817, 0.277372271
20572419, 0.205109492, 0.154014602, 0.281751812
20576645, 0.206569344, 0.151094884, 0.283211678
20580871, 0.204379559, 0.150364965, 0.282481760
20585095, 0.205839410, 0.147445261, 0.279562056
20589322, 0.208029196, 0.150364965, 0.278102189
20593545, 0.208029196, 0.150364965, 0.278102189
20597771, 0.206569344, 0.152554750, 0.279562056
20601995, 0.205839410, 0.148175180, 0.281021893
20606222, 0.204379559, 0.152554750, 0.280291975
20610444, 0.210218981, 0.151824817, 0.281021893
20614667, 0.208759129, 0.149635032, 0.278832108
20618890, 0.205109492, 0.148905113, 0.283211678
20623114, 0.207299277, 0.148905113, 0.285401464
20627338, 0.207299277, 0.152554750, 0.278832108
20631561, 0.208029196, 0.149635032, 0.279562056
20635784, 0.205109492, 0.150364965, 0.279562056
20640008, 0.203649640, 0.151094884, 0.278832108
20644240, 0.205839410, 0.149635032, 0.283941597
20648462, 0.208759129, 0.151094884, 0.281751812
20652688, 0.208759129, 0.151094884, 0.280291975
20656915, 0.206569344, 0.148905113, 0.281751812
20661138, 0.204379559, 0.150364965, 0.280291975
20665365, 0.205109492, 0.148905113, 0.281021893
20669591, 0.210218981, 0.151094884, 0.275182486
20673817, 0.209489048, 0.152554750, 0.278832108
20678042, 0.204379559, 0.151824817, 0.278832108
20682265, 0.206569344, 0.148905113, 0.282481760
20686491, 0.207299277, 0.151094884, 0.278832108
20690714, 0.210218981, 0.151824817, 0.279562056
20694938, 0.210948899, 0.151824817, 0.280291975
20699159, 0.205839410, 0.150364965, 0.283941597
20703389, 0.208029196, 0.150364965, 0.281021893
20707612, 0.210948899, 0.148905113, 0.282481760
20711834, 0.210948899, 0.151824817, 0.278102189
20716058, 0.207299277, 0.151094884, 0.281021893
20720282, 0.205839410, 0.150364965, 0.283211678
20724508, 0.207299277, 0.150364965, 0.281751812
20728734, 0.208759129, 0.151094884, 0.278832108
20732956, 0.210218981, 0.151094884, 0.279562056
20737186, 0.205839410, 0.149635032, 0.279562056
20741420, 0.205109492, 0.148175180, 0.281751812
20745643, 0.206569344, 0.150364965, 0.283211678
20749866, 0.208759129, 0.151824817, 0.281021893
20754091, 0.207299277, 0.154014602, 0.275912404
20758312, 0.206569344, 0.150364965, 0.283211678
20762535, 0.205839410, 0.148175180, 0.280291975
20766760, 0.207299277, 0.150364965, 0.281751812
20770985, 0.208759129, 0.151824817, 0.278102189
20775209, 0.207299277, 0.148905113, 0.280291975
20779439, 0.206569344, 0.149635032, 0.279562056
20783662, 0.209489048, 0.149635032, 0.282481760
20787884, 0.208029196, 0.151094884, 0.278832108
20792108, 0.209489048, 0.152554750, 0.281021893
20796329, 0.208759129, 0.148175180, 0.279562056
20800551, 0.205109492, 0.148905113, 0.281021893
20804773, 0.209489048, 0.151094884, 0.278832108
20808994, 0.208029196, 0.151824817, 0.281021893
20813215, 0.210218981, 0.152554750, 0.274452567
20817440, 0.205839410, 0.152554750, 0.282481760
20821666, 0.208029196, 0.149635032, 0.280291975
20825890, 0.207299277, 0.153284669, 0.281021893
20830114, 0.208759129, 0.153284669, 0.279562056
20834338, 0.207299277, 0.152554750, 0.281021893
20838564, 0.206569344, 0.151094884, 0.279562056
20842790, 0.203649640, 0.149635032, 0.281751812
20847015, 0.208029196, 0.151094884, 0.279562056
20851247, 0.210948899, 0.149635032, 0.278102189
20855473, 0.210218981, 0.150364965, 0.279562056
20859695, 0.203649640, 0.149635032, 0.280291975
20863918, 0.206569344, 0.148905113, 0.281021893
20868141, 0.209489048, 0.150364965, 0.279562056
20872368, 0.209489048, 0.152554750, 0.278102189
20876594, 0.208029196, 0.151094884, 0.280291975
20880821, 0.205109492, 0.146715328, 0.286131382
20885046, 0.205109492, 0.150364965, 0.281021893
20889270, 0.210948899, 0.151824817, 0.280291975
20893496, 0.210218981, 0.151824817, 0.279562056
20897718, 0.204379559, 0.149635032, 0.278102189
20901941, 0.202919707, 0.148905113, 0.278102189
20906172, 0.207299277, 0.149635032, 0.275912404
20910397, 0.210948899, 0.153284669, 0.280291975
20914620, 0.209489048, 0.148905113, 0.280291975
20918842, 0.207299277, 0.150364965, 0.282481760
20923067, 0.208029196, 0.151094884, 0.281751812
20927290, 0.210948899, 0.151094884, 0.278832108
20931513, 0.210218981, 0.151824817, 0.279562056
20935736, 0.210218981, 0.151824817, 0.279562056
20939960, 0.208759129, 0.148905113, 0.279562056
20944186, 0.206569344, 0.148905113, 0.278832108
20948419, 0.209489048, 0.148905113, 0.279562056
20952641, 0.208759129, 0.152554750, 0.279562056
20956866, 0.209489048, 0.151824817, 0.278832108
20961090, 0.205839410, 0.146715328, 0.279562056
20965318, 0.205839410, 0.151824817, 0.278832108
20969541, 0.208759129, 0.153284669, 0.278832108
20973768, 0.208759129, 0.149635032, 0.281021893
20977992, 0.207299277, 0.152554750, 0.278102189
20982218, 0.207299277, 0.149635032, 0.281751812
20986444, 0.208759129, 0.151094884, 0.282481760
20990670, 0.210948899, 0.155474454, 0.276642323
20994897, 0.208759129, 0.153284669, 0.279562056
20999122, 0.209489048, 0.149635032, 0.280291975
21003346, 0.208759129, 0.149635032, 0.281751812
21007572, 0.209489048, 0.152554750, 0.281751812
21011798, 0.208029196, 0.152554750, 0.281751812
21016023, 0.207299277, 0.150364965, 0.281751812
21020254, 0.206569344, 0.149635032, 0.282481760
21024480, 0.206569344, 0.151094884, 0.281021893
21028706, 0.209489048, 0.151824817, 0.277372271
21032933, 0.208759129, 0.154014602, 0.283941597
21037161, 0.207299277, 0.150364965, 0.280291975
21041394, 0.206569344, 0.151094884, 0.281021893
21045620, 0.208029196, 0.151094884, 0.281751812
21049846, 0.207299277, 0.152554750, 0.277372271
21054070, 0.209489048, 0.151094884, 0.279562056
21058294, 0.208029196, 0.148905113, 0.279562056
21062520, 0.204379559, 0.151094884, 0.280291975
21066747, 0.208759129, 0.151094884, 0.281751812
21070971, 0.208029196, 0.154014602, 0.276642323
21075195, 0.206569344, 0.148905113, 0.281021893
21079428, 0.205839410, 0.148175180, 0.281751812
21083651, 0.210948899, 0.150364965, 0.284671545
21087878, 0.208759129, 0.148905113, 0.278102189
21092103, 0.208759129, 0.153284669, 0.279562056
21096327, 0.208029196, 0.151094884, 0.277372271
21100553, 0.205839410, 0.150364965, 0.283941597
21104778, 0.208029196, 0.149635032, 0.278832108
21109006, 0.210948899, 0.151824817, 0.282481760
21113237, 0.210948899, 0.148905113, 0.281021893
21117460, 0.207299277, 0.151094884, 0.277372271
21121683, 0.205839410, 0.149635032, 0.283941597
21125909, 0.207299277, 0.151824817, 0.278832108
21130133, 0.211678833, 0.152554750, 0.276642323
21134357, 0.207299277, 0.151824817, 0.280291975
21138580, 0.208759129, 0.149635032, 0.279562056
21142802, 0.205109492, 0.148905113, 0.281751812
21147026, 0.208759129, 0.153284669, 0.279562056
21151257, 0.210218981, 0.153284669, 0.280291975
21155480, 0.206569344, 0.148905113, 0.282481760
21159703, 0.204379559, 0.150364965, 0.280291975
21163927, 0.208759129, 0.150364965, 0.281021893
21168149, 0.211678833, 0.153284669, 0.280291975
21172381, 0.206569344, 0.155474454, 0.279562056
21176605, 0.204379559, 0.150364965, 0.280291975
21180827, 0.205109492, 0.148175180, 0.283941597
21185051, 0.207299277, 0.150364965, 0.278832108
21189281, 0.210948899, 0.153284669, 0.281021893
21193507, 0.210218981, 0.151824817, 0.275912404
21197733, 0.206569344, 0.151094884, 0.279562056
21201957, 0.208029196, 0.148175180, 0.281751812
21206186, 0.209489048, 0.149635032, 0.281751812
21210420, 0.210948899, 0.148905113, 0.279562056
21214643, 0.208029196, 0.151094884, 0.278832108
21218866, 0.202919707, 0.151094884, 0.282481760
21223091, 0.206569344, 0.150364965, 0.280291975
21227319, 0.207299277, 0.152554750, 0.281751812
21231545, 0.212408766, 0.151094884, 0.280291975
21235771, 0.207299277, 0.149635032, 0.281021893
21239995, 0.207299277, 0.149635032, 0.282481760
21244222, 0.207299277, 0.149635032, 0.277372271
21248444, 0.209489048, 0.154014602, 0.281021893
21252669, 0.208029196, 0.151824817, 0.275182486
21256892, 0.206569344, 0.151824817, 0.280291975
21261116, 0.204379559, 0.148905113, 0.283211678
21265340, 0.206569344, 0.149635032, 0.282481760
21269566, 0.208029196, 0.151094884, 0.276642323
21273788, 0.209489048, 0.151824817, 0.278832108
21278012, 0.206569344, 0.151094884, 0.281021893
21282244, 0.204379559, 0.149635032, 0.279562056
21286467, 0.208029196, 0.151824817, 0.278102189
21290693, 0.210218981, 0.153284669, 0.279562056
21294919, 0.209489048, 0.151824817, 0.277372271
21299142, 0.202919707, 0.148905113, 0.283211678
21303370, 0.207299277, 0.150364965, 0.283941597
21307592, 0.207299277, 0.149635032, 0.280291975
21311815, 0.209489048, 0.151094884, 0.281751812
21316037, 0.208029196, 0.151094884, 0.282481760
21320262, 0.207299277, 0.150364965, 0.281021893
21324484, 0.207299277, 0.148175180, 0.279562056
21328710, 0.208759129, 0.151094884, 0.278832108
21332935, 0.208759129, 0.151094884, 0.281021893
21337159, 0.208029196, 0.153284669, 0.282481760
21341389, 0.205839410, 0.151094884, 0.281021893
21345615, 0.207299277, 0.151094884, 0.280291975
21349840, 0.210948899, 0.153284669, 0.281021893
21354065, 0.209489048, 0.151094884, 0.281021893
21358290, 0.206569344, 0.148175180, 0.281751812
21362516, 0.206569344, 0.148905113, 0.283211678
21366741, 0.208029196, 0.151824817, 0.281021893
21370966, 0.210218981, 0.152554750, 0.278832108
21375191, 0.208759129, 0.151094884, 0.281751812
21379424, 0.205109492, 0.148905113, 0.280291975
21383651, 0.207299277, 0.150364965, 0.284671545
21387876, 0.205839410, 0.149635032, 0.282481760
21392100, 0.208759129, 0.151824817, 0.278102189
21396324, 0.208029196, 0.152554750, 0.281021893
21400546, 0.203649640, 0.150364965, 0.279562056
21404771, 0.205839410, 0.151824817, 0.279562056
21408995, 0.213138685, 0.151824817, 0.278832108
21413223, 0.208759129, 0.152554750, 0.281021893
21417449, 0.205839410, 0.147445261, 0.282481760
21421676, 0.203649640, 0.148905113, 0.281021893
21425899, 0.205839410, 0.151824817, 0.281021893
21430124, 0.210948899, 0.154744521, 0.278102189
21434351, 0.205109492, 0.152554750, 0.280291975
21438576, 0.203649640, 0.150364965, 0.283211678
21442798, 0.204379559, 0.151094884, 0.283211678
21447023, 0.205109492, 0.149635032, 0.279562056
21451254, 0.208029196, 0.153284669, 0.278102189
21455480, 0.208029196, 0.151094884, 0.282481760
21459706, 0.204379559, 0.148905113, 0.280291975
21463933, 0.205839410, 0.150364965, 0.283941597
21468157, 0.209489048, 0.154744521, 0.279562056
21472389, 0.208029196, 0.151824817, 0.278102189
21476615, 0.205839410, 0.148905113, 0.282481760
21480841, 0.204379559, 0.148905113, 0.282481760
21485065, 0.206569344, 0.151824817, 0.282481760
21489290, 0.206569344, 0.151824817, 0.277372271
21493513, 0.207299277, 0.151824817, 0.280291975
21497740, 0.206569344, 0.150364965, 0.281021893
21501965, 0.205109492, 0.150364965, 0.281751812
21506190, 0.209489048, 0.148905113, 0.281021893
21510420, 0.206569344, 0.152554750, 0.279562056
21514643, 0.205839410, 0.151824817, 0.280291975
21518866, 0.205109492, 0.148905113, 0.282481760
21523091, 0.207299277, 0.150364965, 0.281021893
21527319, 0.205839410, 0.152554750, 0.281751812
21531542, 0.208029196, 0.149635032, 0.278832108
21535764, 0.208029196, 0.151824817, 0.281751812
21539989, 0.201459855, 0.150364965, 0.280291975
21544214, 0.208759129, 0.149635032, 0.283211678
21548442, 0.207299277, 0.151094884, 0.282481760
21552664, 0.209489048, 0.152554750, 0.281751812
21556887, 0.205109492, 0.150364965, 0.282481760
21561112, 0.205839410, 0.149635032, 0.281751812
21565333, 0.208029196, 0.151094884, 0.281021893
21569555, 0.206569344, 0.152554750, 0.278832108
21573781, 0.209489048, 0.152554750, 0.282481760
21578005, 0.205839410, 0.150364965, 0.280291975
21582237, 0.205109492, 0.150364965, 0.283211678
21586460, 0.205839410, 0.150364965, 0.281751812
21590683, 0.211678833, 0.149635032, 0.278102189
21594905, 0.206569344, 0.150364965, 0.281021893
21599129, 0.204379559, 0.148905113, 0.281021893
21603353, 0.207299277, 0.149635032, 0.278832108
21607579, 0.205839410, 0.151094884, 0.281751812
21611802, 0.205109492, 0.151824817, 0.275912404
21616026, 0.205109492, 0.151094884, 0.280291975
21620256, 0.206569344, 0.148905113, 0.284671545
21624482, 0.208759129, 0.152554750, 0.283211678
21628705, 0.208759129, 0.151824817, 0.282481760
21632928, 0.206569344, 0.150364965, 0.277372271
21637153, 0.206569344, 0.150364965, 0.281021893
21641385, 0.205109492, 0.149635032, 0.281021893
21645607, 0.207299277, 0.151094884, 0.278102189
21649832, 0.210218981, 0.151094884, 0.279562056
21654056, 0.207299277, 0.154014602, 0.278832108
21658281, 0.205109492, 0.148175180, 0.284671545
21662507, 0.205109492, 0.148905113, 0.283211678
21666730, 0.209489048, 0.150364965, 0.283211678
21670954, 0.207299277, 0.152554750, 0.281751812
21675183, 0.203649640, 0.151824817, 0.284671545
21679413, 0.205109492, 0.149635032, 0.279562056
21683637, 0.206569344, 0.151824817, 0.281751812
21687863, 0.210218981, 0.151824817, 0.279562056
21692084, 0.210948899, 0.152554750, 0.278832108
21696308, 0.207299277, 0.151094884, 0.280291975
21700530, 0.205109492, 0.148905113, 0.284671545
21704753, 0.208029196, 0.149635032, 0.279562056
21708977, 0.206569344, 0.151824817, 0.278832108
21713207, 0.207299277, 0.153284669, 0.282481760
21717437, 0.206569344, 0.151094884, 0.280291975
21721659, 0.205109492, 0.150364965, 0.285401464
21725882, 0.205839410, 0.151824817, 0.278102189
21730106, 0.208029196, 0.154744521, 0.277372271
21734330, 0.208029196, 0.151094884, 0.283211678
21738552, 0.206569344, 0.149635032, 0.282481760
21742774, 0.208029196, 0.149635032, 0.278832108
21746996, 0.209489048, 0.149635032, 0.281021893
21751222, 0.206569344, 0.150364965, 0.278832108
21755444, 0.204379559, 0.148905113, 0.281021893
21759666, 0.201459855, 0.150364965, 0.282481760
21763890, 0.208029196, 0.151094884, 0.278832108
21768114, 0.206569344, 0.150364965, 0.283941597
21772338, 0.208029196, 0.152554750, 0.276642323
21776561, 0.205109492, 0.151094884, 0.280291975
21780784, 0.205109492, 0.148905113, 0.283941597
21785008, 0.205839410, 0.150364965, 0.280291975
21789240, 0.208029196, 0.151824817, 0.283211678
21793462, 0.208029196, 0.152554750, 0.282481760
21797688, 0.205109492, 0.150364965, 0.278832108
21801910, 0.206569344, 0.150364965, 0.281751812
21806134, 0.207299277, 0.150364965, 0.281021893
21810358, 0.207299277, 0.154014602, 0.281021893
21814583, 0.207299277, 0.151094884, 0.280291975
21818805, 0.203649640, 0.150364965, 0.282481760
21823030, 0.204379559, 0.148175180, 0.283211678
21827260, 0.208029196, 0.152554750, 0.279562056
21831483, 0.208759129, 0.149635032, 0.277372271
21835705, 0.206569344, 0.151094884, 0.284671545
21839928, 0.205839410, 0.146715328, 0.283211678
21844153, 0.202919707, 0.152554750, 0.282481760
21848382, 0.210218981, 0.152554750, 0.278102189
21852605, 0.208029196, 0.152554750, 0.280291975
21856827, 0.204379559, 0.149635032, 0.285401464
21861048, 0.207299277, 0.148175180, 0.281021893
21865278, 0.205839410, 0.149635032, 0.279562056
21869504, 0.208759129, 0.152554750, 0.278102189
21873730, 0.205839410, 0.150364965, 0.280291975
21877954, 0.204379559, 0.151094884, 0.283211678
21882183, 0.205839410, 0.148905113, 0.284671545
21886410, 0.205109492, 0.151824817, 0.283941597
21890633, 0.207299277, 0.151824817, 0.283211678
21894859, 0.206569344, 0.150364965, 0.283941597
21899084, 0.205839410, 0.150364965, 0.281751812
21903308, 0.205109492, 0.148905113, 0.281751812
21907530, 0.207299277, 0.152554750, 0.279562056
21911757, 0.209489048, 0.153284669, 0.279562056
21915978, 0.205109492, 0.148175180, 0.279562056
21920207, 0.202919707, 0.149635032, 0.282481760
21924437, 0.205839410, 0.149635032, 0.281751812
21928659, 0.210948899, 0.148175180, 0.282481760
21932886, 0.209489048, 0.151094884, 0.277372271
21937111, 0.205839410, 0.148905113, 0.282481760
21941333, 0.205839410, 0.148905113, 0.280291975
21945559, 0.207299277, 0.150364965, 0.279562056
21949785, 0.210218981, 0.151094884, 0.278832108
21954010, 0.207299277, 0.149635032, 0.280291975
21958240, 0.205109492, 0.149635032, 0.285401464
21962462, 0.206569344, 0.148905113, 0.280291975
21966684, 0.205839410, 0.151824817, 0.282481760
21970907, 0.207299277, 0.153284669, 0.278832108
21975132, 0.207299277, 0.149635032, 0.283211678
21979356, 0.203649640, 0.150364965, 0.282481760
21983578, 0.206569344, 0.151094884, 0.281021893
21987804, 0.208029196, 0.150364965, 0.278832108
21992029, 0.208759129, 0.150364965, 0.281021893
21996255, 0.204379559, 0.151094884, 0.280291975
22000477, 0.205839410, 0.150364965, 0.281751812
22004703, 0.206569344, 0.151824817, 0.282481760
22008927, 0.209489048, 0.153284669, 0.277372271
22013149, 0.207299277, 0.151824817, 0.283211678
22017381, 0.205839410, 0.150364965, 0.282481760
22021605, 0.205839410, 0.149635032, 0.281751812
22025827, 0.206569344, 0.150364965, 0.281021893
22030051, 0.207299277, 0.151824817, 0.278832108
22034281, 0.208029196, 0.150364965, 0.282481760
22038503, 0.204379559, 0.151824817, 0.281751812
22042730, 0.206569344, 0.148905113, 0.282481760
22046954, 0.206569344, 0.152554750, 0.281021893
22051183, 0.208029196, 0.151824817, 0.280291975
22055409, 0.205839410, 0.148175180, 0.282481760
22059635, 0.202189788, 0.151824817, 0.279562056
22063861, 0.205839410, 0.149635032, 0.280291975
22068086, 0.208759129, 0.154014602, 0.282481760
22072310, 0.209489048, 0.152554750, 0.279562056
22076536, 0.205109492, 0.150364965, 0.281021893
22080762, 0.205109492, 0.148905113, 0.281751812
22084986, 0.203649640, 0.149635032, 0.283941597
22089211, 0.210948899, 0.152554750, 0.278102189
22093439, 0.205839410, 0.149635032, 0.279562056
22097664, 0.205109492, 0.149635032, 0.280291975
22101891, 0.204379559, 0.149635032, 0.285401464
22106115, 0.204379559, 0.152554750, 0.280291975
22110339, 0.209489048, 0.152554750, 0.279562056
22114565, 0.206569344, 0.150364965, 0.281751812
22118791, 0.202189788, 0.146715328, 0.281021893
22123015, 0.205109492, 0.148905113, 0.282481760
22127248, 0.206569344, 0.149635032, 0.280291975
22131470, 0.207299277, 0.151824817, 0.283941597
22135693, 0.204379559, 0.149635032, 0.278832108
22139917, 0.205109492, 0.148905113, 0.283211678
22144143, 0.207299277, 0.150364965, 0.283941597
22148367, 0.209489048, 0.151094884, 0.281021893
22152593, 0.206569344, 0.151824817, 0.280291975
22156815, 0.204379559, 0.149635032, 0.283941597
22161039, 0.203649640, 0.150364965, 0.281021893
22165265, 0.206569344, 0.154014602, 0.279562056
22169491, 0.211678833, 0.152554750, 0.279562056
22173717, 0.206569344, 0.151824817, 0.281021893
22177940, 0.202919707, 0.148905113, 0.284671545
22182164, 0.205109492, 0.152554750, 0.282481760
22186396, 0.208029196, 0.150364965, 0.278102189
22190622, 0.210218981, 0.152554750, 0.281751812
22194848, 0.203649640, 0.149635032, 0.283941597
22199072, 0.203649640, 0.148175180, 0.283211678
22203294, 0.206569344, 0.152554750, 0.283941597
22207517, 0.210218981, 0.149635032, 0.278102189
22211739, 0.208029196, 0.151824817, 0.279562056
22215963, 0.205839410, 0.149635032, 0.280291975
22220188, 0.203649640, 0.148905113, 0.284671545
22224411, 0.204379559, 0.152554750, 0.286131382
22228635, 0.210218981, 0.150364965, 0.280291975
22232861, 0.208759129, 0.153284669, 0.283211678
22237082, 0.204379559, 0.153284669, 0.283941597
22241310, 0.203649640, 0.148175180, 0.281751812
22245536, 0.208759129, 0.151094884, 0.280291975
22249762, 0.208759129, 0.153284669, 0.281021893
22253986, 0.206569344, 0.148905113, 0.279562056
22258210, 0.203649640, 0.149635032, 0.283941597
22262441, 0.205109492, 0.148175180, 0.283211678
22266667, 0.205839410, 0.153284669, 0.283941597
22270890, 0.208029196, 0.153284669, 0.281021893
22275114, 0.205839410, 0.151824817, 0.278102189
22279338, 0.206569344, 0.148905113, 0.282481760
22283564, 0.205109492, 0.151094884, 0.281021893
22287790, 0.208759129, 0.150364965, 0.280291975
22292015, 0.207299277, 0.151824817, 0.281751812
22296247, 0.207299277, 0.148175180, 0.284671545
22300469, 0.203649640, 0.148905113, 0.282481760
22304691, 0.206569344, 0.150364965, 0.279562056
22308914, 0.207299277, 0.153284669, 0.279562056
22313136, 0.207299277, 0.151824817, 0.279562056
22317357, 0.202919707, 0.149635032, 0.280291975
22321579, 0.204379559, 0.148905113, 0.283941597
22325801, 0.206569344, 0.148175180, 0.277372271
22330025, 0.208029196, 0.151824817, 0.282481760
22334255, 0.205839410, 0.151094884, 0.278102189
22338477, 0.208029196, 0.148905113, 0.282481760
22342699, 0.205109492, 0.151824817, 0.281021893
22346922, 0.206569344, 0.154014602, 0.277372271
22351145, 0.205109492, 0.154014602, 0.281021893
22355376, 0.205839410, 0.151094884, 0.281021893
22359599, 0.202189788, 0.148175180, 0.281021893
22363821, 0.205839410, 0.150364965, 0.278832108
22368046, 0.208759129, 0.153284669, 0.281751812
22372267, 0.207299277, 0.149635032, 0.277372271
22376486, 0.205109492, 0.148905113, 0.285401464
22380709, 0.205109492, 0.147445261, 0.280291975
22384933, 0.207299277, 0.146715328, 0.282481760
22389154, 0.208759129, 0.150364965, 0.279562056
22393385, 0.210218981, 0.151824817, 0.281021893
22397607, 0.205839410, 0.151824817, 0.282481760
22401830, 0.205839410, 0.148905113, 0.281751812
22406055, 0.206569344, 0.150364965, 0.284671545
22410278, 0.208759129, 0.151094884, 0.281021893
22414500, 0.206569344, 0.151094884, 0.282481760
22418723, 0.205109492, 0.146715328, 0.279562056
22422947, 0.205109492, 0.149635032, 0.277372271
22427178, 0.209489048, 0.152554750, 0.281021893
22431401, 0.207299277, 0.152554750, 0.278832108
22435627, 0.205839410, 0.149635032, 0.281021893
22439850, 0.204379559, 0.148905113, 0.283941597
22444074, 0.206569344, 0.149635032, 0.279562056
22448298, 0.208759129, 0.152554750, 0.278102189
22452524, 0.205109492, 0.148905113, 0.281021893
22456747, 0.205109492, 0.151094884, 0.283211678
22460971, 0.203649640, 0.148905113, 0.281751812
22465195, 0.205839410, 0.151094884, 0.279562056
22469425, 0.209489048, 0.152554750, 0.277372271
22473648, 0.206569344, 0.154014602, 0.281021893
22477871, 0.202189788, 0.149635032, 0.283211678
22482095, 0.203649640, 0.153284669, 0.283941597
22486322, 0.205839410, 0.151094884, 0.281021893
22490545, 0.209489048, 0.151824817, 0.281021893
22494771, 0.205839410, 0.149635032, 0.283211678
22498995, 0.204379559, 0.148905113, 0.282481760
22503222, 0.205839410, 0.148905113, 0.279562056
22507448, 0.207299277, 0.151824817, 0.279562056
22511670, 0.207299277, 0.151094884, 0.277372271
22515896, 0.204379559, 0.148905113, 0.284671545
22520121, 0.204379559, 0.146715328, 0.282481760
22524346, 0.208029196, 0.149635032, 0.280291975
22528572, 0.209489048, 0.151094884, 0.281021893
22532794, 0.208029196, 0.154014602, 0.280291975
22537019, 0.207299277, 0.151094884, 0.283941597
22541251, 0.203649640, 0.147445261, 0.283211678
22545473, 0.205109492, 0.151824817, 0.281751812
22549700, 0.209489048, 0.152554750, 0.278832108
22553923, 0.204379559, 0.150364965, 0.282481760
22558146, 0.205839410, 0.148905113, 0.281021893
22562377, 0.206569344, 0.148905113, 0.278832108
22566599, 0.205839410, 0.151824817, 0.281021893
22570824, 0.208029196, 0.154744521, 0.280291975
22575049, 0.207299277, 0.151094884, 0.283211678
22579280, 0.205109492, 0.148175180, 0.285401464
22583502, 0.204379559, 0.148905113, 0.279562056
22587729, 0.208029196, 0.151094884, 0.281751812
22591953, 0.206569344, 0.152554750, 0.280291975
22596183, 0.205839410, 0.149635032, 0.284671545
22600410, 0.205839410, 0.148905113, 0.284671545
22604633, 0.209489048, 0.149635032, 0.279562056
22608859, 0.211678833, 0.149635032, 0.279562056
22613083, 0.208029196, 0.149635032, 0.280291975
22617308, 0.204379559, 0.148175180, 0.283941597
22621534, 0.205109492, 0.149635032, 0.282481760
22625757, 0.203649640, 0.151094884, 0.278102189
22629981, 0.207299277, 0.152554750, 0.280291975
22634208, 0.205839410, 0.148905113, 0.284671545
22638441, 0.204379559, 0.151094884, 0.281751812
22642664, 0.205839410, 0.149635032, 0.285401464
22646890, 0.205839410, 0.150364965, 0.280291975
22651114, 0.207299277, 0.153284669, 0.283211678
22655338, 0.206569344, 0.150364965, 0.282481760
22659561, 0.205839410, 0.147445261, 0.282481760
22663787, 0.205839410, 0.148905113, 0.280291975
22668012, 0.207299277, 0.152554750, 0.283211678
22672243, 0.207299277, 0.150364965, 0.282481760
22676469, 0.207299277, 0.150364965, 0.283211678
22680691, 0.203649640, 0.146715328, 0.281751812
22684914, 0.205109492, 0.151824817, 0.281021893
22689140, 0.210948899, 0.152554750, 0.278102189
22693364, 0.205109492, 0.150364965, 0.279562056
22697587, 0.202919707, 0.149635032, 0.281751812
22701809, 0.205839410, 0.149635032, 0.280291975
22706034, 0.205839410, 0.151824817, 0.283211678
22710260, 0.206569344, 0.152554750, 0.281021893
22714483, 0.205109492, 0.151094884, 0.281021893
22718705, 0.203649640, 0.148905113, 0.279562056
22722928, 0.205839410, 0.149635032, 0.279562056
22727150, 0.208759129, 0.151094884, 0.279562056
22731381, 0.208759129, 0.152554750, 0.281751812
22735605, 0.207299277, 0.149635032, 0.282481760
22739827, 0.205109492, 0.148905113, 0.283211678
22744048, 0.206569344, 0.149635032, 0.282481760
22748278, 0.205109492, 0.151094884, 0.279562056
22752500, 0.207299277, 0.153284669, 0.280291975
22756723, 0.202189788, 0.148175180, 0.283211678
22760947, 0.205839410, 0.149635032, 0.280291975
22765178, 0.205839410, 0.152554750, 0.282481760
22769402, 0.208759129, 0.151094884, 0.280291975
22773628, 0.205109492, 0.150364965, 0.281021893
22777851, 0.205109492, 0.149635032, 0.284671545
22782075, 0.205839410, 0.148905113, 0.283211678
22786299, 0.208029196, 0.151094884, 0.281021893
22790521, 0.210948899, 0.151824817, 0.278832108
22794744, 0.207299277, 0.150364965, 0.281751812
22798968, 0.202189788, 0.148175180, 0.281751812
22803190, 0.205109492, 0.148905113, 0.279562056
22807421, 0.208759129, 0.151094884, 0.280291975
22811644, 0.205839410, 0.153284669, 0.286861300
22815866, 0.204379559, 0.148175180, 0.280291975
22820090, 0.205109492, 0.150364965, 0.283211678
22824318, 0.204379559, 0.150364965, 0.283941597
22828544, 0.208759129, 0.152554750, 0.278832108
22832766, 0.205839410, 0.152554750, 0.282481760
22836991, 0.203649640, 0.151094884, 0.281021893
22841215, 0.204379559, 0.149635032, 0.281021893
22845439, 0.206569344, 0.149635032, 0.278832108
22849661, 0.207299277, 0.153284669, 0.280291975
22853883, 0.205839410, 0.150364965, 0.280291975
22858108, 0.202919707, 0.150364965, 0.283211678
22862333, 0.204379559, 0.152554750, 0.285401464
22866559, 0.208759129, 0.152554750, 0.275912404
22870781, 0.207299277, 0.151824817, 0.280291975
22875005, 0.207299277, 0.151094884, 0.281751812
22879237, 0.202919707, 0.148905113, 0.284671545
22883460, 0.205839410, 0.148175180, 0.281021893
22887683, 0.209489048, 0.150364965, 0.276642323
22891905, 0.206569344, 0.151094884, 0.281021893
22896129, 0.206569344, 0.151094884, 0.282481760
22900353, 0.202919707, 0.151824817, 0.280291975
22904575, 0.206569344, 0.149635032, 0.282481760
22908801, 0.208759129, 0.153284669, 0.278832108
22913026, 0.207299277, 0.151094884, 0.285401464
22917255, 0.205109492, 0.149635032, 0.281021893
22921481, 0.207299277, 0.150364965, 0.283941597
22925706, 0.208759129, 0.151094884, 0.283211678
22929929, 0.209489048, 0.151824817, 0.282481760
22934153, 0.205109492, 0.150364965, 0.280291975
22938382, 0.205839410, 0.149635032, 0.282481760
22942605, 0.207299277, 0.154744521, 0.281021893
22946831, 0.208029196, 0.151824817, 0.275912404
22951056, 0.207299277, 0.152554750, 0.282481760
22955280, 0.207299277, 0.149635032, 0.281021893
22959502, 0.207299277, 0.148175180, 0.280291975
22963725, 0.206569344, 0.149635032, 0.283211678
22967949, 0.207299277, 0.151094884, 0.281751812
22972181, 0.204379559, 0.152554750, 0.286131382
22976411, 0.205839410, 0.150364965, 0.281751812
22980636, 0.205839410, 0.148905113, 0.282481760
22984859, 0.207299277, 0.151824817, 0.279562056
22989083, 0.208029196, 0.152554750, 0.279562056
22993308, 0.205839410, 0.151824817, 0.278832108
22997534, 0.205839410, 0.148175180, 0.283941597
23001757, 0.205109492, 0.148175180, 0.281751812
23005981, 0.206569344, 0.151094884, 0.284671545
23010205, 0.208029196, 0.151094884, 0.283941597
23014438, 0.207299277, 0.154014602, 0.282481760
23018663, 0.205109492, 0.150364965, 0.286131382
23022889, 0.207299277, 0.149635032, 0.283941597
23027114, 0.205109492, 0.151824817, 0.278832108
23031337, 0.209489048, 0.150364965, 0.283211678
23035563, 0.205109492, 0.151094884, 0.283941597
23039788, 0.204379559, 0.148905113, 0.281751812
23044012, 0.206569344, 0.153284669, 0.282481760
23048244, 0.208029196, 0.152554750, 0.277372271
23052467, 0.207299277, 0.151824817, 0.283941597
23056691, 0.202919707, 0.150364965, 0.281021893
23060915, 0.206569344, 0.148905113, 0.280291975
23065137, 0.207299277, 0.151094884, 0.281751812
23069364, 0.208029196, 0.152554750, 0.283211678
23073586, 0.205109492, 0.151094884, 0.282481760
23077812, 0.204379559, 0.148905113, 0.281751812
23082037, 0.205839410, 0.150364965, 0.281751812
23086262, 0.208029196, 0.153284669, 0.278102189
23090488, 0.208029196, 0.151824817, 0.279562056
23094714, 0.207299277, 0.152554750, 0.281021893
23098938, 0.203649640, 0.148175180, 0.283941597
23103162, 0.205839410, 0.150364965, 0.281751812
23107394, 0.208029196, 0.151094884, 0.283941597
23111620, 0.208029196, 0.151824817, 0.279562056
23115846, 0.203649640, 0.150364965, 0.281751812
23120070, 0.202919707, 0.148905113, 0.282481760
23124294, 0.208029196, 0.152554750, 0.279562056
23128520, 0.205839410, 0.151824817, 0.278102189
23132747, 0.207299277, 0.150364965, 0.280291975
23136971, 0.204379559, 0.150364965, 0.283941597
23141195, 0.204379559, 0.151094884, 0.277372271
23145428, 0.208029196, 0.151094884, 0.282481760
23149651, 0.207299277, 0.149635032, 0.283211678
23153873, 0.204379559, 0.152554750, 0.283211678
23158097, 0.207299277, 0.151094884, 0.284671545
23162322, 0.205109492, 0.148905113, 0.283941597
23166545, 0.208759129, 0.150364965, 0.278102189
23170767, 0.207299277, 0.152554750, 0.279562056
23174991, 0.204379559, 0.148905113, 0.280291975
23179215, 0.205109492, 0.149635032, 0.279562056
23183440, 0.208759129, 0.150364965, 0.278832108
23187662, 0.208029196, 0.151094884, 0.278832108
23191886, 0.205839410, 0.151824817, 0.283941597
23196107, 0.203649640, 0.151824817, 0.279562056
23200331, 0.202919707, 0.148905113, 0.281021893
23204554, 0.205109492, 0.152554750, 0.281751812
23208777, 0.210948899, 0.155474454, 0.278832108
23213001, 0.203649640, 0.152554750, 0.281751812
23217234, 0.205109492, 0.150364965, 0.281021893
23221457, 0.205109492, 0.149635032, 0.281021893
23225680, 0.208029196, 0.151094884, 0.277372271
23229903, 0.206569344, 0.152554750, 0.283941597
23234127, 0.205839410, 0.151094884, 0.279562056
23238351, 0.204379559, 0.148905113, 0.278102189
23242576, 0.203649640, 0.151824817, 0.281751812
23246802, 0.208759129, 0.151094884, 0.281021893
23251027, 0.206569344, 0.149635032, 0.279562056
23255256, 0.204379559, 0.149635032, 0.283211678
23259478, 0.204379559, 0.148905113, 0.283211678
23263705, 0.205839410, 0.148905113, 0.280291975
23267928, 0.208759129, 0.151824817, 0.283211678
23272153, 0.207299277, 0.154014602, 0.281751812
23276385, 0.204379559, 0.149635032, 0.284671545
23280611, 0.202919707, 0.148175180, 0.283941597
23284836, 0.207299277, 0.150364965, 0.283941597
23289060, 0.208759129, 0.153284669, 0.281021893
23293284, 0.205839410, 0.150364965, 0.280291975
23297510, 0.205109492, 0.148905113, 0.283211678
23301733, 0.205839410, 0.147445261, 0.284671545
23305957, 0.208029196, 0.152554750, 0.281021893
23310186, 0.208029196, 0.152554750, 0.278832108
23314412, 0.207299277, 0.149635032, 0.281751812
23318635, 0.203649640, 0.147445261, 0.281751812
23322861, 0.205839410, 0.151824817, 0.282481760
23327085, 0.208029196, 0.151824817, 0.278832108
23331309, 0.208029196, 0.148905113, 0.281751812
23335531, 0.207299277, 0.151094884, 0.281751812
23339758, 0.203649640, 0.151094884, 0.281751812
23343982, 0.206569344, 0.150364965, 0.280291975
23348206, 0.207299277, 0.154014602, 0.281751812
23352435, 0.208029196, 0.150364965, 0.281021893
23356657, 0.203649640, 0.149635032, 0.283211678
23360882, 0.206569344, 0.149635032, 0.283211678
23365107, 0.208759129, 0.150364965, 0.281021893
23369331, 0.207299277, 0.152554750, 0.279562056
23373554, 0.207299277, 0.149635032, 0.278832108
23377777, 0.202919707, 0.148175180, 0.282481760
23382001, 0.205839410, 0.150364965, 0.281021893
23386230, 0.208029196, 0.153284669, 0.281021893
23390456, 0.209489048, 0.152554750, 0.280291975
23394680, 0.206569344, 0.151094884, 0.283211678
23398906, 0.205839410, 0.149635032, 0.282481760
23403131, 0.202919707, 0.153284669, 0.281021893
23407355, 0.205839410, 0.149635032, 0.278832108
23411581, 0.206569344, 0.152554750, 0.280291975
23415807, 0.205109492, 0.151094884, 0.284671545
23420032, 0.205109492, 0.148905113, 0.283211678
23424262, 0.205839410, 0.149635032, 0.281021893
23428487, 0.212408766, 0.151824817, 0.280291975
23432713, 0.208029196, 0.153284669, 0.281751812
23436938, 0.203649640, 0.148175180, 0.281751812
23441163, 0.204379559, 0.150364965, 0.280291975
23445394, 0.208029196, 0.150364965, 0.282481760
23449617, 0.210948899, 0.153284669, 0.277372271
23453839, 0.205839410, 0.149635032, 0.283211678
23458063, 0.204379559, 0.147445261, 0.285401464
23462288, 0.205839410, 0.151824817, 0.280291975
23466514, 0.206569344, 0.149635032, 0.282481760
23470737, 0.208759129, 0.154014602, 0.280291975
23474961, 0.207299277, 0.149635032, 0.282481760
23479186, 0.204379559, 0.148905113, 0.281751812
23483420, 0.208759129, 0.149635032, 0.282481760
23487643, 0.204379559, 0.150364965, 0.282481760
23491866, 0.206569344, 0.151824817, 0.280291975
23496088, 0.205109492, 0.148175180, 0.283941597
23500311, 0.205109492, 0.148905113, 0.279562056
23504534, 0.205839410, 0.151094884, 0.278832108
23508757, 0.208029196, 0.151824817, 0.281751812
23512981, 0.206569344, 0.150364965, 0.281751812
23517209, 0.205839410, 0.149635032, 0.284671545
23521440, 0.205839410, 0.149635032, 0.281751812
23525666, 0.205839410, 0.150364965, 0.282481760
23529890, 0.206569344, 0.152554750, 0.280291975
23534114, 0.204379559, 0.151094884, 0.283211678
23538338, 0.205839410, 0.148175180, 0.284671545
23542564, 0.204379559, 0.151094884, 0.281021893
23546790, 0.206569344, 0.151824817, 0.278832108
